_id,month,vessel_type,number_of_vessels,gross_tonnage
1,1995-01,Container,1112,19477.72
2,1995-01,Freighter,916,4006.11
3,1995-01,Bulk Carrier,346,9115.43
4,1995-01,Tanker,1272,20064.49
5,1995-01,Passenger,2656,2403.33
6,1995-01,Barges,1352,1241.02
7,1995-01,Tug,775,129.44
8,1995-01,Miscellaneous,447,2541.08
9,1995-02,Container,1001,18105.27
10,1995-02,Freighter,843,3995.91
11,1995-02,Bulk Carrier,263,7369.74
12,1995-02,Tanker,1171,18717.89
13,1995-02,Passenger,2265,2147.31
14,1995-02,Barges,1040,1063.33
15,1995-02,Tug,614,115.96
16,1995-02,Miscellaneous,396,2271.35
17,1995-03,Container,1079,19376.52
18,1995-03,Freighter,927,4016.74
19,1995-03,Bulk Carrier,308,8187.82
20,1995-03,Tanker,1299,20873.16
21,1995-03,Passenger,2614,2534.46
22,1995-03,Barges,1226,1183.79
23,1995-03,Tug,709,121.26
24,1995-03,Miscellaneous,448,2147
25,1995-04,Container,1026,18523.24
26,1995-04,Freighter,894,4095.16
27,1995-04,Bulk Carrier,317,9136.04
28,1995-04,Tanker,1261,21470.51
29,1995-04,Passenger,2511,2203.98
30,1995-04,Barges,1292,1165.61
31,1995-04,Tug,739,121.07
32,1995-04,Miscellaneous,443,2636.05
33,1995-05,Container,1106,19747.9
34,1995-05,Freighter,881,3841.34
35,1995-05,Bulk Carrier,323,9072.3
36,1995-05,Tanker,1287,22675.95
37,1995-05,Passenger,2650,2223.32
38,1995-05,Barges,1316,1225.82
39,1995-05,Tug,723,127.24
40,1995-05,Miscellaneous,463,2782.19
41,1995-06,Container,1065,19204.3
42,1995-06,Freighter,871,4044.44
43,1995-06,Bulk Carrier,313,8221.29
44,1995-06,Tanker,1257,18223.95
45,1995-06,Passenger,2412,2056.02
46,1995-06,Barges,1379,1198.41
47,1995-06,Tug,776,133.95
48,1995-06,Miscellaneous,434,2277.88
49,1995-07,Container,1147,20391.8
50,1995-07,Freighter,894,4125.53
51,1995-07,Bulk Carrier,390,10843.54
52,1995-07,Tanker,1300,19917.48
53,1995-07,Passenger,2351,2292.55
54,1995-07,Barges,1401,1285.16
55,1995-07,Tug,768,138.4
56,1995-07,Miscellaneous,418,2316.07
57,1995-08,Container,1191,20619.67
58,1995-08,Freighter,913,4246.79
59,1995-08,Bulk Carrier,342,8692.55
60,1995-08,Tanker,1311,20287.79
61,1995-08,Passenger,2225,2336.52
62,1995-08,Barges,1344,1201.08
63,1995-08,Tug,743,125.29
64,1995-08,Miscellaneous,429,2589.55
65,1995-09,Container,1165,20264.79
66,1995-09,Freighter,875,4041.29
67,1995-09,Bulk Carrier,330,8585.8
68,1995-09,Tanker,1286,19252.72
69,1995-09,Passenger,2245,2134.53
70,1995-09,Barges,1447,1392.14
71,1995-09,Tug,793,129.07
72,1995-09,Miscellaneous,441,2560.55
73,1995-10,Container,1221,21438.82
74,1995-10,Freighter,903,4268.83
75,1995-10,Bulk Carrier,367,9230.35
76,1995-10,Tanker,1294,18885.83
77,1995-10,Passenger,2439,2205.83
78,1995-10,Barges,1564,1448.43
79,1995-10,Tug,892,146.61
80,1995-10,Miscellaneous,460,2698.95
81,1995-11,Container,1153,20534.79
82,1995-11,Freighter,877,4121.41
83,1995-11,Bulk Carrier,331,9373.56
84,1995-11,Tanker,1261,18284.19
85,1995-11,Passenger,2391,1986.18
86,1995-11,Barges,1495,1392.26
87,1995-11,Tug,822,144.82
88,1995-11,Miscellaneous,458,3005.18
89,1995-12,Container,1211,21368.51
90,1995-12,Freighter,854,3802.98
91,1995-12,Bulk Carrier,355,10199.84
92,1995-12,Tanker,1355,21715.08
93,1995-12,Passenger,2755,2280.65
94,1995-12,Barges,1631,1542.55
95,1995-12,Tug,924,153.59
96,1995-12,Miscellaneous,434,2958.56
97,1996-01,Container,1218,21885.63
98,1996-01,Freighter,924,4157.78
99,1996-01,Bulk Carrier,329,9398.41
100,1996-01,Tanker,1348,20167
101,1996-01,Passenger,2677,2067.52
102,1996-01,Barges,1685,1544.98
103,1996-01,Tug,977,168.78
104,1996-01,Miscellaneous,434,3045.21
105,1996-02,Container,1128,20731.07
106,1996-02,Freighter,742,3307.91
107,1996-02,Bulk Carrier,361,11092.63
108,1996-02,Tanker,1296,20054.5
109,1996-02,Passenger,2653,2109.91
110,1996-02,Barges,1314,1279.15
111,1996-02,Tug,780,142.06
112,1996-02,Miscellaneous,413,2499.15
113,1996-03,Container,1209,22128.31
114,1996-03,Freighter,859,3464.2
115,1996-03,Bulk Carrier,391,11064.44
116,1996-03,Tanker,1441,24433.43
117,1996-03,Passenger,2851,2522.14
118,1996-03,Barges,1713,1609.22
119,1996-03,Tug,1063,176.77
120,1996-03,Miscellaneous,444,2518.31
121,1996-04,Container,1201,21585.91
122,1996-04,Freighter,874,3790.13
123,1996-04,Bulk Carrier,350,10110.84
124,1996-04,Tanker,1386,21354.37
125,1996-04,Passenger,2689,2023.45
126,1996-04,Barges,1686,1585.87
127,1996-04,Tug,973,154.48
128,1996-04,Miscellaneous,474,2811.72
129,1996-05,Container,1267,22961.72
130,1996-05,Freighter,894,3946.03
131,1996-05,Bulk Carrier,351,9803.39
132,1996-05,Tanker,1427,21683.16
133,1996-05,Passenger,2610,2096.69
134,1996-05,Barges,1751,1701.87
135,1996-05,Tug,1035,186.18
136,1996-05,Miscellaneous,501,3107.26
137,1996-06,Container,1259,22451.36
138,1996-06,Freighter,847,3813.98
139,1996-06,Bulk Carrier,398,11470.85
140,1996-06,Tanker,1368,19404.39
141,1996-06,Passenger,2542,2029.15
142,1996-06,Barges,1727,1556.72
143,1996-06,Tug,1040,163.11
144,1996-06,Miscellaneous,454,2720.66
145,1996-07,Container,1337,23601.63
146,1996-07,Freighter,885,4143.84
147,1996-07,Bulk Carrier,391,10676.61
148,1996-07,Tanker,1392,19597.46
149,1996-07,Passenger,2584,1755.44
150,1996-07,Barges,1852,1739.8
151,1996-07,Tug,1132,184.81
152,1996-07,Miscellaneous,473,3056.51
153,1996-08,Container,1316,23834.43
154,1996-08,Freighter,871,3714.74
155,1996-08,Bulk Carrier,359,10031.43
156,1996-08,Tanker,1389,20246.51
157,1996-08,Passenger,2605,1911.1
158,1996-08,Barges,1807,1677.86
159,1996-08,Tug,1068,174.56
160,1996-08,Miscellaneous,473,2597.43
161,1996-09,Container,1287,23641.74
162,1996-09,Freighter,829,3514.73
163,1996-09,Bulk Carrier,372,10643.84
164,1996-09,Tanker,1328,19597.42
165,1996-09,Passenger,2733,1876.84
166,1996-09,Barges,1773,1630.03
167,1996-09,Tug,1044,172.63
168,1996-09,Miscellaneous,474,2887
169,1996-10,Container,1310,23857
170,1996-10,Freighter,839,3504.29
171,1996-10,Bulk Carrier,376,10806.87
172,1996-10,Tanker,1335,18345.58
173,1996-10,Passenger,2927,1953.06
174,1996-10,Barges,1815,1712.38
175,1996-10,Tug,1108,186.21
176,1996-10,Miscellaneous,508,3078.07
177,1996-11,Container,1319,23948.41
178,1996-11,Freighter,816,3524.61
179,1996-11,Bulk Carrier,353,10244.46
180,1996-11,Tanker,1321,18703.15
181,1996-11,Passenger,2886,2106.47
182,1996-11,Barges,1752,1627.5
183,1996-11,Tug,1096,172.22
184,1996-11,Miscellaneous,540,3142.64
185,1996-12,Container,1340,24179.91
186,1996-12,Freighter,830,3618.1
187,1996-12,Bulk Carrier,366,10559.72
188,1996-12,Tanker,1360,19118.45
189,1996-12,Passenger,2946,2215.91
190,1996-12,Barges,1761,1705.88
191,1996-12,Tug,1184,191.81
192,1996-12,Miscellaneous,507,3027.7
193,1997-01,Container,1320,24406.33
194,1997-01,Freighter,858,3615.31
195,1997-01,Bulk Carrier,369,10555.08
196,1997-01,Tanker,1466,21131.3
197,1997-01,Passenger,3028,2163.45
198,1997-01,Barges,1860,1781.71
199,1997-01,Tug,1277,207.76
200,1997-01,Miscellaneous,548,3126.1
201,1997-02,Container,1191,22080.39
202,1997-02,Freighter,650,2838.12
203,1997-02,Bulk Carrier,331,9177.74
204,1997-02,Tanker,1286,18230.44
205,1997-02,Passenger,2687,1971.14
206,1997-02,Barges,1344,1326.75
207,1997-02,Tug,983,154.74
208,1997-02,Miscellaneous,473,2796.62
209,1997-03,Container,1351,24527.19
210,1997-03,Freighter,805,3447.69
211,1997-03,Bulk Carrier,326,9721.74
212,1997-03,Tanker,1425,19711.2
213,1997-03,Passenger,2945,2124.8
214,1997-03,Barges,1872,1818.95
215,1997-03,Tug,1327,202.73
216,1997-03,Miscellaneous,554,2768.25
217,1997-04,Container,1328,24027.51
218,1997-04,Freighter,828,3572.52
219,1997-04,Bulk Carrier,364,10350.58
220,1997-04,Tanker,1452,21650.04
221,1997-04,Passenger,2749,1665.97
222,1997-04,Barges,1813,1861.12
223,1997-04,Tug,1287,208.97
224,1997-04,Miscellaneous,511,2802.5
225,1997-05,Container,1370,24812.66
226,1997-05,Freighter,835,3380.96
227,1997-05,Bulk Carrier,333,9878.23
228,1997-05,Tanker,1577,23818.64
229,1997-05,Passenger,2932,1805.13
230,1997-05,Barges,1882,1895.52
231,1997-05,Tug,1363,214.26
232,1997-05,Miscellaneous,569,3185.53
233,1997-06,Container,1327,23831.14
234,1997-06,Freighter,844,3539.97
235,1997-06,Bulk Carrier,356,10063.25
236,1997-06,Tanker,1537,21720.86
237,1997-06,Passenger,2941,1926.76
238,1997-06,Barges,1905,1933.38
239,1997-06,Tug,1320,200.18
240,1997-06,Miscellaneous,500,3035.31
241,1997-07,Container,1369,25288.06
242,1997-07,Freighter,875,3673.25
243,1997-07,Bulk Carrier,384,11115.33
244,1997-07,Tanker,1569,22941.83
245,1997-07,Passenger,3039,1896.56
246,1997-07,Barges,2076,2065.14
247,1997-07,Tug,1465,224.79
248,1997-07,Miscellaneous,557,3296.8
249,1997-08,Container,1364,24833.94
250,1997-08,Freighter,830,3646.6
251,1997-08,Bulk Carrier,372,10682.6
252,1997-08,Tanker,1433,23161.27
253,1997-08,Passenger,3180,1972.86
254,1997-08,Barges,2040,2058.06
255,1997-08,Tug,1433,215.23
256,1997-08,Miscellaneous,517,2799.31
257,1997-09,Container,1361,24662.98
258,1997-09,Freighter,859,3980.23
259,1997-09,Bulk Carrier,374,10063.48
260,1997-09,Tanker,1338,20789.09
261,1997-09,Passenger,3207,1869.6
262,1997-09,Barges,2139,2191.62
263,1997-09,Tug,1472,227.55
264,1997-09,Miscellaneous,567,2917.31
265,1997-10,Container,1416,26032.12
266,1997-10,Freighter,867,3597.89
267,1997-10,Bulk Carrier,410,11222.14
268,1997-10,Tanker,1305,24171.67
269,1997-10,Passenger,3397,2061.68
270,1997-10,Barges,2067,2141.71
271,1997-10,Tug,1437,211.61
272,1997-10,Miscellaneous,582,3075.95
273,1997-11,Container,1367,24843.64
274,1997-11,Freighter,844,3770.77
275,1997-11,Bulk Carrier,362,9183.74
276,1997-11,Tanker,1178,20467.85
277,1997-11,Passenger,3402,2426.33
278,1997-11,Barges,1980,2133.25
279,1997-11,Tug,1390,205.86
280,1997-11,Miscellaneous,552,2752.29
281,1997-12,Container,1440,25945.28
282,1997-12,Freighter,804,3578.37
283,1997-12,Bulk Carrier,391,11393.11
284,1997-12,Tanker,1188,22205.53
285,1997-12,Passenger,3999,3392.36
286,1997-12,Barges,1956,2068.83
287,1997-12,Tug,1403,221.99
288,1997-12,Miscellaneous,577,3360.86
289,1998-01,Container,1418,26442
290,1998-01,Freighter,792,3925
291,1998-01,Bulk Carrier,468,13433
292,1998-01,Tanker,1276,23152
293,1998-01,Passenger,3952,2967
294,1998-01,Barges,1716,1846
295,1998-01,Tug,1300,223
296,1998-01,Miscellaneous,557,3384
297,1998-02,Container,1265,23501
298,1998-02,Freighter,764,3516
299,1998-02,Bulk Carrier,365,11908
300,1998-02,Tanker,1117,20924
301,1998-02,Passenger,3456,2507
302,1998-02,Barges,1812,1998
303,1998-02,Tug,1347,225
304,1998-02,Miscellaneous,505,3050
305,1998-03,Container,1486,27665
306,1998-03,Freighter,795,3390
307,1998-03,Bulk Carrier,390,10400
308,1998-03,Tanker,1157,20940
309,1998-03,Passenger,3717,3040
310,1998-03,Barges,2057,2209
311,1998-03,Tug,1529,255
312,1998-03,Miscellaneous,509,2776
313,1998-04,Container,1408,26049
314,1998-04,Freighter,769,3372
315,1998-04,Bulk Carrier,327,8984
316,1998-04,Tanker,1185,20870
317,1998-04,Passenger,3676,2645
318,1998-04,Barges,1800,1988
319,1998-04,Tug,1409,237
320,1998-04,Miscellaneous,521,2981
321,1998-05,Container,1437,26768
322,1998-05,Freighter,797,3626
323,1998-05,Bulk Carrier,353,10134
324,1998-05,Tanker,1256,24180
325,1998-05,Passenger,4034,2831
326,1998-05,Barges,1974,2237
327,1998-05,Tug,1523,258
328,1998-05,Miscellaneous,535,2850
329,1998-06,Container,1405,26294
330,1998-06,Freighter,786,3213
331,1998-06,Bulk Carrier,379,10883
332,1998-06,Tanker,1159,21666
333,1998-06,Passenger,3929,2817
334,1998-06,Barges,1997,2255
335,1998-06,Tug,1499,242
336,1998-06,Miscellaneous,548,3088
337,1998-07,Container,1452,27221
338,1998-07,Freighter,862,3970
339,1998-07,Bulk Carrier,357,10600
340,1998-07,Tanker,1228,23275
341,1998-07,Passenger,3980,2737
342,1998-07,Barges,1980,2233
343,1998-07,Tug,1471,245
344,1998-07,Miscellaneous,585,3249
345,1998-08,Container,1468,27905
346,1998-08,Freighter,841,3735
347,1998-08,Bulk Carrier,350,10693
348,1998-08,Tanker,1179,20546
349,1998-08,Passenger,4202,2743
350,1998-08,Barges,1924,2222
351,1998-08,Tug,1491,232
352,1998-08,Miscellaneous,575,3419
353,1998-09,Container,1424,26909
354,1998-09,Freighter,838,3486
355,1998-09,Bulk Carrier,325,9411
356,1998-09,Tanker,1168,22276
357,1998-09,Passenger,4203,2664
358,1998-09,Barges,1937,2165
359,1998-09,Tug,1447,232
360,1998-09,Miscellaneous,562,3809
361,1998-10,Container,1432,27850
362,1998-10,Freighter,867,3518
363,1998-10,Bulk Carrier,321,9545
364,1998-10,Tanker,1193,22987
365,1998-10,Passenger,4216,3315
366,1998-10,Barges,1995,2160
367,1998-10,Tug,1454,241
368,1998-10,Miscellaneous,600,3401
369,1998-11,Container,1415,27319
370,1998-11,Freighter,803,3556
371,1998-11,Bulk Carrier,323,9702
372,1998-11,Tanker,1171,20679
373,1998-11,Passenger,4353,2786
374,1998-11,Barges,1969,2050
375,1998-11,Tug,1479,225
376,1998-11,Miscellaneous,575,3467
377,1998-12,Container,1451,28103
378,1998-12,Freighter,862,3814
379,1998-12,Bulk Carrier,363,10649
380,1998-12,Tanker,1311,23869
381,1998-12,Passenger,4517,2849
382,1998-12,Barges,1919,2039
383,1998-12,Tug,1468,229
384,1998-12,Miscellaneous,560,3181
385,1999-01,Container,1396,28260
386,1999-01,Freighter,819,3650
387,1999-01,Bulk Carrier,387,11848
388,1999-01,Tanker,1335,24913
389,1999-01,Passenger,4455,3063
390,1999-01,Barges,1831,1980
391,1999-01,Tug,1392,237
392,1999-01,Miscellaneous,612,3319
393,1999-02,Container,1269,25424
394,1999-02,Freighter,673,3424
395,1999-02,Bulk Carrier,342,10015
396,1999-02,Tanker,1183,19014
397,1999-02,Passenger,3920,2755
398,1999-02,Barges,1617,1715
399,1999-02,Tug,1199,193
400,1999-02,Miscellaneous,540,2806
401,1999-03,Container,1415,28358
402,1999-03,Freighter,817,3643
403,1999-03,Bulk Carrier,396,11666
404,1999-03,Tanker,1291,23264
405,1999-03,Passenger,4340,3328
406,1999-03,Barges,1991,2141
407,1999-03,Tug,1489,237
408,1999-03,Miscellaneous,654,3297
409,1999-04,Container,1368,27262
410,1999-04,Freighter,791,3581
411,1999-04,Bulk Carrier,357,10770
412,1999-04,Tanker,1310,23751
413,1999-04,Passenger,4245,2801
414,1999-04,Barges,1747,2060
415,1999-04,Tug,1382,251
416,1999-04,Miscellaneous,622,3094
417,1999-05,Container,1419,28308
418,1999-05,Freighter,787,3527
419,1999-05,Bulk Carrier,351,10784
420,1999-05,Tanker,1349,25329
421,1999-05,Passenger,4332,2662
422,1999-05,Barges,1798,2014
423,1999-05,Tug,1384,231
424,1999-05,Miscellaneous,613,3122
425,1999-06,Container,1365,27525
426,1999-06,Freighter,800,3535
427,1999-06,Bulk Carrier,347,10968
428,1999-06,Tanker,1222,20861
429,1999-06,Passenger,4290,2423
430,1999-06,Barges,1748,1891
431,1999-06,Tug,1333,224
432,1999-06,Miscellaneous,645,3718
433,1999-07,Container,1382,27777
434,1999-07,Freighter,812,3460
435,1999-07,Bulk Carrier,360,10667
436,1999-07,Tanker,1277,23072
437,1999-07,Passenger,4479,2325
438,1999-07,Barges,1819,1924
439,1999-07,Tug,1420,253
440,1999-07,Miscellaneous,792,4025
441,1999-08,Container,1426,28209
442,1999-08,Freighter,794,3705
443,1999-08,Bulk Carrier,339,10215
444,1999-08,Tanker,1288,21674
445,1999-08,Passenger,4316,2692
446,1999-08,Barges,1795,1914
447,1999-08,Tug,1321,221
448,1999-08,Miscellaneous,780,4230
449,1999-09,Container,1393,27121
450,1999-09,Freighter,741,3450
451,1999-09,Bulk Carrier,364,10525
452,1999-09,Tanker,1246,22991
453,1999-09,Passenger,4045,2693
454,1999-09,Barges,1775,1904
455,1999-09,Tug,1285,205
456,1999-09,Miscellaneous,790,3792
457,1999-10,Container,1464,28552
458,1999-10,Freighter,746,3269
459,1999-10,Bulk Carrier,395,11999
460,1999-10,Tanker,1310,23311
461,1999-10,Passenger,4056,2330
462,1999-10,Barges,1741,1888
463,1999-10,Tug,1280,226
464,1999-10,Miscellaneous,784,3535
465,1999-11,Container,1387,27107
466,1999-11,Freighter,695,3170
467,1999-11,Bulk Carrier,339,9975
468,1999-11,Tanker,1254,22128
469,1999-11,Passenger,3842,2279
470,1999-11,Barges,1671,1823
471,1999-11,Tug,1247,232
472,1999-11,Miscellaneous,741,3436
473,1999-12,Container,1422,28110
474,1999-12,Freighter,736,3286
475,1999-12,Bulk Carrier,345,10984
476,1999-12,Tanker,1288,23008
477,1999-12,Passenger,4158,2437
478,1999-12,Barges,1657,1776
479,1999-12,Tug,1179,182
480,1999-12,Miscellaneous,779,3798
481,2000-01,Container,1394,27690
482,2000-01,Freighter,682,3173
483,2000-01,Bulk Carrier,384,12193
484,2000-01,Tanker,1268,25153
485,2000-01,Passenger,4240,2479
486,2000-01,Barges,1537,1735
487,2000-01,Tug,1156,219
488,2000-01,Miscellaneous,773,3619
489,2000-02,Container,1332,26141
490,2000-02,Freighter,639,2841
491,2000-02,Bulk Carrier,324,10026
492,2000-02,Tanker,1205,22427
493,2000-02,Passenger,4290,2513
494,2000-02,Barges,1350,1419
495,2000-02,Tug,1025,205
496,2000-02,Miscellaneous,729,3865
497,2000-03,Container,1438,28564
498,2000-03,Freighter,752,3229
499,2000-03,Bulk Carrier,312,9068
500,2000-03,Tanker,1272,23176
501,2000-03,Passenger,4570,2964
502,2000-03,Barges,1763,1920
503,2000-03,Tug,1309,227
504,2000-03,Miscellaneous,880,4019
505,2000-04,Container,1408,27910
506,2000-04,Freighter,725,3134
507,2000-04,Bulk Carrier,352,11384
508,2000-04,Tanker,1407,26190
509,2000-04,Passenger,4460,2307
510,2000-04,Barges,1674,1831
511,2000-04,Tug,1201,195
512,2000-04,Miscellaneous,777,3727
513,2000-05,Container,1449,28746
514,2000-05,Freighter,751,3454
515,2000-05,Bulk Carrier,388,11752
516,2000-05,Tanker,1377,25899
517,2000-05,Passenger,4606,2319
518,2000-05,Barges,1728,1915
519,2000-05,Tug,1242,202
520,2000-05,Miscellaneous,854,4105
521,2000-06,Container,1403,28360
522,2000-06,Freighter,693,2953
523,2000-06,Bulk Carrier,351,10324
524,2000-06,Tanker,1299,24456
525,2000-06,Passenger,4634,2330
526,2000-06,Barges,1817,1982
527,2000-06,Tug,1343,226
528,2000-06,Miscellaneous,885,4242
529,2000-07,Container,1451,29046
530,2000-07,Freighter,778,3312
531,2000-07,Bulk Carrier,390,11593
532,2000-07,Tanker,1384,25637
533,2000-07,Passenger,4535,2249
534,2000-07,Barges,1811,1992
535,2000-07,Tug,1339,207
536,2000-07,Miscellaneous,924,4857
537,2000-08,Container,1457,29216
538,2000-08,Freighter,759,3448
539,2000-08,Bulk Carrier,354,10769
540,2000-08,Tanker,1321,24315
541,2000-08,Passenger,4550,2254
542,2000-08,Barges,1721,1903
543,2000-08,Tug,1307,204
544,2000-08,Miscellaneous,899,4739
545,2000-09,Container,1418,28560
546,2000-09,Freighter,753,3360
547,2000-09,Bulk Carrier,361,10886
548,2000-09,Tanker,1295,24039
549,2000-09,Passenger,4334,2190
550,2000-09,Barges,1664,1818
551,2000-09,Tug,1281,201
552,2000-09,Miscellaneous,831,4604
553,2000-10,Container,1469,29787
554,2000-10,Freighter,801,3759
555,2000-10,Bulk Carrier,364,11188
556,2000-10,Tanker,1319,26424
557,2000-10,Passenger,4650,2416
558,2000-10,Barges,1706,1881
559,2000-10,Tug,1264,228
560,2000-10,Miscellaneous,931,5083
561,2000-11,Container,1367,26863
562,2000-11,Freighter,772,3290
563,2000-11,Bulk Carrier,346,11261
564,2000-11,Tanker,1336,22730
565,2000-11,Passenger,4432,2525
566,2000-11,Barges,1697,1877
567,2000-11,Tug,1249,207
568,2000-11,Miscellaneous,907,4700
569,2000-12,Container,1385,26697
570,2000-12,Freighter,751,3248
571,2000-12,Bulk Carrier,365,12041
572,2000-12,Tanker,1402,24054
573,2000-12,Passenger,4950,2809
574,2000-12,Barges,1504,1699
575,2000-12,Tug,1158,199
576,2000-12,Miscellaneous,893,5007
577,2001-01,Container,1401,26811
578,2001-01,Freighter,738,3598
579,2001-01,Bulk Carrier,444,14448
580,2001-01,Tanker,1368,24900
581,2001-01,Passenger,4898,2637
582,2001-01,Barges,1389,1605
583,2001-01,Tug,1080,204
584,2001-01,Miscellaneous,868,5021
585,2001-02,Container,1250,24296
586,2001-02,Freighter,752,3076
587,2001-02,Bulk Carrier,339,10900
588,2001-02,Tanker,1201,20471
589,2001-02,Passenger,4283,2389
590,2001-02,Barges,1401,1623
591,2001-02,Tug,1113,182
592,2001-02,Miscellaneous,792,4634
593,2001-03,Container,1431,27892
594,2001-03,Freighter,789,3266
595,2001-03,Bulk Carrier,373,11729
596,2001-03,Tanker,1424,25510
597,2001-03,Passenger,4638,3040
598,2001-03,Barges,1682,1864
599,2001-03,Tug,1354,240
600,2001-03,Miscellaneous,883,5251
601,2001-04,Container,1397,27382
602,2001-04,Freighter,791,3070
603,2001-04,Bulk Carrier,371,12294
604,2001-04,Tanker,1307,24867
605,2001-04,Passenger,4379,2406
606,2001-04,Barges,1550,1858
607,2001-04,Tug,1262,234
608,2001-04,Miscellaneous,805,4850
609,2001-05,Container,1397,27807
610,2001-05,Freighter,804,3038
611,2001-05,Bulk Carrier,433,14586
612,2001-05,Tanker,1369,24483
613,2001-05,Passenger,4641,2313
614,2001-05,Barges,1750,2168
615,2001-05,Tug,1359,249
616,2001-05,Miscellaneous,808,4817
617,2001-06,Container,1385,27583
618,2001-06,Freighter,756,2998
619,2001-06,Bulk Carrier,415,13878
620,2001-06,Tanker,1318,24938
621,2001-06,Passenger,4369,2368
622,2001-06,Barges,1654,2018
623,2001-06,Tug,1327,231
624,2001-06,Miscellaneous,824,4927
625,2001-07,Container,1479,29274
626,2001-07,Freighter,847,3487
627,2001-07,Bulk Carrier,438,13957
628,2001-07,Tanker,1438,25163
629,2001-07,Passenger,4667,2364
630,2001-07,Barges,1731,2123
631,2001-07,Tug,1465,265
632,2001-07,Miscellaneous,847,4943
633,2001-08,Container,1490,29597
634,2001-08,Freighter,826,2973
635,2001-08,Bulk Carrier,453,14911
636,2001-08,Tanker,1434,25574
637,2001-08,Passenger,4727,2418
638,2001-08,Barges,1596,2029
639,2001-08,Tug,1316,237
640,2001-08,Miscellaneous,854,4377
641,2001-09,Container,1452,28785
642,2001-09,Freighter,860,3423
643,2001-09,Bulk Carrier,452,14771
644,2001-09,Tanker,1373,25395
645,2001-09,Passenger,4456,2607
646,2001-09,Barges,1457,1781
647,2001-09,Tug,1205,220
648,2001-09,Miscellaneous,800,4428
649,2001-10,Container,1500,29438
650,2001-10,Freighter,798,3137
651,2001-10,Bulk Carrier,472,15511
652,2001-10,Tanker,1472,28990
653,2001-10,Passenger,4372,2498
654,2001-10,Barges,1662,2088
655,2001-10,Tug,1318,234
656,2001-10,Miscellaneous,860,5063
657,2001-11,Container,1414,28624
658,2001-11,Freighter,825,3526
659,2001-11,Bulk Carrier,438,14845
660,2001-11,Tanker,1412,26592
661,2001-11,Passenger,4232,2721
662,2001-11,Barges,1469,1949
663,2001-11,Tug,1231,223
664,2001-11,Miscellaneous,850,3923
665,2001-12,Container,1453,29718
666,2001-12,Freighter,779,3056
667,2001-12,Bulk Carrier,433,14597
668,2001-12,Tanker,1388,27416
669,2001-12,Passenger,4354,3139
670,2001-12,Barges,1418,1863
671,2001-12,Tug,1205,238
672,2001-12,Miscellaneous,885,4652
673,2002-01,Container,1449,29562
674,2002-01,Freighter,819,2706
675,2002-01,Bulk Carrier,389,13101
676,2002-01,Tanker,1384,26206
677,2002-01,Passenger,4243,2503
678,2002-01,Barges,1503,1929
679,2002-01,Tug,1212,248
680,2002-01,Miscellaneous,911,4470
681,2002-02,Container,1283,26103
682,2002-02,Freighter,734,2563
683,2002-02,Bulk Carrier,383,12939
684,2002-02,Tanker,1235,21854
685,2002-02,Passenger,3980,3098
686,2002-02,Barges,1192,1571
687,2002-02,Tug,1002,204
688,2002-02,Miscellaneous,703,3865
689,2002-03,Container,1437,29268
690,2002-03,Freighter,946,3203
691,2002-03,Bulk Carrier,399,13184
692,2002-03,Tanker,1452,28396
693,2002-03,Passenger,4506,3294
694,2002-03,Barges,1433,1941
695,2002-03,Tug,1189,248
696,2002-03,Miscellaneous,753,4280
697,2002-04,Container,1382,28538.37
698,2002-04,Freighter,898,2952.86
699,2002-04,Bulk Carrier,406,13897.93
700,2002-04,Tanker,1439,29213
701,2002-04,Passenger,4200,2215
702,2002-04,Barges,1405,1928.99
703,2002-04,Tug,1169,232
704,2002-04,Miscellaneous,732,4323.54
705,2002-05,Container,1426,30422.78
706,2002-05,Freighter,937,2960.02
707,2002-05,Bulk Carrier,443,15012.83
708,2002-05,Tanker,1474,25734.2
709,2002-05,Passenger,4392,2131
710,2002-05,Barges,1364,1843.26
711,2002-05,Tug,1182,228
712,2002-05,Miscellaneous,871,4946.22
713,2002-06,Container,1383,29609
714,2002-06,Freighter,925,2733.46
715,2002-06,Bulk Carrier,444,15189.02
716,2002-06,Tanker,1435,24798
717,2002-06,Passenger,4198,1934
718,2002-06,Barges,1329,1797.52
719,2002-06,Tug,1151,224
720,2002-06,Miscellaneous,854,4284.53
721,2002-07,Container,1384,30078.23
722,2002-07,Freighter,898,2521.31
723,2002-07,Bulk Carrier,461,15135.23
724,2002-07,Tanker,1427,27466
725,2002-07,Passenger,4758,1852
726,2002-07,Barges,1378,1830.82
727,2002-07,Tug,1213,250
728,2002-07,Miscellaneous,939,4875.26
729,2002-08,Container,1375,30095.96
730,2002-08,Freighter,881,2775.08
731,2002-08,Bulk Carrier,404,13643.4
732,2002-08,Tanker,1388,25113.37
733,2002-08,Passenger,4741,2038.11
734,2002-08,Barges,1332,1764.99
735,2002-08,Tug,1178,213.93
736,2002-08,Miscellaneous,879,4380.02
737,2002-09,Container,1332,28292.29
738,2002-09,Freighter,854,3122.47
739,2002-09,Bulk Carrier,427,14301.05
740,2002-09,Tanker,1345,23728.49
741,2002-09,Passenger,4568,2088.06
742,2002-09,Barges,1321,1840.76
743,2002-09,Tug,1162,224.94
744,2002-09,Miscellaneous,869,3942.29
745,2002-10,Container,1343,28355.77
746,2002-10,Freighter,960,2830.6
747,2002-10,Bulk Carrier,464,16131.35
748,2002-10,Tanker,1452,26723.02
749,2002-10,Passenger,4816,2255.95
750,2002-10,Barges,1342,1769.4
751,2002-10,Tug,1154,217.7
752,2002-10,Miscellaneous,838,4011.02
753,2002-11,Container,1289,27601.41
754,2002-11,Freighter,1003,3233.89
755,2002-11,Bulk Carrier,462,16307.47
756,2002-11,Tanker,1444,26374
757,2002-11,Passenger,4683,2282
758,2002-11,Barges,1239,1667.29
759,2002-11,Tug,1067,216
760,2002-11,Miscellaneous,789,3583.29
761,2002-12,Container,1335,29398.6
762,2002-12,Freighter,881,3031.04
763,2002-12,Bulk Carrier,415,14307.56
764,2002-12,Tanker,1445,27744.31
765,2002-12,Passenger,4889,2233.84
766,2002-12,Barges,1157,1590.47
767,2002-12,Tug,1025,193.43
768,2002-12,Miscellaneous,764,4226.37
769,2003-01,Container,1341,29022
770,2003-01,Freighter,955,3084
771,2003-01,Bulk Carrier,476,16147
772,2003-01,Tanker,1431,27720
773,2003-01,Passenger,4862,2487
774,2003-01,Barges,1178,1639
775,2003-01,Tug,1056,215
776,2003-01,Miscellaneous,773,4016
777,2003-02,Container,1199,26318
778,2003-02,Freighter,761,2630
779,2003-02,Bulk Carrier,408,13505
780,2003-02,Tanker,1295,26103
781,2003-02,Passenger,4347,2683
782,2003-02,Barges,941,1385
783,2003-02,Tug,861,182
784,2003-02,Miscellaneous,666,3860
785,2003-03,Container,1350,30096
786,2003-03,Freighter,862,2776
787,2003-03,Bulk Carrier,478,16714
788,2003-03,Tanker,1417,27607
789,2003-03,Passenger,4476,2905
790,2003-03,Barges,1336,1952
791,2003-03,Tug,1136,228
792,2003-03,Miscellaneous,805,3809
793,2003-04,Container,1302,28727.34
794,2003-04,Freighter,878,3106.96
795,2003-04,Bulk Carrier,462,16847.97
796,2003-04,Tanker,1458,26485.77
797,2003-04,Passenger,3715,1263.42
798,2003-04,Barges,1360,1847.15
799,2003-04,Tug,1122,217.33
800,2003-04,Miscellaneous,811,4053.07
801,2003-05,Container,1382,31429.83
802,2003-05,Freighter,900,3010.6
803,2003-05,Bulk Carrier,438,15443.31
804,2003-05,Tanker,1383,24240.45
805,2003-05,Passenger,3461,1389.94
806,2003-05,Barges,1349,1710.25
807,2003-05,Tug,1086,195.78
808,2003-05,Miscellaneous,838,4123.95
809,2003-06,Container,1321,29561.92
810,2003-06,Freighter,833,3109.57
811,2003-06,Bulk Carrier,459,15608.91
812,2003-06,Tanker,1442,26021.54
813,2003-06,Passenger,3467,1526.64
814,2003-06,Barges,1301,1693.69
815,2003-06,Tug,1084,206.44
816,2003-06,Miscellaneous,848,4511.99
817,2003-07,Container,1396,31246.73
818,2003-07,Freighter,903,2607.5
819,2003-07,Bulk Carrier,437,14367.52
820,2003-07,Tanker,1510,26161.82
821,2003-07,Passenger,3962,1809
822,2003-07,Barges,1243,1553.34
823,2003-07,Tug,1068,203.8
824,2003-07,Miscellaneous,798,4165.05
825,2003-08,Container,1381,31009.19
826,2003-08,Freighter,824,2950.23
827,2003-08,Bulk Carrier,465,16641.45
828,2003-08,Tanker,1494,26074.46
829,2003-08,Passenger,4115,1836.53
830,2003-08,Barges,1166,1500.63
831,2003-08,Tug,1071,206.03
832,2003-08,Miscellaneous,768,4359.7
833,2003-09,Container,1344,30090.45
834,2003-09,Freighter,837,2978.58
835,2003-09,Bulk Carrier,436,15193.65
836,2003-09,Tanker,1411,24841.7
837,2003-09,Passenger,4057,1740.05
838,2003-09,Barges,1188,1528.37
839,2003-09,Tug,1051,190.2
840,2003-09,Miscellaneous,774,4736.06
841,2003-10,Container,1363,30871.62
842,2003-10,Freighter,964,2971.42
843,2003-10,Bulk Carrier,415,13181.89
844,2003-10,Tanker,1391,25732.72
845,2003-10,Passenger,4404,2068.47
846,2003-10,Barges,1189,1564.02
847,2003-10,Tug,994,178.71
848,2003-10,Miscellaneous,782,4484.26
849,2003-11,Container,1369,30770.54
850,2003-11,Freighter,906,2754.61
851,2003-11,Bulk Carrier,418,13769.34
852,2003-11,Tanker,1431,24485
853,2003-11,Passenger,4240,2249.44
854,2003-11,Barges,1190,1487.78
855,2003-11,Tug,1013,185.84
856,2003-11,Miscellaneous,775,4449.8
857,2003-12,Container,1407,31852.84
858,2003-12,Freighter,945,2714.46
859,2003-12,Bulk Carrier,406,13952.5
860,2003-12,Tanker,1421,26296.46
861,2003-12,Passenger,4513,2475.35
862,2003-12,Barges,1210,1544.38
863,2003-12,Tug,1055,193.75
864,2003-12,Miscellaneous,776,4747.92
865,2004-01,Container,1407,32346.74
866,2004-01,Freighter,879,3020.11
867,2004-01,Bulk Carrier,465,14237.16
868,2004-01,Tanker,1552,27856.38
869,2004-01,Passenger,4464,2321.13
870,2004-01,Barges,1046,1387.56
871,2004-01,Tug,893,162.21
872,2004-01,Miscellaneous,742,4282
873,2004-02,Container,1309,30512.66
874,2004-02,Freighter,847,2597.81
875,2004-02,Bulk Carrier,404,13059.22
876,2004-02,Tanker,1401,24214.34
877,2004-02,Passenger,4028,2401.99
878,2004-02,Barges,1081,1369.64
879,2004-02,Tug,950,168.99
880,2004-02,Miscellaneous,704,4225.26
881,2004-03,Container,1447,33291.99
882,2004-03,Freighter,879,2987.67
883,2004-03,Bulk Carrier,425,14048.31
884,2004-03,Tanker,1570,28065.55
885,2004-03,Passenger,4409,2658.4
886,2004-03,Barges,1277,1594.17
887,2004-03,Tug,1076,183.83
888,2004-03,Miscellaneous,799,4771.58
889,2004-04,Container,1395,32259.41
890,2004-04,Freighter,807,3042.55
891,2004-04,Bulk Carrier,433,14897.06
892,2004-04,Tanker,1518,27363.15
893,2004-04,Passenger,3295,1908.38
894,2004-04,Barges,1191,1506.76
895,2004-04,Tug,1043,186.23
896,2004-04,Miscellaneous,784,4151.65
897,2004-05,Container,1465,33688.49
898,2004-05,Freighter,825,2952.67
899,2004-05,Bulk Carrier,418,13638.51
900,2004-05,Tanker,1525,28570.64
901,2004-05,Passenger,3638,1862.48
902,2004-05,Barges,1191,1509.5
903,2004-05,Tug,1088,199.34
904,2004-05,Miscellaneous,825,4198.55
905,2004-06,Container,1423,33138.09
906,2004-06,Freighter,786,2480.61
907,2004-06,Bulk Carrier,394,13651.64
908,2004-06,Tanker,1476,26801.76
909,2004-06,Passenger,3730,1886.41
910,2004-06,Barges,1103,1420.59
911,2004-06,Tug,1008,197.63
912,2004-06,Miscellaneous,844,4724.61
913,2004-07,Container,1428,33403.29
914,2004-07,Freighter,843,3096.52
915,2004-07,Bulk Carrier,446,15215.78
916,2004-07,Tanker,1483,27609.13
917,2004-07,Passenger,3847,1841.88
918,2004-07,Barges,1266,1603.57
919,2004-07,Tug,1116,208.12
920,2004-07,Miscellaneous,858,5486.65
921,2004-08,Container,1439,33153.68
922,2004-08,Freighter,888,3203.48
923,2004-08,Bulk Carrier,466,16168.75
924,2004-08,Tanker,1380,26709
925,2004-08,Passenger,3824,1793.62
926,2004-08,Barges,1168,1514.63
927,2004-08,Tug,1081,202.8
928,2004-08,Miscellaneous,782,4822.52
929,2004-09,Container,1503,33620.76
930,2004-09,Freighter,945,2859.4
931,2004-09,Bulk Carrier,411,14021.76
932,2004-09,Tanker,1425,30623.76
933,2004-09,Passenger,3618,1817.45
934,2004-09,Barges,1195,1446.25
935,2004-09,Tug,1060,193.43
936,2004-09,Miscellaneous,776,4830.6
937,2004-10,Container,1482,33338.54
938,2004-10,Freighter,923,2974.85
939,2004-10,Bulk Carrier,489,16340.05
940,2004-10,Tanker,1376,27288.47
941,2004-10,Passenger,3721,2052.39
942,2004-10,Barges,1177,1418.67
943,2004-10,Tug,998,166.56
944,2004-10,Miscellaneous,784,4796.15
945,2004-11,Container,1461,33473.89
946,2004-11,Freighter,827,3051.33
947,2004-11,Bulk Carrier,476,16697.98
948,2004-11,Tanker,1427,28954.4
949,2004-11,Passenger,4116,1879.44
950,2004-11,Barges,1077,1306.54
951,2004-11,Tug,940,164.77
952,2004-11,Miscellaneous,694,4526.26
953,2004-12,Container,1574,34847.56
954,2004-12,Freighter,834,3118.8
955,2004-12,Bulk Carrier,500,16656.07
956,2004-12,Tanker,1443,27663.9
957,2004-12,Passenger,4441,2140.85
958,2004-12,Barges,1175,1405.61
959,2004-12,Tug,1021,175.91
960,2004-12,Miscellaneous,722,4560.05
961,2005-01,Container,1560,35151.86
962,2005-01,Freighter,855,3009.87
963,2005-01,Bulk Carrier,548,18755.28
964,2005-01,Tanker,1469,29698.76
965,2005-01,Passenger,4371,2075.94
966,2005-01,Barges,1147,1379.17
967,2005-01,Tug,1051,189.8
968,2005-01,Miscellaneous,743,4660.36
969,2005-02,Container,1342,31496.78
970,2005-02,Freighter,716,2855.09
971,2005-02,Bulk Carrier,454,15427.32
972,2005-02,Tanker,1278,24553.82
973,2005-02,Passenger,3686,1971.1
974,2005-02,Barges,920,1232.18
975,2005-02,Tug,884,178.22
976,2005-02,Miscellaneous,745,4887.01
977,2005-03,Container,1555,37169.46
978,2005-03,Freighter,858,3074
979,2005-03,Bulk Carrier,500,15991.12
980,2005-03,Tanker,1472,29576.7
981,2005-03,Passenger,3899,2397.64
982,2005-03,Barges,1171,1453.14
983,2005-03,Tug,1041,182.04
984,2005-03,Miscellaneous,849,4688.27
985,2005-04,Container,1493,35144.04
986,2005-04,Freighter,876,3082.55
987,2005-04,Bulk Carrier,559,19597
988,2005-04,Tanker,1446,27535.49
989,2005-04,Passenger,3659,1850.55
990,2005-04,Barges,1126,1380.59
991,2005-04,Tug,1017,183.74
992,2005-04,Miscellaneous,868,4981.62
993,2005-05,Container,1571,36905.12
994,2005-05,Freighter,847,3318.21
995,2005-05,Bulk Carrier,554,18496.6
996,2005-05,Tanker,1527,29684.81
997,2005-05,Passenger,3826,1922.22
998,2005-05,Barges,1088,1305.09
999,2005-05,Tug,996,187.3
1000,2005-05,Miscellaneous,851,4738.23
1001,2005-06,Container,1527,35345.1
1002,2005-06,Freighter,811,3028.62
1003,2005-06,Bulk Carrier,522,17762.57
1004,2005-06,Tanker,1488,30892.2
1005,2005-06,Passenger,3511,1790.99
1006,2005-06,Barges,1105,1419.53
1007,2005-06,Tug,975,188.76
1008,2005-06,Miscellaneous,825,5182.68
1009,2005-07,Container,1553,35430.52
1010,2005-07,Freighter,784,3230.26
1011,2005-07,Bulk Carrier,545,19522.01
1012,2005-07,Tanker,1472,30067.77
1013,2005-07,Passenger,3496,1887.97
1014,2005-07,Barges,1129,1426.01
1015,2005-07,Tug,1033,179.61
1016,2005-07,Miscellaneous,814,4776.72
1017,2005-08,Container,1594,36340.27
1018,2005-08,Freighter,745,3107.8
1019,2005-08,Bulk Carrier,564,19668
1020,2005-08,Tanker,1520,33697.31
1021,2005-08,Passenger,3514,1958.52
1022,2005-08,Barges,1096,1376.66
1023,2005-08,Tug,1003,188.07
1024,2005-08,Miscellaneous,842,5628.94
1025,2005-09,Container,1505,34863.85
1026,2005-09,Freighter,799,3087.77
1027,2005-09,Bulk Carrier,571,19897.84
1028,2005-09,Tanker,1390,29189.59
1029,2005-09,Passenger,3367,1783.22
1030,2005-09,Barges,1095,1342.55
1031,2005-09,Tug,974,157.72
1032,2005-09,Miscellaneous,797,4989.54
1033,2005-10,Container,1584,37059.85
1034,2005-10,Freighter,863,3496.42
1035,2005-10,Bulk Carrier,651,23705.67
1036,2005-10,Tanker,1414,29175.03
1037,2005-10,Passenger,3480,1889.19
1038,2005-10,Barges,1084,1402.91
1039,2005-10,Tug,1000,160.12
1040,2005-10,Miscellaneous,846,5189.87
1041,2005-11,Container,1514,36088.07
1042,2005-11,Freighter,817,3246.62
1043,2005-11,Bulk Carrier,585,21849.18
1044,2005-11,Tanker,1385,27219.36
1045,2005-11,Passenger,3346,2510.75
1046,2005-11,Barges,911,1209.23
1047,2005-11,Tug,878,180.65
1048,2005-11,Miscellaneous,827,5300.15
1049,2005-12,Container,1617,38417.61
1050,2005-12,Freighter,851,3063.8
1051,2005-12,Bulk Carrier,583,21220.29
1052,2005-12,Tanker,1454,28338.76
1053,2005-12,Passenger,3347,2344.45
1054,2005-12,Barges,1032,1371.68
1055,2005-12,Tug,1001,193.67
1056,2005-12,Miscellaneous,864,5381.06
1057,2006-01,Container,1645,38553.42
1058,2006-01,Freighter,796,3140.87
1059,2006-01,Bulk Carrier,619,23474.59
1060,2006-01,Tanker,1457,31700.52
1061,2006-01,Passenger,3443,2531.77
1062,2006-01,Barges,892,1177.79
1063,2006-01,Tug,890,163.01
1064,2006-01,Miscellaneous,794,5386.38
1065,2006-02,Container,1466,35134
1066,2006-02,Freighter,700,2724.84
1067,2006-02,Bulk Carrier,569,21666.92
1068,2006-02,Tanker,1347,30141.03
1069,2006-02,Passenger,3103,2400.98
1070,2006-02,Barges,928,1211.18
1071,2006-02,Tug,923,169.12
1072,2006-02,Miscellaneous,755,4465.89
1073,2006-03,Container,1647,38182.94
1074,2006-03,Freighter,848,3564.62
1075,2006-03,Bulk Carrier,651,24271.69
1076,2006-03,Tanker,1486,33474.1
1077,2006-03,Passenger,3473,2955.77
1078,2006-03,Barges,1126,1441.54
1079,2006-03,Tug,1095,194.91
1080,2006-03,Miscellaneous,874,5040.99
1081,2006-04,Container,1533,36151.31
1082,2006-04,Freighter,779,3300.02
1083,2006-04,Bulk Carrier,618,23591.84
1084,2006-04,Tanker,1506,34093.49
1085,2006-04,Passenger,3315,2628.02
1086,2006-04,Barges,992,1311.65
1087,2006-04,Tug,1019,201.18
1088,2006-04,Miscellaneous,801,4833.66
1089,2006-05,Container,1622,38956.03
1090,2006-05,Freighter,782,2852.12
1091,2006-05,Bulk Carrier,733,27453.5
1092,2006-05,Tanker,1576,35622.57
1093,2006-05,Passenger,3325,2422.36
1094,2006-05,Barges,1067,1429.03
1095,2006-05,Tug,1031,195.19
1096,2006-05,Miscellaneous,816,4729.49
1097,2006-06,Container,1563,38292.7
1098,2006-06,Freighter,797,3393.22
1099,2006-06,Bulk Carrier,665,24386.03
1100,2006-06,Tanker,1535,35969.96
1101,2006-06,Passenger,3256,2333.36
1102,2006-06,Barges,1111,1461.86
1103,2006-06,Tug,1086,187.78
1104,2006-06,Miscellaneous,844,4782.97
1105,2006-07,Container,1593,39063.22
1106,2006-07,Freighter,760,3073.54
1107,2006-07,Bulk Carrier,647,24386.02
1108,2006-07,Tanker,1564,34067.66
1109,2006-07,Passenger,3289,2367.07
1110,2006-07,Barges,1115,1538.07
1111,2006-07,Tug,1083,208.04
1112,2006-07,Miscellaneous,807,4989.6
1113,2006-08,Container,1646,41081.45
1114,2006-08,Freighter,789,2938.74
1115,2006-08,Bulk Carrier,678,26550.14
1116,2006-08,Tanker,1574,35750.8
1117,2006-08,Passenger,3137,2345.11
1118,2006-08,Barges,1128,1579.35
1119,2006-08,Tug,1136,218.57
1120,2006-08,Miscellaneous,864,5124.72
1121,2006-09,Container,1594,38733.49
1122,2006-09,Freighter,854,3365.76
1123,2006-09,Bulk Carrier,665,25855.85
1124,2006-09,Tanker,1592,33608.92
1125,2006-09,Passenger,3050,2192.84
1126,2006-09,Barges,1151,1644.75
1127,2006-09,Tug,1175,226.45
1128,2006-09,Miscellaneous,874,5191.02
1129,2006-10,Container,1619,40352.73
1130,2006-10,Freighter,820,3268.95
1131,2006-10,Bulk Carrier,695,25320.98
1132,2006-10,Tanker,1510,32790.23
1133,2006-10,Passenger,3147,2189.76
1134,2006-10,Barges,1052,1563.73
1135,2006-10,Tug,1011,215.25
1136,2006-10,Miscellaneous,889,4973.38
1137,2006-11,Container,1590,39279.47
1138,2006-11,Freighter,842,3327
1139,2006-11,Bulk Carrier,662,24574.43
1140,2006-11,Tanker,1534,34261.4
1141,2006-11,Passenger,2990,2407.7
1142,2006-11,Barges,1137,1676.55
1143,2006-11,Tug,1074,216.69
1144,2006-11,Miscellaneous,832,4441.14
1145,2006-12,Container,1643,41737.57
1146,2006-12,Freighter,752,3263.31
1147,2006-12,Bulk Carrier,710,25934.85
1148,2006-12,Tanker,1514,34092.06
1149,2006-12,Passenger,3248,2443.26
1150,2006-12,Barges,1090,1608.45
1151,2006-12,Tug,1038,211.94
1152,2006-12,Miscellaneous,859,4989.78
1153,2007-01,Container,1634,40803.25
1154,2007-01,Freighter,848,3434.05
1155,2007-01,Bulk Carrier,755,27127.57
1156,2007-01,Tanker,1618,36323.67
1157,2007-01,Passenger,3148,2313.64
1158,2007-01,Barges,1072,1506.07
1159,2007-01,Tug,1011,190.34
1160,2007-01,Miscellaneous,832,5129.37
1161,2007-02,Container,1495,38578.37
1162,2007-02,Freighter,731,2827.55
1163,2007-02,Bulk Carrier,639,24191.72
1164,2007-02,Tanker,1485,32924.22
1165,2007-02,Passenger,2841,1812.46
1166,2007-02,Barges,803,1086.38
1167,2007-02,Tug,833,165.04
1168,2007-02,Miscellaneous,777,5665.72
1169,2007-03,Container,1648,42366.01
1170,2007-03,Freighter,827,3494.66
1171,2007-03,Bulk Carrier,729,26604.86
1172,2007-03,Tanker,1675,38866.11
1173,2007-03,Passenger,3101,2749.54
1174,2007-03,Barges,768,1035.84
1175,2007-03,Tug,887,189.83
1176,2007-03,Miscellaneous,866,6600.38
1177,2007-04,Container,1631,42324.46
1178,2007-04,Freighter,805,3417.85
1179,2007-04,Bulk Carrier,713,26395.11
1180,2007-04,Tanker,1607,36623.12
1181,2007-04,Passenger,3045,2177.24
1182,2007-04,Barges,778,1089.72
1183,2007-04,Tug,845,175.35
1184,2007-04,Miscellaneous,828,5748.65
1185,2007-05,Container,1695,43646.3
1186,2007-05,Freighter,821,3247.3
1187,2007-05,Bulk Carrier,734,27084.75
1188,2007-05,Tanker,1591,36414.81
1189,2007-05,Passenger,3146,2346.9
1190,2007-05,Barges,887,1237.28
1191,2007-05,Tug,905,197.25
1192,2007-05,Miscellaneous,852,6348.95
1193,2007-06,Container,1624,42801.87
1194,2007-06,Freighter,821,3002.68
1195,2007-06,Bulk Carrier,757,29480.7
1196,2007-06,Tanker,1613,36466.92
1197,2007-06,Passenger,3108,2997.68
1198,2007-06,Barges,921,1296.08
1199,2007-06,Tug,950,204.66
1200,2007-06,Miscellaneous,791,5919.54
1201,2007-07,Container,1711,45112.16
1202,2007-07,Freighter,814,3354.03
1203,2007-07,Bulk Carrier,743,27874.47
1204,2007-07,Tanker,1649,38672.6
1205,2007-07,Passenger,3181,2152.61
1206,2007-07,Barges,1081,1500.44
1207,2007-07,Tug,1057,205.31
1208,2007-07,Miscellaneous,834,6557.81
1209,2007-08,Container,1713,45455.06
1210,2007-08,Freighter,817,3323.48
1211,2007-08,Bulk Carrier,751,28728.3
1212,2007-08,Tanker,1611,35973.52
1213,2007-08,Passenger,3253,2301.83
1214,2007-08,Barges,1106,1528.71
1215,2007-08,Tug,1063,199.81
1216,2007-08,Miscellaneous,832,6765.48
1217,2007-09,Container,1673,44646.92
1218,2007-09,Freighter,793,3188.83
1219,2007-09,Bulk Carrier,708,27548.45
1220,2007-09,Tanker,1639,40936.66
1221,2007-09,Passenger,3125,2114.25
1222,2007-09,Barges,1098,1535.83
1223,2007-09,Tug,1085,200.79
1224,2007-09,Miscellaneous,865,6580.27
1225,2007-10,Container,1729,47685.01
1226,2007-10,Freighter,827,3532.19
1227,2007-10,Bulk Carrier,713,26441.46
1228,2007-10,Tanker,1640,37972.22
1229,2007-10,Passenger,3115,2662.41
1230,2007-10,Barges,1091,1496.69
1231,2007-10,Tug,1081,215.43
1232,2007-10,Miscellaneous,887,6943.39
1233,2007-11,Container,1688,45714.86
1234,2007-11,Freighter,863,3559.32
1235,2007-11,Bulk Carrier,701,26689.81
1236,2007-11,Tanker,1565,37027.12
1237,2007-11,Passenger,3080,2443.71
1238,2007-11,Barges,1000,1358.17
1239,2007-11,Tug,1015,189.34
1240,2007-11,Miscellaneous,871,5906.9
1241,2007-12,Container,1705,47542.16
1242,2007-12,Freighter,897,3909.09
1243,2007-12,Bulk Carrier,710,25733.4
1244,2007-12,Tanker,1619,37246.88
1245,2007-12,Passenger,3118,3103.81
1246,2007-12,Barges,995,1425.8
1247,2007-12,Tug,1040,215.31
1248,2007-12,Miscellaneous,925,7117.29
1249,2008-01,Container,1755,49690.04
1250,2008-01,Freighter,915,3879
1251,2008-01,Bulk Carrier,786,29272.11
1252,2008-01,Tanker,1610,40338.33
1253,2008-01,Passenger,2852,2495.09
1254,2008-01,Barges,1122,1556.25
1255,2008-01,Tug,1111,221.23
1256,2008-01,Miscellaneous,907,6187.33
1257,2008-02,Container,1605,43389.24
1258,2008-02,Freighter,760,3268.88
1259,2008-02,Bulk Carrier,696,26327.56
1260,2008-02,Tanker,1477,38328.65
1261,2008-02,Passenger,2760,2387.03
1262,2008-02,Barges,940,1295.04
1263,2008-02,Tug,937,184.34
1264,2008-02,Miscellaneous,868,7224.89
1265,2008-03,Container,1744,49433.45
1266,2008-03,Freighter,827,3936.85
1267,2008-03,Bulk Carrier,754,28259.71
1268,2008-03,Tanker,1685,44309.46
1269,2008-03,Passenger,2980,3099.08
1270,2008-03,Barges,1126,1557.65
1271,2008-03,Tug,1109,234.81
1272,2008-03,Miscellaneous,898,7849.5
1273,2008-04,Container,1712,48058.84
1274,2008-04,Freighter,840,3449.7
1275,2008-04,Bulk Carrier,821,31411.96
1276,2008-04,Tanker,1739,45958.08
1277,2008-04,Passenger,2820,2202.26
1278,2008-04,Barges,1164,1558.04
1279,2008-04,Tug,1130,222.59
1280,2008-04,Miscellaneous,923,7305.01
1281,2008-05,Container,1801,51404.41
1282,2008-05,Freighter,820,3382.28
1283,2008-05,Bulk Carrier,839,31479.16
1284,2008-05,Tanker,1637,40943.59
1285,2008-05,Passenger,2958,2169.69
1286,2008-05,Barges,1185,1674.43
1287,2008-05,Tug,1218,240.16
1288,2008-05,Miscellaneous,971,7941.72
1289,2008-06,Container,1701,49133.66
1290,2008-06,Freighter,815,3437.87
1291,2008-06,Bulk Carrier,668,25639.71
1292,2008-06,Tanker,1664,40313.61
1293,2008-06,Passenger,2740,2090.71
1294,2008-06,Barges,1195,1770.06
1295,2008-06,Tug,1141,224.62
1296,2008-06,Miscellaneous,955,6488.83
1297,2008-07,Container,1797,51691.47
1298,2008-07,Freighter,869,3523.59
1299,2008-07,Bulk Carrier,755,29527.09
1300,2008-07,Tanker,1639,38071.61
1301,2008-07,Passenger,2789,1977.85
1302,2008-07,Barges,1317,1946.17
1303,2008-07,Tug,1217,236.11
1304,2008-07,Miscellaneous,995,8461.49
1305,2008-08,Container,1749,50331.55
1306,2008-08,Freighter,821,3658.06
1307,2008-08,Bulk Carrier,792,31773.7
1308,2008-08,Tanker,1707,43235.78
1309,2008-08,Passenger,2796,1781.89
1310,2008-08,Barges,1181,1717.25
1311,2008-08,Tug,1145,236.62
1312,2008-08,Miscellaneous,1010,8729.04
1313,2008-09,Container,1687,49711.85
1314,2008-09,Freighter,778,3507.24
1315,2008-09,Bulk Carrier,714,28532.71
1316,2008-09,Tanker,1579,40298.82
1317,2008-09,Passenger,2641,1862.34
1318,2008-09,Barges,1230,1848.24
1319,2008-09,Tug,1179,241.19
1320,2008-09,Miscellaneous,952,8318.41
1321,2008-10,Container,1684,49678.97
1322,2008-10,Freighter,760,3800.1
1323,2008-10,Bulk Carrier,785,30308.84
1324,2008-10,Tanker,1526,37321.76
1325,2008-10,Passenger,2804,2431.66
1326,2008-10,Barges,1219,1963.59
1327,2008-10,Tug,1182,250.44
1328,2008-10,Miscellaneous,937,7524.38
1329,2008-11,Container,1659,48967.82
1330,2008-11,Freighter,761,3737.03
1331,2008-11,Bulk Carrier,783,30255
1332,2008-11,Tanker,1564,37775.21
1333,2008-11,Passenger,2709,2931.9
1334,2008-11,Barges,1188,1969.57
1335,2008-11,Tug,1179,258.98
1336,2008-11,Miscellaneous,898,8278.13
1337,2008-12,Container,1695,49687.83
1338,2008-12,Freighter,736,3880.36
1339,2008-12,Bulk Carrier,887,34351.87
1340,2008-12,Tanker,1633,37520.37
1341,2008-12,Passenger,2817,3074.52
1342,2008-12,Barges,1180,1963.21
1343,2008-12,Tug,1188,255.31
1344,2008-12,Miscellaneous,901,8431.92
1345,2009-01,Container,1568,47988.29
1346,2009-01,Freighter,653,3342.67
1347,2009-01,Bulk Carrier,908,35983.96
1348,2009-01,Tanker,1618,41974.44
1349,2009-01,Passenger,2713,2969.22
1350,2009-01,Barges,1118,1917.72
1351,2009-01,Tug,1124,242.88
1352,2009-01,Miscellaneous,858,8581.76
1353,2009-02,Container,1338,40587.68
1354,2009-02,Freighter,645,2976.21
1355,2009-02,Bulk Carrier,955,38148.23
1356,2009-02,Tanker,1460,34281.27
1357,2009-02,Passenger,2376,2206.38
1358,2009-02,Barges,1165,1983.59
1359,2009-02,Tug,1150,250.18
1360,2009-02,Miscellaneous,800,7510.44
1361,2009-03,Container,1529,46705.93
1362,2009-03,Freighter,693,3731
1363,2009-03,Bulk Carrier,1112,46074.95
1364,2009-03,Tanker,1686,42490.85
1365,2009-03,Passenger,2620,3221.3
1366,2009-03,Barges,1308,2378.12
1367,2009-03,Tug,1299,286.12
1368,2009-03,Miscellaneous,809,7606.89
1369,2009-04,Container,1466,44385.98
1370,2009-04,Freighter,690,3825.74
1371,2009-04,Bulk Carrier,1041,43484.21
1372,2009-04,Tanker,1652,40946.68
1373,2009-04,Passenger,2538,2779.91
1374,2009-04,Barges,1232,2275.82
1375,2009-04,Tug,1263,272.61
1376,2009-04,Miscellaneous,816,7113.15
1377,2009-05,Container,1551,48061.25
1378,2009-05,Freighter,676,3621.18
1379,2009-05,Bulk Carrier,1133,48089.36
1380,2009-05,Tanker,1748,47519.26
1381,2009-05,Passenger,2643,2474.29
1382,2009-05,Barges,1265,2425.09
1383,2009-05,Tug,1331,323.37
1384,2009-05,Miscellaneous,840,7070
1385,2009-06,Container,1462,45001.1
1386,2009-06,Freighter,689,3616.28
1387,2009-06,Bulk Carrier,914,37910.94
1388,2009-06,Tanker,1727,44244.39
1389,2009-06,Passenger,2585,2182.15
1390,2009-06,Barges,1384,2759.59
1391,2009-06,Tug,1407,311.13
1392,2009-06,Miscellaneous,861,7886.49
1393,2009-07,Container,1547,48544.48
1394,2009-07,Freighter,713,3631.12
1395,2009-07,Bulk Carrier,1030,44171.93
1396,2009-07,Tanker,1718,44548.15
1397,2009-07,Passenger,2758,2347.35
1398,2009-07,Barges,1387,2722.96
1399,2009-07,Tug,1408,302.52
1400,2009-07,Miscellaneous,877,7740.74
1401,2009-08,Container,1530,48818.96
1402,2009-08,Freighter,687,3458.46
1403,2009-08,Bulk Carrier,977,40341.6
1404,2009-08,Tanker,1740,48271
1405,2009-08,Passenger,2778,2524.53
1406,2009-08,Barges,1318,2543.16
1407,2009-08,Tug,1385,326.24
1408,2009-08,Miscellaneous,846,7261.1
1409,2009-09,Container,1464,46368.12
1410,2009-09,Freighter,678,3776.77
1411,2009-09,Bulk Carrier,960,42296.21
1412,2009-09,Tanker,1662,45225.27
1413,2009-09,Passenger,2693,2522.19
1414,2009-09,Barges,1208,2254.5
1415,2009-09,Tug,1282,276.17
1416,2009-09,Miscellaneous,852,7534.32
1417,2009-10,Container,1525,48170.83
1418,2009-10,Freighter,717,3364.79
1419,2009-10,Bulk Carrier,1030,44014.21
1420,2009-10,Tanker,1770,47408.48
1421,2009-10,Passenger,2815,2736.92
1422,2009-10,Barges,1147,2059.16
1423,2009-10,Tug,1267,302.55
1424,2009-10,Miscellaneous,892,7874.91
1425,2009-11,Container,1492,47420.79
1426,2009-11,Freighter,665,3316.36
1427,2009-11,Bulk Carrier,884,38771.34
1428,2009-11,Tanker,1612,43662.27
1429,2009-11,Passenger,2787,3608.74
1430,2009-11,Barges,1092,2081.8
1431,2009-11,Tug,1156,283.02
1432,2009-11,Miscellaneous,814,7568.27
1433,2009-12,Container,1533,47958.16
1434,2009-12,Freighter,759,3774.86
1435,2009-12,Bulk Carrier,929,39023.55
1436,2009-12,Tanker,1687,47045.49
1437,2009-12,Passenger,2870,3662.28
1438,2009-12,Barges,1154,2318.56
1439,2009-12,Tug,1197,272.45
1440,2009-12,Miscellaneous,864,8141.58
1441,2010-01,Container,1512,48099.56
1442,2010-01,Freighter,721,3555.34
1443,2010-01,Bulk Carrier,1010,42167.78
1444,2010-01,Tanker,1785,47167.79
1445,2010-01,Passenger,2769,2978.09
1446,2010-01,Barges,1123,2071.16
1447,2010-01,Tug,1159,261.14
1448,2010-01,Miscellaneous,914,7939.07
1449,2010-02,Container,1396,44930.85
1450,2010-02,Freighter,635,3436.52
1451,2010-02,Bulk Carrier,977,41744.73
1452,2010-02,Tanker,1654,43708.39
1453,2010-02,Passenger,2571,2768.06
1454,2010-02,Barges,977,1854.33
1455,2010-02,Tug,1012,216.31
1456,2010-02,Miscellaneous,759,6790.43
1457,2010-03,Container,1530,47615.73
1458,2010-03,Freighter,722,3361.72
1459,2010-03,Bulk Carrier,1063,46168.9
1460,2010-03,Tanker,1830,48111.87
1461,2010-03,Passenger,2696,2999.47
1462,2010-03,Barges,1125,1915.11
1463,2010-03,Tug,1159,259.39
1464,2010-03,Miscellaneous,872,8111.29
1465,2010-04,Container,1535,49351.66
1466,2010-04,Freighter,750,3776
1467,2010-04,Bulk Carrier,1033,42527.97
1468,2010-04,Tanker,1717,44942.82
1469,2010-04,Passenger,2475,2644.24
1470,2010-04,Barges,1026,1691.17
1471,2010-04,Tug,1084,236.17
1472,2010-04,Miscellaneous,811,8455.89
1473,2010-05,Container,1614,52162.8
1474,2010-05,Freighter,725,3511.88
1475,2010-05,Bulk Carrier,1056,45048.97
1476,2010-05,Tanker,1774,46942.66
1477,2010-05,Passenger,2574,2209.02
1478,2010-05,Barges,1040,1639.37
1479,2010-05,Tug,1094,240.95
1480,2010-05,Miscellaneous,829,9008.71
1481,2010-06,Container,1577,51209.11
1482,2010-06,Freighter,777,3993.32
1483,2010-06,Bulk Carrier,1034,43401.89
1484,2010-06,Tanker,1814,48416.87
1485,2010-06,Passenger,2510,1983.52
1486,2010-06,Barges,1014,1574.7
1487,2010-06,Tug,1067,247.02
1488,2010-06,Miscellaneous,805,9454.87
1489,2010-07,Container,1659,53717.4
1490,2010-07,Freighter,760,3628.83
1491,2010-07,Bulk Carrier,1030,47106.26
1492,2010-07,Tanker,1852,48521.73
1493,2010-07,Passenger,2684,2134.09
1494,2010-07,Barges,982,1359.87
1495,2010-07,Tug,1053,237.89
1496,2010-07,Miscellaneous,871,9432.87
1497,2010-08,Container,1665,54648.16
1498,2010-08,Freighter,768,3788.09
1499,2010-08,Bulk Carrier,956,41192.39
1500,2010-08,Tanker,1837,47573
1501,2010-08,Passenger,2740,1983.56
1502,2010-08,Barges,918,1344.54
1503,2010-08,Tug,962,219.87
1504,2010-08,Miscellaneous,799,9654.22
1505,2010-09,Container,1609,53013.38
1506,2010-09,Freighter,704,3400.98
1507,2010-09,Bulk Carrier,1001,45119.69
1508,2010-09,Tanker,1764,46798.42
1509,2010-09,Passenger,2552,1805.15
1510,2010-09,Barges,877,1238.11
1511,2010-09,Tug,930,206.04
1512,2010-09,Miscellaneous,763,9128.01
1513,2010-10,Container,1616,53133.11
1514,2010-10,Freighter,728,3542.93
1515,2010-10,Bulk Carrier,1011,47880.97
1516,2010-10,Tanker,1805,50536.25
1517,2010-10,Passenger,2647,2308.52
1518,2010-10,Barges,961,1530.78
1519,2010-10,Tug,1012,230.29
1520,2010-10,Miscellaneous,766,9551.11
1521,2010-11,Container,1626,53201.66
1522,2010-11,Freighter,717,3426.75
1523,2010-11,Bulk Carrier,1021,45261.79
1524,2010-11,Tanker,1713,48114.48
1525,2010-11,Passenger,2625,2926.14
1526,2010-11,Barges,922,1396.74
1527,2010-11,Tug,952,206.33
1528,2010-11,Miscellaneous,731,9199.88
1529,2010-12,Container,1628,52626.02
1530,2010-12,Freighter,735,3430.3
1531,2010-12,Bulk Carrier,1042,46378.6
1532,2010-12,Tanker,1810,48559.64
1533,2010-12,Passenger,2896,3498.96
1534,2010-12,Barges,1007,1565.93
1535,2010-12,Tug,1067,237.63
1536,2010-12,Miscellaneous,819,10506.1
1537,2011-01,Container,1663,54933.37
1538,2011-01,Freighter,743,3699
1539,2011-01,Bulk Carrier,1132,53278.77
1540,2011-01,Tanker,1885,51545.92
1541,2011-01,Passenger,2756,3007.27
1542,2011-01,Barges,979,1495.69
1543,2011-01,Tug,1009,206
1544,2011-01,Miscellaneous,770,9634.36
1545,2011-02,Container,1413,47553.3
1546,2011-02,Freighter,631,3189.33
1547,2011-02,Bulk Carrier,975,44579.42
1548,2011-02,Tanker,1703,51346.42
1549,2011-02,Passenger,2578,2670.95
1550,2011-02,Barges,709,1161.18
1551,2011-02,Tug,767,179.13
1552,2011-02,Miscellaneous,712,8856.28
1553,2011-03,Container,1631,54774.53
1554,2011-03,Freighter,743,3547.82
1555,2011-03,Bulk Carrier,1089,49968.83
1556,2011-03,Tanker,1954,58268.15
1557,2011-03,Passenger,2785,2992.01
1558,2011-03,Barges,945,1430.51
1559,2011-03,Tug,964,213.15
1560,2011-03,Miscellaneous,883,10584.73
1561,2011-04,Container,1596,53485.98
1562,2011-04,Freighter,680,3576.49
1563,2011-04,Bulk Carrier,1032,46389.34
1564,2011-04,Tanker,1860,54231.52
1565,2011-04,Passenger,2711,2431.04
1566,2011-04,Barges,840,1332.22
1567,2011-04,Tug,912,193.01
1568,2011-04,Miscellaneous,770,8341.79
1569,2011-05,Container,1689,57052.31
1570,2011-05,Freighter,725,3940.13
1571,2011-05,Bulk Carrier,1090,49564.85
1572,2011-05,Tanker,1892,53890.07
1573,2011-05,Passenger,2798,2426.07
1574,2011-05,Barges,827,1317.94
1575,2011-05,Tug,859,187.97
1576,2011-05,Miscellaneous,800,8955.57
1577,2011-06,Container,1590,54129.21
1578,2011-06,Freighter,698,3644.09
1579,2011-06,Bulk Carrier,1062,49249.27
1580,2011-06,Tanker,1820,50291.38
1581,2011-06,Passenger,2751,1708.8
1582,2011-06,Barges,878,1442.38
1583,2011-06,Tug,921,208.91
1584,2011-06,Miscellaneous,748,9769.98
1585,2011-07,Container,1630,55698.78
1586,2011-07,Freighter,728,3625.16
1587,2011-07,Bulk Carrier,1120,51280.2
1588,2011-07,Tanker,1894,53493.46
1589,2011-07,Passenger,2942,1694.29
1590,2011-07,Barges,999,1688.24
1591,2011-07,Tug,1042,245.27
1592,2011-07,Miscellaneous,793,9518.34
1593,2011-08,Container,1677,56793.48
1594,2011-08,Freighter,710,3603.95
1595,2011-08,Bulk Carrier,1043,47133
1596,2011-08,Tanker,1952,60337.05
1597,2011-08,Passenger,2804,1773.34
1598,2011-08,Barges,925,1503.76
1599,2011-08,Tug,965,237.2
1600,2011-08,Miscellaneous,751,10312.58
1601,2011-09,Container,1545,53875.25
1602,2011-09,Freighter,725,3544.35
1603,2011-09,Bulk Carrier,1053,47899.11
1604,2011-09,Tanker,1772,52698.9
1605,2011-09,Passenger,2872,1552.72
1606,2011-09,Barges,846,1409.86
1607,2011-09,Tug,922,227.13
1608,2011-09,Miscellaneous,697,10438.07
1609,2011-10,Container,1659,58174.65
1610,2011-10,Freighter,732,3662.98
1611,2011-10,Bulk Carrier,1223,57835.59
1612,2011-10,Tanker,1874,54400.96
1613,2011-10,Passenger,2978,1952.11
1614,2011-10,Barges,918,1534.07
1615,2011-10,Tug,922,220.86
1616,2011-10,Miscellaneous,763,10267.38
1617,2011-11,Container,1589,54762.62
1618,2011-11,Freighter,695,3370.72
1619,2011-11,Bulk Carrier,1168,55142.97
1620,2011-11,Tanker,1761,50674.17
1621,2011-11,Passenger,2832,2221.42
1622,2011-11,Barges,841,1402.51
1623,2011-11,Tug,859,212.23
1624,2011-11,Miscellaneous,774,8817.95
1625,2011-12,Container,1608,55792.01
1626,2011-12,Freighter,720,3817.67
1627,2011-12,Bulk Carrier,1106,52418.92
1628,2011-12,Tanker,1913,61503.69
1629,2011-12,Passenger,3056,2716.19
1630,2011-12,Barges,930,1536.51
1631,2011-12,Tug,923,226.03
1632,2011-12,Miscellaneous,779,10158.24
1633,2012-01,Container,1565,54893.77
1634,2012-01,Freighter,664,3521.47
1635,2012-01,Bulk Carrier,1205,58006.81
1636,2012-01,Tanker,1902,58583.67
1637,2012-01,Passenger,3010,2198.14
1638,2012-01,Barges,826,1428.4
1639,2012-01,Tug,795,173.35
1640,2012-01,Miscellaneous,776,11008.7
1641,2012-02,Container,1390,48320.5
1642,2012-02,Freighter,683,3363.67
1643,2012-02,Bulk Carrier,1057,50815.09
1644,2012-02,Tanker,1784,54639.27
1645,2012-02,Passenger,2767,2772.99
1646,2012-02,Barges,847,1422.94
1647,2012-02,Tug,861,196.02
1648,2012-02,Miscellaneous,731,9546.75
1649,2012-03,Container,1548,54998.69
1650,2012-03,Freighter,711,3675.48
1651,2012-03,Bulk Carrier,1135,53105.64
1652,2012-03,Tanker,1945,63947.55
1653,2012-03,Passenger,2991,3508.74
1654,2012-03,Barges,915,1544.15
1655,2012-03,Tug,968,251.35
1656,2012-03,Miscellaneous,837,10908
1657,2012-04,Container,1470,54092.38
1658,2012-04,Freighter,628,3229
1659,2012-04,Bulk Carrier,1189,57238.12
1660,2012-04,Tanker,1851,58078.3
1661,2012-04,Passenger,2938,2393.9
1662,2012-04,Barges,898,1408.18
1663,2012-04,Tug,915,231.73
1664,2012-04,Miscellaneous,780,10123.11
1665,2012-05,Container,1583,59155.94
1666,2012-05,Freighter,697,3690.57
1667,2012-05,Bulk Carrier,1237,58582.58
1668,2012-05,Tanker,1945,61286.07
1669,2012-05,Passenger,3047,2028.84
1670,2012-05,Barges,907,1480.44
1671,2012-05,Tug,959,263.72
1672,2012-05,Miscellaneous,843,11305.82
1673,2012-06,Container,1532,58197.59
1674,2012-06,Freighter,672,2942.92
1675,2012-06,Bulk Carrier,1105,51790.17
1676,2012-06,Tanker,1805,58467.08
1677,2012-06,Passenger,2981,2170.82
1678,2012-06,Barges,934,1624.58
1679,2012-06,Tug,938,229.62
1680,2012-06,Miscellaneous,823,10968.31
1681,2012-07,Container,1635,60606.22
1682,2012-07,Freighter,742,3512.24
1683,2012-07,Bulk Carrier,1166,57127.86
1684,2012-07,Tanker,1818,55418.25
1685,2012-07,Passenger,3031,1790.79
1686,2012-07,Barges,940,1596.9
1687,2012-07,Tug,982,257.97
1688,2012-07,Miscellaneous,785,11420.12
1689,2012-08,Container,1617,61338.16
1690,2012-08,Freighter,641,3366.01
1691,2012-08,Bulk Carrier,1140,54509.47
1692,2012-08,Tanker,1810,55776.15
1693,2012-08,Passenger,3073,1808.39
1694,2012-08,Barges,870,1429.96
1695,2012-08,Tug,923,228.21
1696,2012-08,Miscellaneous,751,10916.88
1697,2012-09,Container,1566,58822.29
1698,2012-09,Freighter,639,3433.78
1699,2012-09,Bulk Carrier,1053,49505.28
1700,2012-09,Tanker,1834,56144.34
1701,2012-09,Passenger,2938,1666.47
1702,2012-09,Barges,941,1640.13
1703,2012-09,Tug,1012,233.35
1704,2012-09,Miscellaneous,785,11268.38
1705,2012-10,Container,1579,58497.37
1706,2012-10,Freighter,673,3303.06
1707,2012-10,Bulk Carrier,1167,56608.07
1708,2012-10,Tanker,1843,56729.15
1709,2012-10,Passenger,3152,2248.35
1710,2012-10,Barges,882,1502
1711,2012-10,Tug,922,238.39
1712,2012-10,Miscellaneous,741,10688.8
1713,2012-11,Container,1522,57631
1714,2012-11,Freighter,679,3594.36
1715,2012-11,Bulk Carrier,1176,56468.62
1716,2012-11,Tanker,1842,57084.95
1717,2012-11,Passenger,3153,3017.99
1718,2012-11,Barges,844,1491.33
1719,2012-11,Tug,909,214.84
1720,2012-11,Miscellaneous,781,10428.82
1721,2012-12,Container,1560,58166.1
1722,2012-12,Freighter,674,3595.99
1723,2012-12,Bulk Carrier,1092,50897.58
1724,2012-12,Tanker,1851,57684.66
1725,2012-12,Passenger,3537,3592.77
1726,2012-12,Barges,864,1604.64
1727,2012-12,Tug,918,229.05
1728,2012-12,Miscellaneous,779,11206.98
1729,2013-01,Container,1544,58980.12
1730,2013-01,Freighter,706,3450.27
1731,2013-01,Bulk Carrier,1278,60874.15
1732,2013-01,Tanker,1887,58141.83
1733,2013-01,Passenger,3593,2821.49
1734,2013-01,Barges,830,1363.26
1735,2013-01,Tug,890,198.05
1736,2013-01,Miscellaneous,836,10837.34
1737,2013-02,Container,1322,50189
1738,2013-02,Freighter,609,3098.77
1739,2013-02,Bulk Carrier,1055,51810.64
1740,2013-02,Tanker,1750,55493.63
1741,2013-02,Passenger,3329,2755.18
1742,2013-02,Barges,760,1386.18
1743,2013-02,Tug,824,198.76
1744,2013-02,Miscellaneous,714,10385.47
1745,2013-03,Container,1487,57193.14
1746,2013-03,Freighter,689,4038.88
1747,2013-03,Bulk Carrier,1150,52705.92
1748,2013-03,Tanker,1846,55825
1749,2013-03,Passenger,3650,3662.99
1750,2013-03,Barges,927,1596.84
1751,2013-03,Tug,1018,237.44
1752,2013-03,Miscellaneous,812,11041.69
1753,2013-04,Container,1472,56725.39
1754,2013-04,Freighter,721,3747.16
1755,2013-04,Bulk Carrier,1218,57407.23
1756,2013-04,Tanker,1895,56594.2
1757,2013-04,Passenger,3425,2450.06
1758,2013-04,Barges,895,1570.76
1759,2013-04,Tug,949,241.11
1760,2013-04,Miscellaneous,785,10670.59
1761,2013-05,Container,1533,60488.96
1762,2013-05,Freighter,676,3959.85
1763,2013-05,Bulk Carrier,1245,56859.83
1764,2013-05,Tanker,1937,62079.14
1765,2013-05,Passenger,3661,2779.22
1766,2013-05,Barges,932,1651.53
1767,2013-05,Tug,1027,234.96
1768,2013-05,Miscellaneous,792,11551.69
1769,2013-06,Container,1494,60028.51
1770,2013-06,Freighter,630,3274.56
1771,2013-06,Bulk Carrier,1260,55187.77
1772,2013-06,Tanker,1818,56592.51
1773,2013-06,Passenger,3648,2546.86
1774,2013-06,Barges,921,1534.59
1775,2013-06,Tug,1004,231.47
1776,2013-06,Miscellaneous,790,10474.71
1777,2013-07,Container,1548,62308.07
1778,2013-07,Freighter,678,3712.75
1779,2013-07,Bulk Carrier,1301,61966.81
1780,2013-07,Tanker,1952,61891.39
1781,2013-07,Passenger,3741,2085.74
1782,2013-07,Barges,982,1628.49
1783,2013-07,Tug,1032,213.66
1784,2013-07,Miscellaneous,758,10648.17
1785,2013-08,Container,1494,62746.01
1786,2013-08,Freighter,621,3676.71
1787,2013-08,Bulk Carrier,1299,59257.76
1788,2013-08,Tanker,1890,59526.93
1789,2013-08,Passenger,3985,2119.89
1790,2013-08,Barges,900,1503.75
1791,2013-08,Tug,973,214.76
1792,2013-08,Miscellaneous,759,9886.51
1793,2013-09,Container,1479,60795.52
1794,2013-09,Freighter,637,3583.14
1795,2013-09,Bulk Carrier,1230,59498.44
1796,2013-09,Tanker,1834,56424.28
1797,2013-09,Passenger,3782,2014.07
1798,2013-09,Barges,933,1573.18
1799,2013-09,Tug,1021,241.17
1800,2013-09,Miscellaneous,800,11220.26
1801,2013-10,Container,1506,60488.14
1802,2013-10,Freighter,716,3737.07
1803,2013-10,Bulk Carrier,1239,59537.58
1804,2013-10,Tanker,1921,57520.26
1805,2013-10,Passenger,3872,2382.77
1806,2013-10,Barges,939,1723.42
1807,2013-10,Tug,1009,246.92
1808,2013-10,Miscellaneous,773,10905.28
1809,2013-11,Container,1423,59545.7
1810,2013-11,Freighter,676,3516.85
1811,2013-11,Bulk Carrier,1159,56629.52
1812,2013-11,Tanker,1917,60105.09
1813,2013-11,Passenger,3836,3644.96
1814,2013-11,Barges,883,1697.18
1815,2013-11,Tug,970,236.97
1816,2013-11,Miscellaneous,803,10979.51
1817,2013-12,Container,1496,60443.51
1818,2013-12,Freighter,631,3405.18
1819,2013-12,Bulk Carrier,1096,51649.34
1820,2013-12,Tanker,1970,64649.29
1821,2013-12,Passenger,3970,4299.97
1822,2013-12,Barges,936,1729.92
1823,2013-12,Tug,1015,246.31
1824,2013-12,Miscellaneous,798,10891.16
1825,2014-01,Container,1475,60698.96
1826,2014-01,Freighter,665,4081.02
1827,2014-01,Bulk Carrier,1329,66355.75
1828,2014-01,Tanker,2007,67180
1829,2014-01,Passenger,3885,3115.56
1830,2014-01,Barges,754,1432.16
1831,2014-01,Tug,840,193.72
1832,2014-01,Miscellaneous,799,11690.81
1833,2014-02,Container,1287,52773.81
1834,2014-02,Freighter,559,3247.21
1835,2014-02,Bulk Carrier,1089,51238.91
1836,2014-02,Tanker,1765,57277.54
1837,2014-02,Passenger,3568,3610.08
1838,2014-02,Barges,772,1314.39
1839,2014-02,Tug,824,169.68
1840,2014-02,Miscellaneous,815,10569.71
1841,2014-03,Container,1467,62130.11
1842,2014-03,Freighter,659,3599.71
1843,2014-03,Bulk Carrier,1248,59940.45
1844,2014-03,Tanker,1929,61052.01
1845,2014-03,Passenger,3879,3807.18
1846,2014-03,Barges,886,1540.74
1847,2014-03,Tug,966,218.35
1848,2014-03,Miscellaneous,852,11075.81
1849,2014-04,Container,1440,60136.8
1850,2014-04,Freighter,650,3774.88
1851,2014-04,Bulk Carrier,1189,53743.82
1852,2014-04,Tanker,1876,59913.32
1853,2014-04,Passenger,3690,2327.92
1854,2014-04,Barges,838,1449.74
1855,2014-04,Tug,905,206.26
1856,2014-04,Miscellaneous,844,12166.86
1857,2014-05,Container,1468,63088.2
1858,2014-05,Freighter,632,3295.49
1859,2014-05,Bulk Carrier,1269,59143.41
1860,2014-05,Tanker,1958,61920.19
1861,2014-05,Passenger,3705,1576.79
1862,2014-05,Barges,844,1481.66
1863,2014-05,Tug,904,201.77
1864,2014-05,Miscellaneous,809,11329.61
1865,2014-06,Container,1430,61826.04
1866,2014-06,Freighter,657,3097.3
1867,2014-06,Bulk Carrier,1243,56983.58
1868,2014-06,Tanker,1790,53330.04
1869,2014-06,Passenger,3579,1433.27
1870,2014-06,Barges,831,1351.72
1871,2014-06,Tug,888,195.67
1872,2014-06,Miscellaneous,809,10821.29
1873,2014-07,Container,1452,64126.07
1874,2014-07,Freighter,610,3371.58
1875,2014-07,Bulk Carrier,1251,59333.64
1876,2014-07,Tanker,1895,59477.66
1877,2014-07,Passenger,3425,1604.31
1878,2014-07,Barges,810,1333.6
1879,2014-07,Tug,887,203.39
1880,2014-07,Miscellaneous,842,11874.52
1881,2014-08,Container,1434,63958.3
1882,2014-08,Freighter,633,3562.24
1883,2014-08,Bulk Carrier,1205,56067.63
1884,2014-08,Tanker,1827,60930.11
1885,2014-08,Passenger,3332,1563.23
1886,2014-08,Barges,878,1460.8
1887,2014-08,Tug,953,228.13
1888,2014-08,Miscellaneous,829,11905.69
1889,2014-09,Container,1413,62034.02
1890,2014-09,Freighter,595,3071.89
1891,2014-09,Bulk Carrier,1301,60449.65
1892,2014-09,Tanker,1764,56510.88
1893,2014-09,Passenger,3084,1418.1
1894,2014-09,Barges,896,1625.85
1895,2014-09,Tug,991,234.49
1896,2014-09,Miscellaneous,774,11339.27
1897,2014-10,Container,1453,62861.72
1898,2014-10,Freighter,666,3430.66
1899,2014-10,Bulk Carrier,1250,56716.53
1900,2014-10,Tanker,1857,56623.09
1901,2014-10,Passenger,3283,2023.61
1902,2014-10,Barges,935,1611.83
1903,2014-10,Tug,1012,218.94
1904,2014-10,Miscellaneous,825,11997.29
1905,2014-11,Container,1410,62421.88
1906,2014-11,Freighter,606,2872.81
1907,2014-11,Bulk Carrier,1255,62175.06
1908,2014-11,Tanker,1761,57379.3
1909,2014-11,Passenger,3149,3176.51
1910,2014-11,Barges,855,1419.91
1911,2014-11,Tug,943,207.91
1912,2014-11,Miscellaneous,787,12387.19
1913,2014-12,Container,1490,63490.6
1914,2014-12,Freighter,659,3203.09
1915,2014-12,Bulk Carrier,1174,52005.41
1916,2014-12,Tanker,1789,55869.85
1917,2014-12,Passenger,3355,4222.75
1918,2014-12,Barges,887,1539.73
1919,2014-12,Tug,988,226.63
1920,2014-12,Miscellaneous,846,12230.54
1921,2015-01,Container,1458,64632.96
1922,2015-01,Freighter,692,3397.55
1923,2015-01,Bulk Carrier,1359,62269.86
1924,2015-01,Tanker,1851,60045.76
1925,2015-01,Passenger,3187,3863.58
1926,2015-01,Barges,895,1432.85
1927,2015-01,Tug,980,219.75
1928,2015-01,Miscellaneous,897,12853.5
1929,2015-02,Container,1349,60158.97
1930,2015-02,Freighter,559,2716.4
1931,2015-02,Bulk Carrier,1199,56398.75
1932,2015-02,Tanker,1711,54219.4
1933,2015-02,Passenger,3093,3904.5
1934,2015-02,Barges,730,1282.07
1935,2015-02,Tug,851,213.45
1936,2015-02,Miscellaneous,748,10742.89
1937,2015-03,Container,1453,60778.99
1938,2015-03,Freighter,673,3320.93
1939,2015-03,Bulk Carrier,1254,57549.71
1940,2015-03,Tanker,1838,61795.78
1941,2015-03,Passenger,3180,3042.46
1942,2015-03,Barges,873,1459.77
1943,2015-03,Tug,990,230.47
1944,2015-03,Miscellaneous,865,12303.26
1945,2015-04,Container,1496,64462.02
1946,2015-04,Freighter,671,3231.21
1947,2015-04,Bulk Carrier,1327,61083.82
1948,2015-04,Tanker,1859,61316.9
1949,2015-04,Passenger,2824,2127.02
1950,2015-04,Barges,821,1307.71
1951,2015-04,Tug,944,204.32
1952,2015-04,Miscellaneous,820,12013.91
1953,2015-05,Container,1524,64432.7
1954,2015-05,Freighter,694,3747.81
1955,2015-05,Bulk Carrier,1431,65341.77
1956,2015-05,Tanker,1851,60615.97
1957,2015-05,Passenger,3058,1700.47
1958,2015-05,Barges,800,1318.02
1959,2015-05,Tug,903,185.57
1960,2015-05,Miscellaneous,760,11273.07
1961,2015-06,Container,1492,64818.12
1962,2015-06,Freighter,684,3063.6
1963,2015-06,Bulk Carrier,1332,61228.34
1964,2015-06,Tanker,1763,58020.11
1965,2015-06,Passenger,3154,1864.62
1966,2015-06,Barges,848,1358.94
1967,2015-06,Tug,934,195.95
1968,2015-06,Miscellaneous,753,11745.61
1969,2015-07,Container,1531,67765.22
1970,2015-07,Freighter,677,3558.79
1971,2015-07,Bulk Carrier,1396,63983.74
1972,2015-07,Tanker,1828,61222.92
1973,2015-07,Passenger,3344,1552.66
1974,2015-07,Barges,829,1387.36
1975,2015-07,Tug,948,205.6
1976,2015-07,Miscellaneous,742,11272.68
1977,2015-08,Container,1526,67081.63
1978,2015-08,Freighter,680,3916.58
1979,2015-08,Bulk Carrier,1551,74763.84
1980,2015-08,Tanker,1898,64428.56
1981,2015-08,Passenger,3455,1493.21
1982,2015-08,Barges,769,1215.24
1983,2015-08,Tug,909,188.17
1984,2015-08,Miscellaneous,748,12214.83
1985,2015-09,Container,1486,65001.1
1986,2015-09,Freighter,647,3821.14
1987,2015-09,Bulk Carrier,1428,67596.38
1988,2015-09,Tanker,1764,56605.83
1989,2015-09,Passenger,3316,1774.21
1990,2015-09,Barges,751,1266.81
1991,2015-09,Tug,898,224.2
1992,2015-09,Miscellaneous,755,12267.86
1993,2015-10,Container,1450,64397.28
1994,2015-10,Freighter,641,3854.16
1995,2015-10,Bulk Carrier,1386,65308.41
1996,2015-10,Tanker,1901,61680.12
1997,2015-10,Passenger,3396,2325.29
1998,2015-10,Barges,749,1185.49
1999,2015-10,Tug,843,184.38
2000,2015-10,Miscellaneous,778,11834.85
2001,2015-11,Container,1445,64843.53
2002,2015-11,Freighter,624,3530.85
2003,2015-11,Bulk Carrier,1404,65959.33
2004,2015-11,Tanker,1853,58012.31
2005,2015-11,Passenger,3347,3827.7
2006,2015-11,Barges,762,1308.87
2007,2015-11,Tug,862,204.16
2008,2015-11,Miscellaneous,749,11732.18
2009,2015-12,Container,1512,66400.79
2010,2015-12,Freighter,658,3692.24
2011,2015-12,Bulk Carrier,1493,73844.83
2012,2015-12,Tanker,1945,61481.84
2013,2015-12,Passenger,3514,4737.14
2014,2015-12,Barges,731,1239.46
2015,2015-12,Tug,829,221.29
2016,2015-12,Miscellaneous,746,12048.37
2017,2016-01,Container,1517,68129.06
2018,2016-01,Freighter,654,3827.52
2019,2016-01,Bulk Carrier,1528,76040.76
2020,2016-01,Tanker,2048,62755.72
2021,2016-01,Passenger,3426,4495.26
2022,2016-01,Barges,792,1270.07
2023,2016-01,Tug,896,207.25
2024,2016-01,Miscellaneous,796,12159.11
2025,2016-02,Container,1397,63181.1
2026,2016-02,Freighter,584,3677.64
2027,2016-02,Bulk Carrier,1304,61581.29
2028,2016-02,Tanker,1904,59920.73
2029,2016-02,Passenger,3311,4138.88
2030,2016-02,Barges,650,1043.93
2031,2016-02,Tug,761,190.82
2032,2016-02,Miscellaneous,710,10536.54
2033,2016-03,Container,1538,68218.1
2034,2016-03,Freighter,701,3695.38
2035,2016-03,Bulk Carrier,1510,72867.79
2036,2016-03,Tanker,2067,66092.32
2037,2016-03,Passenger,3461,3431.64
2038,2016-03,Barges,812,1308.33
2039,2016-03,Tug,942,221.24
2040,2016-03,Miscellaneous,758,11678.16
2041,2016-04,Container,1481,68173.31
2042,2016-04,Freighter,655,3891.11
2043,2016-04,Bulk Carrier,1476,70977.59
2044,2016-04,Tanker,2030,66279.54
2045,2016-04,Passenger,3356,2772.55
2046,2016-04,Barges,822,1368.02
2047,2016-04,Tug,975,248.86
2048,2016-04,Miscellaneous,735,11434
2049,2016-05,Container,1581,72371
2050,2016-05,Freighter,650,3975.44
2051,2016-05,Bulk Carrier,1469,72333.5
2052,2016-05,Tanker,1994,66999.05
2053,2016-05,Passenger,3592,1977.09
2054,2016-05,Barges,778,1224.42
2055,2016-05,Tug,900,202.24
2056,2016-05,Miscellaneous,744,11233.23
2057,2016-06,Container,1529,71714.67
2058,2016-06,Freighter,651,3482.37
2059,2016-06,Bulk Carrier,1402,65206.3
2060,2016-06,Tanker,2002,68138.86
2061,2016-06,Passenger,3423,1854.71
2062,2016-06,Barges,783,1232.09
2063,2016-06,Tug,965,223.16
2064,2016-06,Miscellaneous,699,10823.91
2065,2016-07,Container,1480,71316.59
2066,2016-07,Freighter,575,3740.09
2067,2016-07,Bulk Carrier,1385,67463.3
2068,2016-07,Tanker,1981,66055.85
2069,2016-07,Passenger,3481,1699.86
2070,2016-07,Barges,777,1268.51
2071,2016-07,Tug,931,224.34
2072,2016-07,Miscellaneous,712,11098.35
2073,2016-08,Container,1546,71534.67
2074,2016-08,Freighter,777,4704.81
2075,2016-08,Bulk Carrier,1452,71944.29
2076,2016-08,Tanker,1917,64972.91
2077,2016-08,Passenger,3413,1857.79
2078,2016-08,Barges,833,1326.39
2079,2016-08,Tug,1010,257.04
2080,2016-08,Miscellaneous,760,11143.57
2081,2016-09,Container,1491,69597.17
2082,2016-09,Freighter,782,4314.41
2083,2016-09,Bulk Carrier,1286,60120.71
2084,2016-09,Tanker,1935,64282.98
2085,2016-09,Passenger,3420,1638.99
2086,2016-09,Barges,808,1317.13
2087,2016-09,Tug,1003,217.87
2088,2016-09,Miscellaneous,712,10597.56
2089,2016-10,Container,1448,63771.3
2090,2016-10,Freighter,897,5425.64
2091,2016-10,Bulk Carrier,1416,68913.05
2092,2016-10,Tanker,1959,65411.98
2093,2016-10,Passenger,3584,2978.94
2094,2016-10,Barges,827,1342.06
2095,2016-10,Tug,1009,235.5
2096,2016-10,Miscellaneous,788,12004.71
2097,2016-11,Container,1431,63662.38
2098,2016-11,Freighter,923,5197.04
2099,2016-11,Bulk Carrier,1354,67916.75
2100,2016-11,Tanker,1918,66269.33
2101,2016-11,Passenger,3491,4532.67
2102,2016-11,Barges,792,1195.32
2103,2016-11,Tug,948,244.15
2104,2016-11,Miscellaneous,856,12294.18
2105,2016-12,Container,1493,67345.11
2106,2016-12,Freighter,837,4762.96
2107,2016-12,Bulk Carrier,1378,64517.8
2108,2016-12,Tanker,1940,63669.68
2109,2016-12,Passenger,3759,4792.86
2110,2016-12,Barges,822,1280.61
2111,2016-12,Tug,1003,226.65
2112,2016-12,Miscellaneous,899,13203.24
2113,2017-01,Container,1485,66642.88
2114,2017-01,Freighter,631,4178.49
2115,2017-01,Bulk Carrier,1452,71720.71
2116,2017-01,Tanker,2097,74696.33
2117,2017-01,Passenger,3774,4349.03
2118,2017-01,Barges,714,1139.07
2119,2017-01,Tug,890,225.55
2120,2017-01,Miscellaneous,882,12366.75
2121,2017-02,Container,1266,57311.55
2122,2017-02,Freighter,563,3502.05
2123,2017-02,Bulk Carrier,1297,65394.25
2124,2017-02,Tanker,1867,64420.07
2125,2017-02,Passenger,3326,4133.68
2126,2017-02,Barges,697,1113.77
2127,2017-02,Tug,818,203.15
2128,2017-02,Miscellaneous,832,11741.58
2129,2017-03,Container,1467,66042.59
2130,2017-03,Freighter,700,4116.27
2131,2017-03,Bulk Carrier,1363,67394.91
2132,2017-03,Tanker,2193,77171.09
2133,2017-03,Passenger,3728,5290.01
2134,2017-03,Barges,845,1375.13
2135,2017-03,Tug,1009,229.7
2136,2017-03,Miscellaneous,1013,12847.2
2137,2017-04,Container,1456,65813.65
2138,2017-04,Freighter,618,4135.39
2139,2017-04,Bulk Carrier,1392,69018.46
2140,2017-04,Tanker,2039,70158.82
2141,2017-04,Passenger,3694,3003.04
2142,2017-04,Barges,770,1215.3
2143,2017-04,Tug,927,201.46
2144,2017-04,Miscellaneous,1364,15918.74
2145,2017-05,Container,1535,73930.47
2146,2017-05,Freighter,677,3765.34
2147,2017-05,Bulk Carrier,1397,70810.12
2148,2017-05,Tanker,2049,73074.08
2149,2017-05,Passenger,3770,3157.28
2150,2017-05,Barges,752,1231.89
2151,2017-05,Tug,870,187.44
2152,2017-05,Miscellaneous,1605,17641.53
2153,2017-06,Container,1471,70277.11
2154,2017-06,Freighter,597,3999.96
2155,2017-06,Bulk Carrier,1379,69125.74
2156,2017-06,Tanker,2041,72507.16
2157,2017-06,Passenger,3812,2507.91
2158,2017-06,Barges,712,1163.44
2159,2017-06,Tug,842,178.38
2160,2017-06,Miscellaneous,1421,15728.6
2161,2017-07,Container,1501,73296.99
2162,2017-07,Freighter,594,3415.49
2163,2017-07,Bulk Carrier,1282,63236.32
2164,2017-07,Tanker,2037,77465.65
2165,2017-07,Passenger,3852,1838.48
2166,2017-07,Barges,809,1235.37
2167,2017-07,Tug,939,202.18
2168,2017-07,Miscellaneous,797,11354.18
2169,2017-08,Container,1531,74122.49
2170,2017-08,Freighter,576,3347.69
2171,2017-08,Bulk Carrier,1308,66924.55
2172,2017-08,Tanker,1990,74537.7
2173,2017-08,Passenger,3848,1683.25
2174,2017-08,Barges,857,1324.92
2175,2017-08,Tug,988,236.2
2176,2017-08,Miscellaneous,818,12212.76
2177,2017-09,Container,1501,73600.03
2178,2017-09,Freighter,557,3326.28
2179,2017-09,Bulk Carrier,1287,66536.2
2180,2017-09,Tanker,2003,72387.42
2181,2017-09,Passenger,3795,2489.57
2182,2017-09,Barges,791,1252.25
2183,2017-09,Tug,900,213.65
2184,2017-09,Miscellaneous,785,11613.81
2185,2017-10,Container,1479,72013.31
2186,2017-10,Freighter,634,3525.84
2187,2017-10,Bulk Carrier,1302,64270.55
2188,2017-10,Tanker,2013,72826.54
2189,2017-10,Passenger,3885,3143.51
2190,2017-10,Barges,789,1237.06
2191,2017-10,Tug,933,222.54
2192,2017-10,Miscellaneous,1514,17254.87
2193,2017-11,Container,1461,72421.57
2194,2017-11,Freighter,635,3280.86
2195,2017-11,Bulk Carrier,1269,65280.91
2196,2017-11,Tanker,2043,71131.9
2197,2017-11,Passenger,3775,4939.82
2198,2017-11,Barges,748,1170.71
2199,2017-11,Tug,883,234.05
2200,2017-11,Miscellaneous,1533,17734.24
2201,2017-12,Container,1510,74388.71
2202,2017-12,Freighter,645,3419.4
2203,2017-12,Bulk Carrier,1283,64626.08
2204,2017-12,Tanker,2039,75464.16
2205,2017-12,Passenger,4070,5354.01
2206,2017-12,Barges,733,1159.63
2207,2017-12,Tug,888,212.3
2208,2017-12,Miscellaneous,1638,20061.88
2209,2018-01,Container,1551,75652.09
2210,2018-01,Freighter,647,3113.19
2211,2018-01,Bulk Carrier,1418,73233.08
2212,2018-01,Tanker,2063,72409.91
2213,2018-01,Passenger,3797,5049.26
2214,2018-01,Barges,724,1108.16
2215,2018-01,Tug,856,194.05
2216,2018-01,Miscellaneous,1586,18884.52
2217,2018-02,Container,1391,69598.24
2218,2018-02,Freighter,525,3161.37
2219,2018-02,Bulk Carrier,1160,57524.63
2220,2018-02,Tanker,1878,70402.25
2221,2018-02,Passenger,3618,4946.64
2222,2018-02,Barges,572,894.22
2223,2018-02,Tug,687,179.45
2224,2018-02,Miscellaneous,1299,17540.81
2225,2018-03,Container,1512,72981.51
2226,2018-03,Freighter,648,3883.28
2227,2018-03,Bulk Carrier,1273,62314.74
2228,2018-03,Tanker,2109,76209.91
2229,2018-03,Passenger,4030,5655.74
2230,2018-03,Barges,749,1222.07
2231,2018-03,Tug,920,246.53
2232,2018-03,Miscellaneous,1305,16175.71
2233,2018-04,Container,1472,72330.99
2234,2018-04,Freighter,609,3757.44
2235,2018-04,Bulk Carrier,1295,65204.93
2236,2018-04,Tanker,2055,78273.39
2237,2018-04,Passenger,3844,4351.48
2238,2018-04,Barges,751,1140.94
2239,2018-04,Tug,865,212.42
2240,2018-04,Miscellaneous,1242,15737.08
2241,2018-05,Container,1554,76871.37
2242,2018-05,Freighter,619,3813.27
2243,2018-05,Bulk Carrier,1278,62348.74
2244,2018-05,Tanker,2007,72251.69
2245,2018-05,Passenger,3981,4166.7
2246,2018-05,Barges,766,1185.43
2247,2018-05,Tug,890,216.17
2248,2018-05,Miscellaneous,1130,15753.76
2249,2018-06,Container,1488,75492.81
2250,2018-06,Freighter,495,3015.99
2251,2018-06,Bulk Carrier,1196,59962.3
2252,2018-06,Tanker,1937,69664.68
2253,2018-06,Passenger,3861,4139.03
2254,2018-06,Barges,685,1034.02
2255,2018-06,Tug,779,175.62
2256,2018-06,Miscellaneous,751,13103.62
2257,2018-07,Container,1545,75340.43
2258,2018-07,Freighter,560,3076.08
2259,2018-07,Bulk Carrier,1208,61871.29
2260,2018-07,Tanker,2007,70818.02
2261,2018-07,Passenger,3935,2969.91
2262,2018-07,Barges,802,1255.28
2263,2018-07,Tug,873,196.69
2264,2018-07,Miscellaneous,675,10497.54
2265,2018-08,Container,1537,75184.39
2266,2018-08,Freighter,618,3319.78
2267,2018-08,Bulk Carrier,1217,62543.15
2268,2018-08,Tanker,1932,67582.94
2269,2018-08,Passenger,3958,2893.37
2270,2018-08,Barges,707,1085.53
2271,2018-08,Tug,808,205.97
2272,2018-08,Miscellaneous,612,9219.89
2273,2018-09,Container,1458,71508.35
2274,2018-09,Freighter,547,3087.95
2275,2018-09,Bulk Carrier,1289,68001.98
2276,2018-09,Tanker,2020,72194.24
2277,2018-09,Passenger,3841,4126.05
2278,2018-09,Barges,742,1149.79
2279,2018-09,Tug,836,205.36
2280,2018-09,Miscellaneous,634,10259.15
2281,2018-10,Container,1474,70930.54
2282,2018-10,Freighter,601,3568.56
2283,2018-10,Bulk Carrier,1257,64727.09
2284,2018-10,Tanker,2046,78066.25
2285,2018-10,Passenger,3927,4417.27
2286,2018-10,Barges,778,1246.06
2287,2018-10,Tug,857,221.8
2288,2018-10,Miscellaneous,689,9907.59
2289,2018-11,Container,1447,72008.49
2290,2018-11,Freighter,599,3364.85
2291,2018-11,Bulk Carrier,1200,60496.94
2292,2018-11,Tanker,2049,76682.55
2293,2018-11,Passenger,3848,5123.13
2294,2018-11,Barges,662,1003.89
2295,2018-11,Tug,749,215.96
2296,2018-11,Miscellaneous,633,9599.45
2297,2018-12,Container,1479,73064.14
2298,2018-12,Freighter,566,3361
2299,2018-12,Bulk Carrier,1284,64210.37
2300,2018-12,Tanker,2062,77065.64
2301,2018-12,Passenger,4174,5796.84
2302,2018-12,Barges,736,1102.49
2303,2018-12,Tug,844,185.5
2304,2018-12,Miscellaneous,578,10221.41
2305,2019-01,Container,1512,74322.98
2306,2019-01,Freighter,627,3695.91
2307,2019-01,Bulk Carrier,1391,72247.05
2308,2019-01,Tanker,2094,80815.86
2309,2019-01,Passenger,3910,5718.91
2310,2019-01,Barges,737,1153.68
2311,2019-01,Tug,847,210.75
2312,2019-01,Miscellaneous,560,10084.96
2313,2019-02,Container,1313,63391.58
2314,2019-02,Freighter,526,3105.69
2315,2019-02,Bulk Carrier,1179,59601.43
2316,2019-02,Tanker,1905,72734.08
2317,2019-02,Passenger,3673,5885.65
2318,2019-02,Barges,544,801.71
2319,2019-02,Tug,629,146.8
2320,2019-02,Miscellaneous,506,8893.39
2321,2019-03,Container,1509,73364.12
2322,2019-03,Freighter,604,3494.76
2323,2019-03,Bulk Carrier,1273,63463.79
2324,2019-03,Tanker,1978,71874.06
2325,2019-03,Passenger,4044,5677.94
2326,2019-03,Barges,714,1103.01
2327,2019-03,Tug,802,178.62
2328,2019-03,Miscellaneous,585,10248.95
2329,2019-04,Container,1471,72799.49
2330,2019-04,Freighter,567,3456.79
2331,2019-04,Bulk Carrier,1265,61229.94
2332,2019-04,Tanker,1974,73286.91
2333,2019-04,Passenger,3982,4431.32
2334,2019-04,Barges,661,1009.85
2335,2019-04,Tug,741,179.86
2336,2019-04,Miscellaneous,582,9637.51
2337,2019-05,Container,1506,75159.97
2338,2019-05,Freighter,591,3929.18
2339,2019-05,Bulk Carrier,1256,60467.67
2340,2019-05,Tanker,2121,79967.59
2341,2019-05,Passenger,4080,4645.61
2342,2019-05,Barges,677,1031.54
2343,2019-05,Tug,824,218.42
2344,2019-05,Miscellaneous,642,10033.76
2345,2019-06,Container,1429,74620.17
2346,2019-06,Freighter,505,3518.12
2347,2019-06,Bulk Carrier,1232,59336.25
2348,2019-06,Tanker,1980,74374.99
2349,2019-06,Passenger,3999,4002.03
2350,2019-06,Barges,617,978.47
2351,2019-06,Tug,740,169.22
2352,2019-06,Miscellaneous,636,10457.58
2353,2019-07,Container,1549,78148.73
2354,2019-07,Freighter,570,3566.5
2355,2019-07,Bulk Carrier,1296,65215.42
2356,2019-07,Tanker,2036,77788.88
2357,2019-07,Passenger,4040,2600.41
2358,2019-07,Barges,682,1062.02
2359,2019-07,Tug,768,199.35
2360,2019-07,Miscellaneous,613,10269.58
2361,2019-08,Container,1489,76068.56
2362,2019-08,Freighter,546,3474.57
2363,2019-08,Bulk Carrier,1381,69118.77
2364,2019-08,Tanker,1999,73994.75
2365,2019-08,Passenger,4220,2866.44
2366,2019-08,Barges,688,1071.89
2367,2019-08,Tug,782,197.21
2368,2019-08,Miscellaneous,634,9981.5
2369,2019-09,Container,1420,74213.12
2370,2019-09,Freighter,514,3708.02
2371,2019-09,Bulk Carrier,1437,76473.82
2372,2019-09,Tanker,2039,75480
2373,2019-09,Passenger,4018,3149.28
2374,2019-09,Barges,702,1081.62
2375,2019-09,Tug,789,190.43
2376,2019-09,Miscellaneous,628,10165.72
2377,2019-10,Container,1455,74303.54
2378,2019-10,Freighter,574,3186.29
2379,2019-10,Bulk Carrier,1415,75629.34
2380,2019-10,Tanker,2170,80638.06
2381,2019-10,Passenger,4176,3469.52
2382,2019-10,Barges,731,1123.9
2383,2019-10,Tug,808,193.67
2384,2019-10,Miscellaneous,697,11737.88
2385,2019-11,Container,1419,74495.41
2386,2019-11,Freighter,568,3110.79
2387,2019-11,Bulk Carrier,1338,68105.06
2388,2019-11,Tanker,2319,81374.88
2389,2019-11,Passenger,3978,5116.54
2390,2019-11,Barges,675,1089.03
2391,2019-11,Tug,790,221.41
2392,2019-11,Miscellaneous,656,11031.04
2393,2019-12,Container,1442,74170.53
2394,2019-12,Freighter,581,3946.43
2395,2019-12,Bulk Carrier,1470,74095.57
2396,2019-12,Tanker,2444,87524.44
2397,2019-12,Passenger,4001,6160.93
2398,2019-12,Barges,719,1146.08
2399,2019-12,Tug,814,197.81
2400,2019-12,Miscellaneous,677,11421.79
2401,2020-01,Container,1418,74664.13
2402,2020-01,Freighter,503,3333.91
2403,2020-01,Bulk Carrier,1455,78651.46
2404,2020-01,Tanker,2507,89245.66
2405,2020-01,Passenger,4195,6107.03
2406,2020-01,Barges,672,1118.73
2407,2020-01,Tug,762,208.92
2408,2020-01,Miscellaneous,622,10552.91
2409,2020-02,Container,1287,65183.11
2410,2020-02,Freighter,554,3522
2411,2020-02,Bulk Carrier,1322,68143.24
2412,2020-02,Tanker,2126,82209.61
2413,2020-02,Passenger,3550,5545.53
2414,2020-02,Barges,670,1061.71
2415,2020-02,Tug,779,181.62
2416,2020-02,Miscellaneous,591,8809.57
2417,2020-03,Container,1399,72789.16
2418,2020-03,Freighter,516,3642.52
2419,2020-03,Bulk Carrier,1446,72028.17
2420,2020-03,Tanker,2417,90083.91
2421,2020-03,Passenger,1945,1708.83
2422,2020-03,Barges,702,1135.78
2423,2020-03,Tug,799,187.28
2424,2020-03,Miscellaneous,603,9811.89
2425,2020-04,Container,1329,71068.99
2426,2020-04,Freighter,481,3015.72
2427,2020-04,Bulk Carrier,1272,64584.26
2428,2020-04,Tanker,2117,81431.11
2429,2020-04,Passenger,195,371.15
2430,2020-04,Barges,538,883.37
2431,2020-04,Tug,638,169.07
2432,2020-04,Miscellaneous,445,8830.66
2433,2020-05,Container,1262,68167.28
2434,2020-05,Freighter,442,2746.19
2435,2020-05,Bulk Carrier,1290,65048.54
2436,2020-05,Tanker,2108,78864.37
2437,2020-05,Passenger,133,456.38
2438,2020-05,Barges,418,670.19
2439,2020-05,Tug,501,158.61
2440,2020-05,Miscellaneous,428,7211.55
2441,2020-06,Container,1321,71659.29
2442,2020-06,Freighter,464,2917.27
2443,2020-06,Bulk Carrier,1289,65914.11
2444,2020-06,Tanker,2108,78448.56
2445,2020-06,Passenger,141,737.55
2446,2020-06,Barges,412,634.2
2447,2020-06,Tug,516,136.18
2448,2020-06,Miscellaneous,450,6881.01
2449,2020-07,Container,1340,71578.09
2450,2020-07,Freighter,492,3129.64
2451,2020-07,Bulk Carrier,1603,81755.35
2452,2020-07,Tanker,2225,86377.58
2453,2020-07,Passenger,140,1286.21
2454,2020-07,Barges,425,611.87
2455,2020-07,Tug,517,131.44
2456,2020-07,Miscellaneous,436,7134.59
2457,2020-08,Container,1342,73048.8
2458,2020-08,Freighter,483,3265.72
2459,2020-08,Bulk Carrier,1381,72880.95
2460,2020-08,Tanker,2157,84041.86
2461,2020-08,Passenger,144,2190.32
2462,2020-08,Barges,456,681.93
2463,2020-08,Tug,550,148.07
2464,2020-08,Miscellaneous,445,7749.01
2465,2020-09,Container,1287,72033.92
2466,2020-09,Freighter,463,3105.64
2467,2020-09,Bulk Carrier,1380,70527.71
2468,2020-09,Tanker,2150,82665.94
2469,2020-09,Passenger,143,2315.72
2470,2020-09,Barges,600,960.12
2471,2020-09,Tug,741,207.91
2472,2020-09,Miscellaneous,491,8643.3
2473,2020-10,Container,1263,71411.21
2474,2020-10,Freighter,482,3457.36
2475,2020-10,Bulk Carrier,1388,72451.63
2476,2020-10,Tanker,2131,81461.1
2477,2020-10,Passenger,152,2805.87
2478,2020-10,Barges,679,1090.82
2479,2020-10,Tug,785,184.57
2480,2020-10,Miscellaneous,622,10940.66
2481,2020-11,Container,1170,68673.59
2482,2020-11,Freighter,434,2800.61
2483,2020-11,Bulk Carrier,1331,70810.87
2484,2020-11,Tanker,2143,88614.09
2485,2020-11,Passenger,155,3502.72
2486,2020-11,Barges,674,1099.92
2487,2020-11,Tug,804,223.63
2488,2020-11,Miscellaneous,636,10542.23
2489,2020-12,Container,1195,70195
2490,2020-12,Freighter,461,3463
2491,2020-12,Bulk Carrier,1244,64897
2492,2020-12,Tanker,2168,88960
2493,2020-12,Passenger,181,4629
2494,2020-12,Barges,720,1225
2495,2020-12,Tug,831,196
2496,2020-12,Miscellaneous,679,11575
2497,2021-01,Container,1198,68405.92
2498,2021-01,Freighter,486,3931.81
2499,2021-01,Bulk Carrier,1358,69092.39
2500,2021-01,Tanker,2316,95689.15
2501,2021-01,Passenger,167,5711.14
2502,2021-01,Barges,666,1082.16
2503,2021-01,Tug,804,172.49
2504,2021-01,Miscellaneous,646,11248.32
2505,2021-02,Container,1137,63939.22
2506,2021-02,Freighter,426,3098.9
2507,2021-02,Bulk Carrier,1229,66367.4
2508,2021-02,Tanker,2110,86171.2
2509,2021-02,Passenger,146,4820.43
2510,2021-02,Barges,610,976.87
2511,2021-02,Tug,711,150.11
2512,2021-02,Miscellaneous,621,10996.74
2513,2021-03,Container,1199,67411.8
2514,2021-03,Freighter,513,3568.29
2515,2021-03,Bulk Carrier,1329,66268.49
2516,2021-03,Tanker,2203,88877.69
2517,2021-03,Passenger,177,5966.17
2518,2021-03,Barges,783,1396.04
2519,2021-03,Tug,876,183.04
2520,2021-03,Miscellaneous,708,11410.2
2521,2021-04,Container,1148,64340.24
2522,2021-04,Freighter,499,3542.31
2523,2021-04,Bulk Carrier,1326,67150.7
2524,2021-04,Tanker,2079,86881.95
2525,2021-04,Passenger,160,4265.66
2526,2021-04,Barges,759,1499.43
2527,2021-04,Tug,869,193.89
2528,2021-04,Miscellaneous,660,12080.64
2529,2021-05,Container,1109,65232.89
2530,2021-05,Freighter,415,2871.26
2531,2021-05,Bulk Carrier,1264,63131.46
2532,2021-05,Tanker,2079,85851.26
2533,2021-05,Passenger,138,6148.77
2534,2021-05,Barges,682,1335.63
2535,2021-05,Tug,791,203.12
2536,2021-05,Miscellaneous,733,13342.61
2537,2021-06,Container,1098,62802.33
2538,2021-06,Freighter,406,2459.9
2539,2021-06,Bulk Carrier,1252,64049.38
2540,2021-06,Tanker,1978,81383.61
2541,2021-06,Passenger,137,5471.59
2542,2021-06,Barges,747,1518.67
2543,2021-06,Tug,874,204.55
2544,2021-06,Miscellaneous,755,13553.49
2545,2021-07,Container,1077,62192.02
2546,2021-07,Freighter,403,2680.47
2547,2021-07,Bulk Carrier,1237,62493.52
2548,2021-07,Tanker,1975,82136.62
2549,2021-07,Passenger,145,4423.53
2550,2021-07,Barges,752,1547.54
2551,2021-07,Tug,862,198.99
2552,2021-07,Miscellaneous,795,13519.53
2553,2021-08,Container,1062,60467.64
2554,2021-08,Freighter,449,3206.83
2555,2021-08,Bulk Carrier,1265,65749.01
2556,2021-08,Tanker,1858,79382.02
2557,2021-08,Passenger,137,3799.4
2558,2021-08,Barges,777,1567.56
2559,2021-08,Tug,879,192.85
2560,2021-08,Miscellaneous,751,11769.2
2561,2021-09,Container,1075,59595.19
2562,2021-09,Freighter,429,2718.77
2563,2021-09,Bulk Carrier,1165,59860.56
2564,2021-09,Tanker,1865,81760.07
2565,2021-09,Passenger,110,3703.71
2566,2021-09,Barges,733,1193.57
2567,2021-09,Tug,794,183.86
2568,2021-09,Miscellaneous,747,12122.32
2569,2021-10,Container,1089,60507.52
2570,2021-10,Freighter,436,2823.58
2571,2021-10,Bulk Carrier,1211,67754.94
2572,2021-10,Tanker,1908,82368.5
2573,2021-10,Passenger,144,3718.53
2574,2021-10,Barges,734,1160.52
2575,2021-10,Tug,805,201.08
2576,2021-10,Miscellaneous,771,11507.21
2577,2021-11,Container,1072,62442.85
2578,2021-11,Freighter,448,2725.23
2579,2021-11,Bulk Carrier,1152,61253.76
2580,2021-11,Tanker,1963,86739.35
2581,2021-11,Passenger,137,3362.07
2582,2021-11,Barges,740,1193.14
2583,2021-11,Tug,799,178
2584,2021-11,Miscellaneous,819,13100.37
2585,2021-12,Container,1127,62586.63
2586,2021-12,Freighter,473,3004.97
2587,2021-12,Bulk Carrier,1126,58889.8
2588,2021-12,Tanker,2008,87300.15
2589,2021-12,Passenger,154,3947.22
2590,2021-12,Barges,771,1249.64
2591,2021-12,Tug,823,172.11
2592,2021-12,Miscellaneous,804,12664.24
2593,2022-01,Container,1142,62233.04
2594,2022-01,Freighter,464,3293.2
2595,2022-01,Bulk Carrier,1173,60977.16
2596,2022-01,Tanker,2014,90591.28
2597,2022-01,Passenger,143,3668.25
2598,2022-01,Barges,700,1104.17
2599,2022-01,Tug,779,154.49
2600,2022-01,Miscellaneous,798,12241.89
2601,2022-02,Container,1061,57894.29
2602,2022-02,Freighter,399,2870.24
2603,2022-02,Bulk Carrier,1038,54271.91
2604,2022-02,Tanker,1797,76284.37
2605,2022-02,Passenger,146,3199.32
2606,2022-02,Barges,618,999.83
2607,2022-02,Tug,670,145.99
2608,2022-02,Miscellaneous,711,11705.84
2609,2022-03,Container,1140,60669.44
2610,2022-03,Freighter,483,3031.3
2611,2022-03,Bulk Carrier,1175,60207.3
2612,2022-03,Tanker,1899,82423.17
2613,2022-03,Passenger,191,3208.58
2614,2022-03,Barges,754,1208.02
2615,2022-03,Tug,816,194.39
2616,2022-03,Miscellaneous,849,12143.09
2617,2022-04,Container,1167,62957.48
2618,2022-04,Freighter,465,2997.53
2619,2022-04,Bulk Carrier,1207,60326.28
2620,2022-04,Tanker,1984,83208.73
2621,2022-04,Passenger,474,2324.79
2622,2022-04,Barges,738,1178.37
2623,2022-04,Tug,799,176.61
2624,2022-04,Miscellaneous,774,12438.83
2625,2022-05,Container,1204,65382.84
2626,2022-05,Freighter,427,3056.87
2627,2022-05,Bulk Carrier,1344,70434.89
2628,2022-05,Tanker,2041,84433.42
2629,2022-05,Passenger,619,1868.45
2630,2022-05,Barges,669,1111
2631,2022-05,Tug,726,169.58
2632,2022-05,Miscellaneous,785,12940.58
2633,2022-06,Container,1221,65289.36
2634,2022-06,Freighter,448,2991.24
2635,2022-06,Bulk Carrier,1198,62456.24
2636,2022-06,Tanker,1979,83579.19
2637,2022-06,Passenger,1206,2986.29
2638,2022-06,Barges,703,1131.56
2639,2022-06,Tug,755,153.72
2640,2022-06,Miscellaneous,791,12012.56
2641,2022-07,Container,1250,67486.07
2642,2022-07,Freighter,434,3058.72
2643,2022-07,Bulk Carrier,1277,69533.94
2644,2022-07,Tanker,2030,88810.53
2645,2022-07,Passenger,1797,4333.73
2646,2022-07,Barges,706,1134.11
2647,2022-07,Tug,761,161.44
2648,2022-07,Miscellaneous,789,12276.83
2649,2022-08,Container,1289,67854.75
2650,2022-08,Freighter,454,3025.77
2651,2022-08,Bulk Carrier,1291,68387.35
2652,2022-08,Tanker,2070,88931.28
2653,2022-08,Passenger,1863,4135.92
2654,2022-08,Barges,695,1129.99
2655,2022-08,Tug,734,170.97
2656,2022-08,Miscellaneous,733,11313.82
2657,2022-09,Container,1201,64703.29
2658,2022-09,Freighter,466,3064.99
2659,2022-09,Bulk Carrier,1224,62451.31
2660,2022-09,Tanker,2014,84467.76
2661,2022-09,Passenger,1879,4085.02
2662,2022-09,Barges,710,1176.05
2663,2022-09,Tug,756,156.27
2664,2022-09,Miscellaneous,726,11309.58
2665,2022-10,Container,1278,68658.41
2666,2022-10,Freighter,510,3402.92
2667,2022-10,Bulk Carrier,1402,74320.21
2668,2022-10,Tanker,2121,88236.56
2669,2022-10,Passenger,2068,4256.49
2670,2022-10,Barges,703,1142.52
2671,2022-10,Tug,763,163.69
2672,2022-10,Miscellaneous,606,11020.33
2673,2022-11,Container,1249,67015.46
2674,2022-11,Freighter,506,3289.46
2675,2022-11,Bulk Carrier,1313,72099.03
2676,2022-11,Tanker,2084,89559.33
2677,2022-11,Passenger,2167,4137.37
2678,2022-11,Barges,693,1139.82
2679,2022-11,Tug,771,188.72
2680,2022-11,Miscellaneous,659,11048.79
2681,2022-12,Container,1295,70263.41
2682,2022-12,Freighter,529,3749.87
2683,2022-12,Bulk Carrier,1286,67968.33
2684,2022-12,Tanker,2096,86113.38
2685,2022-12,Passenger,2695,4506.3
2686,2022-12,Barges,706,1159.98
2687,2022-12,Tug,772,179.44
2688,2022-12,Miscellaneous,702,11257.55
2689,2023-01,Container,1325,71588.69
2690,2023-01,Freighter,484,3278.7
2691,2023-01,Bulk Carrier,1413,74993.56
2692,2023-01,Tanker,2192,90149.04
2693,2023-01,Passenger,2715,4686.24
2694,2023-01,Barges,601,975.59
2695,2023-01,Tug,674,168.17
2696,2023-01,Miscellaneous,631,11607.54
2697,2023-02,Container,1142,62170.93
2698,2023-02,Freighter,499,3049.96
2699,2023-02,Bulk Carrier,1248,66400.43
2700,2023-02,Tanker,1968,78939.11
2701,2023-02,Passenger,2367,4313.97
2702,2023-02,Barges,631,1021.04
2703,2023-02,Tug,688,190.87
2704,2023-02,Miscellaneous,659,10579.44
2705,2023-03,Container,1361,75950.87
2706,2023-03,Freighter,511,3607.3
2707,2023-03,Bulk Carrier,1327,67357.19
2708,2023-03,Tanker,2168,89483.63
2709,2023-03,Passenger,2697,5236.57
2710,2023-03,Barges,676,1075.53
2711,2023-03,Tug,752,186
2712,2023-03,Miscellaneous,778,11632.53
2713,2023-04,Container,1307,75549.58
2714,2023-04,Freighter,432,2793.76
2715,2023-04,Bulk Carrier,1496,76605.23
2716,2023-04,Tanker,2149,87367.32
2717,2023-04,Passenger,2596,4849.37
2718,2023-04,Barges,615,1022.39
2719,2023-04,Tug,676,141.58
2720,2023-04,Miscellaneous,716,10982.97
2721,2023-05,Container,1378,79699
2722,2023-05,Freighter,492,3536
2723,2023-05,Bulk Carrier,1529,79175
2724,2023-05,Tanker,2125,87119
2725,2023-05,Passenger,2662,4715
2726,2023-05,Barges,675,1144
2727,2023-05,Tug,738,201
2728,2023-05,Miscellaneous,725,11107
2729,2023-06,Container,1290,78206
2730,2023-06,Freighter,467,3011
2731,2023-06,Bulk Carrier,1420,71792
2732,2023-06,Tanker,2012,82039
2733,2023-06,Passenger,2689,4172
2734,2023-06,Barges,623,1038
2735,2023-06,Tug,680,135
2736,2023-06,Miscellaneous,664,9651
2737,2023-07,Container,1386,81062
2738,2023-07,Freighter,487,3642
2739,2023-07,Bulk Carrier,1492,79497
2740,2023-07,Tanker,2020,80372
2741,2023-07,Passenger,2688,4279
2742,2023-07,Barges,697,1155
2743,2023-07,Tug,749,175
2744,2023-07,Miscellaneous,677,10097
2745,2023-08,Container,1389,80328
2746,2023-08,Freighter,421,3352
2747,2023-08,Bulk Carrier,1554,83428
2748,2023-08,Tanker,2003,82170
2749,2023-08,Passenger,2632,3368
2750,2023-08,Barges,680,1099
2751,2023-08,Tug,718,148
2752,2023-08,Miscellaneous,673,9784
2753,2023-09,Container,1351,81577
2754,2023-09,Freighter,427,3305
2755,2023-09,Bulk Carrier,1487,79784
2756,2023-09,Tanker,1944,80749
2757,2023-09,Passenger,2664,3652
2758,2023-09,Barges,698,1156
2759,2023-09,Tug,761,161
2760,2023-09,Miscellaneous,712,10283
2761,2023-10,Container,1316,74908
2762,2023-10,Freighter,485,3689
2763,2023-10,Bulk Carrier,1590,81955
2764,2023-10,Tanker,2071,86945
2765,2023-10,Passenger,2701,3848
2766,2023-10,Barges,707,1164
2767,2023-10,Tug,755,175
2768,2023-10,Miscellaneous,739,10268
2769,2023-11,Container,1329,78490
2770,2023-11,Freighter,458,3147
2771,2023-11,Bulk Carrier,1511,79166
2772,2023-11,Tanker,2046,86616
2773,2023-11,Passenger,2777,5655
2774,2023-11,Barges,685,1186
2775,2023-11,Tug,755,177
2776,2023-11,Miscellaneous,764,10787
2777,2023-12,Container,1350,80234
2778,2023-12,Freighter,450,2949
2779,2023-12,Bulk Carrier,1554,81962
2780,2023-12,Tanker,2065,82658
2781,2023-12,Passenger,3045,5645
2782,2023-12,Barges,680,1143
2783,2023-12,Tug,752,176
2784,2023-12,Miscellaneous,845,11417
2785,2024-01,Container,1332,76494.32
2786,2024-01,Freighter,474,3583.07
2787,2024-01,Bulk Carrier,1702,89328.6
2788,2024-01,Tanker,2223,89147.21
2789,2024-01,Passenger,2904,5645.27
2790,2024-01,Barges,674,1112.59
2791,2024-01,Tug,745,152.75
2792,2024-01,Miscellaneous,818,11165.83
2793,2024-02,Container,1218,69290.97
2794,2024-02,Freighter,436,4006.75
2795,2024-02,Bulk Carrier,1485,80913.63
2796,2024-02,Tanker,2097,80772.27
2797,2024-02,Passenger,2833,5396.15
2798,2024-02,Barges,558,964.64
2799,2024-02,Tug,643,172.17
2800,2024-02,Miscellaneous,717,10849.79
2801,2024-03,Container,1248,72505.4
2802,2024-03,Freighter,436,3461.56
2803,2024-03,Bulk Carrier,1510,79182.85
2804,2024-03,Tanker,2197,88871.71
2805,2024-03,Passenger,2994,6604.69
2806,2024-03,Barges,700,1183.97
2807,2024-03,Tug,761,194.22
2808,2024-03,Miscellaneous,832,11622.21
2809,2024-04,Container,1173,71135.88
2810,2024-04,Freighter,402,3405.19
2811,2024-04,Bulk Carrier,1490,78295.48
2812,2024-04,Tanker,2072,81332.41
2813,2024-04,Passenger,2781,3310.68
2814,2024-04,Barges,640,1078.64
2815,2024-04,Tug,687,148.11
2816,2024-04,Miscellaneous,821,11515.18
2817,2024-05,Container,1203,74278.96
2818,2024-05,Freighter,433,3373.16
2819,2024-05,Bulk Carrier,1584,82957.82
2820,2024-05,Tanker,2263,89904.93
2821,2024-05,Passenger,2898,3344.83
2822,2024-05,Barges,726,1268.09
2823,2024-05,Tug,788,173.19
2824,2024-05,Miscellaneous,822,12070.96
2825,2024-06,Container,1087,66950.23
2826,2024-06,Freighter,445,3668.66
2827,2024-06,Bulk Carrier,1487,75724.49
2828,2024-06,Tanker,2089,79740.1
2829,2024-06,Passenger,2886,3256.51
2830,2024-06,Barges,653,1123.14
2831,2024-06,Tug,710,146.3
2832,2024-06,Miscellaneous,750,10357.21
2833,2024-07,Container,1214,73685.53
2834,2024-07,Freighter,459,3660
2835,2024-07,Bulk Carrier,1626,86169.75
2836,2024-07,Tanker,2164,84223.03
2837,2024-07,Passenger,2891,2985.3
2838,2024-07,Barges,702,1201.29
2839,2024-07,Tug,765,167.36
2840,2024-07,Miscellaneous,811,12370.79
2841,2024-08,Container,1274,74901.47
2842,2024-08,Freighter,464,3747.81
2843,2024-08,Bulk Carrier,1560,83877.57
2844,2024-08,Tanker,2189,83190.88
2845,2024-08,Passenger,2962,3189.45
2846,2024-08,Barges,725,1263.25
2847,2024-08,Tug,808,187.49
2848,2024-08,Miscellaneous,814,11307.34
2849,2024-09,Container,1193,70560.37
2850,2024-09,Freighter,474,3753.19
2851,2024-09,Bulk Carrier,1436,74880.33
2852,2024-09,Tanker,2078,81089.78
2853,2024-09,Passenger,2855,3097.01
2854,2024-09,Barges,702,1228.62
2855,2024-09,Tug,765,182.86
2856,2024-09,Miscellaneous,789,12841.03
2857,2024-10,Container,1300,75808.29
2858,2024-10,Freighter,494,4274.34
2859,2024-10,Bulk Carrier,1524,81308.36
2860,2024-10,Tanker,2147,85104.64
2861,2024-10,Passenger,2907,3514.38
2862,2024-10,Barges,737,1283.16
2863,2024-10,Tug,819,194.41
2864,2024-10,Miscellaneous,796,11937.18
2865,2024-11,Container,1234,73743.03
2866,2024-11,Freighter,461,3921.62
2867,2024-11,Bulk Carrier,1433,74955.37
2868,2024-11,Tanker,2151,82567.13
2869,2024-11,Passenger,2842,4131.03
2870,2024-11,Barges,664,1178.38
2871,2024-11,Tug,756,180.92
2872,2024-11,Miscellaneous,779,12282.86
2873,2024-12,Container,1281,78815.91
2874,2024-12,Freighter,470,4149.79
2875,2024-12,Bulk Carrier,1562,85575.69
2876,2024-12,Tanker,2132,83380.7
2877,2024-12,Passenger,3076,5414.9
2878,2024-12,Barges,683,1224.54
2879,2024-12,Tug,740,185.43
2880,2024-12,Miscellaneous,783,12618.28
2881,2025-01,Container,1291,77760.23
2882,2025-01,Freighter,436,3691.15
2883,2025-01,Bulk Carrier,1590,87092.6
2884,2025-01,Tanker,2172,82577.57
2885,2025-01,Passenger,3131,5230.49
2886,2025-01,Barges,617,1101.82
2887,2025-01,Tug,685,151.76
2888,2025-01,Miscellaneous,773,11948.97
2889,2025-02,Container,1169,69183.06
2890,2025-02,Freighter,398,3159.96
2891,2025-02,Bulk Carrier,1288,68970.29
2892,2025-02,Tanker,1900,68819.54
2893,2025-02,Passenger,2823,4857.48
2894,2025-02,Barges,630,1114.15
2895,2025-02,Tug,700,165.63
2896,2025-02,Miscellaneous,752,10964.52
2897,2025-03,Container,1269,77748.21
2898,2025-03,Freighter,432,3699.46
2899,2025-03,Bulk Carrier,1519,77018.68
2900,2025-03,Tanker,2078,80083.12
2901,2025-03,Passenger,3135,5733.73
2902,2025-03,Barges,672,1233.25
2903,2025-03,Tug,734,168.25
2904,2025-03,Miscellaneous,823,12406.77
2905,2025-04,Container,1254,76166.62
2906,2025-04,Freighter,426,3562.73
2907,2025-04,Bulk Carrier,1608,85994.34
2908,2025-04,Tanker,2056,77025.59
2909,2025-04,Passenger,3025,4232.99
2910,2025-04,Barges,638,1152.42
2911,2025-04,Tug,725,177.63
2912,2025-04,Miscellaneous,826,12539.41
2913,2025-05,Container,1367,84820.66
2914,2025-05,Freighter,463,3783.65
2915,2025-05,Bulk Carrier,1634,85111.45
2916,2025-05,Tanker,2181,81774.61
2917,2025-05,Passenger,3161,4154.62
2918,2025-05,Barges,710,1261.07
2919,2025-05,Tug,786,172.52
2920,2025-05,Miscellaneous,1036,14566.38
2921,2025-06,Container,1294,81359.34
2922,2025-06,Freighter,417,3553.66
2923,2025-06,Bulk Carrier,1509,77923.25
2924,2025-06,Tanker,2158,80341.85
2925,2025-06,Passenger,3095,3481.9
2926,2025-06,Barges,699,1206.16
2927,2025-06,Tug,753,169.04
2928,2025-06,Miscellaneous,916,14801.69
2929,2025-07,Container,1340,82218.31
2930,2025-07,Freighter,457,3537.71
2931,2025-07,Bulk Carrier,1628,91040.49
2932,2025-07,Tanker,2259,85113.18
2933,2025-07,Passenger,3082,2986.41
2934,2025-07,Barges,772,1337.45
2935,2025-07,Tug,831,176.13
2936,2025-07,Miscellaneous,873,15130.99
2937,2025-08,Container,1361,83769.81
2938,2025-08,Freighter,466,3921.84
2939,2025-08,Bulk Carrier,1572,85080.34
2940,2025-08,Tanker,2269,85252.33
2941,2025-08,Passenger,3131,3173.43
2942,2025-08,Barges,743,1308.56
2943,2025-08,Tug,819,178.92
2944,2025-08,Miscellaneous,821,14373.7
2945,2025-09,Container,1285,79456.83
2946,2025-09,Freighter,424,3772.19
2947,2025-09,Bulk Carrier,1600,84798.96
2948,2025-09,Tanker,2143,76644.9
2949,2025-09,Passenger,3020,2958.99
2950,2025-09,Barges,773,1449.03
2951,2025-09,Tug,851,191.94
2952,2025-09,Miscellaneous,896,16001.52
2953,2025-10,Container,1366,84100.08
2954,2025-10,Freighter,442,4520.55
2955,2025-10,Bulk Carrier,1697,88911.94
2956,2025-10,Tanker,2259,81598.19
2957,2025-10,Passenger,3195,3886.65
2958,2025-10,Barges,807,1396.27
2959,2025-10,Tug,889,180.72
2960,2025-10,Miscellaneous,897,16343.6
2961,2025-11,Container,1287,79653.46
2962,2025-11,Freighter,470,4911.37
2963,2025-11,Bulk Carrier,1594,85015.73
2964,2025-11,Tanker,2171,80902.67
2965,2025-11,Passenger,3139,5893.51
2966,2025-11,Barges,777,1364.43
2967,2025-11,Tug,830,168.37
2968,2025-11,Miscellaneous,939,15360.13
2969,2025-12,Container,1324,84452.82
2970,2025-12,Freighter,480,4898.76
2971,2025-12,Bulk Carrier,1618,86289.34
2972,2025-12,Tanker,2248,86429.94
2973,2025-12,Passenger,3499,6560.55
2974,2025-12,Barges,843,1481.41
2975,2025-12,Tug,899,170.3
2976,2025-12,Miscellaneous,981,17740.09
2977,2026-01,Container,1366,87545.85
2978,2026-01,Freighter,485,4869.39
2979,2026-01,Bulk Carrier,1695,92751.46
2980,2026-01,Tanker,2282,83182.72
2981,2026-01,Passenger,3500,6720.48
2982,2026-01,Barges,863,1548.21
2983,2026-01,Tug,927,217.66
2984,2026-01,Miscellaneous,913,16510.47
2985,2026-02,Container,1242,76358.45
2986,2026-02,Freighter,437,4563.98
2987,2026-02,Bulk Carrier,1513,81673.43
2988,2026-02,Tanker,2084,72165.62
2989,2026-02,Passenger,3238,6165.87
2990,2026-02,Barges,766,1372.43
2991,2026-02,Tug,819,159.71
2992,2026-02,Miscellaneous,787,14596.42
2993,2026-03,Container,1372,86647.05
2994,2026-03,Freighter,466,4486.08
2995,2026-03,Bulk Carrier,1462,77653.63
2996,2026-03,Tanker,2302,85291.88
2997,2026-03,Passenger,3413,6947.96
2998,2026-03,Barges,901,1660.69
2999,2026-03,Tug,945,191.72
3000,2026-03,Miscellaneous,730,13037.12
3001,2026-04,Container,1343,82624.87
3002,2026-04,Freighter,482,4382.85
3003,2026-04,Bulk Carrier,1525,81506.15
3004,2026-04,Tanker,2085,73398.28
3005,2026-04,Passenger,2954,5567.48
3006,2026-04,Barges,864,1539.07
3007,2026-04,Tug,917,168.63
3008,2026-04,Miscellaneous,703,11844.36
3009,2026-05,Container,1392,86337.11
3010,2026-05,Freighter,519,5396.21
3011,2026-05,Bulk Carrier,1594,84181.96
3012,2026-05,Tanker,2332,82280.92
3013,2026-05,Passenger,3217,4932.28
3014,2026-05,Barges,867,1571.02
3015,2026-05,Tug,925,199.08
3016,2026-05,Miscellaneous,883,13723.56
