_id,month,bunker_type,bunker_sales
1,1995-01,Marine Diesel Oil,67.9
2,1995-01,Bio-Blended Marine Diesel Oil,0
3,1995-01,Marine Gas Oil,135.4
4,1995-01,Bio-Blended Marine Gas Oil,0
5,1995-01,Low Sulphur Marine Gas Oil,0
6,1995-01,Bio-Blended Low Sulphur Marine Gas Oil,0
7,1995-01,Marine Fuel Oil,1362
8,1995-01,Bio-Blended Marine Fuel Oil,0
9,1995-01,Low Sulphur Fuel Oil,0
10,1995-01,Bio-Blended Low Sulphur Fuel Oil,0
11,1995-01,Ultra Low Sulphur Fuel Oil,0
12,1995-01,Bio-Blended Ultra Low Sulphur Fuel Oil,0
13,1995-01,B100,0
14,1995-01,LNG,0
15,1995-01,Methanol,0
16,1995-01,Ammonia,0
17,1995-02,Marine Diesel Oil,54.6
18,1995-02,Bio-Blended Marine Diesel Oil,0
19,1995-02,Marine Gas Oil,112.6
20,1995-02,Bio-Blended Marine Gas Oil,0
21,1995-02,Low Sulphur Marine Gas Oil,0
22,1995-02,Bio-Blended Low Sulphur Marine Gas Oil,0
23,1995-02,Marine Fuel Oil,1166.5
24,1995-02,Bio-Blended Marine Fuel Oil,0
25,1995-02,Low Sulphur Fuel Oil,0
26,1995-02,Bio-Blended Low Sulphur Fuel Oil,0
27,1995-02,Ultra Low Sulphur Fuel Oil,0
28,1995-02,Bio-Blended Ultra Low Sulphur Fuel Oil,0
29,1995-02,B100,0
30,1995-02,LNG,0
31,1995-02,Methanol,0
32,1995-02,Ammonia,0
33,1995-03,Marine Diesel Oil,60.6
34,1995-03,Bio-Blended Marine Diesel Oil,0
35,1995-03,Marine Gas Oil,115.3
36,1995-03,Bio-Blended Marine Gas Oil,0
37,1995-03,Low Sulphur Marine Gas Oil,0
38,1995-03,Bio-Blended Low Sulphur Marine Gas Oil,0
39,1995-03,Marine Fuel Oil,1335.2
40,1995-03,Bio-Blended Marine Fuel Oil,0
41,1995-03,Low Sulphur Fuel Oil,0
42,1995-03,Bio-Blended Low Sulphur Fuel Oil,0
43,1995-03,Ultra Low Sulphur Fuel Oil,0
44,1995-03,Bio-Blended Ultra Low Sulphur Fuel Oil,0
45,1995-03,B100,0
46,1995-03,LNG,0
47,1995-03,Methanol,0
48,1995-03,Ammonia,0
49,1995-04,Marine Diesel Oil,62.9
50,1995-04,Bio-Blended Marine Diesel Oil,0
51,1995-04,Marine Gas Oil,105.2
52,1995-04,Bio-Blended Marine Gas Oil,0
53,1995-04,Low Sulphur Marine Gas Oil,0
54,1995-04,Bio-Blended Low Sulphur Marine Gas Oil,0
55,1995-04,Marine Fuel Oil,1388.8
56,1995-04,Bio-Blended Marine Fuel Oil,0
57,1995-04,Low Sulphur Fuel Oil,0
58,1995-04,Bio-Blended Low Sulphur Fuel Oil,0
59,1995-04,Ultra Low Sulphur Fuel Oil,0
60,1995-04,Bio-Blended Ultra Low Sulphur Fuel Oil,0
61,1995-04,B100,0
62,1995-04,LNG,0
63,1995-04,Methanol,0
64,1995-04,Ammonia,0
65,1995-05,Marine Diesel Oil,57.7
66,1995-05,Bio-Blended Marine Diesel Oil,0
67,1995-05,Marine Gas Oil,113.1
68,1995-05,Bio-Blended Marine Gas Oil,0
69,1995-05,Low Sulphur Marine Gas Oil,0
70,1995-05,Bio-Blended Low Sulphur Marine Gas Oil,0
71,1995-05,Marine Fuel Oil,1299.3
72,1995-05,Bio-Blended Marine Fuel Oil,0
73,1995-05,Low Sulphur Fuel Oil,0
74,1995-05,Bio-Blended Low Sulphur Fuel Oil,0
75,1995-05,Ultra Low Sulphur Fuel Oil,0
76,1995-05,Bio-Blended Ultra Low Sulphur Fuel Oil,0
77,1995-05,B100,0
78,1995-05,LNG,0
79,1995-05,Methanol,0
80,1995-05,Ammonia,0
81,1995-06,Marine Diesel Oil,55.2
82,1995-06,Bio-Blended Marine Diesel Oil,0
83,1995-06,Marine Gas Oil,101.2
84,1995-06,Bio-Blended Marine Gas Oil,0
85,1995-06,Low Sulphur Marine Gas Oil,0
86,1995-06,Bio-Blended Low Sulphur Marine Gas Oil,0
87,1995-06,Marine Fuel Oil,1298.4
88,1995-06,Bio-Blended Marine Fuel Oil,0
89,1995-06,Low Sulphur Fuel Oil,0
90,1995-06,Bio-Blended Low Sulphur Fuel Oil,0
91,1995-06,Ultra Low Sulphur Fuel Oil,0
92,1995-06,Bio-Blended Ultra Low Sulphur Fuel Oil,0
93,1995-06,B100,0
94,1995-06,LNG,0
95,1995-06,Methanol,0
96,1995-06,Ammonia,0
97,1995-07,Marine Diesel Oil,58.6
98,1995-07,Bio-Blended Marine Diesel Oil,0
99,1995-07,Marine Gas Oil,109.3
100,1995-07,Bio-Blended Marine Gas Oil,0
101,1995-07,Low Sulphur Marine Gas Oil,0
102,1995-07,Bio-Blended Low Sulphur Marine Gas Oil,0
103,1995-07,Marine Fuel Oil,1363
104,1995-07,Bio-Blended Marine Fuel Oil,0
105,1995-07,Low Sulphur Fuel Oil,0
106,1995-07,Bio-Blended Low Sulphur Fuel Oil,0
107,1995-07,Ultra Low Sulphur Fuel Oil,0
108,1995-07,Bio-Blended Ultra Low Sulphur Fuel Oil,0
109,1995-07,B100,0
110,1995-07,LNG,0
111,1995-07,Methanol,0
112,1995-07,Ammonia,0
113,1995-08,Marine Diesel Oil,53.3
114,1995-08,Bio-Blended Marine Diesel Oil,0
115,1995-08,Marine Gas Oil,112.7
116,1995-08,Bio-Blended Marine Gas Oil,0
117,1995-08,Low Sulphur Marine Gas Oil,0
118,1995-08,Bio-Blended Low Sulphur Marine Gas Oil,0
119,1995-08,Marine Fuel Oil,1252.3
120,1995-08,Bio-Blended Marine Fuel Oil,0
121,1995-08,Low Sulphur Fuel Oil,0
122,1995-08,Bio-Blended Low Sulphur Fuel Oil,0
123,1995-08,Ultra Low Sulphur Fuel Oil,0
124,1995-08,Bio-Blended Ultra Low Sulphur Fuel Oil,0
125,1995-08,B100,0
126,1995-08,LNG,0
127,1995-08,Methanol,0
128,1995-08,Ammonia,0
129,1995-09,Marine Diesel Oil,63
130,1995-09,Bio-Blended Marine Diesel Oil,0
131,1995-09,Marine Gas Oil,101.7
132,1995-09,Bio-Blended Marine Gas Oil,0
133,1995-09,Low Sulphur Marine Gas Oil,0
134,1995-09,Bio-Blended Low Sulphur Marine Gas Oil,0
135,1995-09,Marine Fuel Oil,1286.6
136,1995-09,Bio-Blended Marine Fuel Oil,0
137,1995-09,Low Sulphur Fuel Oil,0
138,1995-09,Bio-Blended Low Sulphur Fuel Oil,0
139,1995-09,Ultra Low Sulphur Fuel Oil,0
140,1995-09,Bio-Blended Ultra Low Sulphur Fuel Oil,0
141,1995-09,B100,0
142,1995-09,LNG,0
143,1995-09,Methanol,0
144,1995-09,Ammonia,0
145,1995-10,Marine Diesel Oil,56.6
146,1995-10,Bio-Blended Marine Diesel Oil,0
147,1995-10,Marine Gas Oil,109
148,1995-10,Bio-Blended Marine Gas Oil,0
149,1995-10,Low Sulphur Marine Gas Oil,0
150,1995-10,Bio-Blended Low Sulphur Marine Gas Oil,0
151,1995-10,Marine Fuel Oil,1306.7
152,1995-10,Bio-Blended Marine Fuel Oil,0
153,1995-10,Low Sulphur Fuel Oil,0
154,1995-10,Bio-Blended Low Sulphur Fuel Oil,0
155,1995-10,Ultra Low Sulphur Fuel Oil,0
156,1995-10,Bio-Blended Ultra Low Sulphur Fuel Oil,0
157,1995-10,B100,0
158,1995-10,LNG,0
159,1995-10,Methanol,0
160,1995-10,Ammonia,0
161,1995-11,Marine Diesel Oil,53.7
162,1995-11,Bio-Blended Marine Diesel Oil,0
163,1995-11,Marine Gas Oil,101.8
164,1995-11,Bio-Blended Marine Gas Oil,0
165,1995-11,Low Sulphur Marine Gas Oil,0
166,1995-11,Bio-Blended Low Sulphur Marine Gas Oil,0
167,1995-11,Marine Fuel Oil,1169
168,1995-11,Bio-Blended Marine Fuel Oil,0
169,1995-11,Low Sulphur Fuel Oil,0
170,1995-11,Bio-Blended Low Sulphur Fuel Oil,0
171,1995-11,Ultra Low Sulphur Fuel Oil,0
172,1995-11,Bio-Blended Ultra Low Sulphur Fuel Oil,0
173,1995-11,B100,0
174,1995-11,LNG,0
175,1995-11,Methanol,0
176,1995-11,Ammonia,0
177,1995-12,Marine Diesel Oil,56
178,1995-12,Bio-Blended Marine Diesel Oil,0
179,1995-12,Marine Gas Oil,100
180,1995-12,Bio-Blended Marine Gas Oil,0
181,1995-12,Low Sulphur Marine Gas Oil,0
182,1995-12,Bio-Blended Low Sulphur Marine Gas Oil,0
183,1995-12,Marine Fuel Oil,1244
184,1995-12,Bio-Blended Marine Fuel Oil,0
185,1995-12,Low Sulphur Fuel Oil,0
186,1995-12,Bio-Blended Low Sulphur Fuel Oil,0
187,1995-12,Ultra Low Sulphur Fuel Oil,0
188,1995-12,Bio-Blended Ultra Low Sulphur Fuel Oil,0
189,1995-12,B100,0
190,1995-12,LNG,0
191,1995-12,Methanol,0
192,1995-12,Ammonia,0
193,1996-01,Marine Diesel Oil,56.04
194,1996-01,Bio-Blended Marine Diesel Oil,0
195,1996-01,Marine Gas Oil,98.36
196,1996-01,Bio-Blended Marine Gas Oil,0
197,1996-01,Low Sulphur Marine Gas Oil,0
198,1996-01,Bio-Blended Low Sulphur Marine Gas Oil,0
199,1996-01,Marine Fuel Oil,1280.15
200,1996-01,Bio-Blended Marine Fuel Oil,0
201,1996-01,Low Sulphur Fuel Oil,0
202,1996-01,Bio-Blended Low Sulphur Fuel Oil,0
203,1996-01,Ultra Low Sulphur Fuel Oil,0
204,1996-01,Bio-Blended Ultra Low Sulphur Fuel Oil,0
205,1996-01,B100,0
206,1996-01,LNG,0
207,1996-01,Methanol,0
208,1996-01,Ammonia,0
209,1996-02,Marine Diesel Oil,45.37
210,1996-02,Bio-Blended Marine Diesel Oil,0
211,1996-02,Marine Gas Oil,94.87
212,1996-02,Bio-Blended Marine Gas Oil,0
213,1996-02,Low Sulphur Marine Gas Oil,0
214,1996-02,Bio-Blended Low Sulphur Marine Gas Oil,0
215,1996-02,Marine Fuel Oil,1285.52
216,1996-02,Bio-Blended Marine Fuel Oil,0
217,1996-02,Low Sulphur Fuel Oil,0
218,1996-02,Bio-Blended Low Sulphur Fuel Oil,0
219,1996-02,Ultra Low Sulphur Fuel Oil,0
220,1996-02,Bio-Blended Ultra Low Sulphur Fuel Oil,0
221,1996-02,B100,0
222,1996-02,LNG,0
223,1996-02,Methanol,0
224,1996-02,Ammonia,0
225,1996-03,Marine Diesel Oil,50.7
226,1996-03,Bio-Blended Marine Diesel Oil,0
227,1996-03,Marine Gas Oil,101.53
228,1996-03,Bio-Blended Marine Gas Oil,0
229,1996-03,Low Sulphur Marine Gas Oil,0
230,1996-03,Bio-Blended Low Sulphur Marine Gas Oil,0
231,1996-03,Marine Fuel Oil,1354.27
232,1996-03,Bio-Blended Marine Fuel Oil,0
233,1996-03,Low Sulphur Fuel Oil,0
234,1996-03,Bio-Blended Low Sulphur Fuel Oil,0
235,1996-03,Ultra Low Sulphur Fuel Oil,0
236,1996-03,Bio-Blended Ultra Low Sulphur Fuel Oil,0
237,1996-03,B100,0
238,1996-03,LNG,0
239,1996-03,Methanol,0
240,1996-03,Ammonia,0
241,1996-04,Marine Diesel Oil,47.01
242,1996-04,Bio-Blended Marine Diesel Oil,0
243,1996-04,Marine Gas Oil,92.38
244,1996-04,Bio-Blended Marine Gas Oil,0
245,1996-04,Low Sulphur Marine Gas Oil,0
246,1996-04,Bio-Blended Low Sulphur Marine Gas Oil,0
247,1996-04,Marine Fuel Oil,1294.61
248,1996-04,Bio-Blended Marine Fuel Oil,0
249,1996-04,Low Sulphur Fuel Oil,0
250,1996-04,Bio-Blended Low Sulphur Fuel Oil,0
251,1996-04,Ultra Low Sulphur Fuel Oil,0
252,1996-04,Bio-Blended Ultra Low Sulphur Fuel Oil,0
253,1996-04,B100,0
254,1996-04,LNG,0
255,1996-04,Methanol,0
256,1996-04,Ammonia,0
257,1996-05,Marine Diesel Oil,50.73
258,1996-05,Bio-Blended Marine Diesel Oil,0
259,1996-05,Marine Gas Oil,109.59
260,1996-05,Bio-Blended Marine Gas Oil,0
261,1996-05,Low Sulphur Marine Gas Oil,0
262,1996-05,Bio-Blended Low Sulphur Marine Gas Oil,0
263,1996-05,Marine Fuel Oil,1442.82
264,1996-05,Bio-Blended Marine Fuel Oil,0
265,1996-05,Low Sulphur Fuel Oil,0
266,1996-05,Bio-Blended Low Sulphur Fuel Oil,0
267,1996-05,Ultra Low Sulphur Fuel Oil,0
268,1996-05,Bio-Blended Ultra Low Sulphur Fuel Oil,0
269,1996-05,B100,0
270,1996-05,LNG,0
271,1996-05,Methanol,0
272,1996-05,Ammonia,0
273,1996-06,Marine Diesel Oil,46.66
274,1996-06,Bio-Blended Marine Diesel Oil,0
275,1996-06,Marine Gas Oil,102.75
276,1996-06,Bio-Blended Marine Gas Oil,0
277,1996-06,Low Sulphur Marine Gas Oil,0
278,1996-06,Bio-Blended Low Sulphur Marine Gas Oil,0
279,1996-06,Marine Fuel Oil,1338.99
280,1996-06,Bio-Blended Marine Fuel Oil,0
281,1996-06,Low Sulphur Fuel Oil,0
282,1996-06,Bio-Blended Low Sulphur Fuel Oil,0
283,1996-06,Ultra Low Sulphur Fuel Oil,0
284,1996-06,Bio-Blended Ultra Low Sulphur Fuel Oil,0
285,1996-06,B100,0
286,1996-06,LNG,0
287,1996-06,Methanol,0
288,1996-06,Ammonia,0
289,1996-07,Marine Diesel Oil,42.09
290,1996-07,Bio-Blended Marine Diesel Oil,0
291,1996-07,Marine Gas Oil,114.67
292,1996-07,Bio-Blended Marine Gas Oil,0
293,1996-07,Low Sulphur Marine Gas Oil,0
294,1996-07,Bio-Blended Low Sulphur Marine Gas Oil,0
295,1996-07,Marine Fuel Oil,1236.13
296,1996-07,Bio-Blended Marine Fuel Oil,0
297,1996-07,Low Sulphur Fuel Oil,0
298,1996-07,Bio-Blended Low Sulphur Fuel Oil,0
299,1996-07,Ultra Low Sulphur Fuel Oil,0
300,1996-07,Bio-Blended Ultra Low Sulphur Fuel Oil,0
301,1996-07,B100,0
302,1996-07,LNG,0
303,1996-07,Methanol,0
304,1996-07,Ammonia,0
305,1996-08,Marine Diesel Oil,45.9
306,1996-08,Bio-Blended Marine Diesel Oil,0
307,1996-08,Marine Gas Oil,103.95
308,1996-08,Bio-Blended Marine Gas Oil,0
309,1996-08,Low Sulphur Marine Gas Oil,0
310,1996-08,Bio-Blended Low Sulphur Marine Gas Oil,0
311,1996-08,Marine Fuel Oil,1206.09
312,1996-08,Bio-Blended Marine Fuel Oil,0
313,1996-08,Low Sulphur Fuel Oil,0
314,1996-08,Bio-Blended Low Sulphur Fuel Oil,0
315,1996-08,Ultra Low Sulphur Fuel Oil,0
316,1996-08,Bio-Blended Ultra Low Sulphur Fuel Oil,0
317,1996-08,B100,0
318,1996-08,LNG,0
319,1996-08,Methanol,0
320,1996-08,Ammonia,0
321,1996-09,Marine Diesel Oil,42.46
322,1996-09,Bio-Blended Marine Diesel Oil,0
323,1996-09,Marine Gas Oil,98.73
324,1996-09,Bio-Blended Marine Gas Oil,0
325,1996-09,Low Sulphur Marine Gas Oil,0
326,1996-09,Bio-Blended Low Sulphur Marine Gas Oil,0
327,1996-09,Marine Fuel Oil,1049.51
328,1996-09,Bio-Blended Marine Fuel Oil,0
329,1996-09,Low Sulphur Fuel Oil,0
330,1996-09,Bio-Blended Low Sulphur Fuel Oil,0
331,1996-09,Ultra Low Sulphur Fuel Oil,0
332,1996-09,Bio-Blended Ultra Low Sulphur Fuel Oil,0
333,1996-09,B100,0
334,1996-09,LNG,0
335,1996-09,Methanol,0
336,1996-09,Ammonia,0
337,1996-10,Marine Diesel Oil,38.33
338,1996-10,Bio-Blended Marine Diesel Oil,0
339,1996-10,Marine Gas Oil,100.06
340,1996-10,Bio-Blended Marine Gas Oil,0
341,1996-10,Low Sulphur Marine Gas Oil,0
342,1996-10,Bio-Blended Low Sulphur Marine Gas Oil,0
343,1996-10,Marine Fuel Oil,1215.28
344,1996-10,Bio-Blended Marine Fuel Oil,0
345,1996-10,Low Sulphur Fuel Oil,0
346,1996-10,Bio-Blended Low Sulphur Fuel Oil,0
347,1996-10,Ultra Low Sulphur Fuel Oil,0
348,1996-10,Bio-Blended Ultra Low Sulphur Fuel Oil,0
349,1996-10,B100,0
350,1996-10,LNG,0
351,1996-10,Methanol,0
352,1996-10,Ammonia,0
353,1996-11,Marine Diesel Oil,44.71
354,1996-11,Bio-Blended Marine Diesel Oil,0
355,1996-11,Marine Gas Oil,94.53
356,1996-11,Bio-Blended Marine Gas Oil,0
357,1996-11,Low Sulphur Marine Gas Oil,0
358,1996-11,Bio-Blended Low Sulphur Marine Gas Oil,0
359,1996-11,Marine Fuel Oil,1190.88
360,1996-11,Bio-Blended Marine Fuel Oil,0
361,1996-11,Low Sulphur Fuel Oil,0
362,1996-11,Bio-Blended Low Sulphur Fuel Oil,0
363,1996-11,Ultra Low Sulphur Fuel Oil,0
364,1996-11,Bio-Blended Ultra Low Sulphur Fuel Oil,0
365,1996-11,B100,0
366,1996-11,LNG,0
367,1996-11,Methanol,0
368,1996-11,Ammonia,0
369,1996-12,Marine Diesel Oil,46.92
370,1996-12,Bio-Blended Marine Diesel Oil,0
371,1996-12,Marine Gas Oil,95.28
372,1996-12,Bio-Blended Marine Gas Oil,0
373,1996-12,Low Sulphur Marine Gas Oil,0
374,1996-12,Bio-Blended Low Sulphur Marine Gas Oil,0
375,1996-12,Marine Fuel Oil,1280.64
376,1996-12,Bio-Blended Marine Fuel Oil,0
377,1996-12,Low Sulphur Fuel Oil,0
378,1996-12,Bio-Blended Low Sulphur Fuel Oil,0
379,1996-12,Ultra Low Sulphur Fuel Oil,0
380,1996-12,Bio-Blended Ultra Low Sulphur Fuel Oil,0
381,1996-12,B100,0
382,1996-12,LNG,0
383,1996-12,Methanol,0
384,1996-12,Ammonia,0
385,1997-01,Marine Diesel Oil,41.64
386,1997-01,Bio-Blended Marine Diesel Oil,0
387,1997-01,Marine Gas Oil,105
388,1997-01,Bio-Blended Marine Gas Oil,0
389,1997-01,Low Sulphur Marine Gas Oil,0
390,1997-01,Bio-Blended Low Sulphur Marine Gas Oil,0
391,1997-01,Marine Fuel Oil,1360.17
392,1997-01,Bio-Blended Marine Fuel Oil,0
393,1997-01,Low Sulphur Fuel Oil,0
394,1997-01,Bio-Blended Low Sulphur Fuel Oil,0
395,1997-01,Ultra Low Sulphur Fuel Oil,0
396,1997-01,Bio-Blended Ultra Low Sulphur Fuel Oil,0
397,1997-01,B100,0
398,1997-01,LNG,0
399,1997-01,Methanol,0
400,1997-01,Ammonia,0
401,1997-02,Marine Diesel Oil,37.65
402,1997-02,Bio-Blended Marine Diesel Oil,0
403,1997-02,Marine Gas Oil,91.57
404,1997-02,Bio-Blended Marine Gas Oil,0
405,1997-02,Low Sulphur Marine Gas Oil,0
406,1997-02,Bio-Blended Low Sulphur Marine Gas Oil,0
407,1997-02,Marine Fuel Oil,1247.97
408,1997-02,Bio-Blended Marine Fuel Oil,0
409,1997-02,Low Sulphur Fuel Oil,0
410,1997-02,Bio-Blended Low Sulphur Fuel Oil,0
411,1997-02,Ultra Low Sulphur Fuel Oil,0
412,1997-02,Bio-Blended Ultra Low Sulphur Fuel Oil,0
413,1997-02,B100,0
414,1997-02,LNG,0
415,1997-02,Methanol,0
416,1997-02,Ammonia,0
417,1997-03,Marine Diesel Oil,39.77
418,1997-03,Bio-Blended Marine Diesel Oil,0
419,1997-03,Marine Gas Oil,111.8
420,1997-03,Bio-Blended Marine Gas Oil,0
421,1997-03,Low Sulphur Marine Gas Oil,0
422,1997-03,Bio-Blended Low Sulphur Marine Gas Oil,0
423,1997-03,Marine Fuel Oil,1239.86
424,1997-03,Bio-Blended Marine Fuel Oil,0
425,1997-03,Low Sulphur Fuel Oil,0
426,1997-03,Bio-Blended Low Sulphur Fuel Oil,0
427,1997-03,Ultra Low Sulphur Fuel Oil,0
428,1997-03,Bio-Blended Ultra Low Sulphur Fuel Oil,0
429,1997-03,B100,0
430,1997-03,LNG,0
431,1997-03,Methanol,0
432,1997-03,Ammonia,0
433,1997-04,Marine Diesel Oil,40.25
434,1997-04,Bio-Blended Marine Diesel Oil,0
435,1997-04,Marine Gas Oil,98.12
436,1997-04,Bio-Blended Marine Gas Oil,0
437,1997-04,Low Sulphur Marine Gas Oil,0
438,1997-04,Bio-Blended Low Sulphur Marine Gas Oil,0
439,1997-04,Marine Fuel Oil,1352.14
440,1997-04,Bio-Blended Marine Fuel Oil,0
441,1997-04,Low Sulphur Fuel Oil,0
442,1997-04,Bio-Blended Low Sulphur Fuel Oil,0
443,1997-04,Ultra Low Sulphur Fuel Oil,0
444,1997-04,Bio-Blended Ultra Low Sulphur Fuel Oil,0
445,1997-04,B100,0
446,1997-04,LNG,0
447,1997-04,Methanol,0
448,1997-04,Ammonia,0
449,1997-05,Marine Diesel Oil,40.33
450,1997-05,Bio-Blended Marine Diesel Oil,0
451,1997-05,Marine Gas Oil,103.46
452,1997-05,Bio-Blended Marine Gas Oil,0
453,1997-05,Low Sulphur Marine Gas Oil,0
454,1997-05,Bio-Blended Low Sulphur Marine Gas Oil,0
455,1997-05,Marine Fuel Oil,1288.91
456,1997-05,Bio-Blended Marine Fuel Oil,0
457,1997-05,Low Sulphur Fuel Oil,0
458,1997-05,Bio-Blended Low Sulphur Fuel Oil,0
459,1997-05,Ultra Low Sulphur Fuel Oil,0
460,1997-05,Bio-Blended Ultra Low Sulphur Fuel Oil,0
461,1997-05,B100,0
462,1997-05,LNG,0
463,1997-05,Methanol,0
464,1997-05,Ammonia,0
465,1997-06,Marine Diesel Oil,41.4
466,1997-06,Bio-Blended Marine Diesel Oil,0
467,1997-06,Marine Gas Oil,101.08
468,1997-06,Bio-Blended Marine Gas Oil,0
469,1997-06,Low Sulphur Marine Gas Oil,0
470,1997-06,Bio-Blended Low Sulphur Marine Gas Oil,0
471,1997-06,Marine Fuel Oil,1310.16
472,1997-06,Bio-Blended Marine Fuel Oil,0
473,1997-06,Low Sulphur Fuel Oil,0
474,1997-06,Bio-Blended Low Sulphur Fuel Oil,0
475,1997-06,Ultra Low Sulphur Fuel Oil,0
476,1997-06,Bio-Blended Ultra Low Sulphur Fuel Oil,0
477,1997-06,B100,0
478,1997-06,LNG,0
479,1997-06,Methanol,0
480,1997-06,Ammonia,0
481,1997-07,Marine Diesel Oil,40.72
482,1997-07,Bio-Blended Marine Diesel Oil,0
483,1997-07,Marine Gas Oil,107.68
484,1997-07,Bio-Blended Marine Gas Oil,0
485,1997-07,Low Sulphur Marine Gas Oil,0
486,1997-07,Bio-Blended Low Sulphur Marine Gas Oil,0
487,1997-07,Marine Fuel Oil,1370.65
488,1997-07,Bio-Blended Marine Fuel Oil,0
489,1997-07,Low Sulphur Fuel Oil,0
490,1997-07,Bio-Blended Low Sulphur Fuel Oil,0
491,1997-07,Ultra Low Sulphur Fuel Oil,0
492,1997-07,Bio-Blended Ultra Low Sulphur Fuel Oil,0
493,1997-07,B100,0
494,1997-07,LNG,0
495,1997-07,Methanol,0
496,1997-07,Ammonia,0
497,1997-08,Marine Diesel Oil,39.2
498,1997-08,Bio-Blended Marine Diesel Oil,0
499,1997-08,Marine Gas Oil,107.08
500,1997-08,Bio-Blended Marine Gas Oil,0
501,1997-08,Low Sulphur Marine Gas Oil,0
502,1997-08,Bio-Blended Low Sulphur Marine Gas Oil,0
503,1997-08,Marine Fuel Oil,1225.56
504,1997-08,Bio-Blended Marine Fuel Oil,0
505,1997-08,Low Sulphur Fuel Oil,0
506,1997-08,Bio-Blended Low Sulphur Fuel Oil,0
507,1997-08,Ultra Low Sulphur Fuel Oil,0
508,1997-08,Bio-Blended Ultra Low Sulphur Fuel Oil,0
509,1997-08,B100,0
510,1997-08,LNG,0
511,1997-08,Methanol,0
512,1997-08,Ammonia,0
513,1997-09,Marine Diesel Oil,36.65
514,1997-09,Bio-Blended Marine Diesel Oil,0
515,1997-09,Marine Gas Oil,106.66
516,1997-09,Bio-Blended Marine Gas Oil,0
517,1997-09,Low Sulphur Marine Gas Oil,0
518,1997-09,Bio-Blended Low Sulphur Marine Gas Oil,0
519,1997-09,Marine Fuel Oil,1151.71
520,1997-09,Bio-Blended Marine Fuel Oil,0
521,1997-09,Low Sulphur Fuel Oil,0
522,1997-09,Bio-Blended Low Sulphur Fuel Oil,0
523,1997-09,Ultra Low Sulphur Fuel Oil,0
524,1997-09,Bio-Blended Ultra Low Sulphur Fuel Oil,0
525,1997-09,B100,0
526,1997-09,LNG,0
527,1997-09,Methanol,0
528,1997-09,Ammonia,0
529,1997-10,Marine Diesel Oil,42
530,1997-10,Bio-Blended Marine Diesel Oil,0
531,1997-10,Marine Gas Oil,96.51
532,1997-10,Bio-Blended Marine Gas Oil,0
533,1997-10,Low Sulphur Marine Gas Oil,0
534,1997-10,Bio-Blended Low Sulphur Marine Gas Oil,0
535,1997-10,Marine Fuel Oil,1183.14
536,1997-10,Bio-Blended Marine Fuel Oil,0
537,1997-10,Low Sulphur Fuel Oil,0
538,1997-10,Bio-Blended Low Sulphur Fuel Oil,0
539,1997-10,Ultra Low Sulphur Fuel Oil,0
540,1997-10,Bio-Blended Ultra Low Sulphur Fuel Oil,0
541,1997-10,B100,0
542,1997-10,LNG,0
543,1997-10,Methanol,0
544,1997-10,Ammonia,0
545,1997-11,Marine Diesel Oil,39.02
546,1997-11,Bio-Blended Marine Diesel Oil,0
547,1997-11,Marine Gas Oil,98.84
548,1997-11,Bio-Blended Marine Gas Oil,0
549,1997-11,Low Sulphur Marine Gas Oil,0
550,1997-11,Bio-Blended Low Sulphur Marine Gas Oil,0
551,1997-11,Marine Fuel Oil,1168.15
552,1997-11,Bio-Blended Marine Fuel Oil,0
553,1997-11,Low Sulphur Fuel Oil,0
554,1997-11,Bio-Blended Low Sulphur Fuel Oil,0
555,1997-11,Ultra Low Sulphur Fuel Oil,0
556,1997-11,Bio-Blended Ultra Low Sulphur Fuel Oil,0
557,1997-11,B100,0
558,1997-11,LNG,0
559,1997-11,Methanol,0
560,1997-11,Ammonia,0
561,1997-12,Marine Diesel Oil,41.88
562,1997-12,Bio-Blended Marine Diesel Oil,0
563,1997-12,Marine Gas Oil,103.16
564,1997-12,Bio-Blended Marine Gas Oil,0
565,1997-12,Low Sulphur Marine Gas Oil,0
566,1997-12,Bio-Blended Low Sulphur Marine Gas Oil,0
567,1997-12,Marine Fuel Oil,1330.85
568,1997-12,Bio-Blended Marine Fuel Oil,0
569,1997-12,Low Sulphur Fuel Oil,0
570,1997-12,Bio-Blended Low Sulphur Fuel Oil,0
571,1997-12,Ultra Low Sulphur Fuel Oil,0
572,1997-12,Bio-Blended Ultra Low Sulphur Fuel Oil,0
573,1997-12,B100,0
574,1997-12,LNG,0
575,1997-12,Methanol,0
576,1997-12,Ammonia,0
577,1998-01,Marine Diesel Oil,42.85
578,1998-01,Bio-Blended Marine Diesel Oil,0
579,1998-01,Marine Gas Oil,117.38
580,1998-01,Bio-Blended Marine Gas Oil,0
581,1998-01,Low Sulphur Marine Gas Oil,0
582,1998-01,Bio-Blended Low Sulphur Marine Gas Oil,0
583,1998-01,Marine Fuel Oil,1475.08
584,1998-01,Bio-Blended Marine Fuel Oil,0
585,1998-01,Low Sulphur Fuel Oil,0
586,1998-01,Bio-Blended Low Sulphur Fuel Oil,0
587,1998-01,Ultra Low Sulphur Fuel Oil,0
588,1998-01,Bio-Blended Ultra Low Sulphur Fuel Oil,0
589,1998-01,B100,0
590,1998-01,LNG,0
591,1998-01,Methanol,0
592,1998-01,Ammonia,0
593,1998-02,Marine Diesel Oil,35.91
594,1998-02,Bio-Blended Marine Diesel Oil,0
595,1998-02,Marine Gas Oil,96.61
596,1998-02,Bio-Blended Marine Gas Oil,0
597,1998-02,Low Sulphur Marine Gas Oil,0
598,1998-02,Bio-Blended Low Sulphur Marine Gas Oil,0
599,1998-02,Marine Fuel Oil,1286.07
600,1998-02,Bio-Blended Marine Fuel Oil,0
601,1998-02,Low Sulphur Fuel Oil,0
602,1998-02,Bio-Blended Low Sulphur Fuel Oil,0
603,1998-02,Ultra Low Sulphur Fuel Oil,0
604,1998-02,Bio-Blended Ultra Low Sulphur Fuel Oil,0
605,1998-02,B100,0
606,1998-02,LNG,0
607,1998-02,Methanol,0
608,1998-02,Ammonia,0
609,1998-03,Marine Diesel Oil,37.18
610,1998-03,Bio-Blended Marine Diesel Oil,0
611,1998-03,Marine Gas Oil,108.07
612,1998-03,Bio-Blended Marine Gas Oil,0
613,1998-03,Low Sulphur Marine Gas Oil,0
614,1998-03,Bio-Blended Low Sulphur Marine Gas Oil,0
615,1998-03,Marine Fuel Oil,1366.85
616,1998-03,Bio-Blended Marine Fuel Oil,0
617,1998-03,Low Sulphur Fuel Oil,0
618,1998-03,Bio-Blended Low Sulphur Fuel Oil,0
619,1998-03,Ultra Low Sulphur Fuel Oil,0
620,1998-03,Bio-Blended Ultra Low Sulphur Fuel Oil,0
621,1998-03,B100,0
622,1998-03,LNG,0
623,1998-03,Methanol,0
624,1998-03,Ammonia,0
625,1998-04,Marine Diesel Oil,31.2
626,1998-04,Bio-Blended Marine Diesel Oil,0
627,1998-04,Marine Gas Oil,101.06
628,1998-04,Bio-Blended Marine Gas Oil,0
629,1998-04,Low Sulphur Marine Gas Oil,0
630,1998-04,Bio-Blended Low Sulphur Marine Gas Oil,0
631,1998-04,Marine Fuel Oil,1218.85
632,1998-04,Bio-Blended Marine Fuel Oil,0
633,1998-04,Low Sulphur Fuel Oil,0
634,1998-04,Bio-Blended Low Sulphur Fuel Oil,0
635,1998-04,Ultra Low Sulphur Fuel Oil,0
636,1998-04,Bio-Blended Ultra Low Sulphur Fuel Oil,0
637,1998-04,B100,0
638,1998-04,LNG,0
639,1998-04,Methanol,0
640,1998-04,Ammonia,0
641,1998-05,Marine Diesel Oil,38.9
642,1998-05,Bio-Blended Marine Diesel Oil,0
643,1998-05,Marine Gas Oil,118.27
644,1998-05,Bio-Blended Marine Gas Oil,0
645,1998-05,Low Sulphur Marine Gas Oil,0
646,1998-05,Bio-Blended Low Sulphur Marine Gas Oil,0
647,1998-05,Marine Fuel Oil,1436.36
648,1998-05,Bio-Blended Marine Fuel Oil,0
649,1998-05,Low Sulphur Fuel Oil,0
650,1998-05,Bio-Blended Low Sulphur Fuel Oil,0
651,1998-05,Ultra Low Sulphur Fuel Oil,0
652,1998-05,Bio-Blended Ultra Low Sulphur Fuel Oil,0
653,1998-05,B100,0
654,1998-05,LNG,0
655,1998-05,Methanol,0
656,1998-05,Ammonia,0
657,1998-06,Marine Diesel Oil,30.53
658,1998-06,Bio-Blended Marine Diesel Oil,0
659,1998-06,Marine Gas Oil,96.58
660,1998-06,Bio-Blended Marine Gas Oil,0
661,1998-06,Low Sulphur Marine Gas Oil,0
662,1998-06,Bio-Blended Low Sulphur Marine Gas Oil,0
663,1998-06,Marine Fuel Oil,1296.32
664,1998-06,Bio-Blended Marine Fuel Oil,0
665,1998-06,Low Sulphur Fuel Oil,0
666,1998-06,Bio-Blended Low Sulphur Fuel Oil,0
667,1998-06,Ultra Low Sulphur Fuel Oil,0
668,1998-06,Bio-Blended Ultra Low Sulphur Fuel Oil,0
669,1998-06,B100,0
670,1998-06,LNG,0
671,1998-06,Methanol,0
672,1998-06,Ammonia,0
673,1998-07,Marine Diesel Oil,34.2
674,1998-07,Bio-Blended Marine Diesel Oil,0
675,1998-07,Marine Gas Oil,122.42
676,1998-07,Bio-Blended Marine Gas Oil,0
677,1998-07,Low Sulphur Marine Gas Oil,0
678,1998-07,Bio-Blended Low Sulphur Marine Gas Oil,0
679,1998-07,Marine Fuel Oil,1494.3
680,1998-07,Bio-Blended Marine Fuel Oil,0
681,1998-07,Low Sulphur Fuel Oil,0
682,1998-07,Bio-Blended Low Sulphur Fuel Oil,0
683,1998-07,Ultra Low Sulphur Fuel Oil,0
684,1998-07,Bio-Blended Ultra Low Sulphur Fuel Oil,0
685,1998-07,B100,0
686,1998-07,LNG,0
687,1998-07,Methanol,0
688,1998-07,Ammonia,0
689,1998-08,Marine Diesel Oil,33.84
690,1998-08,Bio-Blended Marine Diesel Oil,0
691,1998-08,Marine Gas Oil,112.66
692,1998-08,Bio-Blended Marine Gas Oil,0
693,1998-08,Low Sulphur Marine Gas Oil,0
694,1998-08,Bio-Blended Low Sulphur Marine Gas Oil,0
695,1998-08,Marine Fuel Oil,1446.33
696,1998-08,Bio-Blended Marine Fuel Oil,0
697,1998-08,Low Sulphur Fuel Oil,0
698,1998-08,Bio-Blended Low Sulphur Fuel Oil,0
699,1998-08,Ultra Low Sulphur Fuel Oil,0
700,1998-08,Bio-Blended Ultra Low Sulphur Fuel Oil,0
701,1998-08,B100,0
702,1998-08,LNG,0
703,1998-08,Methanol,0
704,1998-08,Ammonia,0
705,1998-09,Marine Diesel Oil,33.08
706,1998-09,Bio-Blended Marine Diesel Oil,0
707,1998-09,Marine Gas Oil,113.96
708,1998-09,Bio-Blended Marine Gas Oil,0
709,1998-09,Low Sulphur Marine Gas Oil,0
710,1998-09,Bio-Blended Low Sulphur Marine Gas Oil,0
711,1998-09,Marine Fuel Oil,1286.01
712,1998-09,Bio-Blended Marine Fuel Oil,0
713,1998-09,Low Sulphur Fuel Oil,0
714,1998-09,Bio-Blended Low Sulphur Fuel Oil,0
715,1998-09,Ultra Low Sulphur Fuel Oil,0
716,1998-09,Bio-Blended Ultra Low Sulphur Fuel Oil,0
717,1998-09,B100,0
718,1998-09,LNG,0
719,1998-09,Methanol,0
720,1998-09,Ammonia,0
721,1998-10,Marine Diesel Oil,32.51
722,1998-10,Bio-Blended Marine Diesel Oil,0
723,1998-10,Marine Gas Oil,99
724,1998-10,Bio-Blended Marine Gas Oil,0
725,1998-10,Low Sulphur Marine Gas Oil,0
726,1998-10,Bio-Blended Low Sulphur Marine Gas Oil,0
727,1998-10,Marine Fuel Oil,1233.87
728,1998-10,Bio-Blended Marine Fuel Oil,0
729,1998-10,Low Sulphur Fuel Oil,0
730,1998-10,Bio-Blended Low Sulphur Fuel Oil,0
731,1998-10,Ultra Low Sulphur Fuel Oil,0
732,1998-10,Bio-Blended Ultra Low Sulphur Fuel Oil,0
733,1998-10,B100,0
734,1998-10,LNG,0
735,1998-10,Methanol,0
736,1998-10,Ammonia,0
737,1998-11,Marine Diesel Oil,31.44
738,1998-11,Bio-Blended Marine Diesel Oil,0
739,1998-11,Marine Gas Oil,123.91
740,1998-11,Bio-Blended Marine Gas Oil,0
741,1998-11,Low Sulphur Marine Gas Oil,0
742,1998-11,Bio-Blended Low Sulphur Marine Gas Oil,0
743,1998-11,Marine Fuel Oil,1270.24
744,1998-11,Bio-Blended Marine Fuel Oil,0
745,1998-11,Low Sulphur Fuel Oil,0
746,1998-11,Bio-Blended Low Sulphur Fuel Oil,0
747,1998-11,Ultra Low Sulphur Fuel Oil,0
748,1998-11,Bio-Blended Ultra Low Sulphur Fuel Oil,0
749,1998-11,B100,0
750,1998-11,LNG,0
751,1998-11,Methanol,0
752,1998-11,Ammonia,0
753,1998-12,Marine Diesel Oil,37.94
754,1998-12,Bio-Blended Marine Diesel Oil,0
755,1998-12,Marine Gas Oil,150.56
756,1998-12,Bio-Blended Marine Gas Oil,0
757,1998-12,Low Sulphur Marine Gas Oil,0
758,1998-12,Bio-Blended Low Sulphur Marine Gas Oil,0
759,1998-12,Marine Fuel Oil,1473.52
760,1998-12,Bio-Blended Marine Fuel Oil,0
761,1998-12,Low Sulphur Fuel Oil,0
762,1998-12,Bio-Blended Low Sulphur Fuel Oil,0
763,1998-12,Ultra Low Sulphur Fuel Oil,0
764,1998-12,Bio-Blended Ultra Low Sulphur Fuel Oil,0
765,1998-12,B100,0
766,1998-12,LNG,0
767,1998-12,Methanol,0
768,1998-12,Ammonia,0
769,1999-01,Marine Diesel Oil,34.91
770,1999-01,Bio-Blended Marine Diesel Oil,0
771,1999-01,Marine Gas Oil,125.78
772,1999-01,Bio-Blended Marine Gas Oil,0
773,1999-01,Low Sulphur Marine Gas Oil,0
774,1999-01,Bio-Blended Low Sulphur Marine Gas Oil,0
775,1999-01,Marine Fuel Oil,1436.58
776,1999-01,Bio-Blended Marine Fuel Oil,0
777,1999-01,Low Sulphur Fuel Oil,0
778,1999-01,Bio-Blended Low Sulphur Fuel Oil,0
779,1999-01,Ultra Low Sulphur Fuel Oil,0
780,1999-01,Bio-Blended Ultra Low Sulphur Fuel Oil,0
781,1999-01,B100,0
782,1999-01,LNG,0
783,1999-01,Methanol,0
784,1999-01,Ammonia,0
785,1999-02,Marine Diesel Oil,29.1
786,1999-02,Bio-Blended Marine Diesel Oil,0
787,1999-02,Marine Gas Oil,115.83
788,1999-02,Bio-Blended Marine Gas Oil,0
789,1999-02,Low Sulphur Marine Gas Oil,0
790,1999-02,Bio-Blended Low Sulphur Marine Gas Oil,0
791,1999-02,Marine Fuel Oil,1439.85
792,1999-02,Bio-Blended Marine Fuel Oil,0
793,1999-02,Low Sulphur Fuel Oil,0
794,1999-02,Bio-Blended Low Sulphur Fuel Oil,0
795,1999-02,Ultra Low Sulphur Fuel Oil,0
796,1999-02,Bio-Blended Ultra Low Sulphur Fuel Oil,0
797,1999-02,B100,0
798,1999-02,LNG,0
799,1999-02,Methanol,0
800,1999-02,Ammonia,0
801,1999-03,Marine Diesel Oil,31.84
802,1999-03,Bio-Blended Marine Diesel Oil,0
803,1999-03,Marine Gas Oil,140.83
804,1999-03,Bio-Blended Marine Gas Oil,0
805,1999-03,Low Sulphur Marine Gas Oil,0
806,1999-03,Bio-Blended Low Sulphur Marine Gas Oil,0
807,1999-03,Marine Fuel Oil,1562.89
808,1999-03,Bio-Blended Marine Fuel Oil,0
809,1999-03,Low Sulphur Fuel Oil,0
810,1999-03,Bio-Blended Low Sulphur Fuel Oil,0
811,1999-03,Ultra Low Sulphur Fuel Oil,0
812,1999-03,Bio-Blended Ultra Low Sulphur Fuel Oil,0
813,1999-03,B100,0
814,1999-03,LNG,0
815,1999-03,Methanol,0
816,1999-03,Ammonia,0
817,1999-04,Marine Diesel Oil,34.85
818,1999-04,Bio-Blended Marine Diesel Oil,0
819,1999-04,Marine Gas Oil,118.1
820,1999-04,Bio-Blended Marine Gas Oil,0
821,1999-04,Low Sulphur Marine Gas Oil,0
822,1999-04,Bio-Blended Low Sulphur Marine Gas Oil,0
823,1999-04,Marine Fuel Oil,1494.07
824,1999-04,Bio-Blended Marine Fuel Oil,0
825,1999-04,Low Sulphur Fuel Oil,0
826,1999-04,Bio-Blended Low Sulphur Fuel Oil,0
827,1999-04,Ultra Low Sulphur Fuel Oil,0
828,1999-04,Bio-Blended Ultra Low Sulphur Fuel Oil,0
829,1999-04,B100,0
830,1999-04,LNG,0
831,1999-04,Methanol,0
832,1999-04,Ammonia,0
833,1999-05,Marine Diesel Oil,33.05
834,1999-05,Bio-Blended Marine Diesel Oil,0
835,1999-05,Marine Gas Oil,112.35
836,1999-05,Bio-Blended Marine Gas Oil,0
837,1999-05,Low Sulphur Marine Gas Oil,0
838,1999-05,Bio-Blended Low Sulphur Marine Gas Oil,0
839,1999-05,Marine Fuel Oil,1418.89
840,1999-05,Bio-Blended Marine Fuel Oil,0
841,1999-05,Low Sulphur Fuel Oil,0
842,1999-05,Bio-Blended Low Sulphur Fuel Oil,0
843,1999-05,Ultra Low Sulphur Fuel Oil,0
844,1999-05,Bio-Blended Ultra Low Sulphur Fuel Oil,0
845,1999-05,B100,0
846,1999-05,LNG,0
847,1999-05,Methanol,0
848,1999-05,Ammonia,0
849,1999-06,Marine Diesel Oil,33.6
850,1999-06,Bio-Blended Marine Diesel Oil,0
851,1999-06,Marine Gas Oil,106.88
852,1999-06,Bio-Blended Marine Gas Oil,0
853,1999-06,Low Sulphur Marine Gas Oil,0
854,1999-06,Bio-Blended Low Sulphur Marine Gas Oil,0
855,1999-06,Marine Fuel Oil,1379.52
856,1999-06,Bio-Blended Marine Fuel Oil,0
857,1999-06,Low Sulphur Fuel Oil,0
858,1999-06,Bio-Blended Low Sulphur Fuel Oil,0
859,1999-06,Ultra Low Sulphur Fuel Oil,0
860,1999-06,Bio-Blended Ultra Low Sulphur Fuel Oil,0
861,1999-06,B100,0
862,1999-06,LNG,0
863,1999-06,Methanol,0
864,1999-06,Ammonia,0
865,1999-07,Marine Diesel Oil,33.23
866,1999-07,Bio-Blended Marine Diesel Oil,0
867,1999-07,Marine Gas Oil,109.86
868,1999-07,Bio-Blended Marine Gas Oil,0
869,1999-07,Low Sulphur Marine Gas Oil,0
870,1999-07,Bio-Blended Low Sulphur Marine Gas Oil,0
871,1999-07,Marine Fuel Oil,1486.42
872,1999-07,Bio-Blended Marine Fuel Oil,0
873,1999-07,Low Sulphur Fuel Oil,0
874,1999-07,Bio-Blended Low Sulphur Fuel Oil,0
875,1999-07,Ultra Low Sulphur Fuel Oil,0
876,1999-07,Bio-Blended Ultra Low Sulphur Fuel Oil,0
877,1999-07,B100,0
878,1999-07,LNG,0
879,1999-07,Methanol,0
880,1999-07,Ammonia,0
881,1999-08,Marine Diesel Oil,36.47
882,1999-08,Bio-Blended Marine Diesel Oil,0
883,1999-08,Marine Gas Oil,111.59
884,1999-08,Bio-Blended Marine Gas Oil,0
885,1999-08,Low Sulphur Marine Gas Oil,0
886,1999-08,Bio-Blended Low Sulphur Marine Gas Oil,0
887,1999-08,Marine Fuel Oil,1508.65
888,1999-08,Bio-Blended Marine Fuel Oil,0
889,1999-08,Low Sulphur Fuel Oil,0
890,1999-08,Bio-Blended Low Sulphur Fuel Oil,0
891,1999-08,Ultra Low Sulphur Fuel Oil,0
892,1999-08,Bio-Blended Ultra Low Sulphur Fuel Oil,0
893,1999-08,B100,0
894,1999-08,LNG,0
895,1999-08,Methanol,0
896,1999-08,Ammonia,0
897,1999-09,Marine Diesel Oil,34.32
898,1999-09,Bio-Blended Marine Diesel Oil,0
899,1999-09,Marine Gas Oil,104.51
900,1999-09,Bio-Blended Marine Gas Oil,0
901,1999-09,Low Sulphur Marine Gas Oil,0
902,1999-09,Bio-Blended Low Sulphur Marine Gas Oil,0
903,1999-09,Marine Fuel Oil,1346.08
904,1999-09,Bio-Blended Marine Fuel Oil,0
905,1999-09,Low Sulphur Fuel Oil,0
906,1999-09,Bio-Blended Low Sulphur Fuel Oil,0
907,1999-09,Ultra Low Sulphur Fuel Oil,0
908,1999-09,Bio-Blended Ultra Low Sulphur Fuel Oil,0
909,1999-09,B100,0
910,1999-09,LNG,0
911,1999-09,Methanol,0
912,1999-09,Ammonia,0
913,1999-10,Marine Diesel Oil,35.58
914,1999-10,Bio-Blended Marine Diesel Oil,0
915,1999-10,Marine Gas Oil,100.03
916,1999-10,Bio-Blended Marine Gas Oil,0
917,1999-10,Low Sulphur Marine Gas Oil,0
918,1999-10,Bio-Blended Low Sulphur Marine Gas Oil,0
919,1999-10,Marine Fuel Oil,1439.24
920,1999-10,Bio-Blended Marine Fuel Oil,0
921,1999-10,Low Sulphur Fuel Oil,0
922,1999-10,Bio-Blended Low Sulphur Fuel Oil,0
923,1999-10,Ultra Low Sulphur Fuel Oil,0
924,1999-10,Bio-Blended Ultra Low Sulphur Fuel Oil,0
925,1999-10,B100,0
926,1999-10,LNG,0
927,1999-10,Methanol,0
928,1999-10,Ammonia,0
929,1999-11,Marine Diesel Oil,31.52
930,1999-11,Bio-Blended Marine Diesel Oil,0
931,1999-11,Marine Gas Oil,90.36
932,1999-11,Bio-Blended Marine Gas Oil,0
933,1999-11,Low Sulphur Marine Gas Oil,0
934,1999-11,Bio-Blended Low Sulphur Marine Gas Oil,0
935,1999-11,Marine Fuel Oil,1212.23
936,1999-11,Bio-Blended Marine Fuel Oil,0
937,1999-11,Low Sulphur Fuel Oil,0
938,1999-11,Bio-Blended Low Sulphur Fuel Oil,0
939,1999-11,Ultra Low Sulphur Fuel Oil,0
940,1999-11,Bio-Blended Ultra Low Sulphur Fuel Oil,0
941,1999-11,B100,0
942,1999-11,LNG,0
943,1999-11,Methanol,0
944,1999-11,Ammonia,0
945,1999-12,Marine Diesel Oil,31.75
946,1999-12,Bio-Blended Marine Diesel Oil,0
947,1999-12,Marine Gas Oil,106.19
948,1999-12,Bio-Blended Marine Gas Oil,0
949,1999-12,Low Sulphur Marine Gas Oil,0
950,1999-12,Bio-Blended Low Sulphur Marine Gas Oil,0
951,1999-12,Marine Fuel Oil,1424.27
952,1999-12,Bio-Blended Marine Fuel Oil,0
953,1999-12,Low Sulphur Fuel Oil,0
954,1999-12,Bio-Blended Low Sulphur Fuel Oil,0
955,1999-12,Ultra Low Sulphur Fuel Oil,0
956,1999-12,Bio-Blended Ultra Low Sulphur Fuel Oil,0
957,1999-12,B100,0
958,1999-12,LNG,0
959,1999-12,Methanol,0
960,1999-12,Ammonia,0
961,2000-01,Marine Diesel Oil,27.98
962,2000-01,Bio-Blended Marine Diesel Oil,0
963,2000-01,Marine Gas Oil,105.87
964,2000-01,Bio-Blended Marine Gas Oil,0
965,2000-01,Low Sulphur Marine Gas Oil,0
966,2000-01,Bio-Blended Low Sulphur Marine Gas Oil,0
967,2000-01,Marine Fuel Oil,1469.85
968,2000-01,Bio-Blended Marine Fuel Oil,0
969,2000-01,Low Sulphur Fuel Oil,0
970,2000-01,Bio-Blended Low Sulphur Fuel Oil,0
971,2000-01,Ultra Low Sulphur Fuel Oil,0
972,2000-01,Bio-Blended Ultra Low Sulphur Fuel Oil,0
973,2000-01,B100,0
974,2000-01,LNG,0
975,2000-01,Methanol,0
976,2000-01,Ammonia,0
977,2000-02,Marine Diesel Oil,27.13
978,2000-02,Bio-Blended Marine Diesel Oil,0
979,2000-02,Marine Gas Oil,89.62
980,2000-02,Bio-Blended Marine Gas Oil,0
981,2000-02,Low Sulphur Marine Gas Oil,0
982,2000-02,Bio-Blended Low Sulphur Marine Gas Oil,0
983,2000-02,Marine Fuel Oil,1308.88
984,2000-02,Bio-Blended Marine Fuel Oil,0
985,2000-02,Low Sulphur Fuel Oil,0
986,2000-02,Bio-Blended Low Sulphur Fuel Oil,0
987,2000-02,Ultra Low Sulphur Fuel Oil,0
988,2000-02,Bio-Blended Ultra Low Sulphur Fuel Oil,0
989,2000-02,B100,0
990,2000-02,LNG,0
991,2000-02,Methanol,0
992,2000-02,Ammonia,0
993,2000-03,Marine Diesel Oil,23.85
994,2000-03,Bio-Blended Marine Diesel Oil,0
995,2000-03,Marine Gas Oil,92.76
996,2000-03,Bio-Blended Marine Gas Oil,0
997,2000-03,Low Sulphur Marine Gas Oil,0
998,2000-03,Bio-Blended Low Sulphur Marine Gas Oil,0
999,2000-03,Marine Fuel Oil,1240.01
1000,2000-03,Bio-Blended Marine Fuel Oil,0
1001,2000-03,Low Sulphur Fuel Oil,0
1002,2000-03,Bio-Blended Low Sulphur Fuel Oil,0
1003,2000-03,Ultra Low Sulphur Fuel Oil,0
1004,2000-03,Bio-Blended Ultra Low Sulphur Fuel Oil,0
1005,2000-03,B100,0
1006,2000-03,LNG,0
1007,2000-03,Methanol,0
1008,2000-03,Ammonia,0
1009,2000-04,Marine Diesel Oil,23.48
1010,2000-04,Bio-Blended Marine Diesel Oil,0
1011,2000-04,Marine Gas Oil,101.22
1012,2000-04,Bio-Blended Marine Gas Oil,0
1013,2000-04,Low Sulphur Marine Gas Oil,0
1014,2000-04,Bio-Blended Low Sulphur Marine Gas Oil,0
1015,2000-04,Marine Fuel Oil,1351.75
1016,2000-04,Bio-Blended Marine Fuel Oil,0
1017,2000-04,Low Sulphur Fuel Oil,0
1018,2000-04,Bio-Blended Low Sulphur Fuel Oil,0
1019,2000-04,Ultra Low Sulphur Fuel Oil,0
1020,2000-04,Bio-Blended Ultra Low Sulphur Fuel Oil,0
1021,2000-04,B100,0
1022,2000-04,LNG,0
1023,2000-04,Methanol,0
1024,2000-04,Ammonia,0
1025,2000-05,Marine Diesel Oil,29.08
1026,2000-05,Bio-Blended Marine Diesel Oil,0
1027,2000-05,Marine Gas Oil,100.24
1028,2000-05,Bio-Blended Marine Gas Oil,0
1029,2000-05,Low Sulphur Marine Gas Oil,0
1030,2000-05,Bio-Blended Low Sulphur Marine Gas Oil,0
1031,2000-05,Marine Fuel Oil,1436.58
1032,2000-05,Bio-Blended Marine Fuel Oil,0
1033,2000-05,Low Sulphur Fuel Oil,0
1034,2000-05,Bio-Blended Low Sulphur Fuel Oil,0
1035,2000-05,Ultra Low Sulphur Fuel Oil,0
1036,2000-05,Bio-Blended Ultra Low Sulphur Fuel Oil,0
1037,2000-05,B100,0
1038,2000-05,LNG,0
1039,2000-05,Methanol,0
1040,2000-05,Ammonia,0
1041,2000-06,Marine Diesel Oil,24.23
1042,2000-06,Bio-Blended Marine Diesel Oil,0
1043,2000-06,Marine Gas Oil,105.53
1044,2000-06,Bio-Blended Marine Gas Oil,0
1045,2000-06,Low Sulphur Marine Gas Oil,0
1046,2000-06,Bio-Blended Low Sulphur Marine Gas Oil,0
1047,2000-06,Marine Fuel Oil,1426.03
1048,2000-06,Bio-Blended Marine Fuel Oil,0
1049,2000-06,Low Sulphur Fuel Oil,0
1050,2000-06,Bio-Blended Low Sulphur Fuel Oil,0
1051,2000-06,Ultra Low Sulphur Fuel Oil,0
1052,2000-06,Bio-Blended Ultra Low Sulphur Fuel Oil,0
1053,2000-06,B100,0
1054,2000-06,LNG,0
1055,2000-06,Methanol,0
1056,2000-06,Ammonia,0
1057,2000-07,Marine Diesel Oil,22.44
1058,2000-07,Bio-Blended Marine Diesel Oil,0
1059,2000-07,Marine Gas Oil,104.46
1060,2000-07,Bio-Blended Marine Gas Oil,0
1061,2000-07,Low Sulphur Marine Gas Oil,0
1062,2000-07,Bio-Blended Low Sulphur Marine Gas Oil,0
1063,2000-07,Marine Fuel Oil,1494.54
1064,2000-07,Bio-Blended Marine Fuel Oil,0
1065,2000-07,Low Sulphur Fuel Oil,0
1066,2000-07,Bio-Blended Low Sulphur Fuel Oil,0
1067,2000-07,Ultra Low Sulphur Fuel Oil,0
1068,2000-07,Bio-Blended Ultra Low Sulphur Fuel Oil,0
1069,2000-07,B100,0
1070,2000-07,LNG,0
1071,2000-07,Methanol,0
1072,2000-07,Ammonia,0
1073,2000-08,Marine Diesel Oil,24.36
1074,2000-08,Bio-Blended Marine Diesel Oil,0
1075,2000-08,Marine Gas Oil,108.17
1076,2000-08,Bio-Blended Marine Gas Oil,0
1077,2000-08,Low Sulphur Marine Gas Oil,0
1078,2000-08,Bio-Blended Low Sulphur Marine Gas Oil,0
1079,2000-08,Marine Fuel Oil,1599.75
1080,2000-08,Bio-Blended Marine Fuel Oil,0
1081,2000-08,Low Sulphur Fuel Oil,0
1082,2000-08,Bio-Blended Low Sulphur Fuel Oil,0
1083,2000-08,Ultra Low Sulphur Fuel Oil,0
1084,2000-08,Bio-Blended Ultra Low Sulphur Fuel Oil,0
1085,2000-08,B100,0
1086,2000-08,LNG,0
1087,2000-08,Methanol,0
1088,2000-08,Ammonia,0
1089,2000-09,Marine Diesel Oil,17.1
1090,2000-09,Bio-Blended Marine Diesel Oil,0
1091,2000-09,Marine Gas Oil,108.22
1092,2000-09,Bio-Blended Marine Gas Oil,0
1093,2000-09,Low Sulphur Marine Gas Oil,0
1094,2000-09,Bio-Blended Low Sulphur Marine Gas Oil,0
1095,2000-09,Marine Fuel Oil,1410.67
1096,2000-09,Bio-Blended Marine Fuel Oil,0
1097,2000-09,Low Sulphur Fuel Oil,0
1098,2000-09,Bio-Blended Low Sulphur Fuel Oil,0
1099,2000-09,Ultra Low Sulphur Fuel Oil,0
1100,2000-09,Bio-Blended Ultra Low Sulphur Fuel Oil,0
1101,2000-09,B100,0
1102,2000-09,LNG,0
1103,2000-09,Methanol,0
1104,2000-09,Ammonia,0
1105,2000-10,Marine Diesel Oil,34.03
1106,2000-10,Bio-Blended Marine Diesel Oil,0
1107,2000-10,Marine Gas Oil,102.24
1108,2000-10,Bio-Blended Marine Gas Oil,0
1109,2000-10,Low Sulphur Marine Gas Oil,0
1110,2000-10,Bio-Blended Low Sulphur Marine Gas Oil,0
1111,2000-10,Marine Fuel Oil,1436.21
1112,2000-10,Bio-Blended Marine Fuel Oil,0
1113,2000-10,Low Sulphur Fuel Oil,0
1114,2000-10,Bio-Blended Low Sulphur Fuel Oil,0
1115,2000-10,Ultra Low Sulphur Fuel Oil,0
1116,2000-10,Bio-Blended Ultra Low Sulphur Fuel Oil,0
1117,2000-10,B100,0
1118,2000-10,LNG,0
1119,2000-10,Methanol,0
1120,2000-10,Ammonia,0
1121,2000-11,Marine Diesel Oil,21.13
1122,2000-11,Bio-Blended Marine Diesel Oil,0
1123,2000-11,Marine Gas Oil,109.89
1124,2000-11,Bio-Blended Marine Gas Oil,0
1125,2000-11,Low Sulphur Marine Gas Oil,0
1126,2000-11,Bio-Blended Low Sulphur Marine Gas Oil,0
1127,2000-11,Marine Fuel Oil,1326.28
1128,2000-11,Bio-Blended Marine Fuel Oil,0
1129,2000-11,Low Sulphur Fuel Oil,0
1130,2000-11,Bio-Blended Low Sulphur Fuel Oil,0
1131,2000-11,Ultra Low Sulphur Fuel Oil,0
1132,2000-11,Bio-Blended Ultra Low Sulphur Fuel Oil,0
1133,2000-11,B100,0
1134,2000-11,LNG,0
1135,2000-11,Methanol,0
1136,2000-11,Ammonia,0
1137,2000-12,Marine Diesel Oil,21.85
1138,2000-12,Bio-Blended Marine Diesel Oil,0
1139,2000-12,Marine Gas Oil,129.54
1140,2000-12,Bio-Blended Marine Gas Oil,0
1141,2000-12,Low Sulphur Marine Gas Oil,0
1142,2000-12,Bio-Blended Low Sulphur Marine Gas Oil,0
1143,2000-12,Marine Fuel Oil,1595.82
1144,2000-12,Bio-Blended Marine Fuel Oil,0
1145,2000-12,Low Sulphur Fuel Oil,0
1146,2000-12,Bio-Blended Low Sulphur Fuel Oil,0
1147,2000-12,Ultra Low Sulphur Fuel Oil,0
1148,2000-12,Bio-Blended Ultra Low Sulphur Fuel Oil,0
1149,2000-12,B100,0
1150,2000-12,LNG,0
1151,2000-12,Methanol,0
1152,2000-12,Ammonia,0
1153,2001-01,Marine Diesel Oil,26.66
1154,2001-01,Bio-Blended Marine Diesel Oil,0
1155,2001-01,Marine Gas Oil,125.18
1156,2001-01,Bio-Blended Marine Gas Oil,0
1157,2001-01,Low Sulphur Marine Gas Oil,0
1158,2001-01,Bio-Blended Low Sulphur Marine Gas Oil,0
1159,2001-01,Marine Fuel Oil,1566.06
1160,2001-01,Bio-Blended Marine Fuel Oil,0
1161,2001-01,Low Sulphur Fuel Oil,0
1162,2001-01,Bio-Blended Low Sulphur Fuel Oil,0
1163,2001-01,Ultra Low Sulphur Fuel Oil,0
1164,2001-01,Bio-Blended Ultra Low Sulphur Fuel Oil,0
1165,2001-01,B100,0
1166,2001-01,LNG,0
1167,2001-01,Methanol,0
1168,2001-01,Ammonia,0
1169,2001-02,Marine Diesel Oil,24.19
1170,2001-02,Bio-Blended Marine Diesel Oil,0
1171,2001-02,Marine Gas Oil,118.27
1172,2001-02,Bio-Blended Marine Gas Oil,0
1173,2001-02,Low Sulphur Marine Gas Oil,0
1174,2001-02,Bio-Blended Low Sulphur Marine Gas Oil,0
1175,2001-02,Marine Fuel Oil,1391.01
1176,2001-02,Bio-Blended Marine Fuel Oil,0
1177,2001-02,Low Sulphur Fuel Oil,0
1178,2001-02,Bio-Blended Low Sulphur Fuel Oil,0
1179,2001-02,Ultra Low Sulphur Fuel Oil,0
1180,2001-02,Bio-Blended Ultra Low Sulphur Fuel Oil,0
1181,2001-02,B100,0
1182,2001-02,LNG,0
1183,2001-02,Methanol,0
1184,2001-02,Ammonia,0
1185,2001-03,Marine Diesel Oil,20.93
1186,2001-03,Bio-Blended Marine Diesel Oil,0
1187,2001-03,Marine Gas Oil,123.58
1188,2001-03,Bio-Blended Marine Gas Oil,0
1189,2001-03,Low Sulphur Marine Gas Oil,0
1190,2001-03,Bio-Blended Low Sulphur Marine Gas Oil,0
1191,2001-03,Marine Fuel Oil,1484.34
1192,2001-03,Bio-Blended Marine Fuel Oil,0
1193,2001-03,Low Sulphur Fuel Oil,0
1194,2001-03,Bio-Blended Low Sulphur Fuel Oil,0
1195,2001-03,Ultra Low Sulphur Fuel Oil,0
1196,2001-03,Bio-Blended Ultra Low Sulphur Fuel Oil,0
1197,2001-03,B100,0
1198,2001-03,LNG,0
1199,2001-03,Methanol,0
1200,2001-03,Ammonia,0
1201,2001-04,Marine Diesel Oil,20.31
1202,2001-04,Bio-Blended Marine Diesel Oil,0
1203,2001-04,Marine Gas Oil,118.86
1204,2001-04,Bio-Blended Marine Gas Oil,0
1205,2001-04,Low Sulphur Marine Gas Oil,0
1206,2001-04,Bio-Blended Low Sulphur Marine Gas Oil,0
1207,2001-04,Marine Fuel Oil,1575.36
1208,2001-04,Bio-Blended Marine Fuel Oil,0
1209,2001-04,Low Sulphur Fuel Oil,0
1210,2001-04,Bio-Blended Low Sulphur Fuel Oil,0
1211,2001-04,Ultra Low Sulphur Fuel Oil,0
1212,2001-04,Bio-Blended Ultra Low Sulphur Fuel Oil,0
1213,2001-04,B100,0
1214,2001-04,LNG,0
1215,2001-04,Methanol,0
1216,2001-04,Ammonia,0
1217,2001-05,Marine Diesel Oil,19.91
1218,2001-05,Bio-Blended Marine Diesel Oil,0
1219,2001-05,Marine Gas Oil,118.44
1220,2001-05,Bio-Blended Marine Gas Oil,0
1221,2001-05,Low Sulphur Marine Gas Oil,0
1222,2001-05,Bio-Blended Low Sulphur Marine Gas Oil,0
1223,2001-05,Marine Fuel Oil,1431.52
1224,2001-05,Bio-Blended Marine Fuel Oil,0
1225,2001-05,Low Sulphur Fuel Oil,0
1226,2001-05,Bio-Blended Low Sulphur Fuel Oil,0
1227,2001-05,Ultra Low Sulphur Fuel Oil,0
1228,2001-05,Bio-Blended Ultra Low Sulphur Fuel Oil,0
1229,2001-05,B100,0
1230,2001-05,LNG,0
1231,2001-05,Methanol,0
1232,2001-05,Ammonia,0
1233,2001-06,Marine Diesel Oil,17.13
1234,2001-06,Bio-Blended Marine Diesel Oil,0
1235,2001-06,Marine Gas Oil,120.48
1236,2001-06,Bio-Blended Marine Gas Oil,0
1237,2001-06,Low Sulphur Marine Gas Oil,0
1238,2001-06,Bio-Blended Low Sulphur Marine Gas Oil,0
1239,2001-06,Marine Fuel Oil,1493.85
1240,2001-06,Bio-Blended Marine Fuel Oil,0
1241,2001-06,Low Sulphur Fuel Oil,0
1242,2001-06,Bio-Blended Low Sulphur Fuel Oil,0
1243,2001-06,Ultra Low Sulphur Fuel Oil,0
1244,2001-06,Bio-Blended Ultra Low Sulphur Fuel Oil,0
1245,2001-06,B100,0
1246,2001-06,LNG,0
1247,2001-06,Methanol,0
1248,2001-06,Ammonia,0
1249,2001-07,Marine Diesel Oil,19.39
1250,2001-07,Bio-Blended Marine Diesel Oil,0
1251,2001-07,Marine Gas Oil,161.92
1252,2001-07,Bio-Blended Marine Gas Oil,0
1253,2001-07,Low Sulphur Marine Gas Oil,0
1254,2001-07,Bio-Blended Low Sulphur Marine Gas Oil,0
1255,2001-07,Marine Fuel Oil,1602.34
1256,2001-07,Bio-Blended Marine Fuel Oil,0
1257,2001-07,Low Sulphur Fuel Oil,0
1258,2001-07,Bio-Blended Low Sulphur Fuel Oil,0
1259,2001-07,Ultra Low Sulphur Fuel Oil,0
1260,2001-07,Bio-Blended Ultra Low Sulphur Fuel Oil,0
1261,2001-07,B100,0
1262,2001-07,LNG,0
1263,2001-07,Methanol,0
1264,2001-07,Ammonia,0
1265,2001-08,Marine Diesel Oil,23.99
1266,2001-08,Bio-Blended Marine Diesel Oil,0
1267,2001-08,Marine Gas Oil,136.2
1268,2001-08,Bio-Blended Marine Gas Oil,0
1269,2001-08,Low Sulphur Marine Gas Oil,0
1270,2001-08,Bio-Blended Low Sulphur Marine Gas Oil,0
1271,2001-08,Marine Fuel Oil,1577.17
1272,2001-08,Bio-Blended Marine Fuel Oil,0
1273,2001-08,Low Sulphur Fuel Oil,0
1274,2001-08,Bio-Blended Low Sulphur Fuel Oil,0
1275,2001-08,Ultra Low Sulphur Fuel Oil,0
1276,2001-08,Bio-Blended Ultra Low Sulphur Fuel Oil,0
1277,2001-08,B100,0
1278,2001-08,LNG,0
1279,2001-08,Methanol,0
1280,2001-08,Ammonia,0
1281,2001-09,Marine Diesel Oil,20.46
1282,2001-09,Bio-Blended Marine Diesel Oil,0
1283,2001-09,Marine Gas Oil,130.43
1284,2001-09,Bio-Blended Marine Gas Oil,0
1285,2001-09,Low Sulphur Marine Gas Oil,0
1286,2001-09,Bio-Blended Low Sulphur Marine Gas Oil,0
1287,2001-09,Marine Fuel Oil,1577.2
1288,2001-09,Bio-Blended Marine Fuel Oil,0
1289,2001-09,Low Sulphur Fuel Oil,0
1290,2001-09,Bio-Blended Low Sulphur Fuel Oil,0
1291,2001-09,Ultra Low Sulphur Fuel Oil,0
1292,2001-09,Bio-Blended Ultra Low Sulphur Fuel Oil,0
1293,2001-09,B100,0
1294,2001-09,LNG,0
1295,2001-09,Methanol,0
1296,2001-09,Ammonia,0
1297,2001-10,Marine Diesel Oil,19.3
1298,2001-10,Bio-Blended Marine Diesel Oil,0
1299,2001-10,Marine Gas Oil,158.09
1300,2001-10,Bio-Blended Marine Gas Oil,0
1301,2001-10,Low Sulphur Marine Gas Oil,0
1302,2001-10,Bio-Blended Low Sulphur Marine Gas Oil,0
1303,2001-10,Marine Fuel Oil,1700.34
1304,2001-10,Bio-Blended Marine Fuel Oil,0
1305,2001-10,Low Sulphur Fuel Oil,0
1306,2001-10,Bio-Blended Low Sulphur Fuel Oil,0
1307,2001-10,Ultra Low Sulphur Fuel Oil,0
1308,2001-10,Bio-Blended Ultra Low Sulphur Fuel Oil,0
1309,2001-10,B100,0
1310,2001-10,LNG,0
1311,2001-10,Methanol,0
1312,2001-10,Ammonia,0
1313,2001-11,Marine Diesel Oil,18.39
1314,2001-11,Bio-Blended Marine Diesel Oil,0
1315,2001-11,Marine Gas Oil,157.77
1316,2001-11,Bio-Blended Marine Gas Oil,0
1317,2001-11,Low Sulphur Marine Gas Oil,0
1318,2001-11,Bio-Blended Low Sulphur Marine Gas Oil,0
1319,2001-11,Marine Fuel Oil,1530.78
1320,2001-11,Bio-Blended Marine Fuel Oil,0
1321,2001-11,Low Sulphur Fuel Oil,0
1322,2001-11,Bio-Blended Low Sulphur Fuel Oil,0
1323,2001-11,Ultra Low Sulphur Fuel Oil,0
1324,2001-11,Bio-Blended Ultra Low Sulphur Fuel Oil,0
1325,2001-11,B100,0
1326,2001-11,LNG,0
1327,2001-11,Methanol,0
1328,2001-11,Ammonia,0
1329,2001-12,Marine Diesel Oil,19.16
1330,2001-12,Bio-Blended Marine Diesel Oil,0
1331,2001-12,Marine Gas Oil,206.14
1332,2001-12,Bio-Blended Marine Gas Oil,0
1333,2001-12,Low Sulphur Marine Gas Oil,0
1334,2001-12,Bio-Blended Low Sulphur Marine Gas Oil,0
1335,2001-12,Marine Fuel Oil,1496.56
1336,2001-12,Bio-Blended Marine Fuel Oil,0
1337,2001-12,Low Sulphur Fuel Oil,0
1338,2001-12,Bio-Blended Low Sulphur Fuel Oil,0
1339,2001-12,Ultra Low Sulphur Fuel Oil,0
1340,2001-12,Bio-Blended Ultra Low Sulphur Fuel Oil,0
1341,2001-12,B100,0
1342,2001-12,LNG,0
1343,2001-12,Methanol,0
1344,2001-12,Ammonia,0
1345,2002-01,Marine Diesel Oil,20.03
1346,2002-01,Bio-Blended Marine Diesel Oil,0
1347,2002-01,Marine Gas Oil,163.68
1348,2002-01,Bio-Blended Marine Gas Oil,0
1349,2002-01,Low Sulphur Marine Gas Oil,0
1350,2002-01,Bio-Blended Low Sulphur Marine Gas Oil,0
1351,2002-01,Marine Fuel Oil,1427.84
1352,2002-01,Bio-Blended Marine Fuel Oil,0
1353,2002-01,Low Sulphur Fuel Oil,0
1354,2002-01,Bio-Blended Low Sulphur Fuel Oil,0
1355,2002-01,Ultra Low Sulphur Fuel Oil,0
1356,2002-01,Bio-Blended Ultra Low Sulphur Fuel Oil,0
1357,2002-01,B100,0
1358,2002-01,LNG,0
1359,2002-01,Methanol,0
1360,2002-01,Ammonia,0
1361,2002-02,Marine Diesel Oil,14.52
1362,2002-02,Bio-Blended Marine Diesel Oil,0
1363,2002-02,Marine Gas Oil,147.54
1364,2002-02,Bio-Blended Marine Gas Oil,0
1365,2002-02,Low Sulphur Marine Gas Oil,0
1366,2002-02,Bio-Blended Low Sulphur Marine Gas Oil,0
1367,2002-02,Marine Fuel Oil,1432.2
1368,2002-02,Bio-Blended Marine Fuel Oil,0
1369,2002-02,Low Sulphur Fuel Oil,0
1370,2002-02,Bio-Blended Low Sulphur Fuel Oil,0
1371,2002-02,Ultra Low Sulphur Fuel Oil,0
1372,2002-02,Bio-Blended Ultra Low Sulphur Fuel Oil,0
1373,2002-02,B100,0
1374,2002-02,LNG,0
1375,2002-02,Methanol,0
1376,2002-02,Ammonia,0
1377,2002-03,Marine Diesel Oil,17.87
1378,2002-03,Bio-Blended Marine Diesel Oil,0
1379,2002-03,Marine Gas Oil,172.13
1380,2002-03,Bio-Blended Marine Gas Oil,0
1381,2002-03,Low Sulphur Marine Gas Oil,0
1382,2002-03,Bio-Blended Low Sulphur Marine Gas Oil,0
1383,2002-03,Marine Fuel Oil,1491.41
1384,2002-03,Bio-Blended Marine Fuel Oil,0
1385,2002-03,Low Sulphur Fuel Oil,0
1386,2002-03,Bio-Blended Low Sulphur Fuel Oil,0
1387,2002-03,Ultra Low Sulphur Fuel Oil,0
1388,2002-03,Bio-Blended Ultra Low Sulphur Fuel Oil,0
1389,2002-03,B100,0
1390,2002-03,LNG,0
1391,2002-03,Methanol,0
1392,2002-03,Ammonia,0
1393,2002-04,Marine Diesel Oil,16.43
1394,2002-04,Bio-Blended Marine Diesel Oil,0
1395,2002-04,Marine Gas Oil,147.98
1396,2002-04,Bio-Blended Marine Gas Oil,0
1397,2002-04,Low Sulphur Marine Gas Oil,0
1398,2002-04,Bio-Blended Low Sulphur Marine Gas Oil,0
1399,2002-04,Marine Fuel Oil,1517.31
1400,2002-04,Bio-Blended Marine Fuel Oil,0
1401,2002-04,Low Sulphur Fuel Oil,0
1402,2002-04,Bio-Blended Low Sulphur Fuel Oil,0
1403,2002-04,Ultra Low Sulphur Fuel Oil,0
1404,2002-04,Bio-Blended Ultra Low Sulphur Fuel Oil,0
1405,2002-04,B100,0
1406,2002-04,LNG,0
1407,2002-04,Methanol,0
1408,2002-04,Ammonia,0
1409,2002-05,Marine Diesel Oil,18.94
1410,2002-05,Bio-Blended Marine Diesel Oil,0
1411,2002-05,Marine Gas Oil,139.57
1412,2002-05,Bio-Blended Marine Gas Oil,0
1413,2002-05,Low Sulphur Marine Gas Oil,0
1414,2002-05,Bio-Blended Low Sulphur Marine Gas Oil,0
1415,2002-05,Marine Fuel Oil,1531.73
1416,2002-05,Bio-Blended Marine Fuel Oil,0
1417,2002-05,Low Sulphur Fuel Oil,0
1418,2002-05,Bio-Blended Low Sulphur Fuel Oil,0
1419,2002-05,Ultra Low Sulphur Fuel Oil,0
1420,2002-05,Bio-Blended Ultra Low Sulphur Fuel Oil,0
1421,2002-05,B100,0
1422,2002-05,LNG,0
1423,2002-05,Methanol,0
1424,2002-05,Ammonia,0
1425,2002-06,Marine Diesel Oil,14.38
1426,2002-06,Bio-Blended Marine Diesel Oil,0
1427,2002-06,Marine Gas Oil,139.1
1428,2002-06,Bio-Blended Marine Gas Oil,0
1429,2002-06,Low Sulphur Marine Gas Oil,0
1430,2002-06,Bio-Blended Low Sulphur Marine Gas Oil,0
1431,2002-06,Marine Fuel Oil,1500.69
1432,2002-06,Bio-Blended Marine Fuel Oil,0
1433,2002-06,Low Sulphur Fuel Oil,0
1434,2002-06,Bio-Blended Low Sulphur Fuel Oil,0
1435,2002-06,Ultra Low Sulphur Fuel Oil,0
1436,2002-06,Bio-Blended Ultra Low Sulphur Fuel Oil,0
1437,2002-06,B100,0
1438,2002-06,LNG,0
1439,2002-06,Methanol,0
1440,2002-06,Ammonia,0
1441,2002-07,Marine Diesel Oil,16.84
1442,2002-07,Bio-Blended Marine Diesel Oil,0
1443,2002-07,Marine Gas Oil,169.24
1444,2002-07,Bio-Blended Marine Gas Oil,0
1445,2002-07,Low Sulphur Marine Gas Oil,0
1446,2002-07,Bio-Blended Low Sulphur Marine Gas Oil,0
1447,2002-07,Marine Fuel Oil,1455.5
1448,2002-07,Bio-Blended Marine Fuel Oil,0
1449,2002-07,Low Sulphur Fuel Oil,0
1450,2002-07,Bio-Blended Low Sulphur Fuel Oil,0
1451,2002-07,Ultra Low Sulphur Fuel Oil,0
1452,2002-07,Bio-Blended Ultra Low Sulphur Fuel Oil,0
1453,2002-07,B100,0
1454,2002-07,LNG,0
1455,2002-07,Methanol,0
1456,2002-07,Ammonia,0
1457,2002-08,Marine Diesel Oil,14.17
1458,2002-08,Bio-Blended Marine Diesel Oil,0
1459,2002-08,Marine Gas Oil,142.61
1460,2002-08,Bio-Blended Marine Gas Oil,0
1461,2002-08,Low Sulphur Marine Gas Oil,0
1462,2002-08,Bio-Blended Low Sulphur Marine Gas Oil,0
1463,2002-08,Marine Fuel Oil,1507.41
1464,2002-08,Bio-Blended Marine Fuel Oil,0
1465,2002-08,Low Sulphur Fuel Oil,0
1466,2002-08,Bio-Blended Low Sulphur Fuel Oil,0
1467,2002-08,Ultra Low Sulphur Fuel Oil,0
1468,2002-08,Bio-Blended Ultra Low Sulphur Fuel Oil,0
1469,2002-08,B100,0
1470,2002-08,LNG,0
1471,2002-08,Methanol,0
1472,2002-08,Ammonia,0
1473,2002-09,Marine Diesel Oil,14.78
1474,2002-09,Bio-Blended Marine Diesel Oil,0
1475,2002-09,Marine Gas Oil,144.08
1476,2002-09,Bio-Blended Marine Gas Oil,0
1477,2002-09,Low Sulphur Marine Gas Oil,0
1478,2002-09,Bio-Blended Low Sulphur Marine Gas Oil,0
1479,2002-09,Marine Fuel Oil,1450.66
1480,2002-09,Bio-Blended Marine Fuel Oil,0
1481,2002-09,Low Sulphur Fuel Oil,0
1482,2002-09,Bio-Blended Low Sulphur Fuel Oil,0
1483,2002-09,Ultra Low Sulphur Fuel Oil,0
1484,2002-09,Bio-Blended Ultra Low Sulphur Fuel Oil,0
1485,2002-09,B100,0
1486,2002-09,LNG,0
1487,2002-09,Methanol,0
1488,2002-09,Ammonia,0
1489,2002-10,Marine Diesel Oil,13.87
1490,2002-10,Bio-Blended Marine Diesel Oil,0
1491,2002-10,Marine Gas Oil,133.83
1492,2002-10,Bio-Blended Marine Gas Oil,0
1493,2002-10,Low Sulphur Marine Gas Oil,0
1494,2002-10,Bio-Blended Low Sulphur Marine Gas Oil,0
1495,2002-10,Marine Fuel Oil,1554.17
1496,2002-10,Bio-Blended Marine Fuel Oil,0
1497,2002-10,Low Sulphur Fuel Oil,0
1498,2002-10,Bio-Blended Low Sulphur Fuel Oil,0
1499,2002-10,Ultra Low Sulphur Fuel Oil,0
1500,2002-10,Bio-Blended Ultra Low Sulphur Fuel Oil,0
1501,2002-10,B100,0
1502,2002-10,LNG,0
1503,2002-10,Methanol,0
1504,2002-10,Ammonia,0
1505,2002-11,Marine Diesel Oil,13.27
1506,2002-11,Bio-Blended Marine Diesel Oil,0
1507,2002-11,Marine Gas Oil,120.47
1508,2002-11,Bio-Blended Marine Gas Oil,0
1509,2002-11,Low Sulphur Marine Gas Oil,0
1510,2002-11,Bio-Blended Low Sulphur Marine Gas Oil,0
1511,2002-11,Marine Fuel Oil,1683.89
1512,2002-11,Bio-Blended Marine Fuel Oil,0
1513,2002-11,Low Sulphur Fuel Oil,0
1514,2002-11,Bio-Blended Low Sulphur Fuel Oil,0
1515,2002-11,Ultra Low Sulphur Fuel Oil,0
1516,2002-11,Bio-Blended Ultra Low Sulphur Fuel Oil,0
1517,2002-11,B100,0
1518,2002-11,LNG,0
1519,2002-11,Methanol,0
1520,2002-11,Ammonia,0
1521,2002-12,Marine Diesel Oil,11.96
1522,2002-12,Bio-Blended Marine Diesel Oil,0
1523,2002-12,Marine Gas Oil,132.63
1524,2002-12,Bio-Blended Marine Gas Oil,0
1525,2002-12,Low Sulphur Marine Gas Oil,0
1526,2002-12,Bio-Blended Low Sulphur Marine Gas Oil,0
1527,2002-12,Marine Fuel Oil,1603.64
1528,2002-12,Bio-Blended Marine Fuel Oil,0
1529,2002-12,Low Sulphur Fuel Oil,0
1530,2002-12,Bio-Blended Low Sulphur Fuel Oil,0
1531,2002-12,Ultra Low Sulphur Fuel Oil,0
1532,2002-12,Bio-Blended Ultra Low Sulphur Fuel Oil,0
1533,2002-12,B100,0
1534,2002-12,LNG,0
1535,2002-12,Methanol,0
1536,2002-12,Ammonia,0
1537,2003-01,Marine Diesel Oil,21.95
1538,2003-01,Bio-Blended Marine Diesel Oil,0
1539,2003-01,Marine Gas Oil,116.07
1540,2003-01,Bio-Blended Marine Gas Oil,0
1541,2003-01,Low Sulphur Marine Gas Oil,0
1542,2003-01,Bio-Blended Low Sulphur Marine Gas Oil,0
1543,2003-01,Marine Fuel Oil,1662.12
1544,2003-01,Bio-Blended Marine Fuel Oil,0
1545,2003-01,Low Sulphur Fuel Oil,0
1546,2003-01,Bio-Blended Low Sulphur Fuel Oil,0
1547,2003-01,Ultra Low Sulphur Fuel Oil,0
1548,2003-01,Bio-Blended Ultra Low Sulphur Fuel Oil,0
1549,2003-01,B100,0
1550,2003-01,LNG,0
1551,2003-01,Methanol,0
1552,2003-01,Ammonia,0
1553,2003-02,Marine Diesel Oil,11.13
1554,2003-02,Bio-Blended Marine Diesel Oil,0
1555,2003-02,Marine Gas Oil,94.5
1556,2003-02,Bio-Blended Marine Gas Oil,0
1557,2003-02,Low Sulphur Marine Gas Oil,0
1558,2003-02,Bio-Blended Low Sulphur Marine Gas Oil,0
1559,2003-02,Marine Fuel Oil,1501.43
1560,2003-02,Bio-Blended Marine Fuel Oil,0
1561,2003-02,Low Sulphur Fuel Oil,0
1562,2003-02,Bio-Blended Low Sulphur Fuel Oil,0
1563,2003-02,Ultra Low Sulphur Fuel Oil,0
1564,2003-02,Bio-Blended Ultra Low Sulphur Fuel Oil,0
1565,2003-02,B100,0
1566,2003-02,LNG,0
1567,2003-02,Methanol,0
1568,2003-02,Ammonia,0
1569,2003-03,Marine Diesel Oil,13.62
1570,2003-03,Bio-Blended Marine Diesel Oil,0
1571,2003-03,Marine Gas Oil,109.14
1572,2003-03,Bio-Blended Marine Gas Oil,0
1573,2003-03,Low Sulphur Marine Gas Oil,0
1574,2003-03,Bio-Blended Low Sulphur Marine Gas Oil,0
1575,2003-03,Marine Fuel Oil,1638.4
1576,2003-03,Bio-Blended Marine Fuel Oil,0
1577,2003-03,Low Sulphur Fuel Oil,0
1578,2003-03,Bio-Blended Low Sulphur Fuel Oil,0
1579,2003-03,Ultra Low Sulphur Fuel Oil,0
1580,2003-03,Bio-Blended Ultra Low Sulphur Fuel Oil,0
1581,2003-03,B100,0
1582,2003-03,LNG,0
1583,2003-03,Methanol,0
1584,2003-03,Ammonia,0
1585,2003-04,Marine Diesel Oil,13.5
1586,2003-04,Bio-Blended Marine Diesel Oil,0
1587,2003-04,Marine Gas Oil,125.03
1588,2003-04,Bio-Blended Marine Gas Oil,0
1589,2003-04,Low Sulphur Marine Gas Oil,0
1590,2003-04,Bio-Blended Low Sulphur Marine Gas Oil,0
1591,2003-04,Marine Fuel Oil,1521.15
1592,2003-04,Bio-Blended Marine Fuel Oil,0
1593,2003-04,Low Sulphur Fuel Oil,0
1594,2003-04,Bio-Blended Low Sulphur Fuel Oil,0
1595,2003-04,Ultra Low Sulphur Fuel Oil,0
1596,2003-04,Bio-Blended Ultra Low Sulphur Fuel Oil,0
1597,2003-04,B100,0
1598,2003-04,LNG,0
1599,2003-04,Methanol,0
1600,2003-04,Ammonia,0
1601,2003-05,Marine Diesel Oil,12.58
1602,2003-05,Bio-Blended Marine Diesel Oil,0
1603,2003-05,Marine Gas Oil,117.83
1604,2003-05,Bio-Blended Marine Gas Oil,0
1605,2003-05,Low Sulphur Marine Gas Oil,0
1606,2003-05,Bio-Blended Low Sulphur Marine Gas Oil,0
1607,2003-05,Marine Fuel Oil,1617.22
1608,2003-05,Bio-Blended Marine Fuel Oil,0
1609,2003-05,Low Sulphur Fuel Oil,0
1610,2003-05,Bio-Blended Low Sulphur Fuel Oil,0
1611,2003-05,Ultra Low Sulphur Fuel Oil,0
1612,2003-05,Bio-Blended Ultra Low Sulphur Fuel Oil,0
1613,2003-05,B100,0
1614,2003-05,LNG,0
1615,2003-05,Methanol,0
1616,2003-05,Ammonia,0
1617,2003-06,Marine Diesel Oil,15.78
1618,2003-06,Bio-Blended Marine Diesel Oil,0
1619,2003-06,Marine Gas Oil,115.26
1620,2003-06,Bio-Blended Marine Gas Oil,0
1621,2003-06,Low Sulphur Marine Gas Oil,0
1622,2003-06,Bio-Blended Low Sulphur Marine Gas Oil,0
1623,2003-06,Marine Fuel Oil,1550
1624,2003-06,Bio-Blended Marine Fuel Oil,0
1625,2003-06,Low Sulphur Fuel Oil,0
1626,2003-06,Bio-Blended Low Sulphur Fuel Oil,0
1627,2003-06,Ultra Low Sulphur Fuel Oil,0
1628,2003-06,Bio-Blended Ultra Low Sulphur Fuel Oil,0
1629,2003-06,B100,0
1630,2003-06,LNG,0
1631,2003-06,Methanol,0
1632,2003-06,Ammonia,0
1633,2003-07,Marine Diesel Oil,11.77
1634,2003-07,Bio-Blended Marine Diesel Oil,0
1635,2003-07,Marine Gas Oil,111.63
1636,2003-07,Bio-Blended Marine Gas Oil,0
1637,2003-07,Low Sulphur Marine Gas Oil,0
1638,2003-07,Bio-Blended Low Sulphur Marine Gas Oil,0
1639,2003-07,Marine Fuel Oil,1481.51
1640,2003-07,Bio-Blended Marine Fuel Oil,0
1641,2003-07,Low Sulphur Fuel Oil,0
1642,2003-07,Bio-Blended Low Sulphur Fuel Oil,0
1643,2003-07,Ultra Low Sulphur Fuel Oil,0
1644,2003-07,Bio-Blended Ultra Low Sulphur Fuel Oil,0
1645,2003-07,B100,0
1646,2003-07,LNG,0
1647,2003-07,Methanol,0
1648,2003-07,Ammonia,0
1649,2003-08,Marine Diesel Oil,12.91
1650,2003-08,Bio-Blended Marine Diesel Oil,0
1651,2003-08,Marine Gas Oil,108.59
1652,2003-08,Bio-Blended Marine Gas Oil,0
1653,2003-08,Low Sulphur Marine Gas Oil,0
1654,2003-08,Bio-Blended Low Sulphur Marine Gas Oil,0
1655,2003-08,Marine Fuel Oil,1588.76
1656,2003-08,Bio-Blended Marine Fuel Oil,0
1657,2003-08,Low Sulphur Fuel Oil,0
1658,2003-08,Bio-Blended Low Sulphur Fuel Oil,0
1659,2003-08,Ultra Low Sulphur Fuel Oil,0
1660,2003-08,Bio-Blended Ultra Low Sulphur Fuel Oil,0
1661,2003-08,B100,0
1662,2003-08,LNG,0
1663,2003-08,Methanol,0
1664,2003-08,Ammonia,0
1665,2003-09,Marine Diesel Oil,14.19
1666,2003-09,Bio-Blended Marine Diesel Oil,0
1667,2003-09,Marine Gas Oil,107.04
1668,2003-09,Bio-Blended Marine Gas Oil,0
1669,2003-09,Low Sulphur Marine Gas Oil,0
1670,2003-09,Bio-Blended Low Sulphur Marine Gas Oil,0
1671,2003-09,Marine Fuel Oil,1608.89
1672,2003-09,Bio-Blended Marine Fuel Oil,0
1673,2003-09,Low Sulphur Fuel Oil,0
1674,2003-09,Bio-Blended Low Sulphur Fuel Oil,0
1675,2003-09,Ultra Low Sulphur Fuel Oil,0
1676,2003-09,Bio-Blended Ultra Low Sulphur Fuel Oil,0
1677,2003-09,B100,0
1678,2003-09,LNG,0
1679,2003-09,Methanol,0
1680,2003-09,Ammonia,0
1681,2003-10,Marine Diesel Oil,14.26
1682,2003-10,Bio-Blended Marine Diesel Oil,0
1683,2003-10,Marine Gas Oil,113.42
1684,2003-10,Bio-Blended Marine Gas Oil,0
1685,2003-10,Low Sulphur Marine Gas Oil,0
1686,2003-10,Bio-Blended Low Sulphur Marine Gas Oil,0
1687,2003-10,Marine Fuel Oil,1608.37
1688,2003-10,Bio-Blended Marine Fuel Oil,0
1689,2003-10,Low Sulphur Fuel Oil,0
1690,2003-10,Bio-Blended Low Sulphur Fuel Oil,0
1691,2003-10,Ultra Low Sulphur Fuel Oil,0
1692,2003-10,Bio-Blended Ultra Low Sulphur Fuel Oil,0
1693,2003-10,B100,0
1694,2003-10,LNG,0
1695,2003-10,Methanol,0
1696,2003-10,Ammonia,0
1697,2003-11,Marine Diesel Oil,11.5
1698,2003-11,Bio-Blended Marine Diesel Oil,0
1699,2003-11,Marine Gas Oil,114.33
1700,2003-11,Bio-Blended Marine Gas Oil,0
1701,2003-11,Low Sulphur Marine Gas Oil,0
1702,2003-11,Bio-Blended Low Sulphur Marine Gas Oil,0
1703,2003-11,Marine Fuel Oil,1727.78
1704,2003-11,Bio-Blended Marine Fuel Oil,0
1705,2003-11,Low Sulphur Fuel Oil,0
1706,2003-11,Bio-Blended Low Sulphur Fuel Oil,0
1707,2003-11,Ultra Low Sulphur Fuel Oil,0
1708,2003-11,Bio-Blended Ultra Low Sulphur Fuel Oil,0
1709,2003-11,B100,0
1710,2003-11,LNG,0
1711,2003-11,Methanol,0
1712,2003-11,Ammonia,0
1713,2003-12,Marine Diesel Oil,13.02
1714,2003-12,Bio-Blended Marine Diesel Oil,0
1715,2003-12,Marine Gas Oil,102.24
1716,2003-12,Bio-Blended Marine Gas Oil,0
1717,2003-12,Low Sulphur Marine Gas Oil,0
1718,2003-12,Bio-Blended Low Sulphur Marine Gas Oil,0
1719,2003-12,Marine Fuel Oil,1802.06
1720,2003-12,Bio-Blended Marine Fuel Oil,0
1721,2003-12,Low Sulphur Fuel Oil,0
1722,2003-12,Bio-Blended Low Sulphur Fuel Oil,0
1723,2003-12,Ultra Low Sulphur Fuel Oil,0
1724,2003-12,Bio-Blended Ultra Low Sulphur Fuel Oil,0
1725,2003-12,B100,0
1726,2003-12,LNG,0
1727,2003-12,Methanol,0
1728,2003-12,Ammonia,0
1729,2004-01,Marine Diesel Oil,12.21
1730,2004-01,Bio-Blended Marine Diesel Oil,0
1731,2004-01,Marine Gas Oil,108.57
1732,2004-01,Bio-Blended Marine Gas Oil,0
1733,2004-01,Low Sulphur Marine Gas Oil,0
1734,2004-01,Bio-Blended Low Sulphur Marine Gas Oil,0
1735,2004-01,Marine Fuel Oil,1737.84
1736,2004-01,Bio-Blended Marine Fuel Oil,0
1737,2004-01,Low Sulphur Fuel Oil,0
1738,2004-01,Bio-Blended Low Sulphur Fuel Oil,0
1739,2004-01,Ultra Low Sulphur Fuel Oil,0
1740,2004-01,Bio-Blended Ultra Low Sulphur Fuel Oil,0
1741,2004-01,B100,0
1742,2004-01,LNG,0
1743,2004-01,Methanol,0
1744,2004-01,Ammonia,0
1745,2004-02,Marine Diesel Oil,10.67
1746,2004-02,Bio-Blended Marine Diesel Oil,0
1747,2004-02,Marine Gas Oil,101.68
1748,2004-02,Bio-Blended Marine Gas Oil,0
1749,2004-02,Low Sulphur Marine Gas Oil,0
1750,2004-02,Bio-Blended Low Sulphur Marine Gas Oil,0
1751,2004-02,Marine Fuel Oil,1654.49
1752,2004-02,Bio-Blended Marine Fuel Oil,0
1753,2004-02,Low Sulphur Fuel Oil,0
1754,2004-02,Bio-Blended Low Sulphur Fuel Oil,0
1755,2004-02,Ultra Low Sulphur Fuel Oil,0
1756,2004-02,Bio-Blended Ultra Low Sulphur Fuel Oil,0
1757,2004-02,B100,0
1758,2004-02,LNG,0
1759,2004-02,Methanol,0
1760,2004-02,Ammonia,0
1761,2004-03,Marine Diesel Oil,9.51
1762,2004-03,Bio-Blended Marine Diesel Oil,0
1763,2004-03,Marine Gas Oil,120.8
1764,2004-03,Bio-Blended Marine Gas Oil,0
1765,2004-03,Low Sulphur Marine Gas Oil,0
1766,2004-03,Bio-Blended Low Sulphur Marine Gas Oil,0
1767,2004-03,Marine Fuel Oil,1738.87
1768,2004-03,Bio-Blended Marine Fuel Oil,0
1769,2004-03,Low Sulphur Fuel Oil,0
1770,2004-03,Bio-Blended Low Sulphur Fuel Oil,0
1771,2004-03,Ultra Low Sulphur Fuel Oil,0
1772,2004-03,Bio-Blended Ultra Low Sulphur Fuel Oil,0
1773,2004-03,B100,0
1774,2004-03,LNG,0
1775,2004-03,Methanol,0
1776,2004-03,Ammonia,0
1777,2004-04,Marine Diesel Oil,13.3
1778,2004-04,Bio-Blended Marine Diesel Oil,0
1779,2004-04,Marine Gas Oil,118.65
1780,2004-04,Bio-Blended Marine Gas Oil,0
1781,2004-04,Low Sulphur Marine Gas Oil,0
1782,2004-04,Bio-Blended Low Sulphur Marine Gas Oil,0
1783,2004-04,Marine Fuel Oil,1853.06
1784,2004-04,Bio-Blended Marine Fuel Oil,0
1785,2004-04,Low Sulphur Fuel Oil,0
1786,2004-04,Bio-Blended Low Sulphur Fuel Oil,0
1787,2004-04,Ultra Low Sulphur Fuel Oil,0
1788,2004-04,Bio-Blended Ultra Low Sulphur Fuel Oil,0
1789,2004-04,B100,0
1790,2004-04,LNG,0
1791,2004-04,Methanol,0
1792,2004-04,Ammonia,0
1793,2004-05,Marine Diesel Oil,10.6
1794,2004-05,Bio-Blended Marine Diesel Oil,0
1795,2004-05,Marine Gas Oil,121.75
1796,2004-05,Bio-Blended Marine Gas Oil,0
1797,2004-05,Low Sulphur Marine Gas Oil,0
1798,2004-05,Bio-Blended Low Sulphur Marine Gas Oil,0
1799,2004-05,Marine Fuel Oil,1845.22
1800,2004-05,Bio-Blended Marine Fuel Oil,0
1801,2004-05,Low Sulphur Fuel Oil,0
1802,2004-05,Bio-Blended Low Sulphur Fuel Oil,0
1803,2004-05,Ultra Low Sulphur Fuel Oil,0
1804,2004-05,Bio-Blended Ultra Low Sulphur Fuel Oil,0
1805,2004-05,B100,0
1806,2004-05,LNG,0
1807,2004-05,Methanol,0
1808,2004-05,Ammonia,0
1809,2004-06,Marine Diesel Oil,9.04
1810,2004-06,Bio-Blended Marine Diesel Oil,0
1811,2004-06,Marine Gas Oil,126.02
1812,2004-06,Bio-Blended Marine Gas Oil,0
1813,2004-06,Low Sulphur Marine Gas Oil,0
1814,2004-06,Bio-Blended Low Sulphur Marine Gas Oil,0
1815,2004-06,Marine Fuel Oil,1827.97
1816,2004-06,Bio-Blended Marine Fuel Oil,0
1817,2004-06,Low Sulphur Fuel Oil,0
1818,2004-06,Bio-Blended Low Sulphur Fuel Oil,0
1819,2004-06,Ultra Low Sulphur Fuel Oil,0
1820,2004-06,Bio-Blended Ultra Low Sulphur Fuel Oil,0
1821,2004-06,B100,0
1822,2004-06,LNG,0
1823,2004-06,Methanol,0
1824,2004-06,Ammonia,0
1825,2004-07,Marine Diesel Oil,12.96
1826,2004-07,Bio-Blended Marine Diesel Oil,0
1827,2004-07,Marine Gas Oil,113.67
1828,2004-07,Bio-Blended Marine Gas Oil,0
1829,2004-07,Low Sulphur Marine Gas Oil,0
1830,2004-07,Bio-Blended Low Sulphur Marine Gas Oil,0
1831,2004-07,Marine Fuel Oil,1850.91
1832,2004-07,Bio-Blended Marine Fuel Oil,0
1833,2004-07,Low Sulphur Fuel Oil,0
1834,2004-07,Bio-Blended Low Sulphur Fuel Oil,0
1835,2004-07,Ultra Low Sulphur Fuel Oil,0
1836,2004-07,Bio-Blended Ultra Low Sulphur Fuel Oil,0
1837,2004-07,B100,0
1838,2004-07,LNG,0
1839,2004-07,Methanol,0
1840,2004-07,Ammonia,0
1841,2004-08,Marine Diesel Oil,10.65
1842,2004-08,Bio-Blended Marine Diesel Oil,0
1843,2004-08,Marine Gas Oil,109.84
1844,2004-08,Bio-Blended Marine Gas Oil,0
1845,2004-08,Low Sulphur Marine Gas Oil,0
1846,2004-08,Bio-Blended Low Sulphur Marine Gas Oil,0
1847,2004-08,Marine Fuel Oil,1858.61
1848,2004-08,Bio-Blended Marine Fuel Oil,0
1849,2004-08,Low Sulphur Fuel Oil,0
1850,2004-08,Bio-Blended Low Sulphur Fuel Oil,0
1851,2004-08,Ultra Low Sulphur Fuel Oil,0
1852,2004-08,Bio-Blended Ultra Low Sulphur Fuel Oil,0
1853,2004-08,B100,0
1854,2004-08,LNG,0
1855,2004-08,Methanol,0
1856,2004-08,Ammonia,0
1857,2004-09,Marine Diesel Oil,8.86
1858,2004-09,Bio-Blended Marine Diesel Oil,0
1859,2004-09,Marine Gas Oil,117.57
1860,2004-09,Bio-Blended Marine Gas Oil,0
1861,2004-09,Low Sulphur Marine Gas Oil,0
1862,2004-09,Bio-Blended Low Sulphur Marine Gas Oil,0
1863,2004-09,Marine Fuel Oil,1893.08
1864,2004-09,Bio-Blended Marine Fuel Oil,0
1865,2004-09,Low Sulphur Fuel Oil,0
1866,2004-09,Bio-Blended Low Sulphur Fuel Oil,0
1867,2004-09,Ultra Low Sulphur Fuel Oil,0
1868,2004-09,Bio-Blended Ultra Low Sulphur Fuel Oil,0
1869,2004-09,B100,0
1870,2004-09,LNG,0
1871,2004-09,Methanol,0
1872,2004-09,Ammonia,0
1873,2004-10,Marine Diesel Oil,11.36
1874,2004-10,Bio-Blended Marine Diesel Oil,0
1875,2004-10,Marine Gas Oil,102.74
1876,2004-10,Bio-Blended Marine Gas Oil,0
1877,2004-10,Low Sulphur Marine Gas Oil,0
1878,2004-10,Bio-Blended Low Sulphur Marine Gas Oil,0
1879,2004-10,Marine Fuel Oil,1890.82
1880,2004-10,Bio-Blended Marine Fuel Oil,0
1881,2004-10,Low Sulphur Fuel Oil,0
1882,2004-10,Bio-Blended Low Sulphur Fuel Oil,0
1883,2004-10,Ultra Low Sulphur Fuel Oil,0
1884,2004-10,Bio-Blended Ultra Low Sulphur Fuel Oil,0
1885,2004-10,B100,0
1886,2004-10,LNG,0
1887,2004-10,Methanol,0
1888,2004-10,Ammonia,0
1889,2004-11,Marine Diesel Oil,9.18
1890,2004-11,Bio-Blended Marine Diesel Oil,0
1891,2004-11,Marine Gas Oil,108.27
1892,2004-11,Bio-Blended Marine Gas Oil,0
1893,2004-11,Low Sulphur Marine Gas Oil,0
1894,2004-11,Bio-Blended Low Sulphur Marine Gas Oil,0
1895,2004-11,Marine Fuel Oil,1891.3
1896,2004-11,Bio-Blended Marine Fuel Oil,0
1897,2004-11,Low Sulphur Fuel Oil,0
1898,2004-11,Bio-Blended Low Sulphur Fuel Oil,0
1899,2004-11,Ultra Low Sulphur Fuel Oil,0
1900,2004-11,Bio-Blended Ultra Low Sulphur Fuel Oil,0
1901,2004-11,B100,0
1902,2004-11,LNG,0
1903,2004-11,Methanol,0
1904,2004-11,Ammonia,0
1905,2004-12,Marine Diesel Oil,10.01
1906,2004-12,Bio-Blended Marine Diesel Oil,0
1907,2004-12,Marine Gas Oil,128.93
1908,2004-12,Bio-Blended Marine Gas Oil,0
1909,2004-12,Low Sulphur Marine Gas Oil,0
1910,2004-12,Bio-Blended Low Sulphur Marine Gas Oil,0
1911,2004-12,Marine Fuel Oil,2017.87
1912,2004-12,Bio-Blended Marine Fuel Oil,0
1913,2004-12,Low Sulphur Fuel Oil,0
1914,2004-12,Bio-Blended Low Sulphur Fuel Oil,0
1915,2004-12,Ultra Low Sulphur Fuel Oil,0
1916,2004-12,Bio-Blended Ultra Low Sulphur Fuel Oil,0
1917,2004-12,B100,0
1918,2004-12,LNG,0
1919,2004-12,Methanol,0
1920,2004-12,Ammonia,0
1921,2005-01,Marine Diesel Oil,9.51
1922,2005-01,Bio-Blended Marine Diesel Oil,0
1923,2005-01,Marine Gas Oil,116.12
1924,2005-01,Bio-Blended Marine Gas Oil,0
1925,2005-01,Low Sulphur Marine Gas Oil,0
1926,2005-01,Bio-Blended Low Sulphur Marine Gas Oil,0
1927,2005-01,Marine Fuel Oil,1976.62
1928,2005-01,Bio-Blended Marine Fuel Oil,0
1929,2005-01,Low Sulphur Fuel Oil,0
1930,2005-01,Bio-Blended Low Sulphur Fuel Oil,0
1931,2005-01,Ultra Low Sulphur Fuel Oil,0
1932,2005-01,Bio-Blended Ultra Low Sulphur Fuel Oil,0
1933,2005-01,B100,0
1934,2005-01,LNG,0
1935,2005-01,Methanol,0
1936,2005-01,Ammonia,0
1937,2005-02,Marine Diesel Oil,7.13
1938,2005-02,Bio-Blended Marine Diesel Oil,0
1939,2005-02,Marine Gas Oil,114.03
1940,2005-02,Bio-Blended Marine Gas Oil,0
1941,2005-02,Low Sulphur Marine Gas Oil,0
1942,2005-02,Bio-Blended Low Sulphur Marine Gas Oil,0
1943,2005-02,Marine Fuel Oil,1686.09
1944,2005-02,Bio-Blended Marine Fuel Oil,0
1945,2005-02,Low Sulphur Fuel Oil,0
1946,2005-02,Bio-Blended Low Sulphur Fuel Oil,0
1947,2005-02,Ultra Low Sulphur Fuel Oil,0
1948,2005-02,Bio-Blended Ultra Low Sulphur Fuel Oil,0
1949,2005-02,B100,0
1950,2005-02,LNG,0
1951,2005-02,Methanol,0
1952,2005-02,Ammonia,0
1953,2005-03,Marine Diesel Oil,9.35
1954,2005-03,Bio-Blended Marine Diesel Oil,0
1955,2005-03,Marine Gas Oil,113.58
1956,2005-03,Bio-Blended Marine Gas Oil,0
1957,2005-03,Low Sulphur Marine Gas Oil,0
1958,2005-03,Bio-Blended Low Sulphur Marine Gas Oil,0
1959,2005-03,Marine Fuel Oil,1946.88
1960,2005-03,Bio-Blended Marine Fuel Oil,0
1961,2005-03,Low Sulphur Fuel Oil,0
1962,2005-03,Bio-Blended Low Sulphur Fuel Oil,0
1963,2005-03,Ultra Low Sulphur Fuel Oil,0
1964,2005-03,Bio-Blended Ultra Low Sulphur Fuel Oil,0
1965,2005-03,B100,0
1966,2005-03,LNG,0
1967,2005-03,Methanol,0
1968,2005-03,Ammonia,0
1969,2005-04,Marine Diesel Oil,8.8
1970,2005-04,Bio-Blended Marine Diesel Oil,0
1971,2005-04,Marine Gas Oil,119.16
1972,2005-04,Bio-Blended Marine Gas Oil,0
1973,2005-04,Low Sulphur Marine Gas Oil,0
1974,2005-04,Bio-Blended Low Sulphur Marine Gas Oil,0
1975,2005-04,Marine Fuel Oil,2025.42
1976,2005-04,Bio-Blended Marine Fuel Oil,0
1977,2005-04,Low Sulphur Fuel Oil,0
1978,2005-04,Bio-Blended Low Sulphur Fuel Oil,0
1979,2005-04,Ultra Low Sulphur Fuel Oil,0
1980,2005-04,Bio-Blended Ultra Low Sulphur Fuel Oil,0
1981,2005-04,B100,0
1982,2005-04,LNG,0
1983,2005-04,Methanol,0
1984,2005-04,Ammonia,0
1985,2005-05,Marine Diesel Oil,8.98
1986,2005-05,Bio-Blended Marine Diesel Oil,0
1987,2005-05,Marine Gas Oil,121.34
1988,2005-05,Bio-Blended Marine Gas Oil,0
1989,2005-05,Low Sulphur Marine Gas Oil,0
1990,2005-05,Bio-Blended Low Sulphur Marine Gas Oil,0
1991,2005-05,Marine Fuel Oil,1951.02
1992,2005-05,Bio-Blended Marine Fuel Oil,0
1993,2005-05,Low Sulphur Fuel Oil,0
1994,2005-05,Bio-Blended Low Sulphur Fuel Oil,0
1995,2005-05,Ultra Low Sulphur Fuel Oil,0
1996,2005-05,Bio-Blended Ultra Low Sulphur Fuel Oil,0
1997,2005-05,B100,0
1998,2005-05,LNG,0
1999,2005-05,Methanol,0
2000,2005-05,Ammonia,0
2001,2005-06,Marine Diesel Oil,8.73
2002,2005-06,Bio-Blended Marine Diesel Oil,0
2003,2005-06,Marine Gas Oil,115.02
2004,2005-06,Bio-Blended Marine Gas Oil,0
2005,2005-06,Low Sulphur Marine Gas Oil,0
2006,2005-06,Bio-Blended Low Sulphur Marine Gas Oil,0
2007,2005-06,Marine Fuel Oil,2014.22
2008,2005-06,Bio-Blended Marine Fuel Oil,0
2009,2005-06,Low Sulphur Fuel Oil,0
2010,2005-06,Bio-Blended Low Sulphur Fuel Oil,0
2011,2005-06,Ultra Low Sulphur Fuel Oil,0
2012,2005-06,Bio-Blended Ultra Low Sulphur Fuel Oil,0
2013,2005-06,B100,0
2014,2005-06,LNG,0
2015,2005-06,Methanol,0
2016,2005-06,Ammonia,0
2017,2005-07,Marine Diesel Oil,8.87
2018,2005-07,Bio-Blended Marine Diesel Oil,0
2019,2005-07,Marine Gas Oil,131.88
2020,2005-07,Bio-Blended Marine Gas Oil,0
2021,2005-07,Low Sulphur Marine Gas Oil,0
2022,2005-07,Bio-Blended Low Sulphur Marine Gas Oil,0
2023,2005-07,Marine Fuel Oil,2099.7
2024,2005-07,Bio-Blended Marine Fuel Oil,0
2025,2005-07,Low Sulphur Fuel Oil,0
2026,2005-07,Bio-Blended Low Sulphur Fuel Oil,0
2027,2005-07,Ultra Low Sulphur Fuel Oil,0
2028,2005-07,Bio-Blended Ultra Low Sulphur Fuel Oil,0
2029,2005-07,B100,0
2030,2005-07,LNG,0
2031,2005-07,Methanol,0
2032,2005-07,Ammonia,0
2033,2005-08,Marine Diesel Oil,7.53
2034,2005-08,Bio-Blended Marine Diesel Oil,0
2035,2005-08,Marine Gas Oil,125.4
2036,2005-08,Bio-Blended Marine Gas Oil,0
2037,2005-08,Low Sulphur Marine Gas Oil,0
2038,2005-08,Bio-Blended Low Sulphur Marine Gas Oil,0
2039,2005-08,Marine Fuel Oil,2135.47
2040,2005-08,Bio-Blended Marine Fuel Oil,0
2041,2005-08,Low Sulphur Fuel Oil,0
2042,2005-08,Bio-Blended Low Sulphur Fuel Oil,0
2043,2005-08,Ultra Low Sulphur Fuel Oil,0
2044,2005-08,Bio-Blended Ultra Low Sulphur Fuel Oil,0
2045,2005-08,B100,0
2046,2005-08,LNG,0
2047,2005-08,Methanol,0
2048,2005-08,Ammonia,0
2049,2005-09,Marine Diesel Oil,9.58
2050,2005-09,Bio-Blended Marine Diesel Oil,0
2051,2005-09,Marine Gas Oil,110.54
2052,2005-09,Bio-Blended Marine Gas Oil,0
2053,2005-09,Low Sulphur Marine Gas Oil,0
2054,2005-09,Bio-Blended Low Sulphur Marine Gas Oil,0
2055,2005-09,Marine Fuel Oil,2016.88
2056,2005-09,Bio-Blended Marine Fuel Oil,0
2057,2005-09,Low Sulphur Fuel Oil,0
2058,2005-09,Bio-Blended Low Sulphur Fuel Oil,0
2059,2005-09,Ultra Low Sulphur Fuel Oil,0
2060,2005-09,Bio-Blended Ultra Low Sulphur Fuel Oil,0
2061,2005-09,B100,0
2062,2005-09,LNG,0
2063,2005-09,Methanol,0
2064,2005-09,Ammonia,0
2065,2005-10,Marine Diesel Oil,7.97
2066,2005-10,Bio-Blended Marine Diesel Oil,0
2067,2005-10,Marine Gas Oil,133.27
2068,2005-10,Bio-Blended Marine Gas Oil,0
2069,2005-10,Low Sulphur Marine Gas Oil,0
2070,2005-10,Bio-Blended Low Sulphur Marine Gas Oil,0
2071,2005-10,Marine Fuel Oil,2110.84
2072,2005-10,Bio-Blended Marine Fuel Oil,0
2073,2005-10,Low Sulphur Fuel Oil,0
2074,2005-10,Bio-Blended Low Sulphur Fuel Oil,0
2075,2005-10,Ultra Low Sulphur Fuel Oil,0
2076,2005-10,Bio-Blended Ultra Low Sulphur Fuel Oil,0
2077,2005-10,B100,0
2078,2005-10,LNG,0
2079,2005-10,Methanol,0
2080,2005-10,Ammonia,0
2081,2005-11,Marine Diesel Oil,8.42
2082,2005-11,Bio-Blended Marine Diesel Oil,0
2083,2005-11,Marine Gas Oil,117.97
2084,2005-11,Bio-Blended Marine Gas Oil,0
2085,2005-11,Low Sulphur Marine Gas Oil,0
2086,2005-11,Bio-Blended Low Sulphur Marine Gas Oil,0
2087,2005-11,Marine Fuel Oil,1958.3
2088,2005-11,Bio-Blended Marine Fuel Oil,0
2089,2005-11,Low Sulphur Fuel Oil,0
2090,2005-11,Bio-Blended Low Sulphur Fuel Oil,0
2091,2005-11,Ultra Low Sulphur Fuel Oil,0
2092,2005-11,Bio-Blended Ultra Low Sulphur Fuel Oil,0
2093,2005-11,B100,0
2094,2005-11,LNG,0
2095,2005-11,Methanol,0
2096,2005-11,Ammonia,0
2097,2005-12,Marine Diesel Oil,8.9
2098,2005-12,Bio-Blended Marine Diesel Oil,0
2099,2005-12,Marine Gas Oil,123.63
2100,2005-12,Bio-Blended Marine Gas Oil,0
2101,2005-12,Low Sulphur Marine Gas Oil,0
2102,2005-12,Bio-Blended Low Sulphur Marine Gas Oil,0
2103,2005-12,Marine Fuel Oil,2011.95
2104,2005-12,Bio-Blended Marine Fuel Oil,0
2105,2005-12,Low Sulphur Fuel Oil,0
2106,2005-12,Bio-Blended Low Sulphur Fuel Oil,0
2107,2005-12,Ultra Low Sulphur Fuel Oil,0
2108,2005-12,Bio-Blended Ultra Low Sulphur Fuel Oil,0
2109,2005-12,B100,0
2110,2005-12,LNG,0
2111,2005-12,Methanol,0
2112,2005-12,Ammonia,0
2113,2006-01,Marine Diesel Oil,8.4
2114,2006-01,Bio-Blended Marine Diesel Oil,0
2115,2006-01,Marine Gas Oil,124.25
2116,2006-01,Bio-Blended Marine Gas Oil,0
2117,2006-01,Low Sulphur Marine Gas Oil,0
2118,2006-01,Bio-Blended Low Sulphur Marine Gas Oil,0
2119,2006-01,Marine Fuel Oil,2097.33
2120,2006-01,Bio-Blended Marine Fuel Oil,0
2121,2006-01,Low Sulphur Fuel Oil,0
2122,2006-01,Bio-Blended Low Sulphur Fuel Oil,0
2123,2006-01,Ultra Low Sulphur Fuel Oil,0
2124,2006-01,Bio-Blended Ultra Low Sulphur Fuel Oil,0
2125,2006-01,B100,0
2126,2006-01,LNG,0
2127,2006-01,Methanol,0
2128,2006-01,Ammonia,0
2129,2006-02,Marine Diesel Oil,5.74
2130,2006-02,Bio-Blended Marine Diesel Oil,0
2131,2006-02,Marine Gas Oil,116.8
2132,2006-02,Bio-Blended Marine Gas Oil,0
2133,2006-02,Low Sulphur Marine Gas Oil,0
2134,2006-02,Bio-Blended Low Sulphur Marine Gas Oil,0
2135,2006-02,Marine Fuel Oil,1935.4
2136,2006-02,Bio-Blended Marine Fuel Oil,0
2137,2006-02,Low Sulphur Fuel Oil,0
2138,2006-02,Bio-Blended Low Sulphur Fuel Oil,0
2139,2006-02,Ultra Low Sulphur Fuel Oil,0
2140,2006-02,Bio-Blended Ultra Low Sulphur Fuel Oil,0
2141,2006-02,B100,0
2142,2006-02,LNG,0
2143,2006-02,Methanol,0
2144,2006-02,Ammonia,0
2145,2006-03,Marine Diesel Oil,5.74
2146,2006-03,Bio-Blended Marine Diesel Oil,0
2147,2006-03,Marine Gas Oil,126.16
2148,2006-03,Bio-Blended Marine Gas Oil,0
2149,2006-03,Low Sulphur Marine Gas Oil,0
2150,2006-03,Bio-Blended Low Sulphur Marine Gas Oil,0
2151,2006-03,Marine Fuel Oil,2170.7
2152,2006-03,Bio-Blended Marine Fuel Oil,0
2153,2006-03,Low Sulphur Fuel Oil,0
2154,2006-03,Bio-Blended Low Sulphur Fuel Oil,0
2155,2006-03,Ultra Low Sulphur Fuel Oil,0
2156,2006-03,Bio-Blended Ultra Low Sulphur Fuel Oil,0
2157,2006-03,B100,0
2158,2006-03,LNG,0
2159,2006-03,Methanol,0
2160,2006-03,Ammonia,0
2161,2006-04,Marine Diesel Oil,4.35
2162,2006-04,Bio-Blended Marine Diesel Oil,0
2163,2006-04,Marine Gas Oil,104.05
2164,2006-04,Bio-Blended Marine Gas Oil,0
2165,2006-04,Low Sulphur Marine Gas Oil,0
2166,2006-04,Bio-Blended Low Sulphur Marine Gas Oil,0
2167,2006-04,Marine Fuel Oil,2109.33
2168,2006-04,Bio-Blended Marine Fuel Oil,0
2169,2006-04,Low Sulphur Fuel Oil,0
2170,2006-04,Bio-Blended Low Sulphur Fuel Oil,0
2171,2006-04,Ultra Low Sulphur Fuel Oil,0
2172,2006-04,Bio-Blended Ultra Low Sulphur Fuel Oil,0
2173,2006-04,B100,0
2174,2006-04,LNG,0
2175,2006-04,Methanol,0
2176,2006-04,Ammonia,0
2177,2006-05,Marine Diesel Oil,4.79
2178,2006-05,Bio-Blended Marine Diesel Oil,0
2179,2006-05,Marine Gas Oil,132.84
2180,2006-05,Bio-Blended Marine Gas Oil,0
2181,2006-05,Low Sulphur Marine Gas Oil,0
2182,2006-05,Bio-Blended Low Sulphur Marine Gas Oil,0
2183,2006-05,Marine Fuel Oil,2354.01
2184,2006-05,Bio-Blended Marine Fuel Oil,0
2185,2006-05,Low Sulphur Fuel Oil,0
2186,2006-05,Bio-Blended Low Sulphur Fuel Oil,0
2187,2006-05,Ultra Low Sulphur Fuel Oil,0
2188,2006-05,Bio-Blended Ultra Low Sulphur Fuel Oil,0
2189,2006-05,B100,0
2190,2006-05,LNG,0
2191,2006-05,Methanol,0
2192,2006-05,Ammonia,0
2193,2006-06,Marine Diesel Oil,3.96
2194,2006-06,Bio-Blended Marine Diesel Oil,0
2195,2006-06,Marine Gas Oil,122.74
2196,2006-06,Bio-Blended Marine Gas Oil,0
2197,2006-06,Low Sulphur Marine Gas Oil,0
2198,2006-06,Bio-Blended Low Sulphur Marine Gas Oil,0
2199,2006-06,Marine Fuel Oil,2066.22
2200,2006-06,Bio-Blended Marine Fuel Oil,0
2201,2006-06,Low Sulphur Fuel Oil,0
2202,2006-06,Bio-Blended Low Sulphur Fuel Oil,0
2203,2006-06,Ultra Low Sulphur Fuel Oil,0
2204,2006-06,Bio-Blended Ultra Low Sulphur Fuel Oil,0
2205,2006-06,B100,0
2206,2006-06,LNG,0
2207,2006-06,Methanol,0
2208,2006-06,Ammonia,0
2209,2006-07,Marine Diesel Oil,3.31
2210,2006-07,Bio-Blended Marine Diesel Oil,0
2211,2006-07,Marine Gas Oil,117.77
2212,2006-07,Bio-Blended Marine Gas Oil,0
2213,2006-07,Low Sulphur Marine Gas Oil,0
2214,2006-07,Bio-Blended Low Sulphur Marine Gas Oil,0
2215,2006-07,Marine Fuel Oil,2226.61
2216,2006-07,Bio-Blended Marine Fuel Oil,0
2217,2006-07,Low Sulphur Fuel Oil,0
2218,2006-07,Bio-Blended Low Sulphur Fuel Oil,0
2219,2006-07,Ultra Low Sulphur Fuel Oil,0
2220,2006-07,Bio-Blended Ultra Low Sulphur Fuel Oil,0
2221,2006-07,B100,0
2222,2006-07,LNG,0
2223,2006-07,Methanol,0
2224,2006-07,Ammonia,0
2225,2006-08,Marine Diesel Oil,2.41
2226,2006-08,Bio-Blended Marine Diesel Oil,0
2227,2006-08,Marine Gas Oil,136.26
2228,2006-08,Bio-Blended Marine Gas Oil,0
2229,2006-08,Low Sulphur Marine Gas Oil,0
2230,2006-08,Bio-Blended Low Sulphur Marine Gas Oil,0
2231,2006-08,Marine Fuel Oil,2380.05
2232,2006-08,Bio-Blended Marine Fuel Oil,0
2233,2006-08,Low Sulphur Fuel Oil,0
2234,2006-08,Bio-Blended Low Sulphur Fuel Oil,0
2235,2006-08,Ultra Low Sulphur Fuel Oil,0
2236,2006-08,Bio-Blended Ultra Low Sulphur Fuel Oil,0
2237,2006-08,B100,0
2238,2006-08,LNG,0
2239,2006-08,Methanol,0
2240,2006-08,Ammonia,0
2241,2006-09,Marine Diesel Oil,2.15
2242,2006-09,Bio-Blended Marine Diesel Oil,0
2243,2006-09,Marine Gas Oil,134.28
2244,2006-09,Bio-Blended Marine Gas Oil,0
2245,2006-09,Low Sulphur Marine Gas Oil,0
2246,2006-09,Bio-Blended Low Sulphur Marine Gas Oil,0
2247,2006-09,Marine Fuel Oil,2274.27
2248,2006-09,Bio-Blended Marine Fuel Oil,0
2249,2006-09,Low Sulphur Fuel Oil,0
2250,2006-09,Bio-Blended Low Sulphur Fuel Oil,0
2251,2006-09,Ultra Low Sulphur Fuel Oil,0
2252,2006-09,Bio-Blended Ultra Low Sulphur Fuel Oil,0
2253,2006-09,B100,0
2254,2006-09,LNG,0
2255,2006-09,Methanol,0
2256,2006-09,Ammonia,0
2257,2006-10,Marine Diesel Oil,3.77
2258,2006-10,Bio-Blended Marine Diesel Oil,0
2259,2006-10,Marine Gas Oil,138.93
2260,2006-10,Bio-Blended Marine Gas Oil,0
2261,2006-10,Low Sulphur Marine Gas Oil,0
2262,2006-10,Bio-Blended Low Sulphur Marine Gas Oil,0
2263,2006-10,Marine Fuel Oil,2413.33
2264,2006-10,Bio-Blended Marine Fuel Oil,0
2265,2006-10,Low Sulphur Fuel Oil,0
2266,2006-10,Bio-Blended Low Sulphur Fuel Oil,0
2267,2006-10,Ultra Low Sulphur Fuel Oil,0
2268,2006-10,Bio-Blended Ultra Low Sulphur Fuel Oil,0
2269,2006-10,B100,0
2270,2006-10,LNG,0
2271,2006-10,Methanol,0
2272,2006-10,Ammonia,0
2273,2006-11,Marine Diesel Oil,2.05
2274,2006-11,Bio-Blended Marine Diesel Oil,0
2275,2006-11,Marine Gas Oil,126.53
2276,2006-11,Bio-Blended Marine Gas Oil,0
2277,2006-11,Low Sulphur Marine Gas Oil,0
2278,2006-11,Bio-Blended Low Sulphur Marine Gas Oil,0
2279,2006-11,Marine Fuel Oil,2262.32
2280,2006-11,Bio-Blended Marine Fuel Oil,0
2281,2006-11,Low Sulphur Fuel Oil,0
2282,2006-11,Bio-Blended Low Sulphur Fuel Oil,0
2283,2006-11,Ultra Low Sulphur Fuel Oil,0
2284,2006-11,Bio-Blended Ultra Low Sulphur Fuel Oil,0
2285,2006-11,B100,0
2286,2006-11,LNG,0
2287,2006-11,Methanol,0
2288,2006-11,Ammonia,0
2289,2006-12,Marine Diesel Oil,3.44
2290,2006-12,Bio-Blended Marine Diesel Oil,0
2291,2006-12,Marine Gas Oil,134.32
2292,2006-12,Bio-Blended Marine Gas Oil,0
2293,2006-12,Low Sulphur Marine Gas Oil,0
2294,2006-12,Bio-Blended Low Sulphur Marine Gas Oil,0
2295,2006-12,Marine Fuel Oil,2524.5
2296,2006-12,Bio-Blended Marine Fuel Oil,0
2297,2006-12,Low Sulphur Fuel Oil,0
2298,2006-12,Bio-Blended Low Sulphur Fuel Oil,0
2299,2006-12,Ultra Low Sulphur Fuel Oil,0
2300,2006-12,Bio-Blended Ultra Low Sulphur Fuel Oil,0
2301,2006-12,B100,0
2302,2006-12,LNG,0
2303,2006-12,Methanol,0
2304,2006-12,Ammonia,0
2305,2007-01,Marine Diesel Oil,2.08
2306,2007-01,Bio-Blended Marine Diesel Oil,0
2307,2007-01,Marine Gas Oil,127.96
2308,2007-01,Bio-Blended Marine Gas Oil,0
2309,2007-01,Low Sulphur Marine Gas Oil,0
2310,2007-01,Bio-Blended Low Sulphur Marine Gas Oil,0
2311,2007-01,Marine Fuel Oil,2125.79
2312,2007-01,Bio-Blended Marine Fuel Oil,0
2313,2007-01,Low Sulphur Fuel Oil,0
2314,2007-01,Bio-Blended Low Sulphur Fuel Oil,0
2315,2007-01,Ultra Low Sulphur Fuel Oil,0
2316,2007-01,Bio-Blended Ultra Low Sulphur Fuel Oil,0
2317,2007-01,B100,0
2318,2007-01,LNG,0
2319,2007-01,Methanol,0
2320,2007-01,Ammonia,0
2321,2007-02,Marine Diesel Oil,1.8
2322,2007-02,Bio-Blended Marine Diesel Oil,0
2323,2007-02,Marine Gas Oil,134.89
2324,2007-02,Bio-Blended Marine Gas Oil,0
2325,2007-02,Low Sulphur Marine Gas Oil,0
2326,2007-02,Bio-Blended Low Sulphur Marine Gas Oil,0
2327,2007-02,Marine Fuel Oil,2532.2
2328,2007-02,Bio-Blended Marine Fuel Oil,0
2329,2007-02,Low Sulphur Fuel Oil,0
2330,2007-02,Bio-Blended Low Sulphur Fuel Oil,0
2331,2007-02,Ultra Low Sulphur Fuel Oil,0
2332,2007-02,Bio-Blended Ultra Low Sulphur Fuel Oil,0
2333,2007-02,B100,0
2334,2007-02,LNG,0
2335,2007-02,Methanol,0
2336,2007-02,Ammonia,0
2337,2007-03,Marine Diesel Oil,2.41
2338,2007-03,Bio-Blended Marine Diesel Oil,0
2339,2007-03,Marine Gas Oil,131.39
2340,2007-03,Bio-Blended Marine Gas Oil,0
2341,2007-03,Low Sulphur Marine Gas Oil,0
2342,2007-03,Bio-Blended Low Sulphur Marine Gas Oil,0
2343,2007-03,Marine Fuel Oil,2433.21
2344,2007-03,Bio-Blended Marine Fuel Oil,0
2345,2007-03,Low Sulphur Fuel Oil,0
2346,2007-03,Bio-Blended Low Sulphur Fuel Oil,0
2347,2007-03,Ultra Low Sulphur Fuel Oil,0
2348,2007-03,Bio-Blended Ultra Low Sulphur Fuel Oil,0
2349,2007-03,B100,0
2350,2007-03,LNG,0
2351,2007-03,Methanol,0
2352,2007-03,Ammonia,0
2353,2007-04,Marine Diesel Oil,3
2354,2007-04,Bio-Blended Marine Diesel Oil,0
2355,2007-04,Marine Gas Oil,125.79
2356,2007-04,Bio-Blended Marine Gas Oil,0
2357,2007-04,Low Sulphur Marine Gas Oil,0
2358,2007-04,Bio-Blended Low Sulphur Marine Gas Oil,0
2359,2007-04,Marine Fuel Oil,2496.13
2360,2007-04,Bio-Blended Marine Fuel Oil,0
2361,2007-04,Low Sulphur Fuel Oil,0
2362,2007-04,Bio-Blended Low Sulphur Fuel Oil,0
2363,2007-04,Ultra Low Sulphur Fuel Oil,0
2364,2007-04,Bio-Blended Ultra Low Sulphur Fuel Oil,0
2365,2007-04,B100,0
2366,2007-04,LNG,0
2367,2007-04,Methanol,0
2368,2007-04,Ammonia,0
2369,2007-05,Marine Diesel Oil,2.05
2370,2007-05,Bio-Blended Marine Diesel Oil,0
2371,2007-05,Marine Gas Oil,123.78
2372,2007-05,Bio-Blended Marine Gas Oil,0
2373,2007-05,Low Sulphur Marine Gas Oil,0
2374,2007-05,Bio-Blended Low Sulphur Marine Gas Oil,0
2375,2007-05,Marine Fuel Oil,2378.88
2376,2007-05,Bio-Blended Marine Fuel Oil,0
2377,2007-05,Low Sulphur Fuel Oil,0
2378,2007-05,Bio-Blended Low Sulphur Fuel Oil,0
2379,2007-05,Ultra Low Sulphur Fuel Oil,0
2380,2007-05,Bio-Blended Ultra Low Sulphur Fuel Oil,0
2381,2007-05,B100,0
2382,2007-05,LNG,0
2383,2007-05,Methanol,0
2384,2007-05,Ammonia,0
2385,2007-06,Marine Diesel Oil,1.45
2386,2007-06,Bio-Blended Marine Diesel Oil,0
2387,2007-06,Marine Gas Oil,132.77
2388,2007-06,Bio-Blended Marine Gas Oil,0
2389,2007-06,Low Sulphur Marine Gas Oil,0
2390,2007-06,Bio-Blended Low Sulphur Marine Gas Oil,0
2391,2007-06,Marine Fuel Oil,2581.77
2392,2007-06,Bio-Blended Marine Fuel Oil,0
2393,2007-06,Low Sulphur Fuel Oil,0
2394,2007-06,Bio-Blended Low Sulphur Fuel Oil,0
2395,2007-06,Ultra Low Sulphur Fuel Oil,0
2396,2007-06,Bio-Blended Ultra Low Sulphur Fuel Oil,0
2397,2007-06,B100,0
2398,2007-06,LNG,0
2399,2007-06,Methanol,0
2400,2007-06,Ammonia,0
2401,2007-07,Marine Diesel Oil,2.51
2402,2007-07,Bio-Blended Marine Diesel Oil,0
2403,2007-07,Marine Gas Oil,109.96
2404,2007-07,Bio-Blended Marine Gas Oil,0
2405,2007-07,Low Sulphur Marine Gas Oil,0
2406,2007-07,Bio-Blended Low Sulphur Marine Gas Oil,0
2407,2007-07,Marine Fuel Oil,2380.99
2408,2007-07,Bio-Blended Marine Fuel Oil,0
2409,2007-07,Low Sulphur Fuel Oil,0
2410,2007-07,Bio-Blended Low Sulphur Fuel Oil,0
2411,2007-07,Ultra Low Sulphur Fuel Oil,0
2412,2007-07,Bio-Blended Ultra Low Sulphur Fuel Oil,0
2413,2007-07,B100,0
2414,2007-07,LNG,0
2415,2007-07,Methanol,0
2416,2007-07,Ammonia,0
2417,2007-08,Marine Diesel Oil,1.26
2418,2007-08,Bio-Blended Marine Diesel Oil,0
2419,2007-08,Marine Gas Oil,136.24
2420,2007-08,Bio-Blended Marine Gas Oil,0
2421,2007-08,Low Sulphur Marine Gas Oil,0
2422,2007-08,Bio-Blended Low Sulphur Marine Gas Oil,0
2423,2007-08,Marine Fuel Oil,2788.29
2424,2007-08,Bio-Blended Marine Fuel Oil,0
2425,2007-08,Low Sulphur Fuel Oil,0
2426,2007-08,Bio-Blended Low Sulphur Fuel Oil,0
2427,2007-08,Ultra Low Sulphur Fuel Oil,0
2428,2007-08,Bio-Blended Ultra Low Sulphur Fuel Oil,0
2429,2007-08,B100,0
2430,2007-08,LNG,0
2431,2007-08,Methanol,0
2432,2007-08,Ammonia,0
2433,2007-09,Marine Diesel Oil,1.68
2434,2007-09,Bio-Blended Marine Diesel Oil,0
2435,2007-09,Marine Gas Oil,126.15
2436,2007-09,Bio-Blended Marine Gas Oil,0
2437,2007-09,Low Sulphur Marine Gas Oil,0
2438,2007-09,Bio-Blended Low Sulphur Marine Gas Oil,0
2439,2007-09,Marine Fuel Oil,2683.65
2440,2007-09,Bio-Blended Marine Fuel Oil,0
2441,2007-09,Low Sulphur Fuel Oil,0
2442,2007-09,Bio-Blended Low Sulphur Fuel Oil,0
2443,2007-09,Ultra Low Sulphur Fuel Oil,0
2444,2007-09,Bio-Blended Ultra Low Sulphur Fuel Oil,0
2445,2007-09,B100,0
2446,2007-09,LNG,0
2447,2007-09,Methanol,0
2448,2007-09,Ammonia,0
2449,2007-10,Marine Diesel Oil,0.8
2450,2007-10,Bio-Blended Marine Diesel Oil,0
2451,2007-10,Marine Gas Oil,123.06
2452,2007-10,Bio-Blended Marine Gas Oil,0
2453,2007-10,Low Sulphur Marine Gas Oil,0
2454,2007-10,Bio-Blended Low Sulphur Marine Gas Oil,0
2455,2007-10,Marine Fuel Oil,2597.96
2456,2007-10,Bio-Blended Marine Fuel Oil,0
2457,2007-10,Low Sulphur Fuel Oil,0
2458,2007-10,Bio-Blended Low Sulphur Fuel Oil,0
2459,2007-10,Ultra Low Sulphur Fuel Oil,0
2460,2007-10,Bio-Blended Ultra Low Sulphur Fuel Oil,0
2461,2007-10,B100,0
2462,2007-10,LNG,0
2463,2007-10,Methanol,0
2464,2007-10,Ammonia,0
2465,2007-11,Marine Diesel Oil,1.34
2466,2007-11,Bio-Blended Marine Diesel Oil,0
2467,2007-11,Marine Gas Oil,113.49
2468,2007-11,Bio-Blended Marine Gas Oil,0
2469,2007-11,Low Sulphur Marine Gas Oil,0
2470,2007-11,Bio-Blended Low Sulphur Marine Gas Oil,0
2471,2007-11,Marine Fuel Oil,2408.61
2472,2007-11,Bio-Blended Marine Fuel Oil,0
2473,2007-11,Low Sulphur Fuel Oil,0
2474,2007-11,Bio-Blended Low Sulphur Fuel Oil,0
2475,2007-11,Ultra Low Sulphur Fuel Oil,0
2476,2007-11,Bio-Blended Ultra Low Sulphur Fuel Oil,0
2477,2007-11,B100,0
2478,2007-11,LNG,0
2479,2007-11,Methanol,0
2480,2007-11,Ammonia,0
2481,2007-12,Marine Diesel Oil,0.67
2482,2007-12,Bio-Blended Marine Diesel Oil,0
2483,2007-12,Marine Gas Oil,116.56
2484,2007-12,Bio-Blended Marine Gas Oil,0
2485,2007-12,Low Sulphur Marine Gas Oil,0
2486,2007-12,Bio-Blended Low Sulphur Marine Gas Oil,0
2487,2007-12,Marine Fuel Oil,2615.45
2488,2007-12,Bio-Blended Marine Fuel Oil,0
2489,2007-12,Low Sulphur Fuel Oil,0
2490,2007-12,Bio-Blended Low Sulphur Fuel Oil,0
2491,2007-12,Ultra Low Sulphur Fuel Oil,0
2492,2007-12,Bio-Blended Ultra Low Sulphur Fuel Oil,0
2493,2007-12,B100,0
2494,2007-12,LNG,0
2495,2007-12,Methanol,0
2496,2007-12,Ammonia,0
2497,2008-01,Marine Diesel Oil,0.7
2498,2008-01,Bio-Blended Marine Diesel Oil,0
2499,2008-01,Marine Gas Oil,127.03
2500,2008-01,Bio-Blended Marine Gas Oil,0
2501,2008-01,Low Sulphur Marine Gas Oil,0
2502,2008-01,Bio-Blended Low Sulphur Marine Gas Oil,0
2503,2008-01,Marine Fuel Oil,2674.48
2504,2008-01,Bio-Blended Marine Fuel Oil,0
2505,2008-01,Low Sulphur Fuel Oil,0
2506,2008-01,Bio-Blended Low Sulphur Fuel Oil,0
2507,2008-01,Ultra Low Sulphur Fuel Oil,0
2508,2008-01,Bio-Blended Ultra Low Sulphur Fuel Oil,0
2509,2008-01,B100,0
2510,2008-01,LNG,0
2511,2008-01,Methanol,0
2512,2008-01,Ammonia,0
2513,2008-02,Marine Diesel Oil,1.05
2514,2008-02,Bio-Blended Marine Diesel Oil,0
2515,2008-02,Marine Gas Oil,127.19
2516,2008-02,Bio-Blended Marine Gas Oil,0
2517,2008-02,Low Sulphur Marine Gas Oil,0
2518,2008-02,Bio-Blended Low Sulphur Marine Gas Oil,0
2519,2008-02,Marine Fuel Oil,2605.72
2520,2008-02,Bio-Blended Marine Fuel Oil,0
2521,2008-02,Low Sulphur Fuel Oil,0
2522,2008-02,Bio-Blended Low Sulphur Fuel Oil,0
2523,2008-02,Ultra Low Sulphur Fuel Oil,0
2524,2008-02,Bio-Blended Ultra Low Sulphur Fuel Oil,0
2525,2008-02,B100,0
2526,2008-02,LNG,0
2527,2008-02,Methanol,0
2528,2008-02,Ammonia,0
2529,2008-03,Marine Diesel Oil,1.32
2530,2008-03,Bio-Blended Marine Diesel Oil,0
2531,2008-03,Marine Gas Oil,136.96
2532,2008-03,Bio-Blended Marine Gas Oil,0
2533,2008-03,Low Sulphur Marine Gas Oil,0
2534,2008-03,Bio-Blended Low Sulphur Marine Gas Oil,0
2535,2008-03,Marine Fuel Oil,2907.01
2536,2008-03,Bio-Blended Marine Fuel Oil,0
2537,2008-03,Low Sulphur Fuel Oil,0
2538,2008-03,Bio-Blended Low Sulphur Fuel Oil,0
2539,2008-03,Ultra Low Sulphur Fuel Oil,0
2540,2008-03,Bio-Blended Ultra Low Sulphur Fuel Oil,0
2541,2008-03,B100,0
2542,2008-03,LNG,0
2543,2008-03,Methanol,0
2544,2008-03,Ammonia,0
2545,2008-04,Marine Diesel Oil,0.65
2546,2008-04,Bio-Blended Marine Diesel Oil,0
2547,2008-04,Marine Gas Oil,125.29
2548,2008-04,Bio-Blended Marine Gas Oil,0
2549,2008-04,Low Sulphur Marine Gas Oil,0
2550,2008-04,Bio-Blended Low Sulphur Marine Gas Oil,0
2551,2008-04,Marine Fuel Oil,2921.11
2552,2008-04,Bio-Blended Marine Fuel Oil,0
2553,2008-04,Low Sulphur Fuel Oil,0
2554,2008-04,Bio-Blended Low Sulphur Fuel Oil,0
2555,2008-04,Ultra Low Sulphur Fuel Oil,0
2556,2008-04,Bio-Blended Ultra Low Sulphur Fuel Oil,0
2557,2008-04,B100,0
2558,2008-04,LNG,0
2559,2008-04,Methanol,0
2560,2008-04,Ammonia,0
2561,2008-05,Marine Diesel Oil,1.39
2562,2008-05,Bio-Blended Marine Diesel Oil,0
2563,2008-05,Marine Gas Oil,116.16
2564,2008-05,Bio-Blended Marine Gas Oil,0
2565,2008-05,Low Sulphur Marine Gas Oil,0
2566,2008-05,Bio-Blended Low Sulphur Marine Gas Oil,0
2567,2008-05,Marine Fuel Oil,2801.5
2568,2008-05,Bio-Blended Marine Fuel Oil,0
2569,2008-05,Low Sulphur Fuel Oil,0
2570,2008-05,Bio-Blended Low Sulphur Fuel Oil,0
2571,2008-05,Ultra Low Sulphur Fuel Oil,0
2572,2008-05,Bio-Blended Ultra Low Sulphur Fuel Oil,0
2573,2008-05,B100,0
2574,2008-05,LNG,0
2575,2008-05,Methanol,0
2576,2008-05,Ammonia,0
2577,2008-06,Marine Diesel Oil,1.09
2578,2008-06,Bio-Blended Marine Diesel Oil,0
2579,2008-06,Marine Gas Oil,108.35
2580,2008-06,Bio-Blended Marine Gas Oil,0
2581,2008-06,Low Sulphur Marine Gas Oil,0
2582,2008-06,Bio-Blended Low Sulphur Marine Gas Oil,0
2583,2008-06,Marine Fuel Oil,2700.92
2584,2008-06,Bio-Blended Marine Fuel Oil,0
2585,2008-06,Low Sulphur Fuel Oil,0
2586,2008-06,Bio-Blended Low Sulphur Fuel Oil,0
2587,2008-06,Ultra Low Sulphur Fuel Oil,0
2588,2008-06,Bio-Blended Ultra Low Sulphur Fuel Oil,0
2589,2008-06,B100,0
2590,2008-06,LNG,0
2591,2008-06,Methanol,0
2592,2008-06,Ammonia,0
2593,2008-07,Marine Diesel Oil,1.33
2594,2008-07,Bio-Blended Marine Diesel Oil,0
2595,2008-07,Marine Gas Oil,129.67
2596,2008-07,Bio-Blended Marine Gas Oil,0
2597,2008-07,Low Sulphur Marine Gas Oil,0
2598,2008-07,Bio-Blended Low Sulphur Marine Gas Oil,0
2599,2008-07,Marine Fuel Oil,2899.91
2600,2008-07,Bio-Blended Marine Fuel Oil,0
2601,2008-07,Low Sulphur Fuel Oil,0
2602,2008-07,Bio-Blended Low Sulphur Fuel Oil,0
2603,2008-07,Ultra Low Sulphur Fuel Oil,0
2604,2008-07,Bio-Blended Ultra Low Sulphur Fuel Oil,0
2605,2008-07,B100,0
2606,2008-07,LNG,0
2607,2008-07,Methanol,0
2608,2008-07,Ammonia,0
2609,2008-08,Marine Diesel Oil,1.07
2610,2008-08,Bio-Blended Marine Diesel Oil,0
2611,2008-08,Marine Gas Oil,134.16
2612,2008-08,Bio-Blended Marine Gas Oil,0
2613,2008-08,Low Sulphur Marine Gas Oil,0
2614,2008-08,Bio-Blended Low Sulphur Marine Gas Oil,0
2615,2008-08,Marine Fuel Oil,3016.44
2616,2008-08,Bio-Blended Marine Fuel Oil,0
2617,2008-08,Low Sulphur Fuel Oil,0
2618,2008-08,Bio-Blended Low Sulphur Fuel Oil,0
2619,2008-08,Ultra Low Sulphur Fuel Oil,0
2620,2008-08,Bio-Blended Ultra Low Sulphur Fuel Oil,0
2621,2008-08,B100,0
2622,2008-08,LNG,0
2623,2008-08,Methanol,0
2624,2008-08,Ammonia,0
2625,2008-09,Marine Diesel Oil,0.76
2626,2008-09,Bio-Blended Marine Diesel Oil,0
2627,2008-09,Marine Gas Oil,134.33
2628,2008-09,Bio-Blended Marine Gas Oil,0
2629,2008-09,Low Sulphur Marine Gas Oil,0
2630,2008-09,Bio-Blended Low Sulphur Marine Gas Oil,0
2631,2008-09,Marine Fuel Oil,2721.14
2632,2008-09,Bio-Blended Marine Fuel Oil,0
2633,2008-09,Low Sulphur Fuel Oil,0
2634,2008-09,Bio-Blended Low Sulphur Fuel Oil,0
2635,2008-09,Ultra Low Sulphur Fuel Oil,0
2636,2008-09,Bio-Blended Ultra Low Sulphur Fuel Oil,0
2637,2008-09,B100,0
2638,2008-09,LNG,0
2639,2008-09,Methanol,0
2640,2008-09,Ammonia,0
2641,2008-10,Marine Diesel Oil,1.28
2642,2008-10,Bio-Blended Marine Diesel Oil,0
2643,2008-10,Marine Gas Oil,135.7
2644,2008-10,Bio-Blended Marine Gas Oil,0
2645,2008-10,Low Sulphur Marine Gas Oil,0
2646,2008-10,Bio-Blended Low Sulphur Marine Gas Oil,0
2647,2008-10,Marine Fuel Oil,2788.52
2648,2008-10,Bio-Blended Marine Fuel Oil,0
2649,2008-10,Low Sulphur Fuel Oil,0
2650,2008-10,Bio-Blended Low Sulphur Fuel Oil,0
2651,2008-10,Ultra Low Sulphur Fuel Oil,0
2652,2008-10,Bio-Blended Ultra Low Sulphur Fuel Oil,0
2653,2008-10,B100,0
2654,2008-10,LNG,0
2655,2008-10,Methanol,0
2656,2008-10,Ammonia,0
2657,2008-11,Marine Diesel Oil,0.82
2658,2008-11,Bio-Blended Marine Diesel Oil,0
2659,2008-11,Marine Gas Oil,122.59
2660,2008-11,Bio-Blended Marine Gas Oil,0
2661,2008-11,Low Sulphur Marine Gas Oil,0
2662,2008-11,Bio-Blended Low Sulphur Marine Gas Oil,0
2663,2008-11,Marine Fuel Oil,2756.5
2664,2008-11,Bio-Blended Marine Fuel Oil,0
2665,2008-11,Low Sulphur Fuel Oil,0
2666,2008-11,Bio-Blended Low Sulphur Fuel Oil,0
2667,2008-11,Ultra Low Sulphur Fuel Oil,0
2668,2008-11,Bio-Blended Ultra Low Sulphur Fuel Oil,0
2669,2008-11,B100,0
2670,2008-11,LNG,0
2671,2008-11,Methanol,0
2672,2008-11,Ammonia,0
2673,2008-12,Marine Diesel Oil,0.27
2674,2008-12,Bio-Blended Marine Diesel Oil,0
2675,2008-12,Marine Gas Oil,140.08
2676,2008-12,Bio-Blended Marine Gas Oil,0
2677,2008-12,Low Sulphur Marine Gas Oil,0
2678,2008-12,Bio-Blended Low Sulphur Marine Gas Oil,0
2679,2008-12,Marine Fuel Oil,2593.95
2680,2008-12,Bio-Blended Marine Fuel Oil,0
2681,2008-12,Low Sulphur Fuel Oil,0
2682,2008-12,Bio-Blended Low Sulphur Fuel Oil,0
2683,2008-12,Ultra Low Sulphur Fuel Oil,0
2684,2008-12,Bio-Blended Ultra Low Sulphur Fuel Oil,0
2685,2008-12,B100,0
2686,2008-12,LNG,0
2687,2008-12,Methanol,0
2688,2008-12,Ammonia,0
2689,2009-01,Marine Diesel Oil,1.6
2690,2009-01,Bio-Blended Marine Diesel Oil,0
2691,2009-01,Marine Gas Oil,132.27
2692,2009-01,Bio-Blended Marine Gas Oil,0
2693,2009-01,Low Sulphur Marine Gas Oil,0
2694,2009-01,Bio-Blended Low Sulphur Marine Gas Oil,0
2695,2009-01,Marine Fuel Oil,2885.88
2696,2009-01,Bio-Blended Marine Fuel Oil,0
2697,2009-01,Low Sulphur Fuel Oil,0
2698,2009-01,Bio-Blended Low Sulphur Fuel Oil,0
2699,2009-01,Ultra Low Sulphur Fuel Oil,0
2700,2009-01,Bio-Blended Ultra Low Sulphur Fuel Oil,0
2701,2009-01,B100,0
2702,2009-01,LNG,0
2703,2009-01,Methanol,0
2704,2009-01,Ammonia,0
2705,2009-02,Marine Diesel Oil,1.1
2706,2009-02,Bio-Blended Marine Diesel Oil,0
2707,2009-02,Marine Gas Oil,126.82
2708,2009-02,Bio-Blended Marine Gas Oil,0
2709,2009-02,Low Sulphur Marine Gas Oil,0
2710,2009-02,Bio-Blended Low Sulphur Marine Gas Oil,0
2711,2009-02,Marine Fuel Oil,2542.11
2712,2009-02,Bio-Blended Marine Fuel Oil,0
2713,2009-02,Low Sulphur Fuel Oil,0
2714,2009-02,Bio-Blended Low Sulphur Fuel Oil,0
2715,2009-02,Ultra Low Sulphur Fuel Oil,0
2716,2009-02,Bio-Blended Ultra Low Sulphur Fuel Oil,0
2717,2009-02,B100,0
2718,2009-02,LNG,0
2719,2009-02,Methanol,0
2720,2009-02,Ammonia,0
2721,2009-03,Marine Diesel Oil,1.68
2722,2009-03,Bio-Blended Marine Diesel Oil,0
2723,2009-03,Marine Gas Oil,147.19
2724,2009-03,Bio-Blended Marine Gas Oil,0
2725,2009-03,Low Sulphur Marine Gas Oil,0
2726,2009-03,Bio-Blended Low Sulphur Marine Gas Oil,0
2727,2009-03,Marine Fuel Oil,2980.85
2728,2009-03,Bio-Blended Marine Fuel Oil,0
2729,2009-03,Low Sulphur Fuel Oil,0
2730,2009-03,Bio-Blended Low Sulphur Fuel Oil,0
2731,2009-03,Ultra Low Sulphur Fuel Oil,0
2732,2009-03,Bio-Blended Ultra Low Sulphur Fuel Oil,0
2733,2009-03,B100,0
2734,2009-03,LNG,0
2735,2009-03,Methanol,0
2736,2009-03,Ammonia,0
2737,2009-04,Marine Diesel Oil,1.05
2738,2009-04,Bio-Blended Marine Diesel Oil,0
2739,2009-04,Marine Gas Oil,126.71
2740,2009-04,Bio-Blended Marine Gas Oil,0
2741,2009-04,Low Sulphur Marine Gas Oil,0
2742,2009-04,Bio-Blended Low Sulphur Marine Gas Oil,0
2743,2009-04,Marine Fuel Oil,2757.05
2744,2009-04,Bio-Blended Marine Fuel Oil,0
2745,2009-04,Low Sulphur Fuel Oil,0
2746,2009-04,Bio-Blended Low Sulphur Fuel Oil,0
2747,2009-04,Ultra Low Sulphur Fuel Oil,0
2748,2009-04,Bio-Blended Ultra Low Sulphur Fuel Oil,0
2749,2009-04,B100,0
2750,2009-04,LNG,0
2751,2009-04,Methanol,0
2752,2009-04,Ammonia,0
2753,2009-05,Marine Diesel Oil,0.94
2754,2009-05,Bio-Blended Marine Diesel Oil,0
2755,2009-05,Marine Gas Oil,143.37
2756,2009-05,Bio-Blended Marine Gas Oil,0
2757,2009-05,Low Sulphur Marine Gas Oil,0
2758,2009-05,Bio-Blended Low Sulphur Marine Gas Oil,0
2759,2009-05,Marine Fuel Oil,3082.91
2760,2009-05,Bio-Blended Marine Fuel Oil,0
2761,2009-05,Low Sulphur Fuel Oil,0
2762,2009-05,Bio-Blended Low Sulphur Fuel Oil,0
2763,2009-05,Ultra Low Sulphur Fuel Oil,0
2764,2009-05,Bio-Blended Ultra Low Sulphur Fuel Oil,0
2765,2009-05,B100,0
2766,2009-05,LNG,0
2767,2009-05,Methanol,0
2768,2009-05,Ammonia,0
2769,2009-06,Marine Diesel Oil,0.64
2770,2009-06,Bio-Blended Marine Diesel Oil,0
2771,2009-06,Marine Gas Oil,132.64
2772,2009-06,Bio-Blended Marine Gas Oil,0
2773,2009-06,Low Sulphur Marine Gas Oil,0
2774,2009-06,Bio-Blended Low Sulphur Marine Gas Oil,0
2775,2009-06,Marine Fuel Oil,2827.42
2776,2009-06,Bio-Blended Marine Fuel Oil,0
2777,2009-06,Low Sulphur Fuel Oil,0
2778,2009-06,Bio-Blended Low Sulphur Fuel Oil,0
2779,2009-06,Ultra Low Sulphur Fuel Oil,0
2780,2009-06,Bio-Blended Ultra Low Sulphur Fuel Oil,0
2781,2009-06,B100,0
2782,2009-06,LNG,0
2783,2009-06,Methanol,0
2784,2009-06,Ammonia,0
2785,2009-07,Marine Diesel Oil,0.9
2786,2009-07,Bio-Blended Marine Diesel Oil,0
2787,2009-07,Marine Gas Oil,132.49
2788,2009-07,Bio-Blended Marine Gas Oil,0
2789,2009-07,Low Sulphur Marine Gas Oil,0
2790,2009-07,Bio-Blended Low Sulphur Marine Gas Oil,0
2791,2009-07,Marine Fuel Oil,2939.22
2792,2009-07,Bio-Blended Marine Fuel Oil,0
2793,2009-07,Low Sulphur Fuel Oil,0
2794,2009-07,Bio-Blended Low Sulphur Fuel Oil,0
2795,2009-07,Ultra Low Sulphur Fuel Oil,0
2796,2009-07,Bio-Blended Ultra Low Sulphur Fuel Oil,0
2797,2009-07,B100,0
2798,2009-07,LNG,0
2799,2009-07,Methanol,0
2800,2009-07,Ammonia,0
2801,2009-08,Marine Diesel Oil,0.8
2802,2009-08,Bio-Blended Marine Diesel Oil,0
2803,2009-08,Marine Gas Oil,134.68
2804,2009-08,Bio-Blended Marine Gas Oil,0
2805,2009-08,Low Sulphur Marine Gas Oil,0
2806,2009-08,Bio-Blended Low Sulphur Marine Gas Oil,0
2807,2009-08,Marine Fuel Oil,2927.64
2808,2009-08,Bio-Blended Marine Fuel Oil,0
2809,2009-08,Low Sulphur Fuel Oil,0
2810,2009-08,Bio-Blended Low Sulphur Fuel Oil,0
2811,2009-08,Ultra Low Sulphur Fuel Oil,0
2812,2009-08,Bio-Blended Ultra Low Sulphur Fuel Oil,0
2813,2009-08,B100,0
2814,2009-08,LNG,0
2815,2009-08,Methanol,0
2816,2009-08,Ammonia,0
2817,2009-09,Marine Diesel Oil,0.45
2818,2009-09,Bio-Blended Marine Diesel Oil,0
2819,2009-09,Marine Gas Oil,126.52
2820,2009-09,Bio-Blended Marine Gas Oil,0
2821,2009-09,Low Sulphur Marine Gas Oil,0
2822,2009-09,Bio-Blended Low Sulphur Marine Gas Oil,0
2823,2009-09,Marine Fuel Oil,3045.41
2824,2009-09,Bio-Blended Marine Fuel Oil,0
2825,2009-09,Low Sulphur Fuel Oil,0
2826,2009-09,Bio-Blended Low Sulphur Fuel Oil,0
2827,2009-09,Ultra Low Sulphur Fuel Oil,0
2828,2009-09,Bio-Blended Ultra Low Sulphur Fuel Oil,0
2829,2009-09,B100,0
2830,2009-09,LNG,0
2831,2009-09,Methanol,0
2832,2009-09,Ammonia,0
2833,2009-10,Marine Diesel Oil,1.1
2834,2009-10,Bio-Blended Marine Diesel Oil,0
2835,2009-10,Marine Gas Oil,136.79
2836,2009-10,Bio-Blended Marine Gas Oil,0
2837,2009-10,Low Sulphur Marine Gas Oil,0
2838,2009-10,Bio-Blended Low Sulphur Marine Gas Oil,0
2839,2009-10,Marine Fuel Oil,2984.45
2840,2009-10,Bio-Blended Marine Fuel Oil,0
2841,2009-10,Low Sulphur Fuel Oil,0
2842,2009-10,Bio-Blended Low Sulphur Fuel Oil,0
2843,2009-10,Ultra Low Sulphur Fuel Oil,0
2844,2009-10,Bio-Blended Ultra Low Sulphur Fuel Oil,0
2845,2009-10,B100,0
2846,2009-10,LNG,0
2847,2009-10,Methanol,0
2848,2009-10,Ammonia,0
2849,2009-11,Marine Diesel Oil,0.82
2850,2009-11,Bio-Blended Marine Diesel Oil,0
2851,2009-11,Marine Gas Oil,114.26
2852,2009-11,Bio-Blended Marine Gas Oil,0
2853,2009-11,Low Sulphur Marine Gas Oil,0
2854,2009-11,Bio-Blended Low Sulphur Marine Gas Oil,0
2855,2009-11,Marine Fuel Oil,2767.75
2856,2009-11,Bio-Blended Marine Fuel Oil,0
2857,2009-11,Low Sulphur Fuel Oil,0
2858,2009-11,Bio-Blended Low Sulphur Fuel Oil,0
2859,2009-11,Ultra Low Sulphur Fuel Oil,0
2860,2009-11,Bio-Blended Ultra Low Sulphur Fuel Oil,0
2861,2009-11,B100,0
2862,2009-11,LNG,0
2863,2009-11,Methanol,0
2864,2009-11,Ammonia,0
2865,2009-12,Marine Diesel Oil,0.67
2866,2009-12,Bio-Blended Marine Diesel Oil,0
2867,2009-12,Marine Gas Oil,129.47
2868,2009-12,Bio-Blended Marine Gas Oil,0
2869,2009-12,Low Sulphur Marine Gas Oil,0
2870,2009-12,Bio-Blended Low Sulphur Marine Gas Oil,0
2871,2009-12,Marine Fuel Oil,3051.13
2872,2009-12,Bio-Blended Marine Fuel Oil,0
2873,2009-12,Low Sulphur Fuel Oil,0
2874,2009-12,Bio-Blended Low Sulphur Fuel Oil,0
2875,2009-12,Ultra Low Sulphur Fuel Oil,0
2876,2009-12,Bio-Blended Ultra Low Sulphur Fuel Oil,0
2877,2009-12,B100,0
2878,2009-12,LNG,0
2879,2009-12,Methanol,0
2880,2009-12,Ammonia,0
2881,2010-01,Marine Diesel Oil,0.88
2882,2010-01,Bio-Blended Marine Diesel Oil,0
2883,2010-01,Marine Gas Oil,132.08
2884,2010-01,Bio-Blended Marine Gas Oil,0
2885,2010-01,Low Sulphur Marine Gas Oil,0
2886,2010-01,Bio-Blended Low Sulphur Marine Gas Oil,0
2887,2010-01,Marine Fuel Oil,3079.58
2888,2010-01,Bio-Blended Marine Fuel Oil,0
2889,2010-01,Low Sulphur Fuel Oil,0
2890,2010-01,Bio-Blended Low Sulphur Fuel Oil,0
2891,2010-01,Ultra Low Sulphur Fuel Oil,0
2892,2010-01,Bio-Blended Ultra Low Sulphur Fuel Oil,0
2893,2010-01,B100,0
2894,2010-01,LNG,0
2895,2010-01,Methanol,0
2896,2010-01,Ammonia,0
2897,2010-02,Marine Diesel Oil,0.99
2898,2010-02,Bio-Blended Marine Diesel Oil,0
2899,2010-02,Marine Gas Oil,137.03
2900,2010-02,Bio-Blended Marine Gas Oil,0
2901,2010-02,Low Sulphur Marine Gas Oil,0
2902,2010-02,Bio-Blended Low Sulphur Marine Gas Oil,0
2903,2010-02,Marine Fuel Oil,2884.35
2904,2010-02,Bio-Blended Marine Fuel Oil,0
2905,2010-02,Low Sulphur Fuel Oil,0
2906,2010-02,Bio-Blended Low Sulphur Fuel Oil,0
2907,2010-02,Ultra Low Sulphur Fuel Oil,0
2908,2010-02,Bio-Blended Ultra Low Sulphur Fuel Oil,0
2909,2010-02,B100,0
2910,2010-02,LNG,0
2911,2010-02,Methanol,0
2912,2010-02,Ammonia,0
2913,2010-03,Marine Diesel Oil,0.66
2914,2010-03,Bio-Blended Marine Diesel Oil,0
2915,2010-03,Marine Gas Oil,140.83
2916,2010-03,Bio-Blended Marine Gas Oil,0
2917,2010-03,Low Sulphur Marine Gas Oil,0
2918,2010-03,Bio-Blended Low Sulphur Marine Gas Oil,0
2919,2010-03,Marine Fuel Oil,3187.06
2920,2010-03,Bio-Blended Marine Fuel Oil,0
2921,2010-03,Low Sulphur Fuel Oil,0
2922,2010-03,Bio-Blended Low Sulphur Fuel Oil,0
2923,2010-03,Ultra Low Sulphur Fuel Oil,0
2924,2010-03,Bio-Blended Ultra Low Sulphur Fuel Oil,0
2925,2010-03,B100,0
2926,2010-03,LNG,0
2927,2010-03,Methanol,0
2928,2010-03,Ammonia,0
2929,2010-04,Marine Diesel Oil,0.84
2930,2010-04,Bio-Blended Marine Diesel Oil,0
2931,2010-04,Marine Gas Oil,144.47
2932,2010-04,Bio-Blended Marine Gas Oil,0
2933,2010-04,Low Sulphur Marine Gas Oil,0
2934,2010-04,Bio-Blended Low Sulphur Marine Gas Oil,0
2935,2010-04,Marine Fuel Oil,3277.33
2936,2010-04,Bio-Blended Marine Fuel Oil,0
2937,2010-04,Low Sulphur Fuel Oil,0
2938,2010-04,Bio-Blended Low Sulphur Fuel Oil,0
2939,2010-04,Ultra Low Sulphur Fuel Oil,0
2940,2010-04,Bio-Blended Ultra Low Sulphur Fuel Oil,0
2941,2010-04,B100,0
2942,2010-04,LNG,0
2943,2010-04,Methanol,0
2944,2010-04,Ammonia,0
2945,2010-05,Marine Diesel Oil,1.03
2946,2010-05,Bio-Blended Marine Diesel Oil,0
2947,2010-05,Marine Gas Oil,137.01
2948,2010-05,Bio-Blended Marine Gas Oil,0
2949,2010-05,Low Sulphur Marine Gas Oil,0
2950,2010-05,Bio-Blended Low Sulphur Marine Gas Oil,0
2951,2010-05,Marine Fuel Oil,3332.4
2952,2010-05,Bio-Blended Marine Fuel Oil,0
2953,2010-05,Low Sulphur Fuel Oil,0
2954,2010-05,Bio-Blended Low Sulphur Fuel Oil,0
2955,2010-05,Ultra Low Sulphur Fuel Oil,0
2956,2010-05,Bio-Blended Ultra Low Sulphur Fuel Oil,0
2957,2010-05,B100,0
2958,2010-05,LNG,0
2959,2010-05,Methanol,0
2960,2010-05,Ammonia,0
2961,2010-06,Marine Diesel Oil,0.6
2962,2010-06,Bio-Blended Marine Diesel Oil,0
2963,2010-06,Marine Gas Oil,134.72
2964,2010-06,Bio-Blended Marine Gas Oil,0
2965,2010-06,Low Sulphur Marine Gas Oil,0
2966,2010-06,Bio-Blended Low Sulphur Marine Gas Oil,0
2967,2010-06,Marine Fuel Oil,3408.48
2968,2010-06,Bio-Blended Marine Fuel Oil,0
2969,2010-06,Low Sulphur Fuel Oil,0
2970,2010-06,Bio-Blended Low Sulphur Fuel Oil,0
2971,2010-06,Ultra Low Sulphur Fuel Oil,0
2972,2010-06,Bio-Blended Ultra Low Sulphur Fuel Oil,0
2973,2010-06,B100,0
2974,2010-06,LNG,0
2975,2010-06,Methanol,0
2976,2010-06,Ammonia,0
2977,2010-07,Marine Diesel Oil,0.49
2978,2010-07,Bio-Blended Marine Diesel Oil,0
2979,2010-07,Marine Gas Oil,129.64
2980,2010-07,Bio-Blended Marine Gas Oil,0
2981,2010-07,Low Sulphur Marine Gas Oil,0
2982,2010-07,Bio-Blended Low Sulphur Marine Gas Oil,0
2983,2010-07,Marine Fuel Oil,3433.67
2984,2010-07,Bio-Blended Marine Fuel Oil,0
2985,2010-07,Low Sulphur Fuel Oil,0
2986,2010-07,Bio-Blended Low Sulphur Fuel Oil,0
2987,2010-07,Ultra Low Sulphur Fuel Oil,0
2988,2010-07,Bio-Blended Ultra Low Sulphur Fuel Oil,0
2989,2010-07,B100,0
2990,2010-07,LNG,0
2991,2010-07,Methanol,0
2992,2010-07,Ammonia,0
2993,2010-08,Marine Diesel Oil,0.5
2994,2010-08,Bio-Blended Marine Diesel Oil,0
2995,2010-08,Marine Gas Oil,131.22
2996,2010-08,Bio-Blended Marine Gas Oil,0
2997,2010-08,Low Sulphur Marine Gas Oil,0
2998,2010-08,Bio-Blended Low Sulphur Marine Gas Oil,0
2999,2010-08,Marine Fuel Oil,3243.3
3000,2010-08,Bio-Blended Marine Fuel Oil,0
3001,2010-08,Low Sulphur Fuel Oil,0
3002,2010-08,Bio-Blended Low Sulphur Fuel Oil,0
3003,2010-08,Ultra Low Sulphur Fuel Oil,0
3004,2010-08,Bio-Blended Ultra Low Sulphur Fuel Oil,0
3005,2010-08,B100,0
3006,2010-08,LNG,0
3007,2010-08,Methanol,0
3008,2010-08,Ammonia,0
3009,2010-09,Marine Diesel Oil,0.6
3010,2010-09,Bio-Blended Marine Diesel Oil,0
3011,2010-09,Marine Gas Oil,124.86
3012,2010-09,Bio-Blended Marine Gas Oil,0
3013,2010-09,Low Sulphur Marine Gas Oil,0
3014,2010-09,Bio-Blended Low Sulphur Marine Gas Oil,0
3015,2010-09,Marine Fuel Oil,3428.28
3016,2010-09,Bio-Blended Marine Fuel Oil,0
3017,2010-09,Low Sulphur Fuel Oil,0
3018,2010-09,Bio-Blended Low Sulphur Fuel Oil,0
3019,2010-09,Ultra Low Sulphur Fuel Oil,0
3020,2010-09,Bio-Blended Ultra Low Sulphur Fuel Oil,0
3021,2010-09,B100,0
3022,2010-09,LNG,0
3023,2010-09,Methanol,0
3024,2010-09,Ammonia,0
3025,2010-10,Marine Diesel Oil,0.69
3026,2010-10,Bio-Blended Marine Diesel Oil,0
3027,2010-10,Marine Gas Oil,130.77
3028,2010-10,Bio-Blended Marine Gas Oil,0
3029,2010-10,Low Sulphur Marine Gas Oil,0
3030,2010-10,Bio-Blended Low Sulphur Marine Gas Oil,0
3031,2010-10,Marine Fuel Oil,3424.64
3032,2010-10,Bio-Blended Marine Fuel Oil,0
3033,2010-10,Low Sulphur Fuel Oil,0
3034,2010-10,Bio-Blended Low Sulphur Fuel Oil,0
3035,2010-10,Ultra Low Sulphur Fuel Oil,0
3036,2010-10,Bio-Blended Ultra Low Sulphur Fuel Oil,0
3037,2010-10,B100,0
3038,2010-10,LNG,0
3039,2010-10,Methanol,0
3040,2010-10,Ammonia,0
3041,2010-11,Marine Diesel Oil,0.66
3042,2010-11,Bio-Blended Marine Diesel Oil,0
3043,2010-11,Marine Gas Oil,138.35
3044,2010-11,Bio-Blended Marine Gas Oil,0
3045,2010-11,Low Sulphur Marine Gas Oil,0
3046,2010-11,Bio-Blended Low Sulphur Marine Gas Oil,0
3047,2010-11,Marine Fuel Oil,3171.97
3048,2010-11,Bio-Blended Marine Fuel Oil,0
3049,2010-11,Low Sulphur Fuel Oil,0
3050,2010-11,Bio-Blended Low Sulphur Fuel Oil,0
3051,2010-11,Ultra Low Sulphur Fuel Oil,0
3052,2010-11,Bio-Blended Ultra Low Sulphur Fuel Oil,0
3053,2010-11,B100,0
3054,2010-11,LNG,0
3055,2010-11,Methanol,0
3056,2010-11,Ammonia,0
3057,2010-12,Marine Diesel Oil,0.57
3058,2010-12,Bio-Blended Marine Diesel Oil,0
3059,2010-12,Marine Gas Oil,115.64
3060,2010-12,Bio-Blended Marine Gas Oil,0
3061,2010-12,Low Sulphur Marine Gas Oil,0
3062,2010-12,Bio-Blended Low Sulphur Marine Gas Oil,0
3063,2010-12,Marine Fuel Oil,3376.81
3064,2010-12,Bio-Blended Marine Fuel Oil,0
3065,2010-12,Low Sulphur Fuel Oil,0
3066,2010-12,Bio-Blended Low Sulphur Fuel Oil,0
3067,2010-12,Ultra Low Sulphur Fuel Oil,0
3068,2010-12,Bio-Blended Ultra Low Sulphur Fuel Oil,0
3069,2010-12,B100,0
3070,2010-12,LNG,0
3071,2010-12,Methanol,0
3072,2010-12,Ammonia,0
3073,2011-01,Marine Diesel Oil,0.64
3074,2011-01,Bio-Blended Marine Diesel Oil,0
3075,2011-01,Marine Gas Oil,133.99
3076,2011-01,Bio-Blended Marine Gas Oil,0
3077,2011-01,Low Sulphur Marine Gas Oil,0
3078,2011-01,Bio-Blended Low Sulphur Marine Gas Oil,0
3079,2011-01,Marine Fuel Oil,3507.73
3080,2011-01,Bio-Blended Marine Fuel Oil,0
3081,2011-01,Low Sulphur Fuel Oil,0
3082,2011-01,Bio-Blended Low Sulphur Fuel Oil,0
3083,2011-01,Ultra Low Sulphur Fuel Oil,0
3084,2011-01,Bio-Blended Ultra Low Sulphur Fuel Oil,0
3085,2011-01,B100,0
3086,2011-01,LNG,0
3087,2011-01,Methanol,0
3088,2011-01,Ammonia,0
3089,2011-02,Marine Diesel Oil,0.56
3090,2011-02,Bio-Blended Marine Diesel Oil,0
3091,2011-02,Marine Gas Oil,111.73
3092,2011-02,Bio-Blended Marine Gas Oil,0
3093,2011-02,Low Sulphur Marine Gas Oil,0
3094,2011-02,Bio-Blended Low Sulphur Marine Gas Oil,0
3095,2011-02,Marine Fuel Oil,3156.49
3096,2011-02,Bio-Blended Marine Fuel Oil,0
3097,2011-02,Low Sulphur Fuel Oil,0
3098,2011-02,Bio-Blended Low Sulphur Fuel Oil,0
3099,2011-02,Ultra Low Sulphur Fuel Oil,0
3100,2011-02,Bio-Blended Ultra Low Sulphur Fuel Oil,0
3101,2011-02,B100,0
3102,2011-02,LNG,0
3103,2011-02,Methanol,0
3104,2011-02,Ammonia,0
3105,2011-03,Marine Diesel Oil,0.78
3106,2011-03,Bio-Blended Marine Diesel Oil,0
3107,2011-03,Marine Gas Oil,134.94
3108,2011-03,Bio-Blended Marine Gas Oil,0
3109,2011-03,Low Sulphur Marine Gas Oil,0
3110,2011-03,Bio-Blended Low Sulphur Marine Gas Oil,0
3111,2011-03,Marine Fuel Oil,3384.98
3112,2011-03,Bio-Blended Marine Fuel Oil,0
3113,2011-03,Low Sulphur Fuel Oil,0
3114,2011-03,Bio-Blended Low Sulphur Fuel Oil,0
3115,2011-03,Ultra Low Sulphur Fuel Oil,0
3116,2011-03,Bio-Blended Ultra Low Sulphur Fuel Oil,0
3117,2011-03,B100,0
3118,2011-03,LNG,0
3119,2011-03,Methanol,0
3120,2011-03,Ammonia,0
3121,2011-04,Marine Diesel Oil,0.76
3122,2011-04,Bio-Blended Marine Diesel Oil,0
3123,2011-04,Marine Gas Oil,118.89
3124,2011-04,Bio-Blended Marine Gas Oil,0
3125,2011-04,Low Sulphur Marine Gas Oil,0
3126,2011-04,Bio-Blended Low Sulphur Marine Gas Oil,0
3127,2011-04,Marine Fuel Oil,3128.84
3128,2011-04,Bio-Blended Marine Fuel Oil,0
3129,2011-04,Low Sulphur Fuel Oil,0
3130,2011-04,Bio-Blended Low Sulphur Fuel Oil,0
3131,2011-04,Ultra Low Sulphur Fuel Oil,0
3132,2011-04,Bio-Blended Ultra Low Sulphur Fuel Oil,0
3133,2011-04,B100,0
3134,2011-04,LNG,0
3135,2011-04,Methanol,0
3136,2011-04,Ammonia,0
3137,2011-05,Marine Diesel Oil,0.62
3138,2011-05,Bio-Blended Marine Diesel Oil,0
3139,2011-05,Marine Gas Oil,123.17
3140,2011-05,Bio-Blended Marine Gas Oil,0
3141,2011-05,Low Sulphur Marine Gas Oil,0
3142,2011-05,Bio-Blended Low Sulphur Marine Gas Oil,0
3143,2011-05,Marine Fuel Oil,3498.12
3144,2011-05,Bio-Blended Marine Fuel Oil,0
3145,2011-05,Low Sulphur Fuel Oil,0
3146,2011-05,Bio-Blended Low Sulphur Fuel Oil,0
3147,2011-05,Ultra Low Sulphur Fuel Oil,0
3148,2011-05,Bio-Blended Ultra Low Sulphur Fuel Oil,0
3149,2011-05,B100,0
3150,2011-05,LNG,0
3151,2011-05,Methanol,0
3152,2011-05,Ammonia,0
3153,2011-06,Marine Diesel Oil,0.47
3154,2011-06,Bio-Blended Marine Diesel Oil,0
3155,2011-06,Marine Gas Oil,143.36
3156,2011-06,Bio-Blended Marine Gas Oil,0
3157,2011-06,Low Sulphur Marine Gas Oil,0
3158,2011-06,Bio-Blended Low Sulphur Marine Gas Oil,0
3159,2011-06,Marine Fuel Oil,3715.37
3160,2011-06,Bio-Blended Marine Fuel Oil,0
3161,2011-06,Low Sulphur Fuel Oil,0
3162,2011-06,Bio-Blended Low Sulphur Fuel Oil,0
3163,2011-06,Ultra Low Sulphur Fuel Oil,0
3164,2011-06,Bio-Blended Ultra Low Sulphur Fuel Oil,0
3165,2011-06,B100,0
3166,2011-06,LNG,0
3167,2011-06,Methanol,0
3168,2011-06,Ammonia,0
3169,2011-07,Marine Diesel Oil,0.61
3170,2011-07,Bio-Blended Marine Diesel Oil,0
3171,2011-07,Marine Gas Oil,127.83
3172,2011-07,Bio-Blended Marine Gas Oil,0
3173,2011-07,Low Sulphur Marine Gas Oil,0
3174,2011-07,Bio-Blended Low Sulphur Marine Gas Oil,0
3175,2011-07,Marine Fuel Oil,3514.48
3176,2011-07,Bio-Blended Marine Fuel Oil,0
3177,2011-07,Low Sulphur Fuel Oil,0
3178,2011-07,Bio-Blended Low Sulphur Fuel Oil,0
3179,2011-07,Ultra Low Sulphur Fuel Oil,0
3180,2011-07,Bio-Blended Ultra Low Sulphur Fuel Oil,0
3181,2011-07,B100,0
3182,2011-07,LNG,0
3183,2011-07,Methanol,0
3184,2011-07,Ammonia,0
3185,2011-08,Marine Diesel Oil,0.75
3186,2011-08,Bio-Blended Marine Diesel Oil,0
3187,2011-08,Marine Gas Oil,149.26
3188,2011-08,Bio-Blended Marine Gas Oil,0
3189,2011-08,Low Sulphur Marine Gas Oil,0
3190,2011-08,Bio-Blended Low Sulphur Marine Gas Oil,0
3191,2011-08,Marine Fuel Oil,3665.25
3192,2011-08,Bio-Blended Marine Fuel Oil,0
3193,2011-08,Low Sulphur Fuel Oil,0
3194,2011-08,Bio-Blended Low Sulphur Fuel Oil,0
3195,2011-08,Ultra Low Sulphur Fuel Oil,0
3196,2011-08,Bio-Blended Ultra Low Sulphur Fuel Oil,0
3197,2011-08,B100,0
3198,2011-08,LNG,0
3199,2011-08,Methanol,0
3200,2011-08,Ammonia,0
3201,2011-09,Marine Diesel Oil,0.44
3202,2011-09,Bio-Blended Marine Diesel Oil,0
3203,2011-09,Marine Gas Oil,125.65
3204,2011-09,Bio-Blended Marine Gas Oil,0
3205,2011-09,Low Sulphur Marine Gas Oil,0
3206,2011-09,Bio-Blended Low Sulphur Marine Gas Oil,0
3207,2011-09,Marine Fuel Oil,3442.27
3208,2011-09,Bio-Blended Marine Fuel Oil,0
3209,2011-09,Low Sulphur Fuel Oil,0
3210,2011-09,Bio-Blended Low Sulphur Fuel Oil,0
3211,2011-09,Ultra Low Sulphur Fuel Oil,0
3212,2011-09,Bio-Blended Ultra Low Sulphur Fuel Oil,0
3213,2011-09,B100,0
3214,2011-09,LNG,0
3215,2011-09,Methanol,0
3216,2011-09,Ammonia,0
3217,2011-10,Marine Diesel Oil,0.2
3218,2011-10,Bio-Blended Marine Diesel Oil,0
3219,2011-10,Marine Gas Oil,145.09
3220,2011-10,Bio-Blended Marine Gas Oil,0
3221,2011-10,Low Sulphur Marine Gas Oil,0
3222,2011-10,Bio-Blended Low Sulphur Marine Gas Oil,0
3223,2011-10,Marine Fuel Oil,3400.89
3224,2011-10,Bio-Blended Marine Fuel Oil,0
3225,2011-10,Low Sulphur Fuel Oil,0
3226,2011-10,Bio-Blended Low Sulphur Fuel Oil,0
3227,2011-10,Ultra Low Sulphur Fuel Oil,0
3228,2011-10,Bio-Blended Ultra Low Sulphur Fuel Oil,0
3229,2011-10,B100,0
3230,2011-10,LNG,0
3231,2011-10,Methanol,0
3232,2011-10,Ammonia,0
3233,2011-11,Marine Diesel Oil,0.6
3234,2011-11,Bio-Blended Marine Diesel Oil,0
3235,2011-11,Marine Gas Oil,126.76
3236,2011-11,Bio-Blended Marine Gas Oil,0
3237,2011-11,Low Sulphur Marine Gas Oil,0
3238,2011-11,Bio-Blended Low Sulphur Marine Gas Oil,0
3239,2011-11,Marine Fuel Oil,3488.03
3240,2011-11,Bio-Blended Marine Fuel Oil,0
3241,2011-11,Low Sulphur Fuel Oil,0
3242,2011-11,Bio-Blended Low Sulphur Fuel Oil,0
3243,2011-11,Ultra Low Sulphur Fuel Oil,0
3244,2011-11,Bio-Blended Ultra Low Sulphur Fuel Oil,0
3245,2011-11,B100,0
3246,2011-11,LNG,0
3247,2011-11,Methanol,0
3248,2011-11,Ammonia,0
3249,2011-12,Marine Diesel Oil,0.23
3250,2011-12,Bio-Blended Marine Diesel Oil,0
3251,2011-12,Marine Gas Oil,128.91
3252,2011-12,Bio-Blended Marine Gas Oil,0
3253,2011-12,Low Sulphur Marine Gas Oil,0
3254,2011-12,Bio-Blended Low Sulphur Marine Gas Oil,0
3255,2011-12,Marine Fuel Oil,3674.99
3256,2011-12,Bio-Blended Marine Fuel Oil,0
3257,2011-12,Low Sulphur Fuel Oil,0
3258,2011-12,Bio-Blended Low Sulphur Fuel Oil,0
3259,2011-12,Ultra Low Sulphur Fuel Oil,0
3260,2011-12,Bio-Blended Ultra Low Sulphur Fuel Oil,0
3261,2011-12,B100,0
3262,2011-12,LNG,0
3263,2011-12,Methanol,0
3264,2011-12,Ammonia,0
3265,2012-01,Marine Diesel Oil,0.26
3266,2012-01,Bio-Blended Marine Diesel Oil,0
3267,2012-01,Marine Gas Oil,113.33
3268,2012-01,Bio-Blended Marine Gas Oil,0
3269,2012-01,Low Sulphur Marine Gas Oil,0
3270,2012-01,Bio-Blended Low Sulphur Marine Gas Oil,0
3271,2012-01,Marine Fuel Oil,3554.97
3272,2012-01,Bio-Blended Marine Fuel Oil,0
3273,2012-01,Low Sulphur Fuel Oil,0
3274,2012-01,Bio-Blended Low Sulphur Fuel Oil,0
3275,2012-01,Ultra Low Sulphur Fuel Oil,0
3276,2012-01,Bio-Blended Ultra Low Sulphur Fuel Oil,0
3277,2012-01,B100,0
3278,2012-01,LNG,0
3279,2012-01,Methanol,0
3280,2012-01,Ammonia,0
3281,2012-02,Marine Diesel Oil,0.22
3282,2012-02,Bio-Blended Marine Diesel Oil,0
3283,2012-02,Marine Gas Oil,128.73
3284,2012-02,Bio-Blended Marine Gas Oil,0
3285,2012-02,Low Sulphur Marine Gas Oil,0
3286,2012-02,Bio-Blended Low Sulphur Marine Gas Oil,0
3287,2012-02,Marine Fuel Oil,2963.79
3288,2012-02,Bio-Blended Marine Fuel Oil,0
3289,2012-02,Low Sulphur Fuel Oil,0
3290,2012-02,Bio-Blended Low Sulphur Fuel Oil,0
3291,2012-02,Ultra Low Sulphur Fuel Oil,0
3292,2012-02,Bio-Blended Ultra Low Sulphur Fuel Oil,0
3293,2012-02,B100,0
3294,2012-02,LNG,0
3295,2012-02,Methanol,0
3296,2012-02,Ammonia,0
3297,2012-03,Marine Diesel Oil,0.3
3298,2012-03,Bio-Blended Marine Diesel Oil,0
3299,2012-03,Marine Gas Oil,126.39
3300,2012-03,Bio-Blended Marine Gas Oil,0
3301,2012-03,Low Sulphur Marine Gas Oil,0
3302,2012-03,Bio-Blended Low Sulphur Marine Gas Oil,0
3303,2012-03,Marine Fuel Oil,3482.13
3304,2012-03,Bio-Blended Marine Fuel Oil,0
3305,2012-03,Low Sulphur Fuel Oil,0
3306,2012-03,Bio-Blended Low Sulphur Fuel Oil,0
3307,2012-03,Ultra Low Sulphur Fuel Oil,0
3308,2012-03,Bio-Blended Ultra Low Sulphur Fuel Oil,0
3309,2012-03,B100,0
3310,2012-03,LNG,0
3311,2012-03,Methanol,0
3312,2012-03,Ammonia,0
3313,2012-04,Marine Diesel Oil,0.06
3314,2012-04,Bio-Blended Marine Diesel Oil,0
3315,2012-04,Marine Gas Oil,129.93
3316,2012-04,Bio-Blended Marine Gas Oil,0
3317,2012-04,Low Sulphur Marine Gas Oil,0
3318,2012-04,Bio-Blended Low Sulphur Marine Gas Oil,0
3319,2012-04,Marine Fuel Oil,3605.4
3320,2012-04,Bio-Blended Marine Fuel Oil,0
3321,2012-04,Low Sulphur Fuel Oil,0
3322,2012-04,Bio-Blended Low Sulphur Fuel Oil,0
3323,2012-04,Ultra Low Sulphur Fuel Oil,0
3324,2012-04,Bio-Blended Ultra Low Sulphur Fuel Oil,0
3325,2012-04,B100,0
3326,2012-04,LNG,0
3327,2012-04,Methanol,0
3328,2012-04,Ammonia,0
3329,2012-05,Marine Diesel Oil,0.12
3330,2012-05,Bio-Blended Marine Diesel Oil,0
3331,2012-05,Marine Gas Oil,128.38
3332,2012-05,Bio-Blended Marine Gas Oil,0
3333,2012-05,Low Sulphur Marine Gas Oil,0
3334,2012-05,Bio-Blended Low Sulphur Marine Gas Oil,0
3335,2012-05,Marine Fuel Oil,3857.22
3336,2012-05,Bio-Blended Marine Fuel Oil,0
3337,2012-05,Low Sulphur Fuel Oil,0
3338,2012-05,Bio-Blended Low Sulphur Fuel Oil,0
3339,2012-05,Ultra Low Sulphur Fuel Oil,0
3340,2012-05,Bio-Blended Ultra Low Sulphur Fuel Oil,0
3341,2012-05,B100,0
3342,2012-05,LNG,0
3343,2012-05,Methanol,0
3344,2012-05,Ammonia,0
3345,2012-06,Marine Diesel Oil,0.36
3346,2012-06,Bio-Blended Marine Diesel Oil,0
3347,2012-06,Marine Gas Oil,123.42
3348,2012-06,Bio-Blended Marine Gas Oil,0
3349,2012-06,Low Sulphur Marine Gas Oil,0
3350,2012-06,Bio-Blended Low Sulphur Marine Gas Oil,0
3351,2012-06,Marine Fuel Oil,3523.16
3352,2012-06,Bio-Blended Marine Fuel Oil,0
3353,2012-06,Low Sulphur Fuel Oil,0
3354,2012-06,Bio-Blended Low Sulphur Fuel Oil,0
3355,2012-06,Ultra Low Sulphur Fuel Oil,0
3356,2012-06,Bio-Blended Ultra Low Sulphur Fuel Oil,0
3357,2012-06,B100,0
3358,2012-06,LNG,0
3359,2012-06,Methanol,0
3360,2012-06,Ammonia,0
3361,2012-07,Marine Diesel Oil,0.26
3362,2012-07,Bio-Blended Marine Diesel Oil,0
3363,2012-07,Marine Gas Oil,114.68
3364,2012-07,Bio-Blended Marine Gas Oil,0
3365,2012-07,Low Sulphur Marine Gas Oil,0
3366,2012-07,Bio-Blended Low Sulphur Marine Gas Oil,0
3367,2012-07,Marine Fuel Oil,3540.28
3368,2012-07,Bio-Blended Marine Fuel Oil,0
3369,2012-07,Low Sulphur Fuel Oil,0
3370,2012-07,Bio-Blended Low Sulphur Fuel Oil,0
3371,2012-07,Ultra Low Sulphur Fuel Oil,0
3372,2012-07,Bio-Blended Ultra Low Sulphur Fuel Oil,0
3373,2012-07,B100,0
3374,2012-07,LNG,0
3375,2012-07,Methanol,0
3376,2012-07,Ammonia,0
3377,2012-08,Marine Diesel Oil,0.09
3378,2012-08,Bio-Blended Marine Diesel Oil,0
3379,2012-08,Marine Gas Oil,120.13
3380,2012-08,Bio-Blended Marine Gas Oil,0
3381,2012-08,Low Sulphur Marine Gas Oil,0
3382,2012-08,Bio-Blended Low Sulphur Marine Gas Oil,0
3383,2012-08,Marine Fuel Oil,3435.78
3384,2012-08,Bio-Blended Marine Fuel Oil,0
3385,2012-08,Low Sulphur Fuel Oil,0
3386,2012-08,Bio-Blended Low Sulphur Fuel Oil,0
3387,2012-08,Ultra Low Sulphur Fuel Oil,0
3388,2012-08,Bio-Blended Ultra Low Sulphur Fuel Oil,0
3389,2012-08,B100,0
3390,2012-08,LNG,0
3391,2012-08,Methanol,0
3392,2012-08,Ammonia,0
3393,2012-09,Marine Diesel Oil,0.03
3394,2012-09,Bio-Blended Marine Diesel Oil,0
3395,2012-09,Marine Gas Oil,118.1
3396,2012-09,Bio-Blended Marine Gas Oil,0
3397,2012-09,Low Sulphur Marine Gas Oil,0
3398,2012-09,Bio-Blended Low Sulphur Marine Gas Oil,0
3399,2012-09,Marine Fuel Oil,3208.26
3400,2012-09,Bio-Blended Marine Fuel Oil,0
3401,2012-09,Low Sulphur Fuel Oil,0
3402,2012-09,Bio-Blended Low Sulphur Fuel Oil,0
3403,2012-09,Ultra Low Sulphur Fuel Oil,0
3404,2012-09,Bio-Blended Ultra Low Sulphur Fuel Oil,0
3405,2012-09,B100,0
3406,2012-09,LNG,0
3407,2012-09,Methanol,0
3408,2012-09,Ammonia,0
3409,2012-10,Marine Diesel Oil,0.14
3410,2012-10,Bio-Blended Marine Diesel Oil,0
3411,2012-10,Marine Gas Oil,114.22
3412,2012-10,Bio-Blended Marine Gas Oil,0
3413,2012-10,Low Sulphur Marine Gas Oil,0
3414,2012-10,Bio-Blended Low Sulphur Marine Gas Oil,0
3415,2012-10,Marine Fuel Oil,3394.03
3416,2012-10,Bio-Blended Marine Fuel Oil,0
3417,2012-10,Low Sulphur Fuel Oil,0
3418,2012-10,Bio-Blended Low Sulphur Fuel Oil,0
3419,2012-10,Ultra Low Sulphur Fuel Oil,0
3420,2012-10,Bio-Blended Ultra Low Sulphur Fuel Oil,0
3421,2012-10,B100,0
3422,2012-10,LNG,0
3423,2012-10,Methanol,0
3424,2012-10,Ammonia,0
3425,2012-11,Marine Diesel Oil,0.24
3426,2012-11,Bio-Blended Marine Diesel Oil,0
3427,2012-11,Marine Gas Oil,118.58
3428,2012-11,Bio-Blended Marine Gas Oil,0
3429,2012-11,Low Sulphur Marine Gas Oil,0
3430,2012-11,Bio-Blended Low Sulphur Marine Gas Oil,0
3431,2012-11,Marine Fuel Oil,3156.78
3432,2012-11,Bio-Blended Marine Fuel Oil,0
3433,2012-11,Low Sulphur Fuel Oil,0
3434,2012-11,Bio-Blended Low Sulphur Fuel Oil,0
3435,2012-11,Ultra Low Sulphur Fuel Oil,0
3436,2012-11,Bio-Blended Ultra Low Sulphur Fuel Oil,0
3437,2012-11,B100,0
3438,2012-11,LNG,0
3439,2012-11,Methanol,0
3440,2012-11,Ammonia,0
3441,2012-12,Marine Diesel Oil,0.09
3442,2012-12,Bio-Blended Marine Diesel Oil,0
3443,2012-12,Marine Gas Oil,118.34
3444,2012-12,Bio-Blended Marine Gas Oil,0
3445,2012-12,Low Sulphur Marine Gas Oil,0
3446,2012-12,Bio-Blended Low Sulphur Marine Gas Oil,0
3447,2012-12,Marine Fuel Oil,3507.24
3448,2012-12,Bio-Blended Marine Fuel Oil,0
3449,2012-12,Low Sulphur Fuel Oil,0
3450,2012-12,Bio-Blended Low Sulphur Fuel Oil,0
3451,2012-12,Ultra Low Sulphur Fuel Oil,0
3452,2012-12,Bio-Blended Ultra Low Sulphur Fuel Oil,0
3453,2012-12,B100,0
3454,2012-12,LNG,0
3455,2012-12,Methanol,0
3456,2012-12,Ammonia,0
3457,2013-01,Marine Diesel Oil,0.16
3458,2013-01,Bio-Blended Marine Diesel Oil,0
3459,2013-01,Marine Gas Oil,119.33
3460,2013-01,Bio-Blended Marine Gas Oil,0
3461,2013-01,Low Sulphur Marine Gas Oil,9.64
3462,2013-01,Bio-Blended Low Sulphur Marine Gas Oil,0
3463,2013-01,Marine Fuel Oil,3614.07
3464,2013-01,Bio-Blended Marine Fuel Oil,0
3465,2013-01,Low Sulphur Fuel Oil,44.38
3466,2013-01,Bio-Blended Low Sulphur Fuel Oil,0
3467,2013-01,Ultra Low Sulphur Fuel Oil,0
3468,2013-01,Bio-Blended Ultra Low Sulphur Fuel Oil,0
3469,2013-01,B100,0
3470,2013-01,LNG,0
3471,2013-01,Methanol,0
3472,2013-01,Ammonia,0
3473,2013-02,Marine Diesel Oil,0.2
3474,2013-02,Bio-Blended Marine Diesel Oil,0
3475,2013-02,Marine Gas Oil,84.48
3476,2013-02,Bio-Blended Marine Gas Oil,0
3477,2013-02,Low Sulphur Marine Gas Oil,13.85
3478,2013-02,Bio-Blended Low Sulphur Marine Gas Oil,0
3479,2013-02,Marine Fuel Oil,2933.17
3480,2013-02,Bio-Blended Marine Fuel Oil,0
3481,2013-02,Low Sulphur Fuel Oil,44.68
3482,2013-02,Bio-Blended Low Sulphur Fuel Oil,0
3483,2013-02,Ultra Low Sulphur Fuel Oil,0
3484,2013-02,Bio-Blended Ultra Low Sulphur Fuel Oil,0
3485,2013-02,B100,0
3486,2013-02,LNG,0
3487,2013-02,Methanol,0
3488,2013-02,Ammonia,0
3489,2013-03,Marine Diesel Oil,0.13
3490,2013-03,Bio-Blended Marine Diesel Oil,0
3491,2013-03,Marine Gas Oil,104.75
3492,2013-03,Bio-Blended Marine Gas Oil,0
3493,2013-03,Low Sulphur Marine Gas Oil,19
3494,2013-03,Bio-Blended Low Sulphur Marine Gas Oil,0
3495,2013-03,Marine Fuel Oil,3186.86
3496,2013-03,Bio-Blended Marine Fuel Oil,0
3497,2013-03,Low Sulphur Fuel Oil,51.95
3498,2013-03,Bio-Blended Low Sulphur Fuel Oil,0
3499,2013-03,Ultra Low Sulphur Fuel Oil,0
3500,2013-03,Bio-Blended Ultra Low Sulphur Fuel Oil,0
3501,2013-03,B100,0
3502,2013-03,LNG,0
3503,2013-03,Methanol,0
3504,2013-03,Ammonia,0
3505,2013-04,Marine Diesel Oil,0.14
3506,2013-04,Bio-Blended Marine Diesel Oil,0
3507,2013-04,Marine Gas Oil,113.88
3508,2013-04,Bio-Blended Marine Gas Oil,0
3509,2013-04,Low Sulphur Marine Gas Oil,20.49
3510,2013-04,Bio-Blended Low Sulphur Marine Gas Oil,0
3511,2013-04,Marine Fuel Oil,3458
3512,2013-04,Bio-Blended Marine Fuel Oil,0
3513,2013-04,Low Sulphur Fuel Oil,55.42
3514,2013-04,Bio-Blended Low Sulphur Fuel Oil,0
3515,2013-04,Ultra Low Sulphur Fuel Oil,0
3516,2013-04,Bio-Blended Ultra Low Sulphur Fuel Oil,0
3517,2013-04,B100,0
3518,2013-04,LNG,0
3519,2013-04,Methanol,0
3520,2013-04,Ammonia,0
3521,2013-05,Marine Diesel Oil,0.16
3522,2013-05,Bio-Blended Marine Diesel Oil,0
3523,2013-05,Marine Gas Oil,93.69
3524,2013-05,Bio-Blended Marine Gas Oil,0
3525,2013-05,Low Sulphur Marine Gas Oil,13.23
3526,2013-05,Bio-Blended Low Sulphur Marine Gas Oil,0
3527,2013-05,Marine Fuel Oil,3371.97
3528,2013-05,Bio-Blended Marine Fuel Oil,0
3529,2013-05,Low Sulphur Fuel Oil,54.85
3530,2013-05,Bio-Blended Low Sulphur Fuel Oil,0
3531,2013-05,Ultra Low Sulphur Fuel Oil,0
3532,2013-05,Bio-Blended Ultra Low Sulphur Fuel Oil,0
3533,2013-05,B100,0
3534,2013-05,LNG,0
3535,2013-05,Methanol,0
3536,2013-05,Ammonia,0
3537,2013-06,Marine Diesel Oil,0.07
3538,2013-06,Bio-Blended Marine Diesel Oil,0
3539,2013-06,Marine Gas Oil,95.04
3540,2013-06,Bio-Blended Marine Gas Oil,0
3541,2013-06,Low Sulphur Marine Gas Oil,16.08
3542,2013-06,Bio-Blended Low Sulphur Marine Gas Oil,0
3543,2013-06,Marine Fuel Oil,3320.2
3544,2013-06,Bio-Blended Marine Fuel Oil,0
3545,2013-06,Low Sulphur Fuel Oil,46.86
3546,2013-06,Bio-Blended Low Sulphur Fuel Oil,0
3547,2013-06,Ultra Low Sulphur Fuel Oil,0
3548,2013-06,Bio-Blended Ultra Low Sulphur Fuel Oil,0
3549,2013-06,B100,0
3550,2013-06,LNG,0
3551,2013-06,Methanol,0
3552,2013-06,Ammonia,0
3553,2013-07,Marine Diesel Oil,0.16
3554,2013-07,Bio-Blended Marine Diesel Oil,0
3555,2013-07,Marine Gas Oil,107.35
3556,2013-07,Bio-Blended Marine Gas Oil,0
3557,2013-07,Low Sulphur Marine Gas Oil,15.84
3558,2013-07,Bio-Blended Low Sulphur Marine Gas Oil,0
3559,2013-07,Marine Fuel Oil,3572.57
3560,2013-07,Bio-Blended Marine Fuel Oil,0
3561,2013-07,Low Sulphur Fuel Oil,44.84
3562,2013-07,Bio-Blended Low Sulphur Fuel Oil,0
3563,2013-07,Ultra Low Sulphur Fuel Oil,0
3564,2013-07,Bio-Blended Ultra Low Sulphur Fuel Oil,0
3565,2013-07,B100,0
3566,2013-07,LNG,0
3567,2013-07,Methanol,0
3568,2013-07,Ammonia,0
3569,2013-08,Marine Diesel Oil,0.17
3570,2013-08,Bio-Blended Marine Diesel Oil,0
3571,2013-08,Marine Gas Oil,96.71
3572,2013-08,Bio-Blended Marine Gas Oil,0
3573,2013-08,Low Sulphur Marine Gas Oil,10.8
3574,2013-08,Bio-Blended Low Sulphur Marine Gas Oil,0
3575,2013-08,Marine Fuel Oil,3335.57
3576,2013-08,Bio-Blended Marine Fuel Oil,0
3577,2013-08,Low Sulphur Fuel Oil,44.89
3578,2013-08,Bio-Blended Low Sulphur Fuel Oil,0
3579,2013-08,Ultra Low Sulphur Fuel Oil,0
3580,2013-08,Bio-Blended Ultra Low Sulphur Fuel Oil,0
3581,2013-08,B100,0
3582,2013-08,LNG,0
3583,2013-08,Methanol,0
3584,2013-08,Ammonia,0
3585,2013-09,Marine Diesel Oil,0.32
3586,2013-09,Bio-Blended Marine Diesel Oil,0
3587,2013-09,Marine Gas Oil,104.15
3588,2013-09,Bio-Blended Marine Gas Oil,0
3589,2013-09,Low Sulphur Marine Gas Oil,16.74
3590,2013-09,Bio-Blended Low Sulphur Marine Gas Oil,0
3591,2013-09,Marine Fuel Oil,3437.93
3592,2013-09,Bio-Blended Marine Fuel Oil,0
3593,2013-09,Low Sulphur Fuel Oil,51.41
3594,2013-09,Bio-Blended Low Sulphur Fuel Oil,0
3595,2013-09,Ultra Low Sulphur Fuel Oil,0
3596,2013-09,Bio-Blended Ultra Low Sulphur Fuel Oil,0
3597,2013-09,B100,0
3598,2013-09,LNG,0
3599,2013-09,Methanol,0
3600,2013-09,Ammonia,0
3601,2013-10,Marine Diesel Oil,0.19
3602,2013-10,Bio-Blended Marine Diesel Oil,0
3603,2013-10,Marine Gas Oil,91.58
3604,2013-10,Bio-Blended Marine Gas Oil,0
3605,2013-10,Low Sulphur Marine Gas Oil,19.27
3606,2013-10,Bio-Blended Low Sulphur Marine Gas Oil,0
3607,2013-10,Marine Fuel Oil,3628.82
3608,2013-10,Bio-Blended Marine Fuel Oil,0
3609,2013-10,Low Sulphur Fuel Oil,40.7
3610,2013-10,Bio-Blended Low Sulphur Fuel Oil,0
3611,2013-10,Ultra Low Sulphur Fuel Oil,0
3612,2013-10,Bio-Blended Ultra Low Sulphur Fuel Oil,0
3613,2013-10,B100,0
3614,2013-10,LNG,0
3615,2013-10,Methanol,0
3616,2013-10,Ammonia,0
3617,2013-11,Marine Diesel Oil,0.17
3618,2013-11,Bio-Blended Marine Diesel Oil,0
3619,2013-11,Marine Gas Oil,74.53
3620,2013-11,Bio-Blended Marine Gas Oil,0
3621,2013-11,Low Sulphur Marine Gas Oil,17.15
3622,2013-11,Bio-Blended Low Sulphur Marine Gas Oil,0
3623,2013-11,Marine Fuel Oil,3245.38
3624,2013-11,Bio-Blended Marine Fuel Oil,0
3625,2013-11,Low Sulphur Fuel Oil,35.92
3626,2013-11,Bio-Blended Low Sulphur Fuel Oil,0
3627,2013-11,Ultra Low Sulphur Fuel Oil,0
3628,2013-11,Bio-Blended Ultra Low Sulphur Fuel Oil,0
3629,2013-11,B100,0
3630,2013-11,LNG,0
3631,2013-11,Methanol,0
3632,2013-11,Ammonia,0
3633,2013-12,Marine Diesel Oil,0.18
3634,2013-12,Bio-Blended Marine Diesel Oil,0
3635,2013-12,Marine Gas Oil,97.45
3636,2013-12,Bio-Blended Marine Gas Oil,0
3637,2013-12,Low Sulphur Marine Gas Oil,18.82
3638,2013-12,Bio-Blended Low Sulphur Marine Gas Oil,0
3639,2013-12,Marine Fuel Oil,3643.85
3640,2013-12,Bio-Blended Marine Fuel Oil,0
3641,2013-12,Low Sulphur Fuel Oil,42.06
3642,2013-12,Bio-Blended Low Sulphur Fuel Oil,0
3643,2013-12,Ultra Low Sulphur Fuel Oil,0
3644,2013-12,Bio-Blended Ultra Low Sulphur Fuel Oil,0
3645,2013-12,B100,0
3646,2013-12,LNG,0
3647,2013-12,Methanol,0
3648,2013-12,Ammonia,0
3649,2014-01,Marine Diesel Oil,0.17
3650,2014-01,Bio-Blended Marine Diesel Oil,0
3651,2014-01,Marine Gas Oil,70.42
3652,2014-01,Bio-Blended Marine Gas Oil,0
3653,2014-01,Low Sulphur Marine Gas Oil,12.67
3654,2014-01,Bio-Blended Low Sulphur Marine Gas Oil,0
3655,2014-01,Marine Fuel Oil,3435.57
3656,2014-01,Bio-Blended Marine Fuel Oil,0
3657,2014-01,Low Sulphur Fuel Oil,39
3658,2014-01,Bio-Blended Low Sulphur Fuel Oil,0
3659,2014-01,Ultra Low Sulphur Fuel Oil,0
3660,2014-01,Bio-Blended Ultra Low Sulphur Fuel Oil,0
3661,2014-01,B100,0
3662,2014-01,LNG,0
3663,2014-01,Methanol,0
3664,2014-01,Ammonia,0
3665,2014-02,Marine Diesel Oil,0.25
3666,2014-02,Bio-Blended Marine Diesel Oil,0
3667,2014-02,Marine Gas Oil,91.69
3668,2014-02,Bio-Blended Marine Gas Oil,0
3669,2014-02,Low Sulphur Marine Gas Oil,16.26
3670,2014-02,Bio-Blended Low Sulphur Marine Gas Oil,0
3671,2014-02,Marine Fuel Oil,3121.65
3672,2014-02,Bio-Blended Marine Fuel Oil,0
3673,2014-02,Low Sulphur Fuel Oil,47.55
3674,2014-02,Bio-Blended Low Sulphur Fuel Oil,0
3675,2014-02,Ultra Low Sulphur Fuel Oil,0
3676,2014-02,Bio-Blended Ultra Low Sulphur Fuel Oil,0
3677,2014-02,B100,0
3678,2014-02,LNG,0
3679,2014-02,Methanol,0
3680,2014-02,Ammonia,0
3681,2014-03,Marine Diesel Oil,0.04
3682,2014-03,Bio-Blended Marine Diesel Oil,0
3683,2014-03,Marine Gas Oil,88.29
3684,2014-03,Bio-Blended Marine Gas Oil,0
3685,2014-03,Low Sulphur Marine Gas Oil,13.79
3686,2014-03,Bio-Blended Low Sulphur Marine Gas Oil,0
3687,2014-03,Marine Fuel Oil,3037.56
3688,2014-03,Bio-Blended Marine Fuel Oil,0
3689,2014-03,Low Sulphur Fuel Oil,45.2
3690,2014-03,Bio-Blended Low Sulphur Fuel Oil,0
3691,2014-03,Ultra Low Sulphur Fuel Oil,0
3692,2014-03,Bio-Blended Ultra Low Sulphur Fuel Oil,0
3693,2014-03,B100,0
3694,2014-03,LNG,0
3695,2014-03,Methanol,0
3696,2014-03,Ammonia,0
3697,2014-04,Marine Diesel Oil,0.04
3698,2014-04,Bio-Blended Marine Diesel Oil,0
3699,2014-04,Marine Gas Oil,98.66
3700,2014-04,Bio-Blended Marine Gas Oil,0
3701,2014-04,Low Sulphur Marine Gas Oil,27.35
3702,2014-04,Bio-Blended Low Sulphur Marine Gas Oil,0
3703,2014-04,Marine Fuel Oil,3643.61
3704,2014-04,Bio-Blended Marine Fuel Oil,0
3705,2014-04,Low Sulphur Fuel Oil,43.24
3706,2014-04,Bio-Blended Low Sulphur Fuel Oil,0
3707,2014-04,Ultra Low Sulphur Fuel Oil,0
3708,2014-04,Bio-Blended Ultra Low Sulphur Fuel Oil,0
3709,2014-04,B100,0
3710,2014-04,LNG,0
3711,2014-04,Methanol,0
3712,2014-04,Ammonia,0
3713,2014-05,Marine Diesel Oil,0.15
3714,2014-05,Bio-Blended Marine Diesel Oil,0
3715,2014-05,Marine Gas Oil,90.04
3716,2014-05,Bio-Blended Marine Gas Oil,0
3717,2014-05,Low Sulphur Marine Gas Oil,20.37
3718,2014-05,Bio-Blended Low Sulphur Marine Gas Oil,0
3719,2014-05,Marine Fuel Oil,3485.98
3720,2014-05,Bio-Blended Marine Fuel Oil,0
3721,2014-05,Low Sulphur Fuel Oil,41.06
3722,2014-05,Bio-Blended Low Sulphur Fuel Oil,0
3723,2014-05,Ultra Low Sulphur Fuel Oil,0
3724,2014-05,Bio-Blended Ultra Low Sulphur Fuel Oil,0
3725,2014-05,B100,0
3726,2014-05,LNG,0
3727,2014-05,Methanol,0
3728,2014-05,Ammonia,0
3729,2014-06,Marine Diesel Oil,0.1
3730,2014-06,Bio-Blended Marine Diesel Oil,0
3731,2014-06,Marine Gas Oil,80.26
3732,2014-06,Bio-Blended Marine Gas Oil,0
3733,2014-06,Low Sulphur Marine Gas Oil,20.4
3734,2014-06,Bio-Blended Low Sulphur Marine Gas Oil,0
3735,2014-06,Marine Fuel Oil,3228.49
3736,2014-06,Bio-Blended Marine Fuel Oil,0
3737,2014-06,Low Sulphur Fuel Oil,44.5
3738,2014-06,Bio-Blended Low Sulphur Fuel Oil,0
3739,2014-06,Ultra Low Sulphur Fuel Oil,0
3740,2014-06,Bio-Blended Ultra Low Sulphur Fuel Oil,0
3741,2014-06,B100,0
3742,2014-06,LNG,0
3743,2014-06,Methanol,0
3744,2014-06,Ammonia,0
3745,2014-07,Marine Diesel Oil,0.12
3746,2014-07,Bio-Blended Marine Diesel Oil,0
3747,2014-07,Marine Gas Oil,86.35
3748,2014-07,Bio-Blended Marine Gas Oil,0
3749,2014-07,Low Sulphur Marine Gas Oil,20.77
3750,2014-07,Bio-Blended Low Sulphur Marine Gas Oil,0
3751,2014-07,Marine Fuel Oil,3515.78
3752,2014-07,Bio-Blended Marine Fuel Oil,0
3753,2014-07,Low Sulphur Fuel Oil,39.57
3754,2014-07,Bio-Blended Low Sulphur Fuel Oil,0
3755,2014-07,Ultra Low Sulphur Fuel Oil,0
3756,2014-07,Bio-Blended Ultra Low Sulphur Fuel Oil,0
3757,2014-07,B100,0
3758,2014-07,LNG,0
3759,2014-07,Methanol,0
3760,2014-07,Ammonia,0
3761,2014-08,Marine Diesel Oil,0.35
3762,2014-08,Bio-Blended Marine Diesel Oil,0
3763,2014-08,Marine Gas Oil,82.76
3764,2014-08,Bio-Blended Marine Gas Oil,0
3765,2014-08,Low Sulphur Marine Gas Oil,18.92
3766,2014-08,Bio-Blended Low Sulphur Marine Gas Oil,0
3767,2014-08,Marine Fuel Oil,3525.24
3768,2014-08,Bio-Blended Marine Fuel Oil,0
3769,2014-08,Low Sulphur Fuel Oil,41.52
3770,2014-08,Bio-Blended Low Sulphur Fuel Oil,0
3771,2014-08,Ultra Low Sulphur Fuel Oil,0
3772,2014-08,Bio-Blended Ultra Low Sulphur Fuel Oil,0
3773,2014-08,B100,0
3774,2014-08,LNG,0
3775,2014-08,Methanol,0
3776,2014-08,Ammonia,0
3777,2014-09,Marine Diesel Oil,0.11
3778,2014-09,Bio-Blended Marine Diesel Oil,0
3779,2014-09,Marine Gas Oil,89.9
3780,2014-09,Bio-Blended Marine Gas Oil,0
3781,2014-09,Low Sulphur Marine Gas Oil,15.9
3782,2014-09,Bio-Blended Low Sulphur Marine Gas Oil,0
3783,2014-09,Marine Fuel Oil,3385.46
3784,2014-09,Bio-Blended Marine Fuel Oil,0
3785,2014-09,Low Sulphur Fuel Oil,30.14
3786,2014-09,Bio-Blended Low Sulphur Fuel Oil,0
3787,2014-09,Ultra Low Sulphur Fuel Oil,0
3788,2014-09,Bio-Blended Ultra Low Sulphur Fuel Oil,0
3789,2014-09,B100,0
3790,2014-09,LNG,0
3791,2014-09,Methanol,0
3792,2014-09,Ammonia,0
3793,2014-10,Marine Diesel Oil,0.21
3794,2014-10,Bio-Blended Marine Diesel Oil,0
3795,2014-10,Marine Gas Oil,94.08
3796,2014-10,Bio-Blended Marine Gas Oil,0
3797,2014-10,Low Sulphur Marine Gas Oil,25.01
3798,2014-10,Bio-Blended Low Sulphur Marine Gas Oil,0
3799,2014-10,Marine Fuel Oil,3447.47
3800,2014-10,Bio-Blended Marine Fuel Oil,0
3801,2014-10,Low Sulphur Fuel Oil,26.85
3802,2014-10,Bio-Blended Low Sulphur Fuel Oil,0
3803,2014-10,Ultra Low Sulphur Fuel Oil,0
3804,2014-10,Bio-Blended Ultra Low Sulphur Fuel Oil,0
3805,2014-10,B100,0
3806,2014-10,LNG,0
3807,2014-10,Methanol,0
3808,2014-10,Ammonia,0
3809,2014-11,Marine Diesel Oil,0.22
3810,2014-11,Bio-Blended Marine Diesel Oil,0
3811,2014-11,Marine Gas Oil,64.03
3812,2014-11,Bio-Blended Marine Gas Oil,0
3813,2014-11,Low Sulphur Marine Gas Oil,38.11
3814,2014-11,Bio-Blended Low Sulphur Marine Gas Oil,0
3815,2014-11,Marine Fuel Oil,3430.36
3816,2014-11,Bio-Blended Marine Fuel Oil,0
3817,2014-11,Low Sulphur Fuel Oil,15.69
3818,2014-11,Bio-Blended Low Sulphur Fuel Oil,0
3819,2014-11,Ultra Low Sulphur Fuel Oil,0
3820,2014-11,Bio-Blended Ultra Low Sulphur Fuel Oil,0
3821,2014-11,B100,0
3822,2014-11,LNG,0
3823,2014-11,Methanol,0
3824,2014-11,Ammonia,0
3825,2014-12,Marine Diesel Oil,0.13
3826,2014-12,Bio-Blended Marine Diesel Oil,0
3827,2014-12,Marine Gas Oil,85.82
3828,2014-12,Bio-Blended Marine Gas Oil,0
3829,2014-12,Low Sulphur Marine Gas Oil,58.41
3830,2014-12,Bio-Blended Low Sulphur Marine Gas Oil,0
3831,2014-12,Marine Fuel Oil,3428.31
3832,2014-12,Bio-Blended Marine Fuel Oil,0
3833,2014-12,Low Sulphur Fuel Oil,4.81
3834,2014-12,Bio-Blended Low Sulphur Fuel Oil,0
3835,2014-12,Ultra Low Sulphur Fuel Oil,0
3836,2014-12,Bio-Blended Ultra Low Sulphur Fuel Oil,0
3837,2014-12,B100,0
3838,2014-12,LNG,0
3839,2014-12,Methanol,0
3840,2014-12,Ammonia,0
3841,2015-01,Marine Diesel Oil,0.09
3842,2015-01,Bio-Blended Marine Diesel Oil,0
3843,2015-01,Marine Gas Oil,86.86
3844,2015-01,Bio-Blended Marine Gas Oil,0
3845,2015-01,Low Sulphur Marine Gas Oil,80.84
3846,2015-01,Bio-Blended Low Sulphur Marine Gas Oil,0
3847,2015-01,Marine Fuel Oil,3511.6
3848,2015-01,Bio-Blended Marine Fuel Oil,0
3849,2015-01,Low Sulphur Fuel Oil,0.69
3850,2015-01,Bio-Blended Low Sulphur Fuel Oil,0
3851,2015-01,Ultra Low Sulphur Fuel Oil,0
3852,2015-01,Bio-Blended Ultra Low Sulphur Fuel Oil,0
3853,2015-01,B100,0
3854,2015-01,LNG,0
3855,2015-01,Methanol,0
3856,2015-01,Ammonia,0
3857,2015-02,Marine Diesel Oil,0.31
3858,2015-02,Bio-Blended Marine Diesel Oil,0
3859,2015-02,Marine Gas Oil,82.89
3860,2015-02,Bio-Blended Marine Gas Oil,0
3861,2015-02,Low Sulphur Marine Gas Oil,68.11
3862,2015-02,Bio-Blended Low Sulphur Marine Gas Oil,0
3863,2015-02,Marine Fuel Oil,3244.48
3864,2015-02,Bio-Blended Marine Fuel Oil,0
3865,2015-02,Low Sulphur Fuel Oil,0.2
3866,2015-02,Bio-Blended Low Sulphur Fuel Oil,0
3867,2015-02,Ultra Low Sulphur Fuel Oil,0
3868,2015-02,Bio-Blended Ultra Low Sulphur Fuel Oil,0
3869,2015-02,B100,0
3870,2015-02,LNG,0
3871,2015-02,Methanol,0
3872,2015-02,Ammonia,0
3873,2015-03,Marine Diesel Oil,0.14
3874,2015-03,Bio-Blended Marine Diesel Oil,0
3875,2015-03,Marine Gas Oil,83.64
3876,2015-03,Bio-Blended Marine Gas Oil,0
3877,2015-03,Low Sulphur Marine Gas Oil,64.57
3878,2015-03,Bio-Blended Low Sulphur Marine Gas Oil,0
3879,2015-03,Marine Fuel Oil,3428.98
3880,2015-03,Bio-Blended Marine Fuel Oil,0
3881,2015-03,Low Sulphur Fuel Oil,0.15
3882,2015-03,Bio-Blended Low Sulphur Fuel Oil,0
3883,2015-03,Ultra Low Sulphur Fuel Oil,0
3884,2015-03,Bio-Blended Ultra Low Sulphur Fuel Oil,0
3885,2015-03,B100,0
3886,2015-03,LNG,0
3887,2015-03,Methanol,0
3888,2015-03,Ammonia,0
3889,2015-04,Marine Diesel Oil,0.07
3890,2015-04,Bio-Blended Marine Diesel Oil,0
3891,2015-04,Marine Gas Oil,81.62
3892,2015-04,Bio-Blended Marine Gas Oil,0
3893,2015-04,Low Sulphur Marine Gas Oil,61.54
3894,2015-04,Bio-Blended Low Sulphur Marine Gas Oil,0
3895,2015-04,Marine Fuel Oil,3518.87
3896,2015-04,Bio-Blended Marine Fuel Oil,0
3897,2015-04,Low Sulphur Fuel Oil,3.77
3898,2015-04,Bio-Blended Low Sulphur Fuel Oil,0
3899,2015-04,Ultra Low Sulphur Fuel Oil,0
3900,2015-04,Bio-Blended Ultra Low Sulphur Fuel Oil,0
3901,2015-04,B100,0
3902,2015-04,LNG,0
3903,2015-04,Methanol,0
3904,2015-04,Ammonia,0
3905,2015-05,Marine Diesel Oil,0.18
3906,2015-05,Bio-Blended Marine Diesel Oil,0
3907,2015-05,Marine Gas Oil,79.47
3908,2015-05,Bio-Blended Marine Gas Oil,0
3909,2015-05,Low Sulphur Marine Gas Oil,64.77
3910,2015-05,Bio-Blended Low Sulphur Marine Gas Oil,0
3911,2015-05,Marine Fuel Oil,3562.52
3912,2015-05,Bio-Blended Marine Fuel Oil,0
3913,2015-05,Low Sulphur Fuel Oil,0.24
3914,2015-05,Bio-Blended Low Sulphur Fuel Oil,0
3915,2015-05,Ultra Low Sulphur Fuel Oil,0
3916,2015-05,Bio-Blended Ultra Low Sulphur Fuel Oil,0
3917,2015-05,B100,0
3918,2015-05,LNG,0
3919,2015-05,Methanol,0
3920,2015-05,Ammonia,0
3921,2015-06,Marine Diesel Oil,0.03
3922,2015-06,Bio-Blended Marine Diesel Oil,0
3923,2015-06,Marine Gas Oil,70.14
3924,2015-06,Bio-Blended Marine Gas Oil,0
3925,2015-06,Low Sulphur Marine Gas Oil,63.75
3926,2015-06,Bio-Blended Low Sulphur Marine Gas Oil,0
3927,2015-06,Marine Fuel Oil,3401.25
3928,2015-06,Bio-Blended Marine Fuel Oil,0
3929,2015-06,Low Sulphur Fuel Oil,0.83
3930,2015-06,Bio-Blended Low Sulphur Fuel Oil,0
3931,2015-06,Ultra Low Sulphur Fuel Oil,0
3932,2015-06,Bio-Blended Ultra Low Sulphur Fuel Oil,0
3933,2015-06,B100,0
3934,2015-06,LNG,0
3935,2015-06,Methanol,0
3936,2015-06,Ammonia,0
3937,2015-07,Marine Diesel Oil,0.11
3938,2015-07,Bio-Blended Marine Diesel Oil,0
3939,2015-07,Marine Gas Oil,77.01
3940,2015-07,Bio-Blended Marine Gas Oil,0
3941,2015-07,Low Sulphur Marine Gas Oil,57.9
3942,2015-07,Bio-Blended Low Sulphur Marine Gas Oil,0
3943,2015-07,Marine Fuel Oil,3650.24
3944,2015-07,Bio-Blended Marine Fuel Oil,0
3945,2015-07,Low Sulphur Fuel Oil,0
3946,2015-07,Bio-Blended Low Sulphur Fuel Oil,0
3947,2015-07,Ultra Low Sulphur Fuel Oil,0
3948,2015-07,Bio-Blended Ultra Low Sulphur Fuel Oil,0
3949,2015-07,B100,0
3950,2015-07,LNG,0
3951,2015-07,Methanol,0
3952,2015-07,Ammonia,0
3953,2015-08,Marine Diesel Oil,0.07
3954,2015-08,Bio-Blended Marine Diesel Oil,0
3955,2015-08,Marine Gas Oil,70.44
3956,2015-08,Bio-Blended Marine Gas Oil,0
3957,2015-08,Low Sulphur Marine Gas Oil,71.32
3958,2015-08,Bio-Blended Low Sulphur Marine Gas Oil,0
3959,2015-08,Marine Fuel Oil,4143.62
3960,2015-08,Bio-Blended Marine Fuel Oil,0
3961,2015-08,Low Sulphur Fuel Oil,2.31
3962,2015-08,Bio-Blended Low Sulphur Fuel Oil,0
3963,2015-08,Ultra Low Sulphur Fuel Oil,0
3964,2015-08,Bio-Blended Ultra Low Sulphur Fuel Oil,0
3965,2015-08,B100,0
3966,2015-08,LNG,0
3967,2015-08,Methanol,0
3968,2015-08,Ammonia,0
3969,2015-09,Marine Diesel Oil,0.1
3970,2015-09,Bio-Blended Marine Diesel Oil,0
3971,2015-09,Marine Gas Oil,84.64
3972,2015-09,Bio-Blended Marine Gas Oil,0
3973,2015-09,Low Sulphur Marine Gas Oil,63.84
3974,2015-09,Bio-Blended Low Sulphur Marine Gas Oil,0
3975,2015-09,Marine Fuel Oil,3696.53
3976,2015-09,Bio-Blended Marine Fuel Oil,0
3977,2015-09,Low Sulphur Fuel Oil,2.62
3978,2015-09,Bio-Blended Low Sulphur Fuel Oil,0
3979,2015-09,Ultra Low Sulphur Fuel Oil,0
3980,2015-09,Bio-Blended Ultra Low Sulphur Fuel Oil,0
3981,2015-09,B100,0
3982,2015-09,LNG,0
3983,2015-09,Methanol,0
3984,2015-09,Ammonia,0
3985,2015-10,Marine Diesel Oil,0.25
3986,2015-10,Bio-Blended Marine Diesel Oil,0
3987,2015-10,Marine Gas Oil,87.22
3988,2015-10,Bio-Blended Marine Gas Oil,0
3989,2015-10,Low Sulphur Marine Gas Oil,62.19
3990,2015-10,Bio-Blended Low Sulphur Marine Gas Oil,0
3991,2015-10,Marine Fuel Oil,3485.04
3992,2015-10,Bio-Blended Marine Fuel Oil,0
3993,2015-10,Low Sulphur Fuel Oil,2.31
3994,2015-10,Bio-Blended Low Sulphur Fuel Oil,0
3995,2015-10,Ultra Low Sulphur Fuel Oil,0
3996,2015-10,Bio-Blended Ultra Low Sulphur Fuel Oil,0
3997,2015-10,B100,0
3998,2015-10,LNG,0
3999,2015-10,Methanol,0
4000,2015-10,Ammonia,0
4001,2015-11,Marine Diesel Oil,0.06
4002,2015-11,Bio-Blended Marine Diesel Oil,0
4003,2015-11,Marine Gas Oil,68.06
4004,2015-11,Bio-Blended Marine Gas Oil,0
4005,2015-11,Low Sulphur Marine Gas Oil,60.66
4006,2015-11,Bio-Blended Low Sulphur Marine Gas Oil,0
4007,2015-11,Marine Fuel Oil,3850.22
4008,2015-11,Bio-Blended Marine Fuel Oil,0
4009,2015-11,Low Sulphur Fuel Oil,5.01
4010,2015-11,Bio-Blended Low Sulphur Fuel Oil,0
4011,2015-11,Ultra Low Sulphur Fuel Oil,0
4012,2015-11,Bio-Blended Ultra Low Sulphur Fuel Oil,0
4013,2015-11,B100,0
4014,2015-11,LNG,0
4015,2015-11,Methanol,0
4016,2015-11,Ammonia,0
4017,2015-12,Marine Diesel Oil,0.09
4018,2015-12,Bio-Blended Marine Diesel Oil,0
4019,2015-12,Marine Gas Oil,64.18
4020,2015-12,Bio-Blended Marine Gas Oil,0
4021,2015-12,Low Sulphur Marine Gas Oil,65.14
4022,2015-12,Bio-Blended Low Sulphur Marine Gas Oil,0
4023,2015-12,Marine Fuel Oil,3915.7
4024,2015-12,Bio-Blended Marine Fuel Oil,0
4025,2015-12,Low Sulphur Fuel Oil,6.09
4026,2015-12,Bio-Blended Low Sulphur Fuel Oil,0
4027,2015-12,Ultra Low Sulphur Fuel Oil,0
4028,2015-12,Bio-Blended Ultra Low Sulphur Fuel Oil,0
4029,2015-12,B100,0
4030,2015-12,LNG,0
4031,2015-12,Methanol,0
4032,2015-12,Ammonia,0
4033,2016-01,Marine Diesel Oil,0.06
4034,2016-01,Bio-Blended Marine Diesel Oil,0
4035,2016-01,Marine Gas Oil,76.43
4036,2016-01,Bio-Blended Marine Gas Oil,0
4037,2016-01,Low Sulphur Marine Gas Oil,84.51
4038,2016-01,Bio-Blended Low Sulphur Marine Gas Oil,0
4039,2016-01,Marine Fuel Oil,3993.49
4040,2016-01,Bio-Blended Marine Fuel Oil,0
4041,2016-01,Low Sulphur Fuel Oil,9.98
4042,2016-01,Bio-Blended Low Sulphur Fuel Oil,0
4043,2016-01,Ultra Low Sulphur Fuel Oil,0
4044,2016-01,Bio-Blended Ultra Low Sulphur Fuel Oil,0
4045,2016-01,B100,0
4046,2016-01,LNG,0
4047,2016-01,Methanol,0
4048,2016-01,Ammonia,0
4049,2016-02,Marine Diesel Oil,0.21
4050,2016-02,Bio-Blended Marine Diesel Oil,0
4051,2016-02,Marine Gas Oil,62.56
4052,2016-02,Bio-Blended Marine Gas Oil,0
4053,2016-02,Low Sulphur Marine Gas Oil,82.6
4054,2016-02,Bio-Blended Low Sulphur Marine Gas Oil,0
4055,2016-02,Marine Fuel Oil,3353.11
4056,2016-02,Bio-Blended Marine Fuel Oil,0
4057,2016-02,Low Sulphur Fuel Oil,11.5
4058,2016-02,Bio-Blended Low Sulphur Fuel Oil,0
4059,2016-02,Ultra Low Sulphur Fuel Oil,0
4060,2016-02,Bio-Blended Ultra Low Sulphur Fuel Oil,0
4061,2016-02,B100,0
4062,2016-02,LNG,0
4063,2016-02,Methanol,0
4064,2016-02,Ammonia,0
4065,2016-03,Marine Diesel Oil,0.14
4066,2016-03,Bio-Blended Marine Diesel Oil,0
4067,2016-03,Marine Gas Oil,78.2
4068,2016-03,Bio-Blended Marine Gas Oil,0
4069,2016-03,Low Sulphur Marine Gas Oil,87.52
4070,2016-03,Bio-Blended Low Sulphur Marine Gas Oil,0
4071,2016-03,Marine Fuel Oil,3972.23
4072,2016-03,Bio-Blended Marine Fuel Oil,0
4073,2016-03,Low Sulphur Fuel Oil,11.75
4074,2016-03,Bio-Blended Low Sulphur Fuel Oil,0
4075,2016-03,Ultra Low Sulphur Fuel Oil,0
4076,2016-03,Bio-Blended Ultra Low Sulphur Fuel Oil,0
4077,2016-03,B100,0
4078,2016-03,LNG,0
4079,2016-03,Methanol,0
4080,2016-03,Ammonia,0
4081,2016-04,Marine Diesel Oil,0
4082,2016-04,Bio-Blended Marine Diesel Oil,0
4083,2016-04,Marine Gas Oil,91.01
4084,2016-04,Bio-Blended Marine Gas Oil,0
4085,2016-04,Low Sulphur Marine Gas Oil,127.63
4086,2016-04,Bio-Blended Low Sulphur Marine Gas Oil,0
4087,2016-04,Marine Fuel Oil,3878.85
4088,2016-04,Bio-Blended Marine Fuel Oil,0
4089,2016-04,Low Sulphur Fuel Oil,12.21
4090,2016-04,Bio-Blended Low Sulphur Fuel Oil,0
4091,2016-04,Ultra Low Sulphur Fuel Oil,0
4092,2016-04,Bio-Blended Ultra Low Sulphur Fuel Oil,0
4093,2016-04,B100,0
4094,2016-04,LNG,0
4095,2016-04,Methanol,0
4096,2016-04,Ammonia,0
4097,2016-05,Marine Diesel Oil,0
4098,2016-05,Bio-Blended Marine Diesel Oil,0
4099,2016-05,Marine Gas Oil,81.56
4100,2016-05,Bio-Blended Marine Gas Oil,0
4101,2016-05,Low Sulphur Marine Gas Oil,101.31
4102,2016-05,Bio-Blended Low Sulphur Marine Gas Oil,0
4103,2016-05,Marine Fuel Oil,4173.08
4104,2016-05,Bio-Blended Marine Fuel Oil,0
4105,2016-05,Low Sulphur Fuel Oil,7.73
4106,2016-05,Bio-Blended Low Sulphur Fuel Oil,0
4107,2016-05,Ultra Low Sulphur Fuel Oil,0
4108,2016-05,Bio-Blended Ultra Low Sulphur Fuel Oil,0
4109,2016-05,B100,0
4110,2016-05,LNG,0
4111,2016-05,Methanol,0
4112,2016-05,Ammonia,0
4113,2016-06,Marine Diesel Oil,0.04
4114,2016-06,Bio-Blended Marine Diesel Oil,0
4115,2016-06,Marine Gas Oil,68.05
4116,2016-06,Bio-Blended Marine Gas Oil,0
4117,2016-06,Low Sulphur Marine Gas Oil,85.61
4118,2016-06,Bio-Blended Low Sulphur Marine Gas Oil,0
4119,2016-06,Marine Fuel Oil,3921.41
4120,2016-06,Bio-Blended Marine Fuel Oil,0
4121,2016-06,Low Sulphur Fuel Oil,11.77
4122,2016-06,Bio-Blended Low Sulphur Fuel Oil,0
4123,2016-06,Ultra Low Sulphur Fuel Oil,0
4124,2016-06,Bio-Blended Ultra Low Sulphur Fuel Oil,0
4125,2016-06,B100,0
4126,2016-06,LNG,0
4127,2016-06,Methanol,0
4128,2016-06,Ammonia,0
4129,2016-07,Marine Diesel Oil,0
4130,2016-07,Bio-Blended Marine Diesel Oil,0
4131,2016-07,Marine Gas Oil,67.5
4132,2016-07,Bio-Blended Marine Gas Oil,0
4133,2016-07,Low Sulphur Marine Gas Oil,92.2
4134,2016-07,Bio-Blended Low Sulphur Marine Gas Oil,0
4135,2016-07,Marine Fuel Oil,3944.93
4136,2016-07,Bio-Blended Marine Fuel Oil,0
4137,2016-07,Low Sulphur Fuel Oil,10.4
4138,2016-07,Bio-Blended Low Sulphur Fuel Oil,0
4139,2016-07,Ultra Low Sulphur Fuel Oil,0
4140,2016-07,Bio-Blended Ultra Low Sulphur Fuel Oil,0
4141,2016-07,B100,0
4142,2016-07,LNG,0
4143,2016-07,Methanol,0
4144,2016-07,Ammonia,0
4145,2016-08,Marine Diesel Oil,0
4146,2016-08,Bio-Blended Marine Diesel Oil,0
4147,2016-08,Marine Gas Oil,68.7
4148,2016-08,Bio-Blended Marine Gas Oil,0
4149,2016-08,Low Sulphur Marine Gas Oil,86.02
4150,2016-08,Bio-Blended Low Sulphur Marine Gas Oil,0
4151,2016-08,Marine Fuel Oil,4063.41
4152,2016-08,Bio-Blended Marine Fuel Oil,0
4153,2016-08,Low Sulphur Fuel Oil,9.92
4154,2016-08,Bio-Blended Low Sulphur Fuel Oil,0
4155,2016-08,Ultra Low Sulphur Fuel Oil,0
4156,2016-08,Bio-Blended Ultra Low Sulphur Fuel Oil,0
4157,2016-08,B100,0
4158,2016-08,LNG,0
4159,2016-08,Methanol,0
4160,2016-08,Ammonia,0
4161,2016-09,Marine Diesel Oil,0.01
4162,2016-09,Bio-Blended Marine Diesel Oil,0
4163,2016-09,Marine Gas Oil,68.6
4164,2016-09,Bio-Blended Marine Gas Oil,0
4165,2016-09,Low Sulphur Marine Gas Oil,96.06
4166,2016-09,Bio-Blended Low Sulphur Marine Gas Oil,0
4167,2016-09,Marine Fuel Oil,3656.81
4168,2016-09,Bio-Blended Marine Fuel Oil,0
4169,2016-09,Low Sulphur Fuel Oil,9.56
4170,2016-09,Bio-Blended Low Sulphur Fuel Oil,0
4171,2016-09,Ultra Low Sulphur Fuel Oil,0
4172,2016-09,Bio-Blended Ultra Low Sulphur Fuel Oil,0
4173,2016-09,B100,0
4174,2016-09,LNG,0
4175,2016-09,Methanol,0
4176,2016-09,Ammonia,0
4177,2016-10,Marine Diesel Oil,0
4178,2016-10,Bio-Blended Marine Diesel Oil,0
4179,2016-10,Marine Gas Oil,71.94
4180,2016-10,Bio-Blended Marine Gas Oil,0
4181,2016-10,Low Sulphur Marine Gas Oil,103.3
4182,2016-10,Bio-Blended Low Sulphur Marine Gas Oil,0
4183,2016-10,Marine Fuel Oil,3826.26
4184,2016-10,Bio-Blended Marine Fuel Oil,0
4185,2016-10,Low Sulphur Fuel Oil,7.26
4186,2016-10,Bio-Blended Low Sulphur Fuel Oil,0
4187,2016-10,Ultra Low Sulphur Fuel Oil,0
4188,2016-10,Bio-Blended Ultra Low Sulphur Fuel Oil,0
4189,2016-10,B100,0
4190,2016-10,LNG,0
4191,2016-10,Methanol,0
4192,2016-10,Ammonia,0
4193,2016-11,Marine Diesel Oil,0
4194,2016-11,Bio-Blended Marine Diesel Oil,0
4195,2016-11,Marine Gas Oil,61.82
4196,2016-11,Bio-Blended Marine Gas Oil,0
4197,2016-11,Low Sulphur Marine Gas Oil,96.6
4198,2016-11,Bio-Blended Low Sulphur Marine Gas Oil,0
4199,2016-11,Marine Fuel Oil,3971.72
4200,2016-11,Bio-Blended Marine Fuel Oil,0
4201,2016-11,Low Sulphur Fuel Oil,12.09
4202,2016-11,Bio-Blended Low Sulphur Fuel Oil,0
4203,2016-11,Ultra Low Sulphur Fuel Oil,0
4204,2016-11,Bio-Blended Ultra Low Sulphur Fuel Oil,0
4205,2016-11,B100,0
4206,2016-11,LNG,0
4207,2016-11,Methanol,0
4208,2016-11,Ammonia,0
4209,2016-12,Marine Diesel Oil,0
4210,2016-12,Bio-Blended Marine Diesel Oil,0
4211,2016-12,Marine Gas Oil,57.08
4212,2016-12,Bio-Blended Marine Gas Oil,0
4213,2016-12,Low Sulphur Marine Gas Oil,93.4
4214,2016-12,Bio-Blended Low Sulphur Marine Gas Oil,0
4215,2016-12,Marine Fuel Oil,3740.92
4216,2016-12,Bio-Blended Marine Fuel Oil,0
4217,2016-12,Low Sulphur Fuel Oil,13.48
4218,2016-12,Bio-Blended Low Sulphur Fuel Oil,0
4219,2016-12,Ultra Low Sulphur Fuel Oil,0
4220,2016-12,Bio-Blended Ultra Low Sulphur Fuel Oil,0
4221,2016-12,B100,0
4222,2016-12,LNG,0
4223,2016-12,Methanol,0
4224,2016-12,Ammonia,0
4225,2017-01,Marine Diesel Oil,0.07
4226,2017-01,Bio-Blended Marine Diesel Oil,0
4227,2017-01,Marine Gas Oil,61.98
4228,2017-01,Bio-Blended Marine Gas Oil,0
4229,2017-01,Low Sulphur Marine Gas Oil,117.82
4230,2017-01,Bio-Blended Low Sulphur Marine Gas Oil,0
4231,2017-01,Marine Fuel Oil,4267.87
4232,2017-01,Bio-Blended Marine Fuel Oil,0
4233,2017-01,Low Sulphur Fuel Oil,14.44
4234,2017-01,Bio-Blended Low Sulphur Fuel Oil,0
4235,2017-01,Ultra Low Sulphur Fuel Oil,0
4236,2017-01,Bio-Blended Ultra Low Sulphur Fuel Oil,0
4237,2017-01,B100,0
4238,2017-01,LNG,0
4239,2017-01,Methanol,0
4240,2017-01,Ammonia,0
4241,2017-02,Marine Diesel Oil,0
4242,2017-02,Bio-Blended Marine Diesel Oil,0
4243,2017-02,Marine Gas Oil,68.1
4244,2017-02,Bio-Blended Marine Gas Oil,0
4245,2017-02,Low Sulphur Marine Gas Oil,102.31
4246,2017-02,Bio-Blended Low Sulphur Marine Gas Oil,0
4247,2017-02,Marine Fuel Oil,3660.28
4248,2017-02,Bio-Blended Marine Fuel Oil,0
4249,2017-02,Low Sulphur Fuel Oil,15.67
4250,2017-02,Bio-Blended Low Sulphur Fuel Oil,0
4251,2017-02,Ultra Low Sulphur Fuel Oil,0
4252,2017-02,Bio-Blended Ultra Low Sulphur Fuel Oil,0
4253,2017-02,B100,0
4254,2017-02,LNG,0
4255,2017-02,Methanol,0
4256,2017-02,Ammonia,0
4257,2017-03,Marine Diesel Oil,0
4258,2017-03,Bio-Blended Marine Diesel Oil,0
4259,2017-03,Marine Gas Oil,70.76
4260,2017-03,Bio-Blended Marine Gas Oil,0
4261,2017-03,Low Sulphur Marine Gas Oil,114.32
4262,2017-03,Bio-Blended Low Sulphur Marine Gas Oil,0
4263,2017-03,Marine Fuel Oil,4144.37
4264,2017-03,Bio-Blended Marine Fuel Oil,0
4265,2017-03,Low Sulphur Fuel Oil,12.43
4266,2017-03,Bio-Blended Low Sulphur Fuel Oil,0
4267,2017-03,Ultra Low Sulphur Fuel Oil,0
4268,2017-03,Bio-Blended Ultra Low Sulphur Fuel Oil,0
4269,2017-03,B100,0
4270,2017-03,LNG,0
4271,2017-03,Methanol,0
4272,2017-03,Ammonia,0
4273,2017-04,Marine Diesel Oil,0
4274,2017-04,Bio-Blended Marine Diesel Oil,0
4275,2017-04,Marine Gas Oil,57.5
4276,2017-04,Bio-Blended Marine Gas Oil,0
4277,2017-04,Low Sulphur Marine Gas Oil,101.93
4278,2017-04,Bio-Blended Low Sulphur Marine Gas Oil,0
4279,2017-04,Marine Fuel Oil,4085.18
4280,2017-04,Bio-Blended Marine Fuel Oil,0
4281,2017-04,Low Sulphur Fuel Oil,8.7
4282,2017-04,Bio-Blended Low Sulphur Fuel Oil,0
4283,2017-04,Ultra Low Sulphur Fuel Oil,0
4284,2017-04,Bio-Blended Ultra Low Sulphur Fuel Oil,0
4285,2017-04,B100,0
4286,2017-04,LNG,0
4287,2017-04,Methanol,0
4288,2017-04,Ammonia,0
4289,2017-05,Marine Diesel Oil,0
4290,2017-05,Bio-Blended Marine Diesel Oil,0
4291,2017-05,Marine Gas Oil,62.78
4292,2017-05,Bio-Blended Marine Gas Oil,0
4293,2017-05,Low Sulphur Marine Gas Oil,102.6
4294,2017-05,Bio-Blended Low Sulphur Marine Gas Oil,0
4295,2017-05,Marine Fuel Oil,4003.58
4296,2017-05,Bio-Blended Marine Fuel Oil,0
4297,2017-05,Low Sulphur Fuel Oil,11.62
4298,2017-05,Bio-Blended Low Sulphur Fuel Oil,0
4299,2017-05,Ultra Low Sulphur Fuel Oil,0
4300,2017-05,Bio-Blended Ultra Low Sulphur Fuel Oil,0
4301,2017-05,B100,0
4302,2017-05,LNG,0
4303,2017-05,Methanol,0
4304,2017-05,Ammonia,0
4305,2017-06,Marine Diesel Oil,0
4306,2017-06,Bio-Blended Marine Diesel Oil,0
4307,2017-06,Marine Gas Oil,49.59
4308,2017-06,Bio-Blended Marine Gas Oil,0
4309,2017-06,Low Sulphur Marine Gas Oil,99.44
4310,2017-06,Bio-Blended Low Sulphur Marine Gas Oil,0
4311,2017-06,Marine Fuel Oil,3675.95
4312,2017-06,Bio-Blended Marine Fuel Oil,0
4313,2017-06,Low Sulphur Fuel Oil,11.28
4314,2017-06,Bio-Blended Low Sulphur Fuel Oil,0
4315,2017-06,Ultra Low Sulphur Fuel Oil,0
4316,2017-06,Bio-Blended Ultra Low Sulphur Fuel Oil,0
4317,2017-06,B100,0
4318,2017-06,LNG,0.72
4319,2017-06,Methanol,0
4320,2017-06,Ammonia,0
4321,2017-07,Marine Diesel Oil,0
4322,2017-07,Bio-Blended Marine Diesel Oil,0
4323,2017-07,Marine Gas Oil,57.65
4324,2017-07,Bio-Blended Marine Gas Oil,0
4325,2017-07,Low Sulphur Marine Gas Oil,104.3
4326,2017-07,Bio-Blended Low Sulphur Marine Gas Oil,0
4327,2017-07,Marine Fuel Oil,4223.71
4328,2017-07,Bio-Blended Marine Fuel Oil,0
4329,2017-07,Low Sulphur Fuel Oil,8.02
4330,2017-07,Bio-Blended Low Sulphur Fuel Oil,0
4331,2017-07,Ultra Low Sulphur Fuel Oil,0
4332,2017-07,Bio-Blended Ultra Low Sulphur Fuel Oil,0
4333,2017-07,B100,0
4334,2017-07,LNG,0.01
4335,2017-07,Methanol,0
4336,2017-07,Ammonia,0
4337,2017-08,Marine Diesel Oil,0
4338,2017-08,Bio-Blended Marine Diesel Oil,0
4339,2017-08,Marine Gas Oil,60.55
4340,2017-08,Bio-Blended Marine Gas Oil,0
4341,2017-08,Low Sulphur Marine Gas Oil,109.6
4342,2017-08,Bio-Blended Low Sulphur Marine Gas Oil,0
4343,2017-08,Marine Fuel Oil,4185.94
4344,2017-08,Bio-Blended Marine Fuel Oil,0
4345,2017-08,Low Sulphur Fuel Oil,7.55
4346,2017-08,Bio-Blended Low Sulphur Fuel Oil,0
4347,2017-08,Ultra Low Sulphur Fuel Oil,0
4348,2017-08,Bio-Blended Ultra Low Sulphur Fuel Oil,0
4349,2017-08,B100,0
4350,2017-08,LNG,0.04
4351,2017-08,Methanol,0
4352,2017-08,Ammonia,0
4353,2017-09,Marine Diesel Oil,0
4354,2017-09,Bio-Blended Marine Diesel Oil,0
4355,2017-09,Marine Gas Oil,55.51
4356,2017-09,Bio-Blended Marine Gas Oil,0
4357,2017-09,Low Sulphur Marine Gas Oil,109.84
4358,2017-09,Bio-Blended Low Sulphur Marine Gas Oil,0
4359,2017-09,Marine Fuel Oil,4160.13
4360,2017-09,Bio-Blended Marine Fuel Oil,0
4361,2017-09,Low Sulphur Fuel Oil,15.57
4362,2017-09,Bio-Blended Low Sulphur Fuel Oil,0
4363,2017-09,Ultra Low Sulphur Fuel Oil,0
4364,2017-09,Bio-Blended Ultra Low Sulphur Fuel Oil,0
4365,2017-09,B100,0
4366,2017-09,LNG,0.04
4367,2017-09,Methanol,0
4368,2017-09,Ammonia,0
4369,2017-10,Marine Diesel Oil,0
4370,2017-10,Bio-Blended Marine Diesel Oil,0
4371,2017-10,Marine Gas Oil,64.45
4372,2017-10,Bio-Blended Marine Gas Oil,0
4373,2017-10,Low Sulphur Marine Gas Oil,97.31
4374,2017-10,Bio-Blended Low Sulphur Marine Gas Oil,0
4375,2017-10,Marine Fuel Oil,3830.24
4376,2017-10,Bio-Blended Marine Fuel Oil,0
4377,2017-10,Low Sulphur Fuel Oil,13.28
4378,2017-10,Bio-Blended Low Sulphur Fuel Oil,0
4379,2017-10,Ultra Low Sulphur Fuel Oil,0
4380,2017-10,Bio-Blended Ultra Low Sulphur Fuel Oil,0
4381,2017-10,B100,0
4382,2017-10,LNG,0
4383,2017-10,Methanol,0
4384,2017-10,Ammonia,0
4385,2017-11,Marine Diesel Oil,0
4386,2017-11,Bio-Blended Marine Diesel Oil,0
4387,2017-11,Marine Gas Oil,56.92
4388,2017-11,Bio-Blended Marine Gas Oil,0
4389,2017-11,Low Sulphur Marine Gas Oil,107.56
4390,2017-11,Bio-Blended Low Sulphur Marine Gas Oil,0
4391,2017-11,Marine Fuel Oil,4135.36
4392,2017-11,Bio-Blended Marine Fuel Oil,0
4393,2017-11,Low Sulphur Fuel Oil,15.79
4394,2017-11,Bio-Blended Low Sulphur Fuel Oil,0
4395,2017-11,Ultra Low Sulphur Fuel Oil,0
4396,2017-11,Bio-Blended Ultra Low Sulphur Fuel Oil,0
4397,2017-11,B100,0
4398,2017-11,LNG,0
4399,2017-11,Methanol,0
4400,2017-11,Ammonia,0
4401,2017-12,Marine Diesel Oil,0
4402,2017-12,Bio-Blended Marine Diesel Oil,0
4403,2017-12,Marine Gas Oil,70.31
4404,2017-12,Bio-Blended Marine Gas Oil,0
4405,2017-12,Low Sulphur Marine Gas Oil,118.07
4406,2017-12,Bio-Blended Low Sulphur Marine Gas Oil,0
4407,2017-12,Marine Fuel Oil,4096.87
4408,2017-12,Bio-Blended Marine Fuel Oil,0
4409,2017-12,Low Sulphur Fuel Oil,11.33
4410,2017-12,Bio-Blended Low Sulphur Fuel Oil,0
4411,2017-12,Ultra Low Sulphur Fuel Oil,0
4412,2017-12,Bio-Blended Ultra Low Sulphur Fuel Oil,0
4413,2017-12,B100,0
4414,2017-12,LNG,0
4415,2017-12,Methanol,0
4416,2017-12,Ammonia,0
4417,2018-01,Marine Diesel Oil,0
4418,2018-01,Bio-Blended Marine Diesel Oil,0
4419,2018-01,Marine Gas Oil,68.18
4420,2018-01,Bio-Blended Marine Gas Oil,0
4421,2018-01,Low Sulphur Marine Gas Oil,115.09
4422,2018-01,Bio-Blended Low Sulphur Marine Gas Oil,0
4423,2018-01,Marine Fuel Oil,4395.9
4424,2018-01,Bio-Blended Marine Fuel Oil,0
4425,2018-01,Low Sulphur Fuel Oil,26.41
4426,2018-01,Bio-Blended Low Sulphur Fuel Oil,0
4427,2018-01,Ultra Low Sulphur Fuel Oil,0
4428,2018-01,Bio-Blended Ultra Low Sulphur Fuel Oil,0
4429,2018-01,B100,0
4430,2018-01,LNG,0
4431,2018-01,Methanol,0
4432,2018-01,Ammonia,0
4433,2018-02,Marine Diesel Oil,0
4434,2018-02,Bio-Blended Marine Diesel Oil,0
4435,2018-02,Marine Gas Oil,54.65
4436,2018-02,Bio-Blended Marine Gas Oil,0
4437,2018-02,Low Sulphur Marine Gas Oil,127.62
4438,2018-02,Bio-Blended Low Sulphur Marine Gas Oil,0
4439,2018-02,Marine Fuel Oil,3929.16
4440,2018-02,Bio-Blended Marine Fuel Oil,0
4441,2018-02,Low Sulphur Fuel Oil,24.43
4442,2018-02,Bio-Blended Low Sulphur Fuel Oil,0
4443,2018-02,Ultra Low Sulphur Fuel Oil,0
4444,2018-02,Bio-Blended Ultra Low Sulphur Fuel Oil,0
4445,2018-02,B100,0
4446,2018-02,LNG,0
4447,2018-02,Methanol,0
4448,2018-02,Ammonia,0
4449,2018-03,Marine Diesel Oil,0
4450,2018-03,Bio-Blended Marine Diesel Oil,0
4451,2018-03,Marine Gas Oil,61.46
4452,2018-03,Bio-Blended Marine Gas Oil,0
4453,2018-03,Low Sulphur Marine Gas Oil,119.22
4454,2018-03,Bio-Blended Low Sulphur Marine Gas Oil,0
4455,2018-03,Marine Fuel Oil,3975.73
4456,2018-03,Bio-Blended Marine Fuel Oil,0
4457,2018-03,Low Sulphur Fuel Oil,11.92
4458,2018-03,Bio-Blended Low Sulphur Fuel Oil,0
4459,2018-03,Ultra Low Sulphur Fuel Oil,0
4460,2018-03,Bio-Blended Ultra Low Sulphur Fuel Oil,0
4461,2018-03,B100,0
4462,2018-03,LNG,0
4463,2018-03,Methanol,0
4464,2018-03,Ammonia,0
4465,2018-04,Marine Diesel Oil,0
4466,2018-04,Bio-Blended Marine Diesel Oil,0
4467,2018-04,Marine Gas Oil,64.36
4468,2018-04,Bio-Blended Marine Gas Oil,0
4469,2018-04,Low Sulphur Marine Gas Oil,126.08
4470,2018-04,Bio-Blended Low Sulphur Marine Gas Oil,0
4471,2018-04,Marine Fuel Oil,4022.61
4472,2018-04,Bio-Blended Marine Fuel Oil,0
4473,2018-04,Low Sulphur Fuel Oil,20.29
4474,2018-04,Bio-Blended Low Sulphur Fuel Oil,0
4475,2018-04,Ultra Low Sulphur Fuel Oil,0
4476,2018-04,Bio-Blended Ultra Low Sulphur Fuel Oil,0
4477,2018-04,B100,0
4478,2018-04,LNG,0
4479,2018-04,Methanol,0
4480,2018-04,Ammonia,0
4481,2018-05,Marine Diesel Oil,0
4482,2018-05,Bio-Blended Marine Diesel Oil,0
4483,2018-05,Marine Gas Oil,62.61
4484,2018-05,Bio-Blended Marine Gas Oil,0
4485,2018-05,Low Sulphur Marine Gas Oil,109.81
4486,2018-05,Bio-Blended Low Sulphur Marine Gas Oil,0
4487,2018-05,Marine Fuel Oil,4095.59
4488,2018-05,Bio-Blended Marine Fuel Oil,0
4489,2018-05,Low Sulphur Fuel Oil,15.48
4490,2018-05,Bio-Blended Low Sulphur Fuel Oil,0
4491,2018-05,Ultra Low Sulphur Fuel Oil,0
4492,2018-05,Bio-Blended Ultra Low Sulphur Fuel Oil,0
4493,2018-05,B100,0
4494,2018-05,LNG,0
4495,2018-05,Methanol,0
4496,2018-05,Ammonia,0
4497,2018-06,Marine Diesel Oil,0
4498,2018-06,Bio-Blended Marine Diesel Oil,0
4499,2018-06,Marine Gas Oil,55.06
4500,2018-06,Bio-Blended Marine Gas Oil,0
4501,2018-06,Low Sulphur Marine Gas Oil,107.5
4502,2018-06,Bio-Blended Low Sulphur Marine Gas Oil,0
4503,2018-06,Marine Fuel Oil,3727.34
4504,2018-06,Bio-Blended Marine Fuel Oil,0
4505,2018-06,Low Sulphur Fuel Oil,32.4
4506,2018-06,Bio-Blended Low Sulphur Fuel Oil,0
4507,2018-06,Ultra Low Sulphur Fuel Oil,0
4508,2018-06,Bio-Blended Ultra Low Sulphur Fuel Oil,0
4509,2018-06,B100,0
4510,2018-06,LNG,0
4511,2018-06,Methanol,0
4512,2018-06,Ammonia,0
4513,2018-07,Marine Diesel Oil,0
4514,2018-07,Bio-Blended Marine Diesel Oil,0
4515,2018-07,Marine Gas Oil,50.32
4516,2018-07,Bio-Blended Marine Gas Oil,0
4517,2018-07,Low Sulphur Marine Gas Oil,100.22
4518,2018-07,Bio-Blended Low Sulphur Marine Gas Oil,0
4519,2018-07,Marine Fuel Oil,3853.09
4520,2018-07,Bio-Blended Marine Fuel Oil,0
4521,2018-07,Low Sulphur Fuel Oil,32.19
4522,2018-07,Bio-Blended Low Sulphur Fuel Oil,0
4523,2018-07,Ultra Low Sulphur Fuel Oil,0
4524,2018-07,Bio-Blended Ultra Low Sulphur Fuel Oil,0
4525,2018-07,B100,0
4526,2018-07,LNG,0
4527,2018-07,Methanol,0
4528,2018-07,Ammonia,0
4529,2018-08,Marine Diesel Oil,0
4530,2018-08,Bio-Blended Marine Diesel Oil,0
4531,2018-08,Marine Gas Oil,49.28
4532,2018-08,Bio-Blended Marine Gas Oil,0
4533,2018-08,Low Sulphur Marine Gas Oil,125.72
4534,2018-08,Bio-Blended Low Sulphur Marine Gas Oil,0
4535,2018-08,Marine Fuel Oil,3766.18
4536,2018-08,Bio-Blended Marine Fuel Oil,0
4537,2018-08,Low Sulphur Fuel Oil,21.75
4538,2018-08,Bio-Blended Low Sulphur Fuel Oil,0
4539,2018-08,Ultra Low Sulphur Fuel Oil,0
4540,2018-08,Bio-Blended Ultra Low Sulphur Fuel Oil,0
4541,2018-08,B100,0
4542,2018-08,LNG,0
4543,2018-08,Methanol,0
4544,2018-08,Ammonia,0
4545,2018-09,Marine Diesel Oil,0
4546,2018-09,Bio-Blended Marine Diesel Oil,0
4547,2018-09,Marine Gas Oil,60.05
4548,2018-09,Bio-Blended Marine Gas Oil,0
4549,2018-09,Low Sulphur Marine Gas Oil,133.18
4550,2018-09,Bio-Blended Low Sulphur Marine Gas Oil,0
4551,2018-09,Marine Fuel Oil,3887.48
4552,2018-09,Bio-Blended Marine Fuel Oil,0
4553,2018-09,Low Sulphur Fuel Oil,31.34
4554,2018-09,Bio-Blended Low Sulphur Fuel Oil,0
4555,2018-09,Ultra Low Sulphur Fuel Oil,0
4556,2018-09,Bio-Blended Ultra Low Sulphur Fuel Oil,0
4557,2018-09,B100,0
4558,2018-09,LNG,0
4559,2018-09,Methanol,0
4560,2018-09,Ammonia,0
4561,2018-10,Marine Diesel Oil,0
4562,2018-10,Bio-Blended Marine Diesel Oil,0
4563,2018-10,Marine Gas Oil,73.71
4564,2018-10,Bio-Blended Marine Gas Oil,0
4565,2018-10,Low Sulphur Marine Gas Oil,143.2
4566,2018-10,Bio-Blended Low Sulphur Marine Gas Oil,0
4567,2018-10,Marine Fuel Oil,3872.3
4568,2018-10,Bio-Blended Marine Fuel Oil,0
4569,2018-10,Low Sulphur Fuel Oil,36.02
4570,2018-10,Bio-Blended Low Sulphur Fuel Oil,0
4571,2018-10,Ultra Low Sulphur Fuel Oil,0
4572,2018-10,Bio-Blended Ultra Low Sulphur Fuel Oil,0
4573,2018-10,B100,0
4574,2018-10,LNG,0
4575,2018-10,Methanol,0
4576,2018-10,Ammonia,0
4577,2018-11,Marine Diesel Oil,0
4578,2018-11,Bio-Blended Marine Diesel Oil,0
4579,2018-11,Marine Gas Oil,59.82
4580,2018-11,Bio-Blended Marine Gas Oil,0
4581,2018-11,Low Sulphur Marine Gas Oil,140.51
4582,2018-11,Bio-Blended Low Sulphur Marine Gas Oil,0
4583,2018-11,Marine Fuel Oil,3659.57
4584,2018-11,Bio-Blended Marine Fuel Oil,0
4585,2018-11,Low Sulphur Fuel Oil,46.19
4586,2018-11,Bio-Blended Low Sulphur Fuel Oil,0
4587,2018-11,Ultra Low Sulphur Fuel Oil,0
4588,2018-11,Bio-Blended Ultra Low Sulphur Fuel Oil,0
4589,2018-11,B100,0
4590,2018-11,LNG,0
4591,2018-11,Methanol,0
4592,2018-11,Ammonia,0
4593,2018-12,Marine Diesel Oil,0
4594,2018-12,Bio-Blended Marine Diesel Oil,0
4595,2018-12,Marine Gas Oil,87.34
4596,2018-12,Bio-Blended Marine Gas Oil,0
4597,2018-12,Low Sulphur Marine Gas Oil,190.85
4598,2018-12,Bio-Blended Low Sulphur Marine Gas Oil,0
4599,2018-12,Marine Fuel Oil,3996.01
4600,2018-12,Bio-Blended Marine Fuel Oil,0
4601,2018-12,Low Sulphur Fuel Oil,33.56
4602,2018-12,Bio-Blended Low Sulphur Fuel Oil,0
4603,2018-12,Ultra Low Sulphur Fuel Oil,0
4604,2018-12,Bio-Blended Ultra Low Sulphur Fuel Oil,0
4605,2018-12,B100,0
4606,2018-12,LNG,0
4607,2018-12,Methanol,0
4608,2018-12,Ammonia,0
4609,2019-01,Marine Diesel Oil,0
4610,2019-01,Bio-Blended Marine Diesel Oil,0
4611,2019-01,Marine Gas Oil,79.14
4612,2019-01,Bio-Blended Marine Gas Oil,0
4613,2019-01,Low Sulphur Marine Gas Oil,229.51
4614,2019-01,Bio-Blended Low Sulphur Marine Gas Oil,0
4615,2019-01,Marine Fuel Oil,3858.09
4616,2019-01,Bio-Blended Marine Fuel Oil,0
4617,2019-01,Low Sulphur Fuel Oil,32.62
4618,2019-01,Bio-Blended Low Sulphur Fuel Oil,0
4619,2019-01,Ultra Low Sulphur Fuel Oil,0
4620,2019-01,Bio-Blended Ultra Low Sulphur Fuel Oil,0
4621,2019-01,B100,0
4622,2019-01,LNG,0
4623,2019-01,Methanol,0
4624,2019-01,Ammonia,0
4625,2019-02,Marine Diesel Oil,0.76
4626,2019-02,Bio-Blended Marine Diesel Oil,0
4627,2019-02,Marine Gas Oil,69.89
4628,2019-02,Bio-Blended Marine Gas Oil,0
4629,2019-02,Low Sulphur Marine Gas Oil,217.15
4630,2019-02,Bio-Blended Low Sulphur Marine Gas Oil,0
4631,2019-02,Marine Fuel Oil,3449.96
4632,2019-02,Bio-Blended Marine Fuel Oil,0
4633,2019-02,Low Sulphur Fuel Oil,42.6
4634,2019-02,Bio-Blended Low Sulphur Fuel Oil,0
4635,2019-02,Ultra Low Sulphur Fuel Oil,0
4636,2019-02,Bio-Blended Ultra Low Sulphur Fuel Oil,0
4637,2019-02,B100,0
4638,2019-02,LNG,0
4639,2019-02,Methanol,0
4640,2019-02,Ammonia,0
4641,2019-03,Marine Diesel Oil,0
4642,2019-03,Bio-Blended Marine Diesel Oil,0
4643,2019-03,Marine Gas Oil,68.87
4644,2019-03,Bio-Blended Marine Gas Oil,0
4645,2019-03,Low Sulphur Marine Gas Oil,208.54
4646,2019-03,Bio-Blended Low Sulphur Marine Gas Oil,0
4647,2019-03,Marine Fuel Oil,3752.93
4648,2019-03,Bio-Blended Marine Fuel Oil,0
4649,2019-03,Low Sulphur Fuel Oil,60.51
4650,2019-03,Bio-Blended Low Sulphur Fuel Oil,0
4651,2019-03,Ultra Low Sulphur Fuel Oil,0
4652,2019-03,Bio-Blended Ultra Low Sulphur Fuel Oil,0
4653,2019-03,B100,0
4654,2019-03,LNG,0
4655,2019-03,Methanol,0
4656,2019-03,Ammonia,0
4657,2019-04,Marine Diesel Oil,0
4658,2019-04,Bio-Blended Marine Diesel Oil,0
4659,2019-04,Marine Gas Oil,71.05
4660,2019-04,Bio-Blended Marine Gas Oil,0
4661,2019-04,Low Sulphur Marine Gas Oil,196.61
4662,2019-04,Bio-Blended Low Sulphur Marine Gas Oil,0
4663,2019-04,Marine Fuel Oil,3390.34
4664,2019-04,Bio-Blended Marine Fuel Oil,0
4665,2019-04,Low Sulphur Fuel Oil,54.08
4666,2019-04,Bio-Blended Low Sulphur Fuel Oil,0
4667,2019-04,Ultra Low Sulphur Fuel Oil,0
4668,2019-04,Bio-Blended Ultra Low Sulphur Fuel Oil,0
4669,2019-04,B100,0
4670,2019-04,LNG,0.9
4671,2019-04,Methanol,0
4672,2019-04,Ammonia,0
4673,2019-05,Marine Diesel Oil,0
4674,2019-05,Bio-Blended Marine Diesel Oil,0
4675,2019-05,Marine Gas Oil,75.93
4676,2019-05,Bio-Blended Marine Gas Oil,0
4677,2019-05,Low Sulphur Marine Gas Oil,211.95
4678,2019-05,Bio-Blended Low Sulphur Marine Gas Oil,0
4679,2019-05,Marine Fuel Oil,3658.92
4680,2019-05,Bio-Blended Marine Fuel Oil,0
4681,2019-05,Low Sulphur Fuel Oil,59.67
4682,2019-05,Bio-Blended Low Sulphur Fuel Oil,0
4683,2019-05,Ultra Low Sulphur Fuel Oil,0
4684,2019-05,Bio-Blended Ultra Low Sulphur Fuel Oil,0
4685,2019-05,B100,0
4686,2019-05,LNG,0
4687,2019-05,Methanol,0
4688,2019-05,Ammonia,0
4689,2019-06,Marine Diesel Oil,0
4690,2019-06,Bio-Blended Marine Diesel Oil,0
4691,2019-06,Marine Gas Oil,54.88
4692,2019-06,Bio-Blended Marine Gas Oil,0
4693,2019-06,Low Sulphur Marine Gas Oil,230.81
4694,2019-06,Bio-Blended Low Sulphur Marine Gas Oil,0
4695,2019-06,Marine Fuel Oil,3565.82
4696,2019-06,Bio-Blended Marine Fuel Oil,0
4697,2019-06,Low Sulphur Fuel Oil,68.38
4698,2019-06,Bio-Blended Low Sulphur Fuel Oil,0
4699,2019-06,Ultra Low Sulphur Fuel Oil,0
4700,2019-06,Bio-Blended Ultra Low Sulphur Fuel Oil,0
4701,2019-06,B100,0
4702,2019-06,LNG,0
4703,2019-06,Methanol,0
4704,2019-06,Ammonia,0
4705,2019-07,Marine Diesel Oil,0
4706,2019-07,Bio-Blended Marine Diesel Oil,0
4707,2019-07,Marine Gas Oil,51.44
4708,2019-07,Bio-Blended Marine Gas Oil,0
4709,2019-07,Low Sulphur Marine Gas Oil,216.85
4710,2019-07,Bio-Blended Low Sulphur Marine Gas Oil,0
4711,2019-07,Marine Fuel Oil,3545.75
4712,2019-07,Bio-Blended Marine Fuel Oil,0
4713,2019-07,Low Sulphur Fuel Oil,64.2
4714,2019-07,Bio-Blended Low Sulphur Fuel Oil,0
4715,2019-07,Ultra Low Sulphur Fuel Oil,0
4716,2019-07,Bio-Blended Ultra Low Sulphur Fuel Oil,0
4717,2019-07,B100,0
4718,2019-07,LNG,0
4719,2019-07,Methanol,0
4720,2019-07,Ammonia,0
4721,2019-08,Marine Diesel Oil,0
4722,2019-08,Bio-Blended Marine Diesel Oil,0
4723,2019-08,Marine Gas Oil,61.83
4724,2019-08,Bio-Blended Marine Gas Oil,0
4725,2019-08,Low Sulphur Marine Gas Oil,218.49
4726,2019-08,Bio-Blended Low Sulphur Marine Gas Oil,0
4727,2019-08,Marine Fuel Oil,3310.67
4728,2019-08,Bio-Blended Marine Fuel Oil,0
4729,2019-08,Low Sulphur Fuel Oil,77.91
4730,2019-08,Bio-Blended Low Sulphur Fuel Oil,0
4731,2019-08,Ultra Low Sulphur Fuel Oil,0
4732,2019-08,Bio-Blended Ultra Low Sulphur Fuel Oil,0
4733,2019-08,B100,0
4734,2019-08,LNG,0
4735,2019-08,Methanol,0
4736,2019-08,Ammonia,0
4737,2019-09,Marine Diesel Oil,0
4738,2019-09,Bio-Blended Marine Diesel Oil,0
4739,2019-09,Marine Gas Oil,62.05
4740,2019-09,Bio-Blended Marine Gas Oil,0
4741,2019-09,Low Sulphur Marine Gas Oil,284.32
4742,2019-09,Bio-Blended Low Sulphur Marine Gas Oil,0
4743,2019-09,Marine Fuel Oil,3378.53
4744,2019-09,Bio-Blended Marine Fuel Oil,0
4745,2019-09,Low Sulphur Fuel Oil,173.48
4746,2019-09,Bio-Blended Low Sulphur Fuel Oil,0
4747,2019-09,Ultra Low Sulphur Fuel Oil,0
4748,2019-09,Bio-Blended Ultra Low Sulphur Fuel Oil,0
4749,2019-09,B100,0
4750,2019-09,LNG,0
4751,2019-09,Methanol,0
4752,2019-09,Ammonia,0
4753,2019-10,Marine Diesel Oil,0
4754,2019-10,Bio-Blended Marine Diesel Oil,0
4755,2019-10,Marine Gas Oil,51.32
4756,2019-10,Bio-Blended Marine Gas Oil,0
4757,2019-10,Low Sulphur Marine Gas Oil,293.94
4758,2019-10,Bio-Blended Low Sulphur Marine Gas Oil,0
4759,2019-10,Marine Fuel Oil,2852.54
4760,2019-10,Bio-Blended Marine Fuel Oil,0
4761,2019-10,Low Sulphur Fuel Oil,569.87
4762,2019-10,Bio-Blended Low Sulphur Fuel Oil,0
4763,2019-10,Ultra Low Sulphur Fuel Oil,0
4764,2019-10,Bio-Blended Ultra Low Sulphur Fuel Oil,0
4765,2019-10,B100,0
4766,2019-10,LNG,0
4767,2019-10,Methanol,0
4768,2019-10,Ammonia,0
4769,2019-11,Marine Diesel Oil,0
4770,2019-11,Bio-Blended Marine Diesel Oil,0
4771,2019-11,Marine Gas Oil,56.17
4772,2019-11,Bio-Blended Marine Gas Oil,0
4773,2019-11,Low Sulphur Marine Gas Oil,374.37
4774,2019-11,Bio-Blended Low Sulphur Marine Gas Oil,0
4775,2019-11,Marine Fuel Oil,1999.61
4776,2019-11,Bio-Blended Marine Fuel Oil,0
4777,2019-11,Low Sulphur Fuel Oil,1645.49
4778,2019-11,Bio-Blended Low Sulphur Fuel Oil,0
4779,2019-11,Ultra Low Sulphur Fuel Oil,0
4780,2019-11,Bio-Blended Ultra Low Sulphur Fuel Oil,0
4781,2019-11,B100,0
4782,2019-11,LNG,0
4783,2019-11,Methanol,0
4784,2019-11,Ammonia,0
4785,2019-12,Marine Diesel Oil,0
4786,2019-12,Bio-Blended Marine Diesel Oil,0
4787,2019-12,Marine Gas Oil,89.48
4788,2019-12,Bio-Blended Marine Gas Oil,0
4789,2019-12,Low Sulphur Marine Gas Oil,407.34
4790,2019-12,Bio-Blended Low Sulphur Marine Gas Oil,0
4791,2019-12,Marine Fuel Oil,1338.57
4792,2019-12,Bio-Blended Marine Fuel Oil,0
4793,2019-12,Low Sulphur Fuel Oil,2630.31
4794,2019-12,Bio-Blended Low Sulphur Fuel Oil,0
4795,2019-12,Ultra Low Sulphur Fuel Oil,0
4796,2019-12,Bio-Blended Ultra Low Sulphur Fuel Oil,0
4797,2019-12,B100,0
4798,2019-12,LNG,0
4799,2019-12,Methanol,0
4800,2019-12,Ammonia,0
4801,2020-01,Marine Diesel Oil,0
4802,2020-01,Bio-Blended Marine Diesel Oil,0
4803,2020-01,Marine Gas Oil,108.5
4804,2020-01,Bio-Blended Marine Gas Oil,0
4805,2020-01,Low Sulphur Marine Gas Oil,445.89
4806,2020-01,Bio-Blended Low Sulphur Marine Gas Oil,0
4807,2020-01,Marine Fuel Oil,771.75
4808,2020-01,Bio-Blended Marine Fuel Oil,0
4809,2020-01,Low Sulphur Fuel Oil,3111.02
4810,2020-01,Bio-Blended Low Sulphur Fuel Oil,0
4811,2020-01,Ultra Low Sulphur Fuel Oil,77.5
4812,2020-01,Bio-Blended Ultra Low Sulphur Fuel Oil,0
4813,2020-01,B100,0
4814,2020-01,LNG,0
4815,2020-01,Methanol,0
4816,2020-01,Ammonia,0
4817,2020-02,Marine Diesel Oil,0
4818,2020-02,Bio-Blended Marine Diesel Oil,0
4819,2020-02,Marine Gas Oil,86.44
4820,2020-02,Bio-Blended Marine Gas Oil,0
4821,2020-02,Low Sulphur Marine Gas Oil,400.25
4822,2020-02,Bio-Blended Low Sulphur Marine Gas Oil,0
4823,2020-02,Marine Fuel Oil,621.31
4824,2020-02,Bio-Blended Marine Fuel Oil,0
4825,2020-02,Low Sulphur Fuel Oil,2711.96
4826,2020-02,Bio-Blended Low Sulphur Fuel Oil,0
4827,2020-02,Ultra Low Sulphur Fuel Oil,59.76
4828,2020-02,Bio-Blended Ultra Low Sulphur Fuel Oil,0
4829,2020-02,B100,0
4830,2020-02,LNG,0
4831,2020-02,Methanol,0
4832,2020-02,Ammonia,0
4833,2020-03,Marine Diesel Oil,0.2
4834,2020-03,Bio-Blended Marine Diesel Oil,0
4835,2020-03,Marine Gas Oil,52.12
4836,2020-03,Bio-Blended Marine Gas Oil,0
4837,2020-03,Low Sulphur Marine Gas Oil,407.95
4838,2020-03,Bio-Blended Low Sulphur Marine Gas Oil,0
4839,2020-03,Marine Fuel Oil,781.84
4840,2020-03,Bio-Blended Marine Fuel Oil,0
4841,2020-03,Low Sulphur Fuel Oil,3001.57
4842,2020-03,Bio-Blended Low Sulphur Fuel Oil,0
4843,2020-03,Ultra Low Sulphur Fuel Oil,78.61
4844,2020-03,Bio-Blended Ultra Low Sulphur Fuel Oil,0
4845,2020-03,B100,0
4846,2020-03,LNG,0
4847,2020-03,Methanol,0
4848,2020-03,Ammonia,0
4849,2020-04,Marine Diesel Oil,0
4850,2020-04,Bio-Blended Marine Diesel Oil,0
4851,2020-04,Marine Gas Oil,48.43
4852,2020-04,Bio-Blended Marine Gas Oil,0
4853,2020-04,Low Sulphur Marine Gas Oil,372.56
4854,2020-04,Bio-Blended Low Sulphur Marine Gas Oil,0
4855,2020-04,Marine Fuel Oil,771.24
4856,2020-04,Bio-Blended Marine Fuel Oil,0
4857,2020-04,Low Sulphur Fuel Oil,2854.76
4858,2020-04,Bio-Blended Low Sulphur Fuel Oil,0
4859,2020-04,Ultra Low Sulphur Fuel Oil,66.69
4860,2020-04,Bio-Blended Ultra Low Sulphur Fuel Oil,0
4861,2020-04,B100,0
4862,2020-04,LNG,0
4863,2020-04,Methanol,0
4864,2020-04,Ammonia,0
4865,2020-05,Marine Diesel Oil,0
4866,2020-05,Bio-Blended Marine Diesel Oil,0
4867,2020-05,Marine Gas Oil,72.12
4868,2020-05,Bio-Blended Marine Gas Oil,0
4869,2020-05,Low Sulphur Marine Gas Oil,351.41
4870,2020-05,Bio-Blended Low Sulphur Marine Gas Oil,0
4871,2020-05,Marine Fuel Oil,786.76
4872,2020-05,Bio-Blended Marine Fuel Oil,0
4873,2020-05,Low Sulphur Fuel Oil,2656.27
4874,2020-05,Bio-Blended Low Sulphur Fuel Oil,0
4875,2020-05,Ultra Low Sulphur Fuel Oil,58.45
4876,2020-05,Bio-Blended Ultra Low Sulphur Fuel Oil,0
4877,2020-05,B100,0
4878,2020-05,LNG,0
4879,2020-05,Methanol,0
4880,2020-05,Ammonia,0
4881,2020-06,Marine Diesel Oil,0
4882,2020-06,Bio-Blended Marine Diesel Oil,0
4883,2020-06,Marine Gas Oil,56.23
4884,2020-06,Bio-Blended Marine Gas Oil,0
4885,2020-06,Low Sulphur Marine Gas Oil,254.18
4886,2020-06,Bio-Blended Low Sulphur Marine Gas Oil,0
4887,2020-06,Marine Fuel Oil,807.08
4888,2020-06,Bio-Blended Marine Fuel Oil,0
4889,2020-06,Low Sulphur Fuel Oil,2651.79
4890,2020-06,Bio-Blended Low Sulphur Fuel Oil,0
4891,2020-06,Ultra Low Sulphur Fuel Oil,59.76
4892,2020-06,Bio-Blended Ultra Low Sulphur Fuel Oil,0
4893,2020-06,B100,0
4894,2020-06,LNG,0
4895,2020-06,Methanol,0
4896,2020-06,Ammonia,0
4897,2020-07,Marine Diesel Oil,0
4898,2020-07,Bio-Blended Marine Diesel Oil,0
4899,2020-07,Marine Gas Oil,30.78
4900,2020-07,Bio-Blended Marine Gas Oil,0
4901,2020-07,Low Sulphur Marine Gas Oil,245.78
4902,2020-07,Bio-Blended Low Sulphur Marine Gas Oil,0
4903,2020-07,Marine Fuel Oil,988.59
4904,2020-07,Bio-Blended Marine Fuel Oil,0
4905,2020-07,Low Sulphur Fuel Oil,2892.52
4906,2020-07,Bio-Blended Low Sulphur Fuel Oil,0
4907,2020-07,Ultra Low Sulphur Fuel Oil,0
4908,2020-07,Bio-Blended Ultra Low Sulphur Fuel Oil,0
4909,2020-07,B100,0
4910,2020-07,LNG,0
4911,2020-07,Methanol,0
4912,2020-07,Ammonia,0
4913,2020-08,Marine Diesel Oil,0
4914,2020-08,Bio-Blended Marine Diesel Oil,0
4915,2020-08,Marine Gas Oil,27.37
4916,2020-08,Bio-Blended Marine Gas Oil,0
4917,2020-08,Low Sulphur Marine Gas Oil,273.24
4918,2020-08,Bio-Blended Low Sulphur Marine Gas Oil,0
4919,2020-08,Marine Fuel Oil,1028.36
4920,2020-08,Bio-Blended Marine Fuel Oil,0
4921,2020-08,Low Sulphur Fuel Oil,2839.94
4922,2020-08,Bio-Blended Low Sulphur Fuel Oil,0
4923,2020-08,Ultra Low Sulphur Fuel Oil,0
4924,2020-08,Bio-Blended Ultra Low Sulphur Fuel Oil,0
4925,2020-08,B100,0
4926,2020-08,LNG,0
4927,2020-08,Methanol,0
4928,2020-08,Ammonia,0
4929,2020-09,Marine Diesel Oil,0
4930,2020-09,Bio-Blended Marine Diesel Oil,0
4931,2020-09,Marine Gas Oil,25.03
4932,2020-09,Bio-Blended Marine Gas Oil,0
4933,2020-09,Low Sulphur Marine Gas Oil,362.82
4934,2020-09,Bio-Blended Low Sulphur Marine Gas Oil,0
4935,2020-09,Marine Fuel Oil,933.82
4936,2020-09,Bio-Blended Marine Fuel Oil,0
4937,2020-09,Low Sulphur Fuel Oil,2895.9
4938,2020-09,Bio-Blended Low Sulphur Fuel Oil,0
4939,2020-09,Ultra Low Sulphur Fuel Oil,0
4940,2020-09,Bio-Blended Ultra Low Sulphur Fuel Oil,0
4941,2020-09,B100,0
4942,2020-09,LNG,0
4943,2020-09,Methanol,0
4944,2020-09,Ammonia,0
4945,2020-10,Marine Diesel Oil,0
4946,2020-10,Bio-Blended Marine Diesel Oil,0
4947,2020-10,Marine Gas Oil,33.19
4948,2020-10,Bio-Blended Marine Gas Oil,0
4949,2020-10,Low Sulphur Marine Gas Oil,328.44
4950,2020-10,Bio-Blended Low Sulphur Marine Gas Oil,0
4951,2020-10,Marine Fuel Oil,1084.46
4952,2020-10,Bio-Blended Marine Fuel Oil,0
4953,2020-10,Low Sulphur Fuel Oil,2706.27
4954,2020-10,Bio-Blended Low Sulphur Fuel Oil,0
4955,2020-10,Ultra Low Sulphur Fuel Oil,0
4956,2020-10,Bio-Blended Ultra Low Sulphur Fuel Oil,0
4957,2020-10,B100,0
4958,2020-10,LNG,0
4959,2020-10,Methanol,0
4960,2020-10,Ammonia,0
4961,2020-11,Marine Diesel Oil,0
4962,2020-11,Bio-Blended Marine Diesel Oil,0
4963,2020-11,Marine Gas Oil,50.72
4964,2020-11,Bio-Blended Marine Gas Oil,0
4965,2020-11,Low Sulphur Marine Gas Oil,324.51
4966,2020-11,Bio-Blended Low Sulphur Marine Gas Oil,0
4967,2020-11,Marine Fuel Oil,1059.23
4968,2020-11,Bio-Blended Marine Fuel Oil,0
4969,2020-11,Low Sulphur Fuel Oil,2828.09
4970,2020-11,Bio-Blended Low Sulphur Fuel Oil,0
4971,2020-11,Ultra Low Sulphur Fuel Oil,0
4972,2020-11,Bio-Blended Ultra Low Sulphur Fuel Oil,0
4973,2020-11,B100,0
4974,2020-11,LNG,0
4975,2020-11,Methanol,0
4976,2020-11,Ammonia,0
4977,2020-12,Marine Diesel Oil,0
4978,2020-12,Bio-Blended Marine Diesel Oil,0
4979,2020-12,Marine Gas Oil,42.03
4980,2020-12,Bio-Blended Marine Gas Oil,0
4981,2020-12,Low Sulphur Marine Gas Oil,295.14
4982,2020-12,Bio-Blended Low Sulphur Marine Gas Oil,0
4983,2020-12,Marine Fuel Oil,1018.86
4984,2020-12,Bio-Blended Marine Fuel Oil,0
4985,2020-12,Low Sulphur Fuel Oil,2933.59
4986,2020-12,Bio-Blended Low Sulphur Fuel Oil,0
4987,2020-12,Ultra Low Sulphur Fuel Oil,0
4988,2020-12,Bio-Blended Ultra Low Sulphur Fuel Oil,0
4989,2020-12,B100,0
4990,2020-12,LNG,0
4991,2020-12,Methanol,0
4992,2020-12,Ammonia,0
4993,2021-01,Marine Diesel Oil,0
4994,2021-01,Bio-Blended Marine Diesel Oil,0
4995,2021-01,Marine Gas Oil,43.15
4996,2021-01,Bio-Blended Marine Gas Oil,0
4997,2021-01,Low Sulphur Marine Gas Oil,336.02
4998,2021-01,Bio-Blended Low Sulphur Marine Gas Oil,0
4999,2021-01,Marine Fuel Oil,1130.23
5000,2021-01,Bio-Blended Marine Fuel Oil,0
5001,2021-01,Low Sulphur Fuel Oil,2993.6
5002,2021-01,Bio-Blended Low Sulphur Fuel Oil,0
5003,2021-01,Ultra Low Sulphur Fuel Oil,0
5004,2021-01,Bio-Blended Ultra Low Sulphur Fuel Oil,0
5005,2021-01,B100,0
5006,2021-01,LNG,0
5007,2021-01,Methanol,0
5008,2021-01,Ammonia,0
5009,2021-02,Marine Diesel Oil,0
5010,2021-02,Bio-Blended Marine Diesel Oil,0
5011,2021-02,Marine Gas Oil,33.46
5012,2021-02,Bio-Blended Marine Gas Oil,0
5013,2021-02,Low Sulphur Marine Gas Oil,358.49
5014,2021-02,Bio-Blended Low Sulphur Marine Gas Oil,0
5015,2021-02,Marine Fuel Oil,1002.01
5016,2021-02,Bio-Blended Marine Fuel Oil,0
5017,2021-02,Low Sulphur Fuel Oil,2726.14
5018,2021-02,Bio-Blended Low Sulphur Fuel Oil,0
5019,2021-02,Ultra Low Sulphur Fuel Oil,0
5020,2021-02,Bio-Blended Ultra Low Sulphur Fuel Oil,0
5021,2021-02,B100,0
5022,2021-02,LNG,0
5023,2021-02,Methanol,0
5024,2021-02,Ammonia,0
5025,2021-03,Marine Diesel Oil,0
5026,2021-03,Bio-Blended Marine Diesel Oil,0
5027,2021-03,Marine Gas Oil,30.7
5028,2021-03,Bio-Blended Marine Gas Oil,0
5029,2021-03,Low Sulphur Marine Gas Oil,318.9
5030,2021-03,Bio-Blended Low Sulphur Marine Gas Oil,0
5031,2021-03,Marine Fuel Oil,1017.1
5032,2021-03,Bio-Blended Marine Fuel Oil,0
5033,2021-03,Low Sulphur Fuel Oil,2832.64
5034,2021-03,Bio-Blended Low Sulphur Fuel Oil,0
5035,2021-03,Ultra Low Sulphur Fuel Oil,0
5036,2021-03,Bio-Blended Ultra Low Sulphur Fuel Oil,0
5037,2021-03,B100,0
5038,2021-03,LNG,3.03
5039,2021-03,Methanol,0
5040,2021-03,Ammonia,0
5041,2021-04,Marine Diesel Oil,0
5042,2021-04,Bio-Blended Marine Diesel Oil,0
5043,2021-04,Marine Gas Oil,33.03
5044,2021-04,Bio-Blended Marine Gas Oil,0
5045,2021-04,Low Sulphur Marine Gas Oil,297.97
5046,2021-04,Bio-Blended Low Sulphur Marine Gas Oil,0
5047,2021-04,Marine Fuel Oil,1113.21
5048,2021-04,Bio-Blended Marine Fuel Oil,0
5049,2021-04,Low Sulphur Fuel Oil,2812.25
5050,2021-04,Bio-Blended Low Sulphur Fuel Oil,0
5051,2021-04,Ultra Low Sulphur Fuel Oil,0
5052,2021-04,Bio-Blended Ultra Low Sulphur Fuel Oil,0
5053,2021-04,B100,0
5054,2021-04,LNG,2.95
5055,2021-04,Methanol,0
5056,2021-04,Ammonia,0
5057,2021-05,Marine Diesel Oil,0
5058,2021-05,Bio-Blended Marine Diesel Oil,0
5059,2021-05,Marine Gas Oil,30
5060,2021-05,Bio-Blended Marine Gas Oil,0
5061,2021-05,Low Sulphur Marine Gas Oil,281.1
5062,2021-05,Bio-Blended Low Sulphur Marine Gas Oil,0
5063,2021-05,Marine Fuel Oil,984.58
5064,2021-05,Bio-Blended Marine Fuel Oil,0
5065,2021-05,Low Sulphur Fuel Oil,2776.13
5066,2021-05,Bio-Blended Low Sulphur Fuel Oil,0
5067,2021-05,Ultra Low Sulphur Fuel Oil,0
5068,2021-05,Bio-Blended Ultra Low Sulphur Fuel Oil,0
5069,2021-05,B100,0
5070,2021-05,LNG,8.68
5071,2021-05,Methanol,0
5072,2021-05,Ammonia,0
5073,2021-06,Marine Diesel Oil,0
5074,2021-06,Bio-Blended Marine Diesel Oil,0
5075,2021-06,Marine Gas Oil,30.42
5076,2021-06,Bio-Blended Marine Gas Oil,0
5077,2021-06,Low Sulphur Marine Gas Oil,277.18
5078,2021-06,Bio-Blended Low Sulphur Marine Gas Oil,0
5079,2021-06,Marine Fuel Oil,1059.52
5080,2021-06,Bio-Blended Marine Fuel Oil,0
5081,2021-06,Low Sulphur Fuel Oil,2745.85
5082,2021-06,Bio-Blended Low Sulphur Fuel Oil,0
5083,2021-06,Ultra Low Sulphur Fuel Oil,0
5084,2021-06,Bio-Blended Ultra Low Sulphur Fuel Oil,0
5085,2021-06,B100,0
5086,2021-06,LNG,3.23
5087,2021-06,Methanol,0
5088,2021-06,Ammonia,0
5089,2021-07,Marine Diesel Oil,0
5090,2021-07,Bio-Blended Marine Diesel Oil,0
5091,2021-07,Marine Gas Oil,25.05
5092,2021-07,Bio-Blended Marine Gas Oil,0
5093,2021-07,Low Sulphur Marine Gas Oil,281.49
5094,2021-07,Bio-Blended Low Sulphur Marine Gas Oil,0
5095,2021-07,Marine Fuel Oil,1057.29
5096,2021-07,Bio-Blended Marine Fuel Oil,0
5097,2021-07,Low Sulphur Fuel Oil,2700.02
5098,2021-07,Bio-Blended Low Sulphur Fuel Oil,0
5099,2021-07,Ultra Low Sulphur Fuel Oil,0
5100,2021-07,Bio-Blended Ultra Low Sulphur Fuel Oil,0
5101,2021-07,B100,0
5102,2021-07,LNG,5.31
5103,2021-07,Methanol,0
5104,2021-07,Ammonia,0
5105,2021-08,Marine Diesel Oil,0
5106,2021-08,Bio-Blended Marine Diesel Oil,0
5107,2021-08,Marine Gas Oil,26.75
5108,2021-08,Bio-Blended Marine Gas Oil,0
5109,2021-08,Low Sulphur Marine Gas Oil,290.01
5110,2021-08,Bio-Blended Low Sulphur Marine Gas Oil,0
5111,2021-08,Marine Fuel Oil,1074.83
5112,2021-08,Bio-Blended Marine Fuel Oil,0
5113,2021-08,Low Sulphur Fuel Oil,2680.27
5114,2021-08,Bio-Blended Low Sulphur Fuel Oil,0
5115,2021-08,Ultra Low Sulphur Fuel Oil,0
5116,2021-08,Bio-Blended Ultra Low Sulphur Fuel Oil,0
5117,2021-08,B100,0
5118,2021-08,LNG,2.99
5119,2021-08,Methanol,0
5120,2021-08,Ammonia,0
5121,2021-09,Marine Diesel Oil,0
5122,2021-09,Bio-Blended Marine Diesel Oil,0
5123,2021-09,Marine Gas Oil,26.8
5124,2021-09,Bio-Blended Marine Gas Oil,0
5125,2021-09,Low Sulphur Marine Gas Oil,331.69
5126,2021-09,Bio-Blended Low Sulphur Marine Gas Oil,0
5127,2021-09,Marine Fuel Oil,996.24
5128,2021-09,Bio-Blended Marine Fuel Oil,0
5129,2021-09,Low Sulphur Fuel Oil,2580.58
5130,2021-09,Bio-Blended Low Sulphur Fuel Oil,0
5131,2021-09,Ultra Low Sulphur Fuel Oil,0
5132,2021-09,Bio-Blended Ultra Low Sulphur Fuel Oil,0
5133,2021-09,B100,0
5134,2021-09,LNG,3.99
5135,2021-09,Methanol,0
5136,2021-09,Ammonia,0
5137,2021-10,Marine Diesel Oil,0
5138,2021-10,Bio-Blended Marine Diesel Oil,0
5139,2021-10,Marine Gas Oil,39.12
5140,2021-10,Bio-Blended Marine Gas Oil,0
5141,2021-10,Low Sulphur Marine Gas Oil,308.64
5142,2021-10,Bio-Blended Low Sulphur Marine Gas Oil,0
5143,2021-10,Marine Fuel Oil,1200.66
5144,2021-10,Bio-Blended Marine Fuel Oil,0
5145,2021-10,Low Sulphur Fuel Oil,2706.27
5146,2021-10,Bio-Blended Low Sulphur Fuel Oil,0
5147,2021-10,Ultra Low Sulphur Fuel Oil,0
5148,2021-10,Bio-Blended Ultra Low Sulphur Fuel Oil,0
5149,2021-10,B100,0
5150,2021-10,LNG,10.51
5151,2021-10,Methanol,0
5152,2021-10,Ammonia,0
5153,2021-11,Marine Diesel Oil,0
5154,2021-11,Bio-Blended Marine Diesel Oil,0
5155,2021-11,Marine Gas Oil,20.59
5156,2021-11,Bio-Blended Marine Gas Oil,0
5157,2021-11,Low Sulphur Marine Gas Oil,304.94
5158,2021-11,Bio-Blended Low Sulphur Marine Gas Oil,0
5159,2021-11,Marine Fuel Oil,1230.58
5160,2021-11,Bio-Blended Marine Fuel Oil,0
5161,2021-11,Low Sulphur Fuel Oil,2665.49
5162,2021-11,Bio-Blended Low Sulphur Fuel Oil,2.01
5163,2021-11,Ultra Low Sulphur Fuel Oil,0
5164,2021-11,Bio-Blended Ultra Low Sulphur Fuel Oil,0
5165,2021-11,B100,0
5166,2021-11,LNG,5.73
5167,2021-11,Methanol,0
5168,2021-11,Ammonia,0
5169,2021-12,Marine Diesel Oil,0
5170,2021-12,Bio-Blended Marine Diesel Oil,0
5171,2021-12,Marine Gas Oil,21.22
5172,2021-12,Bio-Blended Marine Gas Oil,0
5173,2021-12,Low Sulphur Marine Gas Oil,335.6
5174,2021-12,Bio-Blended Low Sulphur Marine Gas Oil,0
5175,2021-12,Marine Fuel Oil,1168.69
5176,2021-12,Bio-Blended Marine Fuel Oil,0
5177,2021-12,Low Sulphur Fuel Oil,2652.33
5178,2021-12,Bio-Blended Low Sulphur Fuel Oil,0
5179,2021-12,Ultra Low Sulphur Fuel Oil,0
5180,2021-12,Bio-Blended Ultra Low Sulphur Fuel Oil,0
5181,2021-12,B100,0
5182,2021-12,LNG,2.78
5183,2021-12,Methanol,0
5184,2021-12,Ammonia,0
5185,2022-01,Marine Diesel Oil,0
5186,2022-01,Bio-Blended Marine Diesel Oil,0
5187,2022-01,Marine Gas Oil,13.78
5188,2022-01,Bio-Blended Marine Gas Oil,0
5189,2022-01,Low Sulphur Marine Gas Oil,335.87
5190,2022-01,Bio-Blended Low Sulphur Marine Gas Oil,0
5191,2022-01,Marine Fuel Oil,1122.42
5192,2022-01,Bio-Blended Marine Fuel Oil,0
5193,2022-01,Low Sulphur Fuel Oil,2555.92
5194,2022-01,Bio-Blended Low Sulphur Fuel Oil,1
5195,2022-01,Ultra Low Sulphur Fuel Oil,0
5196,2022-01,Bio-Blended Ultra Low Sulphur Fuel Oil,0
5197,2022-01,B100,0
5198,2022-01,LNG,0
5199,2022-01,Methanol,0
5200,2022-01,Ammonia,0
5201,2022-02,Marine Diesel Oil,0
5202,2022-02,Bio-Blended Marine Diesel Oil,0
5203,2022-02,Marine Gas Oil,10.57
5204,2022-02,Bio-Blended Marine Gas Oil,0
5205,2022-02,Low Sulphur Marine Gas Oil,280.5
5206,2022-02,Bio-Blended Low Sulphur Marine Gas Oil,0
5207,2022-02,Marine Fuel Oil,924.1
5208,2022-02,Bio-Blended Marine Fuel Oil,0
5209,2022-02,Low Sulphur Fuel Oil,2276.38
5210,2022-02,Bio-Blended Low Sulphur Fuel Oil,12.5
5211,2022-02,Ultra Low Sulphur Fuel Oil,0
5212,2022-02,Bio-Blended Ultra Low Sulphur Fuel Oil,0
5213,2022-02,B100,0
5214,2022-02,LNG,2.7
5215,2022-02,Methanol,0
5216,2022-02,Ammonia,0
5217,2022-03,Marine Diesel Oil,0
5218,2022-03,Bio-Blended Marine Diesel Oil,0
5219,2022-03,Marine Gas Oil,9.7
5220,2022-03,Bio-Blended Marine Gas Oil,0
5221,2022-03,Low Sulphur Marine Gas Oil,271.97
5222,2022-03,Bio-Blended Low Sulphur Marine Gas Oil,0
5223,2022-03,Marine Fuel Oil,1091.21
5224,2022-03,Bio-Blended Marine Fuel Oil,0
5225,2022-03,Low Sulphur Fuel Oil,2393.49
5226,2022-03,Bio-Blended Low Sulphur Fuel Oil,3.3
5227,2022-03,Ultra Low Sulphur Fuel Oil,0
5228,2022-03,Bio-Blended Ultra Low Sulphur Fuel Oil,0
5229,2022-03,B100,0
5230,2022-03,LNG,0.22
5231,2022-03,Methanol,0
5232,2022-03,Ammonia,0
5233,2022-04,Marine Diesel Oil,0
5234,2022-04,Bio-Blended Marine Diesel Oil,0
5235,2022-04,Marine Gas Oil,7.89
5236,2022-04,Bio-Blended Marine Gas Oil,0
5237,2022-04,Low Sulphur Marine Gas Oil,278.9
5238,2022-04,Bio-Blended Low Sulphur Marine Gas Oil,0
5239,2022-04,Marine Fuel Oil,978.47
5240,2022-04,Bio-Blended Marine Fuel Oil,0
5241,2022-04,Low Sulphur Fuel Oil,2475.08
5242,2022-04,Bio-Blended Low Sulphur Fuel Oil,9.19
5243,2022-04,Ultra Low Sulphur Fuel Oil,0
5244,2022-04,Bio-Blended Ultra Low Sulphur Fuel Oil,0
5245,2022-04,B100,0
5246,2022-04,LNG,0.4
5247,2022-04,Methanol,0
5248,2022-04,Ammonia,0
5249,2022-05,Marine Diesel Oil,0
5250,2022-05,Bio-Blended Marine Diesel Oil,0
5251,2022-05,Marine Gas Oil,5.8
5252,2022-05,Bio-Blended Marine Gas Oil,0
5253,2022-05,Low Sulphur Marine Gas Oil,300.91
5254,2022-05,Bio-Blended Low Sulphur Marine Gas Oil,0
5255,2022-05,Marine Fuel Oil,1094.77
5256,2022-05,Bio-Blended Marine Fuel Oil,0
5257,2022-05,Low Sulphur Fuel Oil,2637.32
5258,2022-05,Bio-Blended Low Sulphur Fuel Oil,4.39
5259,2022-05,Ultra Low Sulphur Fuel Oil,0
5260,2022-05,Bio-Blended Ultra Low Sulphur Fuel Oil,0
5261,2022-05,B100,0
5262,2022-05,LNG,0.78
5263,2022-05,Methanol,0
5264,2022-05,Ammonia,0
5265,2022-06,Marine Diesel Oil,0
5266,2022-06,Bio-Blended Marine Diesel Oil,0
5267,2022-06,Marine Gas Oil,6.89
5268,2022-06,Bio-Blended Marine Gas Oil,0
5269,2022-06,Low Sulphur Marine Gas Oil,272.38
5270,2022-06,Bio-Blended Low Sulphur Marine Gas Oil,0
5271,2022-06,Marine Fuel Oil,1120.96
5272,2022-06,Bio-Blended Marine Fuel Oil,0
5273,2022-06,Low Sulphur Fuel Oil,2345.39
5274,2022-06,Bio-Blended Low Sulphur Fuel Oil,8.17
5275,2022-06,Ultra Low Sulphur Fuel Oil,0
5276,2022-06,Bio-Blended Ultra Low Sulphur Fuel Oil,0
5277,2022-06,B100,0
5278,2022-06,LNG,2.06
5279,2022-06,Methanol,0
5280,2022-06,Ammonia,0
5281,2022-07,Marine Diesel Oil,0
5282,2022-07,Bio-Blended Marine Diesel Oil,0
5283,2022-07,Marine Gas Oil,13.75
5284,2022-07,Bio-Blended Marine Gas Oil,0
5285,2022-07,Low Sulphur Marine Gas Oil,313.76
5286,2022-07,Bio-Blended Low Sulphur Marine Gas Oil,0
5287,2022-07,Marine Fuel Oil,1287.6
5288,2022-07,Bio-Blended Marine Fuel Oil,0
5289,2022-07,Low Sulphur Fuel Oil,2499.25
5290,2022-07,Bio-Blended Low Sulphur Fuel Oil,3.25
5291,2022-07,Ultra Low Sulphur Fuel Oil,0
5292,2022-07,Bio-Blended Ultra Low Sulphur Fuel Oil,0
5293,2022-07,B100,0
5294,2022-07,LNG,1.61
5295,2022-07,Methanol,0
5296,2022-07,Ammonia,0
5297,2022-08,Marine Diesel Oil,0
5298,2022-08,Bio-Blended Marine Diesel Oil,0
5299,2022-08,Marine Gas Oil,11.34
5300,2022-08,Bio-Blended Marine Gas Oil,0
5301,2022-08,Low Sulphur Marine Gas Oil,330.37
5302,2022-08,Bio-Blended Low Sulphur Marine Gas Oil,0
5303,2022-08,Marine Fuel Oil,1263.05
5304,2022-08,Bio-Blended Marine Fuel Oil,0
5305,2022-08,Low Sulphur Fuel Oil,2498.19
5306,2022-08,Bio-Blended Low Sulphur Fuel Oil,13.38
5307,2022-08,Ultra Low Sulphur Fuel Oil,0
5308,2022-08,Bio-Blended Ultra Low Sulphur Fuel Oil,0
5309,2022-08,B100,0
5310,2022-08,LNG,0
5311,2022-08,Methanol,0
5312,2022-08,Ammonia,0
5313,2022-09,Marine Diesel Oil,0
5314,2022-09,Bio-Blended Marine Diesel Oil,0
5315,2022-09,Marine Gas Oil,6.26
5316,2022-09,Bio-Blended Marine Gas Oil,0
5317,2022-09,Low Sulphur Marine Gas Oil,329.44
5318,2022-09,Bio-Blended Low Sulphur Marine Gas Oil,0
5319,2022-09,Marine Fuel Oil,1158.3
5320,2022-09,Bio-Blended Marine Fuel Oil,0
5321,2022-09,Low Sulphur Fuel Oil,2444.72
5322,2022-09,Bio-Blended Low Sulphur Fuel Oil,19.85
5323,2022-09,Ultra Low Sulphur Fuel Oil,0
5324,2022-09,Bio-Blended Ultra Low Sulphur Fuel Oil,0
5325,2022-09,B100,0
5326,2022-09,LNG,0.95
5327,2022-09,Methanol,0
5328,2022-09,Ammonia,0
5329,2022-10,Marine Diesel Oil,0
5330,2022-10,Bio-Blended Marine Diesel Oil,0
5331,2022-10,Marine Gas Oil,11.08
5332,2022-10,Bio-Blended Marine Gas Oil,0
5333,2022-10,Low Sulphur Marine Gas Oil,305.09
5334,2022-10,Bio-Blended Low Sulphur Marine Gas Oil,0
5335,2022-10,Marine Fuel Oil,1348.47
5336,2022-10,Bio-Blended Marine Fuel Oil,0
5337,2022-10,Low Sulphur Fuel Oil,2564.86
5338,2022-10,Bio-Blended Low Sulphur Fuel Oil,21.47
5339,2022-10,Ultra Low Sulphur Fuel Oil,0
5340,2022-10,Bio-Blended Ultra Low Sulphur Fuel Oil,0
5341,2022-10,B100,0
5342,2022-10,LNG,1.7
5343,2022-10,Methanol,0
5344,2022-10,Ammonia,0
5345,2022-11,Marine Diesel Oil,0
5346,2022-11,Bio-Blended Marine Diesel Oil,0
5347,2022-11,Marine Gas Oil,22.81
5348,2022-11,Bio-Blended Marine Gas Oil,0
5349,2022-11,Low Sulphur Marine Gas Oil,307.84
5350,2022-11,Bio-Blended Low Sulphur Marine Gas Oil,0
5351,2022-11,Marine Fuel Oil,1290.33
5352,2022-11,Bio-Blended Marine Fuel Oil,0
5353,2022-11,Low Sulphur Fuel Oil,2728.64
5354,2022-11,Bio-Blended Low Sulphur Fuel Oil,23.08
5355,2022-11,Ultra Low Sulphur Fuel Oil,0
5356,2022-11,Bio-Blended Ultra Low Sulphur Fuel Oil,0
5357,2022-11,B100,0
5358,2022-11,LNG,2.93
5359,2022-11,Methanol,0
5360,2022-11,Ammonia,0
5361,2022-12,Marine Diesel Oil,0
5362,2022-12,Bio-Blended Marine Diesel Oil,0
5363,2022-12,Marine Gas Oil,20.62
5364,2022-12,Bio-Blended Marine Gas Oil,0
5365,2022-12,Low Sulphur Marine Gas Oil,285.6
5366,2022-12,Bio-Blended Low Sulphur Marine Gas Oil,0
5367,2022-12,Marine Fuel Oil,1312.4
5368,2022-12,Bio-Blended Marine Fuel Oil,0
5369,2022-12,Low Sulphur Fuel Oil,2575.75
5370,2022-12,Bio-Blended Low Sulphur Fuel Oil,20.55
5371,2022-12,Ultra Low Sulphur Fuel Oil,0
5372,2022-12,Bio-Blended Ultra Low Sulphur Fuel Oil,0
5373,2022-12,B100,0
5374,2022-12,LNG,2.94
5375,2022-12,Methanol,0
5376,2022-12,Ammonia,0
5377,2023-01,Marine Diesel Oil,0
5378,2023-01,Bio-Blended Marine Diesel Oil,0
5379,2023-01,Marine Gas Oil,10.79
5380,2023-01,Bio-Blended Marine Gas Oil,0
5381,2023-01,Low Sulphur Marine Gas Oil,313.67
5382,2023-01,Bio-Blended Low Sulphur Marine Gas Oil,0
5383,2023-01,Marine Fuel Oil,1251.12
5384,2023-01,Bio-Blended Marine Fuel Oil,0
5385,2023-01,Low Sulphur Fuel Oil,2774.11
5386,2023-01,Bio-Blended Low Sulphur Fuel Oil,27.2
5387,2023-01,Ultra Low Sulphur Fuel Oil,0
5388,2023-01,Bio-Blended Ultra Low Sulphur Fuel Oil,0
5389,2023-01,B100,0
5390,2023-01,LNG,1.43
5391,2023-01,Methanol,0
5392,2023-01,Ammonia,0
5393,2023-02,Marine Diesel Oil,0
5394,2023-02,Bio-Blended Marine Diesel Oil,0
5395,2023-02,Marine Gas Oil,6.21
5396,2023-02,Bio-Blended Marine Gas Oil,0
5397,2023-02,Low Sulphur Marine Gas Oil,297.02
5398,2023-02,Bio-Blended Low Sulphur Marine Gas Oil,0
5399,2023-02,Marine Fuel Oil,1142.69
5400,2023-02,Bio-Blended Marine Fuel Oil,0
5401,2023-02,Low Sulphur Fuel Oil,2319.98
5402,2023-02,Bio-Blended Low Sulphur Fuel Oil,29.44
5403,2023-02,Ultra Low Sulphur Fuel Oil,0
5404,2023-02,Bio-Blended Ultra Low Sulphur Fuel Oil,0
5405,2023-02,B100,0
5406,2023-02,LNG,1.58
5407,2023-02,Methanol,0
5408,2023-02,Ammonia,0
5409,2023-03,Marine Diesel Oil,0
5410,2023-03,Bio-Blended Marine Diesel Oil,0
5411,2023-03,Marine Gas Oil,14.73
5412,2023-03,Bio-Blended Marine Gas Oil,0
5413,2023-03,Low Sulphur Marine Gas Oil,315.49
5414,2023-03,Bio-Blended Low Sulphur Marine Gas Oil,0
5415,2023-03,Marine Fuel Oil,1267.98
5416,2023-03,Bio-Blended Marine Fuel Oil,0
5417,2023-03,Low Sulphur Fuel Oil,2548.73
5418,2023-03,Bio-Blended Low Sulphur Fuel Oil,28.38
5419,2023-03,Ultra Low Sulphur Fuel Oil,0
5420,2023-03,Bio-Blended Ultra Low Sulphur Fuel Oil,0
5421,2023-03,B100,0
5422,2023-03,LNG,3.66
5423,2023-03,Methanol,0
5424,2023-03,Ammonia,0
5425,2023-04,Marine Diesel Oil,0
5426,2023-04,Bio-Blended Marine Diesel Oil,0
5427,2023-04,Marine Gas Oil,15.33
5428,2023-04,Bio-Blended Marine Gas Oil,0
5429,2023-04,Low Sulphur Marine Gas Oil,312.15
5430,2023-04,Bio-Blended Low Sulphur Marine Gas Oil,0
5431,2023-04,Marine Fuel Oil,1218.43
5432,2023-04,Bio-Blended Marine Fuel Oil,1.33
5433,2023-04,Low Sulphur Fuel Oil,2669.27
5434,2023-04,Bio-Blended Low Sulphur Fuel Oil,37.04
5435,2023-04,Ultra Low Sulphur Fuel Oil,0
5436,2023-04,Bio-Blended Ultra Low Sulphur Fuel Oil,0
5437,2023-04,B100,0
5438,2023-04,LNG,5.21
5439,2023-04,Methanol,0
5440,2023-04,Ammonia,0
5441,2023-05,Marine Diesel Oil,0
5442,2023-05,Bio-Blended Marine Diesel Oil,0
5443,2023-05,Marine Gas Oil,27.49
5444,2023-05,Bio-Blended Marine Gas Oil,0
5445,2023-05,Low Sulphur Marine Gas Oil,312.92
5446,2023-05,Bio-Blended Low Sulphur Marine Gas Oil,0
5447,2023-05,Marine Fuel Oil,1445.16
5448,2023-05,Bio-Blended Marine Fuel Oil,0.51
5449,2023-05,Low Sulphur Fuel Oil,2697.57
5450,2023-05,Bio-Blended Low Sulphur Fuel Oil,34.62
5451,2023-05,Ultra Low Sulphur Fuel Oil,0
5452,2023-05,Bio-Blended Ultra Low Sulphur Fuel Oil,0
5453,2023-05,B100,0
5454,2023-05,LNG,7.06
5455,2023-05,Methanol,0
5456,2023-05,Ammonia,0
5457,2023-06,Marine Diesel Oil,0
5458,2023-06,Bio-Blended Marine Diesel Oil,0
5459,2023-06,Marine Gas Oil,11.96
5460,2023-06,Bio-Blended Marine Gas Oil,0
5461,2023-06,Low Sulphur Marine Gas Oil,271.45
5462,2023-06,Bio-Blended Low Sulphur Marine Gas Oil,0
5463,2023-06,Marine Fuel Oil,1237.53
5464,2023-06,Bio-Blended Marine Fuel Oil,1
5465,2023-06,Low Sulphur Fuel Oil,2358.76
5466,2023-06,Bio-Blended Low Sulphur Fuel Oil,34.29
5467,2023-06,Ultra Low Sulphur Fuel Oil,0
5468,2023-06,Bio-Blended Ultra Low Sulphur Fuel Oil,0
5469,2023-06,B100,0
5470,2023-06,LNG,17.92
5471,2023-06,Methanol,0
5472,2023-06,Ammonia,0
5473,2023-07,Marine Diesel Oil,0
5474,2023-07,Bio-Blended Marine Diesel Oil,0
5475,2023-07,Marine Gas Oil,22.28
5476,2023-07,Bio-Blended Marine Gas Oil,0
5477,2023-07,Low Sulphur Marine Gas Oil,287.58
5478,2023-07,Bio-Blended Low Sulphur Marine Gas Oil,0
5479,2023-07,Marine Fuel Oil,1484.01
5480,2023-07,Bio-Blended Marine Fuel Oil,0.49
5481,2023-07,Low Sulphur Fuel Oil,2665.19
5482,2023-07,Bio-Blended Low Sulphur Fuel Oil,39.43
5483,2023-07,Ultra Low Sulphur Fuel Oil,0
5484,2023-07,Bio-Blended Ultra Low Sulphur Fuel Oil,0
5485,2023-07,B100,0
5486,2023-07,LNG,18.25
5487,2023-07,Methanol,0.3
5488,2023-07,Ammonia,0
5489,2023-08,Marine Diesel Oil,0
5490,2023-08,Bio-Blended Marine Diesel Oil,0
5491,2023-08,Marine Gas Oil,8.05
5492,2023-08,Bio-Blended Marine Gas Oil,0
5493,2023-08,Low Sulphur Marine Gas Oil,274.49
5494,2023-08,Bio-Blended Low Sulphur Marine Gas Oil,0
5495,2023-08,Marine Fuel Oil,1393.01
5496,2023-08,Bio-Blended Marine Fuel Oil,0
5497,2023-08,Low Sulphur Fuel Oil,2510.41
5498,2023-08,Bio-Blended Low Sulphur Fuel Oil,52.58
5499,2023-08,Ultra Low Sulphur Fuel Oil,0
5500,2023-08,Bio-Blended Ultra Low Sulphur Fuel Oil,0
5501,2023-08,B100,0
5502,2023-08,LNG,15.56
5503,2023-08,Methanol,0
5504,2023-08,Ammonia,0
5505,2023-09,Marine Diesel Oil,0
5506,2023-09,Bio-Blended Marine Diesel Oil,0
5507,2023-09,Marine Gas Oil,20.35
5508,2023-09,Bio-Blended Marine Gas Oil,0
5509,2023-09,Low Sulphur Marine Gas Oil,264.97
5510,2023-09,Bio-Blended Low Sulphur Marine Gas Oil,0
5511,2023-09,Marine Fuel Oil,1472.68
5512,2023-09,Bio-Blended Marine Fuel Oil,0
5513,2023-09,Low Sulphur Fuel Oil,2454.91
5514,2023-09,Bio-Blended Low Sulphur Fuel Oil,42.96
5515,2023-09,Ultra Low Sulphur Fuel Oil,0
5516,2023-09,Bio-Blended Ultra Low Sulphur Fuel Oil,0
5517,2023-09,B100,0
5518,2023-09,LNG,7.71
5519,2023-09,Methanol,0
5520,2023-09,Ammonia,0
5521,2023-10,Marine Diesel Oil,0
5522,2023-10,Bio-Blended Marine Diesel Oil,0
5523,2023-10,Marine Gas Oil,35.69
5524,2023-10,Bio-Blended Marine Gas Oil,0
5525,2023-10,Low Sulphur Marine Gas Oil,297.83
5526,2023-10,Bio-Blended Low Sulphur Marine Gas Oil,0
5527,2023-10,Marine Fuel Oil,1451.16
5528,2023-10,Bio-Blended Marine Fuel Oil,2.28
5529,2023-10,Low Sulphur Fuel Oil,2521.69
5530,2023-10,Bio-Blended Low Sulphur Fuel Oil,76.82
5531,2023-10,Ultra Low Sulphur Fuel Oil,0
5532,2023-10,Bio-Blended Ultra Low Sulphur Fuel Oil,0
5533,2023-10,B100,0
5534,2023-10,LNG,16.07
5535,2023-10,Methanol,0
5536,2023-10,Ammonia,0
5537,2023-11,Marine Diesel Oil,0
5538,2023-11,Bio-Blended Marine Diesel Oil,0
5539,2023-11,Marine Gas Oil,25.84
5540,2023-11,Bio-Blended Marine Gas Oil,0
5541,2023-11,Low Sulphur Marine Gas Oil,288.32
5542,2023-11,Bio-Blended Low Sulphur Marine Gas Oil,0.2
5543,2023-11,Marine Fuel Oil,1542.35
5544,2023-11,Bio-Blended Marine Fuel Oil,0
5545,2023-11,Low Sulphur Fuel Oil,2344.28
5546,2023-11,Bio-Blended Low Sulphur Fuel Oil,57.32
5547,2023-11,Ultra Low Sulphur Fuel Oil,0
5548,2023-11,Bio-Blended Ultra Low Sulphur Fuel Oil,0
5549,2023-11,B100,0
5550,2023-11,LNG,7.15
5551,2023-11,Methanol,0
5552,2023-11,Ammonia,0
5553,2023-12,Marine Diesel Oil,0
5554,2023-12,Bio-Blended Marine Diesel Oil,0
5555,2023-12,Marine Gas Oil,24.8
5556,2023-12,Bio-Blended Marine Gas Oil,0
5557,2023-12,Low Sulphur Marine Gas Oil,311.62
5558,2023-12,Bio-Blended Low Sulphur Marine Gas Oil,0
5559,2023-12,Marine Fuel Oil,1810.56
5560,2023-12,Bio-Blended Marine Fuel Oil,0
5561,2023-12,Low Sulphur Fuel Oil,2836.46
5562,2023-12,Bio-Blended Low Sulphur Fuel Oil,57.95
5563,2023-12,Ultra Low Sulphur Fuel Oil,0
5564,2023-12,Bio-Blended Ultra Low Sulphur Fuel Oil,0
5565,2023-12,B100,0
5566,2023-12,LNG,9.25
5567,2023-12,Methanol,0
5568,2023-12,Ammonia,0
5569,2024-01,Marine Diesel Oil,0
5570,2024-01,Bio-Blended Marine Diesel Oil,0
5571,2024-01,Marine Gas Oil,13.47
5572,2024-01,Bio-Blended Marine Gas Oil,0
5573,2024-01,Low Sulphur Marine Gas Oil,316.98
5574,2024-01,Bio-Blended Low Sulphur Marine Gas Oil,0
5575,2024-01,Marine Fuel Oil,1658.82
5576,2024-01,Bio-Blended Marine Fuel Oil,0
5577,2024-01,Low Sulphur Fuel Oil,2861.13
5578,2024-01,Bio-Blended Low Sulphur Fuel Oil,45.28
5579,2024-01,Ultra Low Sulphur Fuel Oil,0
5580,2024-01,Bio-Blended Ultra Low Sulphur Fuel Oil,0
5581,2024-01,B100,0
5582,2024-01,LNG,10.42
5583,2024-01,Methanol,0
5584,2024-01,Ammonia,0
5585,2024-02,Marine Diesel Oil,0
5586,2024-02,Bio-Blended Marine Diesel Oil,0
5587,2024-02,Marine Gas Oil,14.44
5588,2024-02,Bio-Blended Marine Gas Oil,0
5589,2024-02,Low Sulphur Marine Gas Oil,296.84
5590,2024-02,Bio-Blended Low Sulphur Marine Gas Oil,0
5591,2024-02,Marine Fuel Oil,1600.98
5592,2024-02,Bio-Blended Marine Fuel Oil,0
5593,2024-02,Low Sulphur Fuel Oil,2554.63
5594,2024-02,Bio-Blended Low Sulphur Fuel Oil,15.55
5595,2024-02,Ultra Low Sulphur Fuel Oil,0
5596,2024-02,Bio-Blended Ultra Low Sulphur Fuel Oil,0
5597,2024-02,B100,0
5598,2024-02,LNG,26.88
5599,2024-02,Methanol,0
5600,2024-02,Ammonia,0
5601,2024-03,Marine Diesel Oil,0
5602,2024-03,Bio-Blended Marine Diesel Oil,0
5603,2024-03,Marine Gas Oil,5.15
5604,2024-03,Bio-Blended Marine Gas Oil,0
5605,2024-03,Low Sulphur Marine Gas Oil,310.01
5606,2024-03,Bio-Blended Low Sulphur Marine Gas Oil,0
5607,2024-03,Marine Fuel Oil,1605.41
5608,2024-03,Bio-Blended Marine Fuel Oil,0
5609,2024-03,Low Sulphur Fuel Oil,2419.86
5610,2024-03,Bio-Blended Low Sulphur Fuel Oil,66.03
5611,2024-03,Ultra Low Sulphur Fuel Oil,0
5612,2024-03,Bio-Blended Ultra Low Sulphur Fuel Oil,0
5613,2024-03,B100,0
5614,2024-03,LNG,38.62
5615,2024-03,Methanol,0
5616,2024-03,Ammonia,0
5617,2024-04,Marine Diesel Oil,0
5618,2024-04,Bio-Blended Marine Diesel Oil,0
5619,2024-04,Marine Gas Oil,9.66
5620,2024-04,Bio-Blended Marine Gas Oil,0
5621,2024-04,Low Sulphur Marine Gas Oil,277.45
5622,2024-04,Bio-Blended Low Sulphur Marine Gas Oil,0
5623,2024-04,Marine Fuel Oil,1600.48
5624,2024-04,Bio-Blended Marine Fuel Oil,0
5625,2024-04,Low Sulphur Fuel Oil,2252.43
5626,2024-04,Bio-Blended Low Sulphur Fuel Oil,59.59
5627,2024-04,Ultra Low Sulphur Fuel Oil,0
5628,2024-04,Bio-Blended Ultra Low Sulphur Fuel Oil,0
5629,2024-04,B100,0
5630,2024-04,LNG,32.55
5631,2024-04,Methanol,0
5632,2024-04,Ammonia,0.01
5633,2024-05,Marine Diesel Oil,0
5634,2024-05,Bio-Blended Marine Diesel Oil,0.29
5635,2024-05,Marine Gas Oil,14.31
5636,2024-05,Bio-Blended Marine Gas Oil,0
5637,2024-05,Low Sulphur Marine Gas Oil,330.96
5638,2024-05,Bio-Blended Low Sulphur Marine Gas Oil,0
5639,2024-05,Marine Fuel Oil,1737.76
5640,2024-05,Bio-Blended Marine Fuel Oil,5.33
5641,2024-05,Low Sulphur Fuel Oil,2639.46
5642,2024-05,Bio-Blended Low Sulphur Fuel Oil,48.36
5643,2024-05,Ultra Low Sulphur Fuel Oil,0
5644,2024-05,Bio-Blended Ultra Low Sulphur Fuel Oil,0
5645,2024-05,B100,0
5646,2024-05,LNG,48.75
5647,2024-05,Methanol,1.63
5648,2024-05,Ammonia,0
5649,2024-06,Marine Diesel Oil,0
5650,2024-06,Bio-Blended Marine Diesel Oil,0
5651,2024-06,Marine Gas Oil,7.96
5652,2024-06,Bio-Blended Marine Gas Oil,0
5653,2024-06,Low Sulphur Marine Gas Oil,278.8
5654,2024-06,Bio-Blended Low Sulphur Marine Gas Oil,0
5655,2024-06,Marine Fuel Oil,1557.59
5656,2024-06,Bio-Blended Marine Fuel Oil,2.49
5657,2024-06,Low Sulphur Fuel Oil,2331.06
5658,2024-06,Bio-Blended Low Sulphur Fuel Oil,45.35
5659,2024-06,Ultra Low Sulphur Fuel Oil,0
5660,2024-06,Bio-Blended Ultra Low Sulphur Fuel Oil,0
5661,2024-06,B100,0
5662,2024-06,LNG,51.66
5663,2024-06,Methanol,0
5664,2024-06,Ammonia,0
5665,2024-07,Marine Diesel Oil,0
5666,2024-07,Bio-Blended Marine Diesel Oil,0
5667,2024-07,Marine Gas Oil,1.8
5668,2024-07,Bio-Blended Marine Gas Oil,0
5669,2024-07,Low Sulphur Marine Gas Oil,293.79
5670,2024-07,Bio-Blended Low Sulphur Marine Gas Oil,0
5671,2024-07,Marine Fuel Oil,1780.72
5672,2024-07,Bio-Blended Marine Fuel Oil,6.13
5673,2024-07,Low Sulphur Fuel Oil,2485.68
5674,2024-07,Bio-Blended Low Sulphur Fuel Oil,42.46
5675,2024-07,Ultra Low Sulphur Fuel Oil,0
5676,2024-07,Bio-Blended Ultra Low Sulphur Fuel Oil,0
5677,2024-07,B100,0
5678,2024-07,LNG,43.18
5679,2024-07,Methanol,0
5680,2024-07,Ammonia,0
5681,2024-08,Marine Diesel Oil,0
5682,2024-08,Bio-Blended Marine Diesel Oil,0
5683,2024-08,Marine Gas Oil,6.37
5684,2024-08,Bio-Blended Marine Gas Oil,0.75
5685,2024-08,Low Sulphur Marine Gas Oil,300.43
5686,2024-08,Bio-Blended Low Sulphur Marine Gas Oil,0.7
5687,2024-08,Marine Fuel Oil,1694.84
5688,2024-08,Bio-Blended Marine Fuel Oil,11.17
5689,2024-08,Low Sulphur Fuel Oil,2444.39
5690,2024-08,Bio-Blended Low Sulphur Fuel Oil,55.22
5691,2024-08,Ultra Low Sulphur Fuel Oil,0
5692,2024-08,Bio-Blended Ultra Low Sulphur Fuel Oil,0
5693,2024-08,B100,0
5694,2024-08,LNG,45.59
5695,2024-08,Methanol,0
5696,2024-08,Ammonia,0
5697,2024-09,Marine Diesel Oil,0.67
5698,2024-09,Bio-Blended Marine Diesel Oil,0
5699,2024-09,Marine Gas Oil,11.64
5700,2024-09,Bio-Blended Marine Gas Oil,0
5701,2024-09,Low Sulphur Marine Gas Oil,334.7
5702,2024-09,Bio-Blended Low Sulphur Marine Gas Oil,0
5703,2024-09,Marine Fuel Oil,1639.99
5704,2024-09,Bio-Blended Marine Fuel Oil,16.54
5705,2024-09,Low Sulphur Fuel Oil,2248.03
5706,2024-09,Bio-Blended Low Sulphur Fuel Oil,92.37
5707,2024-09,Ultra Low Sulphur Fuel Oil,0.51
5708,2024-09,Bio-Blended Ultra Low Sulphur Fuel Oil,1.69
5709,2024-09,B100,0
5710,2024-09,LNG,36.91
5711,2024-09,Methanol,0
5712,2024-09,Ammonia,0
5713,2024-10,Marine Diesel Oil,0.45
5714,2024-10,Bio-Blended Marine Diesel Oil,0
5715,2024-10,Marine Gas Oil,7.98
5716,2024-10,Bio-Blended Marine Gas Oil,0
5717,2024-10,Low Sulphur Marine Gas Oil,343.34
5718,2024-10,Bio-Blended Low Sulphur Marine Gas Oil,6.69
5719,2024-10,Marine Fuel Oil,1813.56
5720,2024-10,Bio-Blended Marine Fuel Oil,21.71
5721,2024-10,Low Sulphur Fuel Oil,2514.21
5722,2024-10,Bio-Blended Low Sulphur Fuel Oil,116.19
5723,2024-10,Ultra Low Sulphur Fuel Oil,2
5724,2024-10,Bio-Blended Ultra Low Sulphur Fuel Oil,0.95
5725,2024-10,B100,0
5726,2024-10,LNG,50.58
5727,2024-10,Methanol,0
5728,2024-10,Ammonia,0
5729,2024-11,Marine Diesel Oil,0
5730,2024-11,Bio-Blended Marine Diesel Oil,0
5731,2024-11,Marine Gas Oil,0.53
5732,2024-11,Bio-Blended Marine Gas Oil,0
5733,2024-11,Low Sulphur Marine Gas Oil,337.78
5734,2024-11,Bio-Blended Low Sulphur Marine Gas Oil,2.19
5735,2024-11,Marine Fuel Oil,1582.57
5736,2024-11,Bio-Blended Marine Fuel Oil,13.97
5737,2024-11,Low Sulphur Fuel Oil,2398.35
5738,2024-11,Bio-Blended Low Sulphur Fuel Oil,99.33
5739,2024-11,Ultra Low Sulphur Fuel Oil,0
5740,2024-11,Bio-Blended Ultra Low Sulphur Fuel Oil,0
5741,2024-11,B100,0
5742,2024-11,LNG,27.5
5743,2024-11,Methanol,0
5744,2024-11,Ammonia,0
5745,2024-12,Marine Diesel Oil,0
5746,2024-12,Bio-Blended Marine Diesel Oil,0
5747,2024-12,Marine Gas Oil,3.41
5748,2024-12,Bio-Blended Marine Gas Oil,0
5749,2024-12,Low Sulphur Marine Gas Oil,327.07
5750,2024-12,Bio-Blended Low Sulphur Marine Gas Oil,0.4
5751,2024-12,Marine Fuel Oil,1875.13
5752,2024-12,Bio-Blended Marine Fuel Oil,11.97
5753,2024-12,Low Sulphur Fuel Oil,2429.62
5754,2024-12,Bio-Blended Low Sulphur Fuel Oil,94.12
5755,2024-12,Ultra Low Sulphur Fuel Oil,0
5756,2024-12,Bio-Blended Ultra Low Sulphur Fuel Oil,0
5757,2024-12,B100,0
5758,2024-12,LNG,48.31
5759,2024-12,Methanol,0
5760,2024-12,Ammonia,0
5761,2025-01,Marine Diesel Oil,0
5762,2025-01,Bio-Blended Marine Diesel Oil,0
5763,2025-01,Marine Gas Oil,3.14
5764,2025-01,Bio-Blended Marine Gas Oil,0
5765,2025-01,Low Sulphur Marine Gas Oil,256.51
5766,2025-01,Bio-Blended Low Sulphur Marine Gas Oil,0
5767,2025-01,Marine Fuel Oil,1655.35
5768,2025-01,Bio-Blended Marine Fuel Oil,15.97
5769,2025-01,Low Sulphur Fuel Oil,2431.31
5770,2025-01,Bio-Blended Low Sulphur Fuel Oil,91.96
5771,2025-01,Ultra Low Sulphur Fuel Oil,0.88
5772,2025-01,Bio-Blended Ultra Low Sulphur Fuel Oil,0
5773,2025-01,B100,0
5774,2025-01,LNG,32.8
5775,2025-01,Methanol,0
5776,2025-01,Ammonia,0
5777,2025-02,Marine Diesel Oil,0
5778,2025-02,Bio-Blended Marine Diesel Oil,0
5779,2025-02,Marine Gas Oil,8.93
5780,2025-02,Bio-Blended Marine Gas Oil,0
5781,2025-02,Low Sulphur Marine Gas Oil,305.71
5782,2025-02,Bio-Blended Low Sulphur Marine Gas Oil,0
5783,2025-02,Marine Fuel Oil,1624.43
5784,2025-02,Bio-Blended Marine Fuel Oil,22.09
5785,2025-02,Low Sulphur Fuel Oil,2065.1
5786,2025-02,Bio-Blended Low Sulphur Fuel Oil,85.05
5787,2025-02,Ultra Low Sulphur Fuel Oil,0
5788,2025-02,Bio-Blended Ultra Low Sulphur Fuel Oil,0
5789,2025-02,B100,3.77
5790,2025-02,LNG,30.03
5791,2025-02,Methanol,0
5792,2025-02,Ammonia,0
5793,2025-03,Marine Diesel Oil,0
5794,2025-03,Bio-Blended Marine Diesel Oil,0
5795,2025-03,Marine Gas Oil,0.07
5796,2025-03,Bio-Blended Marine Gas Oil,0
5797,2025-03,Low Sulphur Marine Gas Oil,333.52
5798,2025-03,Bio-Blended Low Sulphur Marine Gas Oil,0
5799,2025-03,Marine Fuel Oil,1618.59
5800,2025-03,Bio-Blended Marine Fuel Oil,51.88
5801,2025-03,Low Sulphur Fuel Oil,2331.88
5802,2025-03,Bio-Blended Low Sulphur Fuel Oil,93.71
5803,2025-03,Ultra Low Sulphur Fuel Oil,0.5
5804,2025-03,Bio-Blended Ultra Low Sulphur Fuel Oil,0
5805,2025-03,B100,0
5806,2025-03,LNG,39.03
5807,2025-03,Methanol,0
5808,2025-03,Ammonia,0
5809,2025-04,Marine Diesel Oil,0
5810,2025-04,Bio-Blended Marine Diesel Oil,0
5811,2025-04,Marine Gas Oil,0
5812,2025-04,Bio-Blended Marine Gas Oil,0
5813,2025-04,Low Sulphur Marine Gas Oil,314.74
5814,2025-04,Bio-Blended Low Sulphur Marine Gas Oil,1.21
5815,2025-04,Marine Fuel Oil,1700.14
5816,2025-04,Bio-Blended Marine Fuel Oil,33.29
5817,2025-04,Low Sulphur Fuel Oil,2236.49
5818,2025-04,Bio-Blended Low Sulphur Fuel Oil,75.56
5819,2025-04,Ultra Low Sulphur Fuel Oil,0
5820,2025-04,Bio-Blended Ultra Low Sulphur Fuel Oil,0.71
5821,2025-04,B100,0.3
5822,2025-04,LNG,42
5823,2025-04,Methanol,0
5824,2025-04,Ammonia,0
5825,2025-05,Marine Diesel Oil,0
5826,2025-05,Bio-Blended Marine Diesel Oil,0
5827,2025-05,Marine Gas Oil,1.69
5828,2025-05,Bio-Blended Marine Gas Oil,0
5829,2025-05,Low Sulphur Marine Gas Oil,342.38
5830,2025-05,Bio-Blended Low Sulphur Marine Gas Oil,2.28
5831,2025-05,Marine Fuel Oil,1892.76
5832,2025-05,Bio-Blended Marine Fuel Oil,40.89
5833,2025-05,Low Sulphur Fuel Oil,2453.97
5834,2025-05,Bio-Blended Low Sulphur Fuel Oil,96.08
5835,2025-05,Ultra Low Sulphur Fuel Oil,1.2
5836,2025-05,Bio-Blended Ultra Low Sulphur Fuel Oil,0
5837,2025-05,B100,1.89
5838,2025-05,LNG,45
5839,2025-05,Methanol,0
5840,2025-05,Ammonia,0
5841,2025-06,Marine Diesel Oil,0
5842,2025-06,Bio-Blended Marine Diesel Oil,0
5843,2025-06,Marine Gas Oil,4.49
5844,2025-06,Bio-Blended Marine Gas Oil,0
5845,2025-06,Low Sulphur Marine Gas Oil,362.02
5846,2025-06,Bio-Blended Low Sulphur Marine Gas Oil,2.1
5847,2025-06,Marine Fuel Oil,1703.78
5848,2025-06,Bio-Blended Marine Fuel Oil,38.75
5849,2025-06,Low Sulphur Fuel Oil,2311.01
5850,2025-06,Bio-Blended Low Sulphur Fuel Oil,114.33
5851,2025-06,Ultra Low Sulphur Fuel Oil,1.9
5852,2025-06,Bio-Blended Ultra Low Sulphur Fuel Oil,0
5853,2025-06,B100,1
5854,2025-06,LNG,55.35
5855,2025-06,Methanol,0
5856,2025-06,Ammonia,0
5857,2025-07,Marine Diesel Oil,0
5858,2025-07,Bio-Blended Marine Diesel Oil,0
5859,2025-07,Marine Gas Oil,3.87
5860,2025-07,Bio-Blended Marine Gas Oil,0
5861,2025-07,Low Sulphur Marine Gas Oil,416.02
5862,2025-07,Bio-Blended Low Sulphur Marine Gas Oil,1.75
5863,2025-07,Marine Fuel Oil,1949.42
5864,2025-07,Bio-Blended Marine Fuel Oil,50.29
5865,2025-07,Low Sulphur Fuel Oil,2372.12
5866,2025-07,Bio-Blended Low Sulphur Fuel Oil,80.45
5867,2025-07,Ultra Low Sulphur Fuel Oil,0
5868,2025-07,Bio-Blended Ultra Low Sulphur Fuel Oil,0
5869,2025-07,B100,2.59
5870,2025-07,LNG,41.53
5871,2025-07,Methanol,0
5872,2025-07,Ammonia,0
5873,2025-08,Marine Diesel Oil,0
5874,2025-08,Bio-Blended Marine Diesel Oil,0
5875,2025-08,Marine Gas Oil,1.75
5876,2025-08,Bio-Blended Marine Gas Oil,0
5877,2025-08,Low Sulphur Marine Gas Oil,368.56
5878,2025-08,Bio-Blended Low Sulphur Marine Gas Oil,1.9
5879,2025-08,Marine Fuel Oil,1891.84
5880,2025-08,Bio-Blended Marine Fuel Oil,34.69
5881,2025-08,Low Sulphur Fuel Oil,2500.97
5882,2025-08,Bio-Blended Low Sulphur Fuel Oil,93.8
5883,2025-08,Ultra Low Sulphur Fuel Oil,0
5884,2025-08,Bio-Blended Ultra Low Sulphur Fuel Oil,0
5885,2025-08,B100,4.79
5886,2025-08,LNG,66.96
5887,2025-08,Methanol,0
5888,2025-08,Ammonia,0
5889,2025-09,Marine Diesel Oil,0
5890,2025-09,Bio-Blended Marine Diesel Oil,0
5891,2025-09,Marine Gas Oil,0.31
5892,2025-09,Bio-Blended Marine Gas Oil,0
5893,2025-09,Low Sulphur Marine Gas Oil,373.56
5894,2025-09,Bio-Blended Low Sulphur Marine Gas Oil,0
5895,2025-09,Marine Fuel Oil,1872.95
5896,2025-09,Bio-Blended Marine Fuel Oil,43.11
5897,2025-09,Low Sulphur Fuel Oil,2350.48
5898,2025-09,Bio-Blended Low Sulphur Fuel Oil,71.7
5899,2025-09,Ultra Low Sulphur Fuel Oil,0
5900,2025-09,Bio-Blended Ultra Low Sulphur Fuel Oil,0
5901,2025-09,B100,4.52
5902,2025-09,LNG,48.45
5903,2025-09,Methanol,0
5904,2025-09,Ammonia,0
5905,2025-10,Marine Diesel Oil,0
5906,2025-10,Bio-Blended Marine Diesel Oil,0
5907,2025-10,Marine Gas Oil,2.25
5908,2025-10,Bio-Blended Marine Gas Oil,0
5909,2025-10,Low Sulphur Marine Gas Oil,392
5910,2025-10,Bio-Blended Low Sulphur Marine Gas Oil,0
5911,2025-10,Marine Fuel Oil,1866.53
5912,2025-10,Bio-Blended Marine Fuel Oil,11.14
5913,2025-10,Low Sulphur Fuel Oil,2433.38
5914,2025-10,Bio-Blended Low Sulphur Fuel Oil,50.03
5915,2025-10,Ultra Low Sulphur Fuel Oil,0
5916,2025-10,Bio-Blended Ultra Low Sulphur Fuel Oil,0
5917,2025-10,B100,1.8
5918,2025-10,LNG,60.6
5919,2025-10,Methanol,0
5920,2025-10,Ammonia,0
5921,2025-11,Marine Diesel Oil,0
5922,2025-11,Bio-Blended Marine Diesel Oil,0
5923,2025-11,Marine Gas Oil,2.99
5924,2025-11,Bio-Blended Marine Gas Oil,0
5925,2025-11,Low Sulphur Marine Gas Oil,366.41
5926,2025-11,Bio-Blended Low Sulphur Marine Gas Oil,0.45
5927,2025-11,Marine Fuel Oil,1818.67
5928,2025-11,Bio-Blended Marine Fuel Oil,11.08
5929,2025-11,Low Sulphur Fuel Oil,2512.38
5930,2025-11,Bio-Blended Low Sulphur Fuel Oil,45.81
5931,2025-11,Ultra Low Sulphur Fuel Oil,0
5932,2025-11,Bio-Blended Ultra Low Sulphur Fuel Oil,0
5933,2025-11,B100,4.84
5934,2025-11,LNG,55.04
5935,2025-11,Methanol,3.01
5936,2025-11,Ammonia,0
5937,2025-12,Marine Diesel Oil,0
5938,2025-12,Bio-Blended Marine Diesel Oil,0
5939,2025-12,Marine Gas Oil,3.18
5940,2025-12,Bio-Blended Marine Gas Oil,0
5941,2025-12,Low Sulphur Marine Gas Oil,410.55
5942,2025-12,Bio-Blended Low Sulphur Marine Gas Oil,0
5943,2025-12,Marine Fuel Oil,2117.58
5944,2025-12,Bio-Blended Marine Fuel Oil,20.35
5945,2025-12,Low Sulphur Fuel Oil,2830.32
5946,2025-12,Bio-Blended Low Sulphur Fuel Oil,70.72
5947,2025-12,Ultra Low Sulphur Fuel Oil,1.36
5948,2025-12,Bio-Blended Ultra Low Sulphur Fuel Oil,0
5949,2025-12,B100,0
5950,2025-12,LNG,54.57
5951,2025-12,Methanol,0
5952,2025-12,Ammonia,0
5953,2026-01,Marine Diesel Oil,0
5954,2026-01,Bio-Blended Marine Diesel Oil,0
5955,2026-01,Marine Gas Oil,2.01
5956,2026-01,Bio-Blended Marine Gas Oil,0
5957,2026-01,Low Sulphur Marine Gas Oil,402.06
5958,2026-01,Bio-Blended Low Sulphur Marine Gas Oil,0
5959,2026-01,Marine Fuel Oil,2159.67
5960,2026-01,Bio-Blended Marine Fuel Oil,14.26
5961,2026-01,Low Sulphur Fuel Oil,2561.23
5962,2026-01,Bio-Blended Low Sulphur Fuel Oil,45.95
5963,2026-01,Ultra Low Sulphur Fuel Oil,0
5964,2026-01,Bio-Blended Ultra Low Sulphur Fuel Oil,0
5965,2026-01,B100,0
5966,2026-01,LNG,42.59
5967,2026-01,Methanol,0.3
5968,2026-01,Ammonia,0
5969,2026-02,Marine Diesel Oil,0
5970,2026-02,Bio-Blended Marine Diesel Oil,0
5971,2026-02,Marine Gas Oil,3.57
5972,2026-02,Bio-Blended Marine Gas Oil,0
5973,2026-02,Low Sulphur Marine Gas Oil,371.72
5974,2026-02,Bio-Blended Low Sulphur Marine Gas Oil,0
5975,2026-02,Marine Fuel Oil,1833.57
5976,2026-02,Bio-Blended Marine Fuel Oil,13.96
5977,2026-02,Low Sulphur Fuel Oil,2310.01
5978,2026-02,Bio-Blended Low Sulphur Fuel Oil,77.46
5979,2026-02,Ultra Low Sulphur Fuel Oil,1.56
5980,2026-02,Bio-Blended Ultra Low Sulphur Fuel Oil,0
5981,2026-02,B100,1.3
5982,2026-02,LNG,59.01
5983,2026-02,Methanol,6.01
5984,2026-02,Ammonia,0
5985,2026-03,Marine Diesel Oil,0
5986,2026-03,Bio-Blended Marine Diesel Oil,0
5987,2026-03,Marine Gas Oil,5.7
5988,2026-03,Bio-Blended Marine Gas Oil,0
5989,2026-03,Low Sulphur Marine Gas Oil,346.63
5990,2026-03,Bio-Blended Low Sulphur Marine Gas Oil,0.4
5991,2026-03,Marine Fuel Oil,1934.22
5992,2026-03,Bio-Blended Marine Fuel Oil,14.39
5993,2026-03,Low Sulphur Fuel Oil,2337.48
5994,2026-03,Bio-Blended Low Sulphur Fuel Oil,77.55
5995,2026-03,Ultra Low Sulphur Fuel Oil,0
5996,2026-03,Bio-Blended Ultra Low Sulphur Fuel Oil,0
5997,2026-03,B100,0
5998,2026-03,LNG,49.02
5999,2026-03,Methanol,0
6000,2026-03,Ammonia,0
6001,2026-04,Marine Diesel Oil,0
6002,2026-04,Bio-Blended Marine Diesel Oil,0
6003,2026-04,Marine Gas Oil,0
6004,2026-04,Bio-Blended Marine Gas Oil,0
6005,2026-04,Low Sulphur Marine Gas Oil,256.05
6006,2026-04,Bio-Blended Low Sulphur Marine Gas Oil,0.8
6007,2026-04,Marine Fuel Oil,1787.28
6008,2026-04,Bio-Blended Marine Fuel Oil,18.3
6009,2026-04,Low Sulphur Fuel Oil,2190.83
6010,2026-04,Bio-Blended Low Sulphur Fuel Oil,48.82
6011,2026-04,Ultra Low Sulphur Fuel Oil,0
6012,2026-04,Bio-Blended Ultra Low Sulphur Fuel Oil,0
6013,2026-04,B100,6.52
6014,2026-04,LNG,42.43
6015,2026-04,Methanol,0
6016,2026-04,Ammonia,0
6017,2026-05,Marine Diesel Oil,0
6018,2026-05,Bio-Blended Marine Diesel Oil,0
6019,2026-05,Marine Gas Oil,0.64
6020,2026-05,Bio-Blended Marine Gas Oil,0
6021,2026-05,Low Sulphur Marine Gas Oil,327.56
6022,2026-05,Bio-Blended Low Sulphur Marine Gas Oil,0
6023,2026-05,Marine Fuel Oil,1794.63
6024,2026-05,Bio-Blended Marine Fuel Oil,11.58
6025,2026-05,Low Sulphur Fuel Oil,2294.48
6026,2026-05,Bio-Blended Low Sulphur Fuel Oil,36.35
6027,2026-05,Ultra Low Sulphur Fuel Oil,0
6028,2026-05,Bio-Blended Ultra Low Sulphur Fuel Oil,0
6029,2026-05,B100,12.83
6030,2026-05,LNG,70.27
6031,2026-05,Methanol,0
6032,2026-05,Ammonia,0
