mmsi,zone,start,dwell_hours,ship_type,month
3,port_core,2023-10-29 02:00:00+00:00,13.5,70.0,2023-10
4,port_core,2023-10-30 23:30:00+00:00,0.5,80.0,2023-10
6,eastern_opl,2023-10-27 05:00:00+00:00,10.0,80.0,2023-10
7,port_core,2023-10-11 09:00:00+00:00,13.5,80.0,2023-10
8,eastern_opl,2023-10-25 09:30:00+00:00,4.0,70.0,2023-10
9,eastern_opl,2023-10-04 09:30:00+00:00,2.5,70.0,2023-10
9,port_core,2023-10-04 10:30:00+00:00,11.5,70.0,2023-10
10,eastern_opl,2023-10-21 07:30:00+00:00,10.5,70.0,2023-10
10,port_core,2023-10-21 05:30:00+00:00,16.5,70.0,2023-10
11,eastern_opl,2023-10-22 16:00:00+00:00,0.0,70.0,2023-10
12,port_core,2023-10-04 04:00:00+00:00,18.0,70.0,2023-10
13,eastern_opl,2023-10-14 05:30:00+00:00,7.5,71.0,2023-10
13,eastern_opl,2023-10-28 04:30:00+00:00,7.0,71.0,2023-10
14,eastern_opl,2023-10-08 18:00:00+00:00,8.5,70.0,2023-10
15,port_core,2023-10-11 22:30:00+00:00,9.5,70.0,2023-10
16,port_core,2023-10-18 02:30:00+00:00,22.5,89.0,2023-10
17,port_core,2023-10-08 18:00:00+00:00,4.5,70.0,2023-10
19,port_core,2023-10-06 03:00:00+00:00,16.0,70.0,2023-10
20,port_core,2023-10-04 12:00:00+00:00,12.0,70.0,2023-10
23,eastern_opl,2023-10-25 16:30:00+00:00,4.5,70.0,2023-10
23,port_core,2023-10-25 22:00:00+00:00,6.0,70.0,2023-10
24,port_core,2023-10-04 06:30:00+00:00,4.0,70.0,2023-10
25,port_core,2023-10-30 18:30:00+00:00,5.0,70.0,2023-10
26,eastern_opl,2023-10-01 07:30:00+00:00,11.0,70.0,2023-10
29,port_core,2023-10-05 04:00:00+00:00,10.0,70.0,2023-10
30,port_core,2023-10-04 12:00:00+00:00,56.0,80.0,2023-10
30,port_core,2023-10-08 17:30:00+00:00,316.5,80.0,2023-10
30,port_core,2023-10-25 08:30:00+00:00,135.5,80.0,2023-10
31,port_core,2023-10-19 16:30:00+00:00,6.0,80.0,2023-10
32,port_core,2023-10-26 15:00:00+00:00,11.0,70.0,2023-10
33,eastern_opl,2023-10-13 06:30:00+00:00,9.5,70.0,2023-10
36,eastern_opl,2023-10-14 05:30:00+00:00,116.0,80.0,2023-10
36,port_core,2023-10-12 22:30:00+00:00,27.0,80.0,2023-10
39,port_core,2023-10-26 06:30:00+00:00,15.0,70.0,2023-10
41,eastern_opl,2023-10-25 15:00:00+00:00,15.5,70.0,2023-10
43,port_core,2023-10-17 13:00:00+00:00,20.5,70.0,2023-10
44,eastern_opl,2023-10-13 17:00:00+00:00,0.5,70.0,2023-10
44,port_core,2023-10-13 10:30:00+00:00,6.0,70.0,2023-10
47,port_core,2023-10-04 11:00:00+00:00,8.0,79.0,2023-10
47,port_core,2023-10-15 08:00:00+00:00,0.0,79.0,2023-10
48,port_core,2023-10-30 19:00:00+00:00,3.0,71.0,2023-10
49,western_opl,2023-10-13 10:00:00+00:00,47.5,84.0,2023-10
50,eastern_opl,2023-10-26 15:00:00+00:00,23.0,70.0,2023-10
51,eastern_opl,2023-10-01 00:00:00+00:00,1.0,70.0,2023-10
52,port_core,2023-10-17 14:30:00+00:00,91.5,70.0,2023-10
54,eastern_opl,2023-10-25 09:00:00+00:00,15.5,70.0,2023-10
55,port_core,2023-10-09 10:30:00+00:00,30.0,70.0,2023-10
56,port_core,2023-10-30 14:30:00+00:00,9.0,70.0,2023-10
57,port_core,2023-10-28 17:00:00+00:00,11.5,70.0,2023-10
58,port_core,2023-10-06 04:00:00+00:00,9.5,70.0,2023-10
59,port_core,2023-10-09 17:00:00+00:00,27.5,70.0,2023-10
60,port_core,2023-10-16 17:00:00+00:00,14.0,70.0,2023-10
63,port_core,2023-10-06 02:30:00+00:00,17.5,79.0,2023-10
72,eastern_opl,2023-10-18 22:30:00+00:00,72.0,70.0,2023-10
74,port_core,2023-10-29 08:00:00+00:00,8.5,70.0,2023-10
75,port_core,2023-10-11 09:30:00+00:00,22.5,70.0,2023-10
78,eastern_opl,2023-10-19 16:30:00+00:00,5.5,70.0,2023-10
79,port_core,2023-10-25 09:00:00+00:00,101.5,71.0,2023-10
79,western_opl,2023-10-29 15:00:00+00:00,0.5,71.0,2023-10
83,port_core,2023-10-19 16:30:00+00:00,9.5,70.0,2023-10
87,eastern_opl,2023-10-09 06:30:00+00:00,110.5,89.0,2023-10
87,eastern_opl,2023-10-18 20:00:00+00:00,1.5,89.0,2023-10
87,port_core,2023-10-14 02:00:00+00:00,13.5,89.0,2023-10
90,port_core,2023-10-09 08:30:00+00:00,9.0,79.0,2023-10
91,port_core,2023-10-20 02:00:00+00:00,17.5,70.0,2023-10
94,eastern_opl,2023-10-09 19:00:00+00:00,11.0,70.0,2023-10
94,eastern_opl,2023-10-25 15:30:00+00:00,11.0,70.0,2023-10
95,port_core,2023-10-27 04:30:00+00:00,1.0,71.0,2023-10
104,port_core,2023-10-09 03:00:00+00:00,10.5,80.0,2023-10
107,port_core,2023-10-02 01:30:00+00:00,8.5,70.0,2023-10
109,port_core,2023-10-30 23:00:00+00:00,1.0,70.0,2023-10
110,port_core,2023-10-08 17:30:00+00:00,38.0,80.0,2023-10
111,eastern_opl,2023-10-17 01:30:00+00:00,0.0,80.0,2023-10
111,port_core,2023-10-16 15:00:00+00:00,9.5,80.0,2023-10
112,western_opl,2023-10-13 17:30:00+00:00,6.0,80.0,2023-10
112,western_opl,2023-10-15 03:30:00+00:00,6.0,80.0,2023-10
112,western_opl,2023-10-16 12:00:00+00:00,11.5,80.0,2023-10
114,western_opl,2023-10-28 02:00:00+00:00,68.0,80.0,2023-10
116,eastern_opl,2023-10-21 02:00:00+00:00,20.5,89.0,2023-10
116,eastern_opl,2023-10-25 09:00:00+00:00,0.5,89.0,2023-10
116,port_core,2023-10-25 10:00:00+00:00,0.5,89.0,2023-10
116,western_opl,2023-10-25 11:30:00+00:00,0.5,89.0,2023-10
117,port_core,2023-10-13 15:30:00+00:00,14.5,79.0,2023-10
120,port_core,2023-10-18 01:30:00+00:00,12.5,70.0,2023-10
121,port_core,2023-10-02 23:00:00+00:00,9.0,70.0,2023-10
122,eastern_opl,2023-10-25 19:30:00+00:00,9.5,70.0,2023-10
124,western_opl,2023-10-06 01:30:00+00:00,18.5,81.0,2023-10
125,port_core,2023-10-11 09:00:00+00:00,31.5,89.0,2023-10
126,eastern_opl,2023-10-27 02:00:00+00:00,12.5,70.0,2023-10
126,port_core,2023-10-04 13:30:00+00:00,16.5,70.0,2023-10
127,eastern_opl,2023-10-21 10:00:00+00:00,12.5,70.0,2023-10
128,eastern_opl,2023-10-11 08:30:00+00:00,14.0,70.0,2023-10
129,port_core,2023-10-05 11:00:00+00:00,12.5,70.0,2023-10
131,port_core,2023-10-20 06:00:00+00:00,2.5,71.0,2023-10
133,eastern_opl,2023-10-18 05:30:00+00:00,0.5,80.0,2023-10
134,port_core,2023-10-05 13:00:00+00:00,22.0,71.0,2023-10
137,port_core,2023-10-09 03:00:00+00:00,7.5,70.0,2023-10
142,port_core,2023-10-25 08:30:00+00:00,37.5,71.0,2023-10
144,port_core,2023-10-11 21:00:00+00:00,0.5,71.0,2023-10
149,port_core,2023-10-16 10:00:00+00:00,19.0,89.0,2023-10
149,port_core,2023-10-18 08:00:00+00:00,18.0,89.0,2023-10
150,port_core,2023-10-18 05:30:00+00:00,13.0,80.0,2023-10
153,port_core,2023-10-11 09:30:00+00:00,11.0,73.0,2023-10
156,port_core,2023-10-05 07:00:00+00:00,37.0,80.0,2023-10
159,port_core,2023-10-02 15:00:00+00:00,15.0,80.0,2023-10
162,port_core,2023-10-14 01:30:00+00:00,95.5,70.0,2023-10
163,port_core,2023-10-25 09:00:00+00:00,39.0,89.0,2023-10
168,port_core,2023-10-01 00:00:00+00:00,0.0,89.0,2023-10
168,western_opl,2023-10-01 23:00:00+00:00,81.0,89.0,2023-10
168,western_opl,2023-10-08 17:30:00+00:00,7.0,89.0,2023-10
169,western_opl,2023-10-11 09:00:00+00:00,30.5,80.0,2023-10
171,western_opl,2023-10-13 09:00:00+00:00,16.5,84.0,2023-10
172,western_opl,2023-10-27 17:00:00+00:00,56.0,84.0,2023-10
174,port_core,2023-10-18 02:30:00+00:00,11.0,80.0,2023-10
174,port_core,2023-10-22 16:00:00+00:00,0.0,80.0,2023-10
176,western_opl,2023-10-25 11:00:00+00:00,46.5,89.0,2023-10
176,western_opl,2023-10-28 15:00:00+00:00,57.0,89.0,2023-10
178,western_opl,2023-10-01 00:00:00+00:00,137.5,80.0,2023-10
185,port_core,2023-10-01 00:00:00+00:00,15.0,70.0,2023-10
199,port_core,2023-10-29 17:00:00+00:00,30.5,89.0,2023-10
200,port_core,2023-10-01 12:00:00+00:00,19.5,80.0,2023-10
200,port_core,2023-10-25 08:30:00+00:00,89.0,80.0,2023-10
208,port_core,2023-10-30 08:00:00+00:00,3.5,82.0,2023-10
209,eastern_opl,2023-10-27 11:30:00+00:00,78.5,80.0,2023-10
209,port_core,2023-10-21 20:30:00+00:00,19.5,80.0,2023-10
210,western_opl,2023-10-11 09:00:00+00:00,38.5,80.0,2023-10
211,eastern_opl,2023-10-11 08:30:00+00:00,12.0,89.0,2023-10
211,western_opl,2023-10-12 13:30:00+00:00,159.5,89.0,2023-10
213,western_opl,2023-10-18 14:00:00+00:00,39.0,80.0,2023-10
216,port_core,2023-10-10 01:30:00+00:00,19.0,71.0,2023-10
222,western_opl,2023-10-30 08:00:00+00:00,15.5,80.0,2023-10
229,western_opl,2023-10-29 08:30:00+00:00,16.5,80.0,2023-10
232,western_opl,2023-10-03 03:30:00+00:00,47.0,80.0,2023-10
233,port_core,2023-10-05 23:00:00+00:00,9.0,70.0,2023-10
234,port_core,2023-10-12 14:30:00+00:00,10.5,80.0,2023-10
237,western_opl,2023-10-26 02:30:00+00:00,10.0,80.0,2023-10
238,port_core,2023-10-27 08:30:00+00:00,41.0,89.0,2023-10
239,western_opl,2023-10-06 02:30:00+00:00,17.5,84.0,2023-10
240,port_core,2023-10-16 09:00:00+00:00,4.5,70.0,2023-10
241,port_core,2023-10-05 00:30:00+00:00,10.0,70.0,2023-10
242,eastern_opl,2023-10-11 16:00:00+00:00,1.5,79.0,2023-10
242,port_core,2023-10-11 09:00:00+00:00,6.5,79.0,2023-10
243,eastern_opl,2023-10-12 12:30:00+00:00,3.0,70.0,2023-10
244,port_core,2023-10-15 05:00:00+00:00,4.5,70.0,2023-10
245,eastern_opl,2023-10-17 05:30:00+00:00,12.0,70.0,2023-10
246,eastern_opl,2023-10-09 05:00:00+00:00,4.0,70.0,2023-10
247,eastern_opl,2023-10-29 05:00:00+00:00,6.0,79.0,2023-10
247,port_core,2023-10-28 12:00:00+00:00,34.0,79.0,2023-10
250,eastern_opl,2023-10-18 08:00:00+00:00,11.0,79.0,2023-10
250,port_core,2023-10-18 19:30:00+00:00,0.0,79.0,2023-10
251,eastern_opl,2023-10-20 23:30:00+00:00,18.5,79.0,2023-10
253,port_core,2023-10-17 23:30:00+00:00,2.5,80.0,2023-10
253,port_core,2023-10-19 16:30:00+00:00,8.0,80.0,2023-10
254,port_core,2023-10-29 23:00:00+00:00,10.0,70.0,2023-10
255,port_core,2023-10-18 19:00:00+00:00,10.0,70.0,2023-10
256,eastern_opl,2023-10-29 22:00:00+00:00,17.0,70.0,2023-10
258,port_core,2023-10-02 06:30:00+00:00,10.5,70.0,2023-10
259,port_core,2023-10-19 04:30:00+00:00,0.5,71.0,2023-10
263,port_core,2023-10-10 18:00:00+00:00,18.0,79.0,2023-10
264,port_core,2023-10-16 09:30:00+00:00,25.0,70.0,2023-10
267,port_core,2023-10-18 02:30:00+00:00,11.5,70.0,2023-10
268,port_core,2023-10-19 20:00:00+00:00,15.0,80.0,2023-10
269,port_core,2023-10-03 09:00:00+00:00,8.5,70.0,2023-10
270,port_core,2023-10-22 16:00:00+00:00,0.0,79.0,2023-10
272,eastern_opl,2023-10-08 17:30:00+00:00,41.5,80.0,2023-10
277,port_core,2023-10-11 12:00:00+00:00,3.5,70.0,2023-10
278,port_core,2023-10-13 15:00:00+00:00,15.0,70.0,2023-10
279,eastern_opl,2023-10-25 12:00:00+00:00,2.5,70.0,2023-10
280,eastern_opl,2023-10-01 04:30:00+00:00,7.0,70.0,2023-10
281,port_core,2023-10-13 21:00:00+00:00,9.0,70.0,2023-10
282,port_core,2023-10-14 01:30:00+00:00,10.0,70.0,2023-10
283,port_core,2023-10-01 00:00:00+00:00,11.5,70.0,2023-10
284,port_core,2023-10-11 09:00:00+00:00,13.5,70.0,2023-10
285,port_core,2023-10-11 08:30:00+00:00,39.0,79.0,2023-10
290,port_core,2023-10-05 13:30:00+00:00,11.0,70.0,2023-10
292,western_opl,2023-10-09 03:00:00+00:00,41.5,89.0,2023-10
293,port_core,2023-10-20 14:30:00+00:00,26.5,89.0,2023-10
294,port_core,2023-10-10 04:00:00+00:00,62.0,70.0,2023-10
295,port_core,2023-10-13 00:00:00+00:00,45.5,70.0,2023-10
296,port_core,2023-10-10 14:30:00+00:00,31.0,70.0,2023-10
297,eastern_opl,2023-10-14 01:30:00+00:00,14.0,70.0,2023-10
298,port_core,2023-10-14 11:30:00+00:00,10.5,75.0,2023-10
299,port_core,2023-10-06 10:30:00+00:00,8.5,70.0,2023-10
300,port_core,2023-10-28 08:00:00+00:00,1.5,80.0,2023-10
301,port_core,2023-10-01 00:00:00+00:00,59.0,81.0,2023-10
302,port_core,2023-10-14 06:00:00+00:00,71.5,80.0,2023-10
303,port_core,2023-10-04 11:00:00+00:00,57.0,70.0,2023-10
305,port_core,2023-10-30 08:00:00+00:00,1.0,70.0,2023-10
307,eastern_opl,2023-10-27 08:30:00+00:00,17.5,70.0,2023-10
309,port_core,2023-10-26 21:30:00+00:00,15.0,70.0,2023-10
310,western_opl,2023-10-19 18:30:00+00:00,43.5,70.0,2023-10
311,western_opl,2023-10-11 09:00:00+00:00,13.5,70.0,2023-10
315,eastern_opl,2023-10-20 04:30:00+00:00,15.5,70.0,2023-10
316,port_core,2023-10-01 06:00:00+00:00,8.5,82.0,2023-10
317,port_core,2023-10-27 02:30:00+00:00,46.0,70.0,2023-10
320,western_opl,2023-10-01 07:30:00+00:00,24.0,81.0,2023-10
324,port_core,2023-10-13 05:30:00+00:00,29.5,89.0,2023-10
324,port_core,2023-10-27 15:00:00+00:00,16.5,89.0,2023-10
325,port_core,2023-10-05 08:00:00+00:00,36.0,89.0,2023-10
327,eastern_opl,2023-10-20 04:30:00+00:00,27.5,80.0,2023-10
327,eastern_opl,2023-10-25 08:30:00+00:00,2.5,80.0,2023-10
327,port_core,2023-10-27 01:00:00+00:00,89.0,80.0,2023-10
328,port_core,2023-10-20 00:30:00+00:00,21.5,70.0,2023-10
329,western_opl,2023-10-02 07:00:00+00:00,9.5,80.0,2023-10
330,eastern_opl,2023-10-21 12:00:00+00:00,7.0,70.0,2023-10
331,eastern_opl,2023-10-16 10:00:00+00:00,7.5,70.0,2023-10
332,eastern_opl,2023-10-01 00:00:00+00:00,79.5,89.0,2023-10
332,port_core,2023-10-16 09:00:00+00:00,12.5,89.0,2023-10
333,port_core,2023-10-01 00:00:00+00:00,5.5,89.0,2023-10
333,port_core,2023-10-03 01:00:00+00:00,16.5,89.0,2023-10
333,port_core,2023-10-06 01:30:00+00:00,18.5,89.0,2023-10
333,port_core,2023-10-08 17:30:00+00:00,23.0,89.0,2023-10
334,port_core,2023-10-11 17:00:00+00:00,5.5,89.0,2023-10
334,port_core,2023-10-14 07:30:00+00:00,11.0,89.0,2023-10
337,port_core,2023-10-19 02:00:00+00:00,3.0,74.0,2023-10
340,port_core,2023-10-08 18:00:00+00:00,32.5,70.0,2023-10
342,port_core,2023-10-21 08:30:00+00:00,13.0,70.0,2023-10
343,port_core,2023-10-26 11:30:00+00:00,11.0,70.0,2023-10
344,eastern_opl,2023-10-14 21:30:00+00:00,42.5,80.0,2023-10
345,port_core,2023-10-13 15:00:00+00:00,38.0,80.0,2023-10
346,port_core,2023-10-16 09:00:00+00:00,48.0,80.0,2023-10
348,eastern_opl,2023-10-16 15:30:00+00:00,10.0,70.0,2023-10
351,eastern_opl,2023-10-29 00:00:00+00:00,21.5,70.0,2023-10
352,port_core,2023-10-12 07:30:00+00:00,102.0,79.0,2023-10
354,western_opl,2023-10-09 01:00:00+00:00,21.0,80.0,2023-10
355,port_core,2023-10-21 03:30:00+00:00,18.5,80.0,2023-10
356,eastern_opl,2023-10-17 20:30:00+00:00,9.0,70.0,2023-10
357,port_core,2023-10-16 13:30:00+00:00,9.0,70.0,2023-10
358,port_core,2023-10-25 08:30:00+00:00,20.5,89.0,2023-10
359,port_core,2023-10-19 20:00:00+00:00,50.5,89.0,2023-10
359,western_opl,2023-10-26 13:00:00+00:00,39.0,89.0,2023-10
360,port_core,2023-10-19 23:00:00+00:00,15.0,80.0,2023-10
361,eastern_opl,2023-10-04 01:30:00+00:00,65.5,89.0,2023-10
361,eastern_opl,2023-10-08 17:30:00+00:00,4.5,89.0,2023-10
362,port_core,2023-10-21 01:30:00+00:00,21.0,80.0,2023-10
363,eastern_opl,2023-10-18 07:00:00+00:00,11.5,79.0,2023-10
364,port_core,2023-10-02 06:30:00+00:00,31.5,70.0,2023-10
365,eastern_opl,2023-10-08 17:30:00+00:00,8.0,80.0,2023-10
365,western_opl,2023-10-04 11:30:00+00:00,36.0,80.0,2023-10
367,port_core,2023-10-10 16:30:00+00:00,18.0,70.0,2023-10
368,port_core,2023-10-18 09:30:00+00:00,13.0,70.0,2023-10
370,eastern_opl,2023-10-02 21:00:00+00:00,16.5,70.0,2023-10
371,eastern_opl,2023-10-27 19:00:00+00:00,8.5,70.0,2023-10
372,port_core,2023-10-06 00:30:00+00:00,19.5,70.0,2023-10
372,port_core,2023-10-08 17:30:00+00:00,103.5,70.0,2023-10
375,eastern_opl,2023-10-03 06:30:00+00:00,12.0,70.0,2023-10
376,port_core,2023-10-28 18:30:00+00:00,11.0,79.0,2023-10
377,port_core,2023-10-09 03:30:00+00:00,6.5,70.0,2023-10
378,eastern_opl,2023-10-26 19:30:00+00:00,1.5,70.0,2023-10
378,port_core,2023-10-26 21:30:00+00:00,6.0,70.0,2023-10
379,eastern_opl,2023-10-29 05:30:00+00:00,42.0,79.0,2023-10
379,port_core,2023-10-21 13:00:00+00:00,9.0,79.0,2023-10
381,port_core,2023-10-25 17:30:00+00:00,16.0,70.0,2023-10
382,western_opl,2023-10-21 00:30:00+00:00,13.0,80.0,2023-10
385,port_core,2023-10-04 03:00:00+00:00,14.0,89.0,2023-10
386,port_core,2023-10-19 16:30:00+00:00,9.0,70.0,2023-10
387,eastern_opl,2023-10-17 00:30:00+00:00,52.0,80.0,2023-10
389,western_opl,2023-10-01 00:00:00+00:00,23.0,80.0,2023-10
390,port_core,2023-10-01 23:00:00+00:00,38.5,89.0,2023-10
392,port_core,2023-10-25 08:30:00+00:00,11.5,80.0,2023-10
392,port_core,2023-10-27 10:00:00+00:00,83.5,80.0,2023-10
393,eastern_opl,2023-10-01 00:00:00+00:00,85.0,80.0,2023-10
394,eastern_opl,2023-10-30 17:30:00+00:00,6.0,81.0,2023-10
394,port_core,2023-10-28 23:30:00+00:00,34.5,81.0,2023-10
394,western_opl,2023-10-25 08:30:00+00:00,18.0,81.0,2023-10
395,port_core,2023-10-01 00:00:00+00:00,28.0,89.0,2023-10
399,port_core,2023-10-20 23:30:00+00:00,23.0,80.0,2023-10
400,eastern_opl,2023-10-05 00:30:00+00:00,22.0,80.0,2023-10
401,port_core,2023-10-01 00:00:00+00:00,10.5,80.0,2023-10
402,western_opl,2023-10-29 07:30:00+00:00,40.5,80.0,2023-10
403,port_core,2023-10-20 00:30:00+00:00,46.0,80.0,2023-10
404,eastern_opl,2023-10-26 23:30:00+00:00,32.5,70.0,2023-10
405,eastern_opl,2023-10-04 20:30:00+00:00,6.0,70.0,2023-10
406,port_core,2023-10-21 16:30:00+00:00,6.0,80.0,2023-10
406,port_core,2023-10-29 02:00:00+00:00,23.0,80.0,2023-10
406,western_opl,2023-10-25 08:30:00+00:00,16.5,80.0,2023-10
408,eastern_opl,2023-10-01 00:00:00+00:00,25.5,80.0,2023-10
409,port_core,2023-10-02 09:00:00+00:00,107.0,80.0,2023-10
409,port_core,2023-10-08 17:30:00+00:00,51.0,80.0,2023-10
410,port_core,2023-10-01 00:00:00+00:00,23.0,89.0,2023-10
412,port_core,2023-10-20 23:30:00+00:00,23.0,89.0,2023-10
413,eastern_opl,2023-10-25 09:30:00+00:00,6.0,80.0,2023-10
414,port_core,2023-10-29 23:30:00+00:00,24.5,89.0,2023-10
415,port_core,2023-10-01 01:00:00+00:00,58.0,89.0,2023-10
416,port_core,2023-10-28 07:30:00+00:00,64.0,80.0,2023-10
417,port_core,2023-10-27 11:00:00+00:00,85.0,80.0,2023-10
420,port_core,2023-10-06 12:00:00+00:00,8.0,80.0,2023-10
422,eastern_opl,2023-10-09 22:00:00+00:00,39.0,80.0,2023-10
423,western_opl,2023-10-28 23:30:00+00:00,24.0,80.0,2023-10
424,port_core,2023-10-29 20:30:00+00:00,18.0,80.0,2023-10
425,western_opl,2023-10-11 18:00:00+00:00,33.0,80.0,2023-10
426,port_core,2023-10-20 04:00:00+00:00,8.0,70.0,2023-10
427,eastern_opl,2023-10-21 09:30:00+00:00,9.0,70.0,2023-10
428,port_core,2023-10-28 03:00:00+00:00,5.0,80.0,2023-10
428,western_opl,2023-10-28 08:30:00+00:00,0.5,80.0,2023-10
429,western_opl,2023-10-21 16:00:00+00:00,6.5,70.0,2023-10
430,eastern_opl,2023-10-06 04:00:00+00:00,16.0,80.0,2023-10
431,port_core,2023-10-10 15:00:00+00:00,54.5,70.0,2023-10
432,port_core,2023-10-10 06:30:00+00:00,14.0,70.0,2023-10
432,port_core,2023-10-25 08:30:00+00:00,28.5,70.0,2023-10
433,port_core,2023-10-16 14:30:00+00:00,48.0,79.0,2023-10
435,port_core,2023-10-06 02:30:00+00:00,17.5,79.0,2023-10
435,port_core,2023-10-08 17:30:00+00:00,12.0,79.0,2023-10
437,port_core,2023-10-16 09:00:00+00:00,60.5,70.0,2023-10
437,western_opl,2023-10-19 01:00:00+00:00,69.0,70.0,2023-10
437,western_opl,2023-10-25 08:30:00+00:00,135.5,70.0,2023-10
439,port_core,2023-10-12 11:00:00+00:00,43.0,70.0,2023-10
439,port_core,2023-10-25 08:30:00+00:00,70.5,70.0,2023-10
440,western_opl,2023-10-17 00:00:00+00:00,15.5,80.0,2023-10
441,port_core,2023-10-15 03:00:00+00:00,6.5,70.0,2023-10
443,port_core,2023-10-01 00:00:00+00:00,4.0,70.0,2023-10
445,port_core,2023-10-15 01:00:00+00:00,8.0,70.0,2023-10
446,port_core,2023-10-16 09:00:00+00:00,16.5,70.0,2023-10
447,western_opl,2023-10-04 01:00:00+00:00,30.0,70.0,2023-10
448,port_core,2023-10-19 03:30:00+00:00,44.0,70.0,2023-10
449,port_core,2023-10-13 06:30:00+00:00,15.5,79.0,2023-10
450,port_core,2023-10-01 12:00:00+00:00,13.0,80.0,2023-10
450,port_core,2023-10-03 19:00:00+00:00,35.0,80.0,2023-10
451,port_core,2023-10-03 07:00:00+00:00,16.0,70.0,2023-10
453,port_core,2023-10-05 22:00:00+00:00,1.5,70.0,2023-10
454,port_core,2023-10-20 05:30:00+00:00,12.5,70.0,2023-10
455,eastern_opl,2023-10-04 10:30:00+00:00,13.5,80.0,2023-10
456,western_opl,2023-10-21 05:30:00+00:00,17.0,80.0,2023-10
457,port_core,2023-10-02 03:00:00+00:00,8.5,70.0,2023-10
458,western_opl,2023-10-14 08:30:00+00:00,10.5,82.0,2023-10
462,port_core,2023-10-14 00:30:00+00:00,8.5,70.0,2023-10
464,port_core,2023-10-01 00:00:00+00:00,2.0,70.0,2023-10
465,port_core,2023-10-15 02:00:00+00:00,7.5,70.0,2023-10
467,port_core,2023-10-01 00:00:00+00:00,42.0,80.0,2023-10
467,port_core,2023-10-06 18:30:00+00:00,1.5,80.0,2023-10
472,port_core,2023-10-09 13:00:00+00:00,8.5,70.0,2023-10
473,port_core,2023-10-04 03:00:00+00:00,20.0,80.0,2023-10
478,port_core,2023-10-16 09:00:00+00:00,1.5,70.0,2023-10
479,eastern_opl,2023-10-17 05:30:00+00:00,8.0,70.0,2023-10
479,port_core,2023-10-17 01:30:00+00:00,15.5,70.0,2023-10
480,port_core,2023-10-19 16:30:00+00:00,4.5,71.0,2023-10
482,port_core,2023-10-18 21:30:00+00:00,0.0,70.0,2023-10
484,eastern_opl,2023-10-12 14:00:00+00:00,17.5,70.0,2023-10
485,eastern_opl,2023-10-14 03:00:00+00:00,12.5,70.0,2023-10
487,port_core,2023-10-20 12:00:00+00:00,13.0,70.0,2023-10
488,port_core,2023-10-20 09:30:00+00:00,26.0,80.0,2023-10
489,port_core,2023-10-08 18:00:00+00:00,13.5,70.0,2023-10
490,eastern_opl,2023-10-17 08:00:00+00:00,14.0,70.0,2023-10
492,port_core,2023-10-18 15:30:00+00:00,25.0,79.0,2023-10
493,eastern_opl,2023-10-05 01:00:00+00:00,8.5,70.0,2023-10
495,eastern_opl,2023-10-08 18:00:00+00:00,98.0,80.0,2023-10
495,western_opl,2023-10-14 15:00:00+00:00,47.0,80.0,2023-10
496,eastern_opl,2023-10-04 12:30:00+00:00,55.5,82.0,2023-10
496,eastern_opl,2023-10-08 18:00:00+00:00,50.5,82.0,2023-10
496,western_opl,2023-10-16 09:00:00+00:00,108.0,82.0,2023-10
497,port_core,2023-10-05 12:00:00+00:00,17.0,80.0,2023-10
497,western_opl,2023-10-16 20:00:00+00:00,34.5,80.0,2023-10
500,port_core,2023-10-02 12:00:00+00:00,12.0,70.0,2023-10
504,port_core,2023-10-19 16:30:00+00:00,14.0,80.0,2023-10
505,port_core,2023-10-19 16:30:00+00:00,7.5,70.0,2023-10
506,port_core,2023-10-12 07:30:00+00:00,6.0,70.0,2023-10
507,eastern_opl,2023-10-15 05:00:00+00:00,3.5,80.0,2023-10
507,port_core,2023-10-14 08:30:00+00:00,25.0,80.0,2023-10
507,port_core,2023-10-30 08:00:00+00:00,15.5,80.0,2023-10
510,port_core,2023-10-19 20:30:00+00:00,9.5,71.0,2023-10
513,port_core,2023-10-29 23:30:00+00:00,17.0,74.0,2023-10
516,eastern_opl,2023-10-05 08:00:00+00:00,36.0,70.0,2023-10
516,port_core,2023-10-05 02:00:00+00:00,30.5,70.0,2023-10
517,port_core,2023-10-03 10:00:00+00:00,37.5,70.0,2023-10
518,western_opl,2023-10-11 22:00:00+00:00,0.0,70.0,2023-10
519,eastern_opl,2023-10-18 16:30:00+00:00,12.5,70.0,2023-10
521,port_core,2023-10-27 05:00:00+00:00,29.0,71.0,2023-10
524,port_core,2023-10-21 11:00:00+00:00,11.5,70.0,2023-10
525,eastern_opl,2023-10-15 01:00:00+00:00,8.5,70.0,2023-10
526,port_core,2023-10-16 09:30:00+00:00,26.0,70.0,2023-10
528,port_core,2023-10-12 11:00:00+00:00,5.5,70.0,2023-10
530,port_core,2023-10-17 23:00:00+00:00,61.5,89.0,2023-10
530,western_opl,2023-10-26 09:30:00+00:00,10.0,89.0,2023-10
531,eastern_opl,2023-10-27 17:30:00+00:00,34.5,70.0,2023-10
534,eastern_opl,2023-10-17 11:00:00+00:00,5.0,70.0,2023-10
539,port_core,2023-10-30 00:30:00+00:00,14.0,70.0,2023-10
540,port_core,2023-10-18 22:00:00+00:00,0.0,70.0,2023-10
543,port_core,2023-10-09 04:30:00+00:00,9.0,70.0,2023-10
544,eastern_opl,2023-10-04 08:30:00+00:00,1.0,70.0,2023-10
548,port_core,2023-10-25 09:00:00+00:00,7.0,70.0,2023-10
549,port_core,2023-10-20 14:00:00+00:00,29.5,70.0,2023-10
550,port_core,2023-10-01 00:00:00+00:00,19.5,70.0,2023-10
551,port_core,2023-10-15 07:30:00+00:00,2.0,81.0,2023-10
551,port_core,2023-10-17 03:00:00+00:00,15.0,81.0,2023-10
551,port_core,2023-10-19 04:00:00+00:00,17.0,81.0,2023-10
551,western_opl,2023-10-13 00:30:00+00:00,29.0,81.0,2023-10
551,western_opl,2023-10-25 08:30:00+00:00,44.5,81.0,2023-10
551,western_opl,2023-10-28 19:00:00+00:00,52.5,81.0,2023-10
552,port_core,2023-10-14 16:30:00+00:00,0.5,80.0,2023-10
552,western_opl,2023-10-16 09:00:00+00:00,18.0,80.0,2023-10
554,port_core,2023-10-12 07:30:00+00:00,119.5,80.0,2023-10
555,western_opl,2023-10-13 23:30:00+00:00,25.5,80.0,2023-10
555,western_opl,2023-10-27 10:30:00+00:00,43.0,80.0,2023-10
557,port_core,2023-10-01 00:00:00+00:00,9.5,79.0,2023-10
558,port_core,2023-10-08 18:00:00+00:00,27.5,70.0,2023-10
559,western_opl,2023-10-18 00:30:00+00:00,28.5,70.0,2023-10
563,port_core,2023-10-01 00:00:00+00:00,27.0,70.0,2023-10
566,port_core,2023-10-11 08:30:00+00:00,5.5,70.0,2023-10
567,port_core,2023-10-01 18:30:00+00:00,40.0,70.0,2023-10
569,port_core,2023-10-21 04:00:00+00:00,18.0,70.0,2023-10
571,western_opl,2023-10-29 23:30:00+00:00,22.0,80.0,2023-10
576,western_opl,2023-10-09 07:30:00+00:00,21.5,80.0,2023-10
578,port_core,2023-10-27 22:30:00+00:00,33.0,70.0,2023-10
579,western_opl,2023-10-03 01:00:00+00:00,2.5,80.0,2023-10
580,western_opl,2023-10-05 06:30:00+00:00,37.5,80.0,2023-10
581,eastern_opl,2023-10-12 11:30:00+00:00,26.5,80.0,2023-10
582,port_core,2023-10-03 12:00:00+00:00,2.0,79.0,2023-10
584,port_core,2023-10-02 06:30:00+00:00,23.5,89.0,2023-10
586,port_core,2023-10-17 20:00:00+00:00,15.0,70.0,2023-10
587,port_core,2023-10-20 16:00:00+00:00,11.5,70.0,2023-10
588,port_core,2023-10-25 09:00:00+00:00,8.5,71.0,2023-10
588,western_opl,2023-10-25 18:00:00+00:00,1.0,71.0,2023-10
589,eastern_opl,2023-10-18 10:30:00+00:00,14.5,70.0,2023-10
591,eastern_opl,2023-10-12 07:30:00+00:00,135.0,80.0,2023-10
592,port_core,2023-10-29 10:30:00+00:00,37.5,79.0,2023-10
594,port_core,2023-10-08 17:30:00+00:00,112.0,70.0,2023-10
595,eastern_opl,2023-10-29 13:30:00+00:00,26.0,89.0,2023-10
597,port_core,2023-10-06 19:00:00+00:00,1.0,71.0,2023-10
598,port_core,2023-10-05 14:30:00+00:00,8.5,70.0,2023-10
599,eastern_opl,2023-10-12 16:30:00+00:00,10.5,70.0,2023-10
601,eastern_opl,2023-10-03 23:00:00+00:00,15.5,70.0,2023-10
601,port_core,2023-10-21 00:30:00+00:00,22.0,70.0,2023-10
602,port_core,2023-10-12 11:00:00+00:00,13.5,70.0,2023-10
603,port_core,2023-10-14 09:00:00+00:00,20.0,70.0,2023-10
604,port_core,2023-10-06 05:30:00+00:00,2.0,70.0,2023-10
605,port_core,2023-10-11 09:00:00+00:00,3.0,70.0,2023-10
607,eastern_opl,2023-10-05 09:00:00+00:00,11.0,89.0,2023-10
607,eastern_opl,2023-10-08 20:00:00+00:00,123.0,89.0,2023-10
607,western_opl,2023-10-17 08:30:00+00:00,18.0,89.0,2023-10
609,eastern_opl,2023-10-20 02:00:00+00:00,11.0,70.0,2023-10
609,port_core,2023-10-21 12:30:00+00:00,27.5,70.0,2023-10
610,port_core,2023-10-12 19:30:00+00:00,12.0,70.0,2023-10
611,port_core,2023-10-28 10:30:00+00:00,9.0,70.0,2023-10
612,port_core,2023-10-01 00:00:00+00:00,2.0,70.0,2023-10
613,western_opl,2023-10-26 14:30:00+00:00,13.0,80.0,2023-10
613,western_opl,2023-10-28 05:30:00+00:00,16.0,80.0,2023-10
614,western_opl,2023-10-02 04:00:00+00:00,17.5,82.0,2023-10
615,western_opl,2023-10-09 02:30:00+00:00,7.5,80.0,2023-10
616,port_core,2023-10-17 03:00:00+00:00,50.0,70.0,2023-10
618,port_core,2023-10-20 14:30:00+00:00,15.0,80.0,2023-10
619,port_core,2023-10-05 07:00:00+00:00,8.0,80.0,2023-10
619,western_opl,2023-10-05 14:00:00+00:00,0.5,80.0,2023-10
620,port_core,2023-10-09 00:30:00+00:00,14.5,80.0,2023-10
620,port_core,2023-10-14 19:00:00+00:00,14.5,80.0,2023-10
620,western_opl,2023-10-05 23:30:00+00:00,20.5,80.0,2023-10
620,western_opl,2023-10-09 00:00:00+00:00,9.5,80.0,2023-10
620,western_opl,2023-10-10 12:00:00+00:00,59.0,80.0,2023-10
620,western_opl,2023-10-19 16:30:00+00:00,71.5,80.0,2023-10
621,eastern_opl,2023-10-08 17:30:00+00:00,35.0,70.0,2023-10
621,port_core,2023-10-06 06:30:00+00:00,13.5,70.0,2023-10
621,port_core,2023-10-22 16:00:00+00:00,0.0,70.0,2023-10
621,port_core,2023-10-25 09:00:00+00:00,4.5,70.0,2023-10
622,port_core,2023-10-11 09:00:00+00:00,12.0,70.0,2023-10
623,port_core,2023-10-14 23:30:00+00:00,10.0,70.0,2023-10
624,port_core,2023-10-20 14:00:00+00:00,32.5,70.0,2023-10
626,port_core,2023-10-03 04:30:00+00:00,12.0,70.0,2023-10
628,eastern_opl,2023-10-09 15:00:00+00:00,6.5,70.0,2023-10
628,port_core,2023-10-09 22:00:00+00:00,2.0,70.0,2023-10
629,port_core,2023-10-21 04:00:00+00:00,18.0,70.0,2023-10
630,western_opl,2023-10-26 15:30:00+00:00,4.0,80.0,2023-10
631,western_opl,2023-10-05 16:30:00+00:00,27.5,84.0,2023-10
633,port_core,2023-10-30 08:30:00+00:00,8.0,80.0,2023-10
635,port_core,2023-10-28 20:00:00+00:00,10.5,70.0,2023-10
637,port_core,2023-10-27 07:30:00+00:00,6.5,82.0,2023-10
637,western_opl,2023-10-27 14:30:00+00:00,0.0,82.0,2023-10
638,port_core,2023-10-05 05:00:00+00:00,9.5,70.0,2023-10
640,port_core,2023-10-27 02:30:00+00:00,93.5,70.0,2023-10
642,port_core,2023-10-17 12:00:00+00:00,88.0,70.0,2023-10
643,eastern_opl,2023-10-05 06:30:00+00:00,10.0,70.0,2023-10
644,port_core,2023-10-03 20:30:00+00:00,14.0,89.0,2023-10
646,port_core,2023-10-05 19:00:00+00:00,7.5,70.0,2023-10
647,port_core,2023-10-25 08:30:00+00:00,8.0,70.0,2023-10
648,western_opl,2023-10-09 05:00:00+00:00,24.0,89.0,2023-10
648,western_opl,2023-10-14 04:30:00+00:00,29.0,89.0,2023-10
649,port_core,2023-10-01 00:00:00+00:00,6.0,70.0,2023-10
651,port_core,2023-10-15 01:30:00+00:00,164.5,70.0,2023-10
652,port_core,2023-10-15 02:30:00+00:00,7.0,70.0,2023-10
653,eastern_opl,2023-10-02 07:30:00+00:00,108.5,70.0,2023-10
653,port_core,2023-10-01 00:00:00+00:00,29.5,70.0,2023-10
654,port_core,2023-10-30 17:00:00+00:00,7.0,70.0,2023-10
655,port_core,2023-10-08 18:00:00+00:00,11.5,80.0,2023-10
655,port_core,2023-10-11 08:30:00+00:00,79.0,80.0,2023-10
657,port_core,2023-10-13 16:30:00+00:00,19.5,70.0,2023-10
660,port_core,2023-10-26 17:30:00+00:00,0.0,70.0,2023-10
662,port_core,2023-10-11 08:30:00+00:00,2.5,70.0,2023-10
664,port_core,2023-10-03 21:00:00+00:00,14.5,70.0,2023-10
665,port_core,2023-10-10 19:30:00+00:00,1.0,79.0,2023-10
666,eastern_opl,2023-10-27 17:30:00+00:00,78.5,80.0,2023-10
668,eastern_opl,2023-10-29 18:30:00+00:00,2.5,81.0,2023-10
669,port_core,2023-10-30 11:00:00+00:00,13.0,70.0,2023-10
674,port_core,2023-10-09 04:30:00+00:00,9.5,70.0,2023-10
674,western_opl,2023-10-09 15:00:00+00:00,0.0,70.0,2023-10
675,port_core,2023-10-26 06:00:00+00:00,16.5,70.0,2023-10
676,port_core,2023-10-13 12:00:00+00:00,128.0,80.0,2023-10
677,port_core,2023-10-09 02:00:00+00:00,31.0,70.0,2023-10
680,port_core,2023-10-01 01:00:00+00:00,42.5,79.0,2023-10
680,port_core,2023-10-06 15:00:00+00:00,5.0,79.0,2023-10
680,port_core,2023-10-08 17:30:00+00:00,13.5,79.0,2023-10
680,western_opl,2023-10-25 09:30:00+00:00,134.0,70.0,2023-10
681,port_core,2023-10-20 12:30:00+00:00,9.0,70.0,2023-10
684,port_core,2023-10-27 23:30:00+00:00,16.5,71.0,2023-10
685,port_core,2023-10-12 15:30:00+00:00,66.0,79.0,2023-10
686,port_core,2023-10-19 16:30:00+00:00,5.5,70.0,2023-10
687,port_core,2023-10-05 15:30:00+00:00,12.5,70.0,2023-10
688,port_core,2023-10-13 10:30:00+00:00,79.0,70.0,2023-10
690,eastern_opl,2023-10-16 17:00:00+00:00,35.5,89.0,2023-10
690,western_opl,2023-10-06 13:00:00+00:00,6.0,89.0,2023-10
690,western_opl,2023-10-08 17:30:00+00:00,11.5,89.0,2023-10
691,port_core,2023-10-27 04:30:00+00:00,8.5,71.0,2023-10
692,port_core,2023-10-25 22:30:00+00:00,15.5,70.0,2023-10
693,port_core,2023-10-02 15:30:00+00:00,22.0,80.0,2023-10
693,port_core,2023-10-05 10:00:00+00:00,11.0,80.0,2023-10
693,port_core,2023-10-08 17:30:00+00:00,19.0,80.0,2023-10
693,port_core,2023-10-13 00:00:00+00:00,27.0,80.0,2023-10
693,port_core,2023-10-18 04:30:00+00:00,51.5,80.0,2023-10
693,port_core,2023-10-28 08:00:00+00:00,61.5,80.0,2023-10
694,port_core,2023-10-13 10:30:00+00:00,14.0,89.0,2023-10
694,port_core,2023-10-17 06:30:00+00:00,24.0,89.0,2023-10
694,port_core,2023-10-20 00:00:00+00:00,30.5,89.0,2023-10
696,port_core,2023-10-27 02:00:00+00:00,94.0,70.0,2023-10
699,eastern_opl,2023-10-30 00:30:00+00:00,8.5,70.0,2023-10
700,port_core,2023-10-12 07:30:00+00:00,36.0,79.0,2023-10
701,port_core,2023-10-29 10:00:00+00:00,12.5,70.0,2023-10
703,western_opl,2023-10-19 04:30:00+00:00,54.5,79.0,2023-10
704,port_core,2023-10-05 15:30:00+00:00,7.0,79.0,2023-10
705,port_core,2023-10-13 07:00:00+00:00,79.0,70.0,2023-10
705,western_opl,2023-10-16 16:30:00+00:00,60.5,70.0,2023-10
706,port_core,2023-10-02 17:30:00+00:00,7.0,70.0,2023-10
707,port_core,2023-10-13 04:30:00+00:00,10.0,70.0,2023-10
709,port_core,2023-10-01 00:00:00+00:00,27.5,70.0,2023-10
709,western_opl,2023-10-09 07:00:00+00:00,144.0,70.0,2023-10
710,western_opl,2023-10-26 07:00:00+00:00,20.5,84.0,2023-10
711,western_opl,2023-10-12 07:30:00+00:00,6.5,80.0,2023-10
712,port_core,2023-10-27 23:30:00+00:00,27.0,70.0,2023-10
713,port_core,2023-10-29 07:30:00+00:00,17.5,80.0,2023-10
714,port_core,2023-10-12 07:30:00+00:00,7.5,80.0,2023-10
716,western_opl,2023-10-28 09:30:00+00:00,17.0,80.0,2023-10
717,port_core,2023-10-16 09:30:00+00:00,7.5,70.0,2023-10
718,eastern_opl,2023-10-18 05:00:00+00:00,10.0,80.0,2023-10
718,port_core,2023-10-18 03:30:00+00:00,1.0,80.0,2023-10
719,western_opl,2023-10-18 06:30:00+00:00,13.0,80.0,2023-10
721,western_opl,2023-10-30 08:30:00+00:00,15.5,81.0,2023-10
724,port_core,2023-10-06 12:00:00+00:00,8.0,70.0,2023-10
726,western_opl,2023-10-30 23:30:00+00:00,0.5,84.0,2023-10
728,western_opl,2023-10-12 07:30:00+00:00,17.5,84.0,2023-10
729,western_opl,2023-10-01 00:00:00+00:00,70.0,83.0,2023-10
729,western_opl,2023-10-16 09:00:00+00:00,64.5,83.0,2023-10
730,western_opl,2023-10-21 05:30:00+00:00,17.0,81.0,2023-10
733,western_opl,2023-10-27 23:30:00+00:00,24.0,82.0,2023-10
734,port_core,2023-10-10 05:00:00+00:00,11.5,70.0,2023-10
735,port_core,2023-10-06 08:00:00+00:00,12.0,70.0,2023-10
736,port_core,2023-10-27 16:00:00+00:00,8.5,70.0,2023-10
737,eastern_opl,2023-10-08 17:30:00+00:00,3.5,70.0,2023-10
738,port_core,2023-10-10 20:00:00+00:00,0.5,70.0,2023-10
741,port_core,2023-10-20 09:00:00+00:00,9.5,70.0,2023-10
742,port_core,2023-10-02 08:30:00+00:00,20.5,70.0,2023-10
742,port_core,2023-10-21 02:00:00+00:00,38.0,70.0,2023-10
743,port_core,2023-10-30 08:00:00+00:00,14.0,70.0,2023-10
744,western_opl,2023-10-20 01:00:00+00:00,21.5,84.0,2023-10
745,eastern_opl,2023-10-01 00:00:00+00:00,2.5,70.0,2023-10
746,port_core,2023-10-29 04:00:00+00:00,11.5,70.0,2023-10
747,port_core,2023-10-20 09:30:00+00:00,8.5,70.0,2023-10
748,port_core,2023-10-25 09:00:00+00:00,23.5,70.0,2023-10
750,eastern_opl,2023-10-28 00:00:00+00:00,9.5,80.0,2023-10
750,port_core,2023-10-30 22:30:00+00:00,1.0,80.0,2023-10
750,western_opl,2023-10-25 08:30:00+00:00,15.0,80.0,2023-10
751,port_core,2023-10-28 04:00:00+00:00,24.0,89.0,2023-10
754,port_core,2023-10-04 21:00:00+00:00,12.5,80.0,2023-10
755,port_core,2023-10-09 08:00:00+00:00,9.5,70.0,2023-10
756,western_opl,2023-10-13 07:30:00+00:00,23.5,81.0,2023-10
757,eastern_opl,2023-10-12 18:30:00+00:00,10.0,70.0,2023-10
758,eastern_opl,2023-10-09 07:30:00+00:00,14.5,70.0,2023-10
759,western_opl,2023-10-10 02:00:00+00:00,18.5,89.0,2023-10
760,western_opl,2023-10-17 16:00:00+00:00,11.5,89.0,2023-10
761,eastern_opl,2023-10-20 22:00:00+00:00,24.0,80.0,2023-10
762,port_core,2023-10-16 09:00:00+00:00,0.0,70.0,2023-10
763,western_opl,2023-10-06 08:00:00+00:00,12.0,80.0,2023-10
763,western_opl,2023-10-08 17:30:00+00:00,32.5,80.0,2023-10
764,western_opl,2023-10-01 00:00:00+00:00,3.0,80.0,2023-10
765,western_opl,2023-10-01 00:00:00+00:00,24.5,80.0,2023-10
768,port_core,2023-10-08 17:30:00+00:00,10.0,70.0,2023-10
769,port_core,2023-10-06 00:00:00+00:00,17.0,80.0,2023-10
770,port_core,2023-10-26 14:30:00+00:00,11.5,79.0,2023-10
771,port_core,2023-10-29 09:30:00+00:00,15.0,70.0,2023-10
772,port_core,2023-10-05 11:00:00+00:00,6.5,79.0,2023-10
773,eastern_opl,2023-10-26 14:00:00+00:00,25.0,80.0,2023-10
774,port_core,2023-10-11 22:00:00+00:00,10.0,70.0,2023-10
775,port_core,2023-10-13 17:30:00+00:00,8.0,70.0,2023-10
776,port_core,2023-10-02 10:00:00+00:00,65.0,80.0,2023-10
777,port_core,2023-10-16 14:30:00+00:00,49.5,70.0,2023-10
779,port_core,2023-10-01 00:00:00+00:00,9.5,70.0,2023-10
780,port_core,2023-10-13 11:30:00+00:00,14.0,70.0,2023-10
782,port_core,2023-10-12 11:00:00+00:00,17.0,79.0,2023-10
783,port_core,2023-10-03 00:00:00+00:00,11.0,70.0,2023-10
786,port_core,2023-10-28 08:00:00+00:00,11.5,70.0,2023-10
787,eastern_opl,2023-10-14 04:30:00+00:00,80.0,80.0,2023-10
787,port_core,2023-10-20 16:30:00+00:00,19.0,80.0,2023-10
788,port_core,2023-10-17 05:30:00+00:00,35.5,70.0,2023-10
789,port_core,2023-10-29 16:00:00+00:00,9.0,79.0,2023-10
790,port_core,2023-10-01 00:00:00+00:00,59.5,70.0,2023-10
791,port_core,2023-10-14 19:30:00+00:00,14.0,70.0,2023-10
792,port_core,2023-10-18 13:00:00+00:00,29.0,70.0,2023-10
793,eastern_opl,2023-10-11 14:30:00+00:00,23.5,80.0,2023-10
794,port_core,2023-10-13 02:30:00+00:00,15.0,70.0,2023-10
799,eastern_opl,2023-10-13 07:30:00+00:00,80.5,80.0,2023-10
799,port_core,2023-10-11 16:00:00+00:00,36.0,80.0,2023-10
800,western_opl,2023-10-25 08:30:00+00:00,13.5,80.0,2023-10
800,western_opl,2023-10-28 06:00:00+00:00,65.5,80.0,2023-10
801,eastern_opl,2023-10-30 08:00:00+00:00,11.5,82.0,2023-10
801,port_core,2023-10-17 12:00:00+00:00,10.5,82.0,2023-10
801,western_opl,2023-10-01 23:30:00+00:00,23.0,82.0,2023-10
802,eastern_opl,2023-10-30 14:00:00+00:00,7.5,70.0,2023-10
804,port_core,2023-10-27 01:00:00+00:00,65.0,71.0,2023-10
805,port_core,2023-10-10 03:30:00+00:00,10.0,79.0,2023-10
806,port_core,2023-10-30 09:30:00+00:00,12.5,70.0,2023-10
808,port_core,2023-10-21 11:30:00+00:00,11.0,70.0,2023-10
809,port_core,2023-10-11 15:30:00+00:00,7.0,70.0,2023-10
810,port_core,2023-10-21 07:30:00+00:00,15.0,80.0,2023-10
811,port_core,2023-10-19 01:30:00+00:00,20.5,80.0,2023-10
812,port_core,2023-10-16 11:00:00+00:00,7.0,89.0,2023-10
813,eastern_opl,2023-10-12 11:00:00+00:00,19.5,79.0,2023-10
814,port_core,2023-10-01 00:00:00+00:00,9.5,80.0,2023-10
814,port_core,2023-10-08 17:30:00+00:00,5.0,80.0,2023-10
819,western_opl,2023-10-05 23:30:00+00:00,20.5,84.0,2023-10
819,western_opl,2023-10-08 17:30:00+00:00,21.0,84.0,2023-10
820,eastern_opl,2023-10-20 04:30:00+00:00,11.5,79.0,2023-10
821,port_core,2023-10-21 09:30:00+00:00,12.5,80.0,2023-10
823,eastern_opl,2023-10-17 05:00:00+00:00,9.0,80.0,2023-10
823,port_core,2023-10-25 08:30:00+00:00,24.5,80.0,2023-10
823,western_opl,2023-10-06 10:00:00+00:00,10.0,80.0,2023-10
823,western_opl,2023-10-08 17:30:00+00:00,77.0,80.0,2023-10
825,port_core,2023-10-09 13:00:00+00:00,31.5,70.0,2023-10
826,western_opl,2023-10-28 23:30:00+00:00,12.0,80.0,2023-10
827,port_core,2023-10-17 07:00:00+00:00,15.5,80.0,2023-10
832,port_core,2023-10-04 07:00:00+00:00,16.5,70.0,2023-10
833,western_opl,2023-10-13 18:00:00+00:00,15.0,82.0,2023-10
834,port_core,2023-10-09 08:30:00+00:00,12.5,80.0,2023-10
835,port_core,2023-10-02 18:30:00+00:00,3.0,80.0,2023-10
836,port_core,2023-10-05 03:00:00+00:00,41.0,70.0,2023-10
836,port_core,2023-10-08 18:00:00+00:00,50.5,70.0,2023-10
838,eastern_opl,2023-10-19 03:30:00+00:00,0.5,80.0,2023-10
838,eastern_opl,2023-10-20 06:00:00+00:00,39.5,80.0,2023-10
842,port_core,2023-10-12 11:00:00+00:00,7.0,70.0,2023-10
843,port_core,2023-10-18 10:00:00+00:00,11.0,70.0,2023-10
844,port_core,2023-10-12 07:30:00+00:00,8.0,70.0,2023-10
845,eastern_opl,2023-10-06 01:30:00+00:00,17.5,70.0,2023-10
845,eastern_opl,2023-10-08 17:30:00+00:00,197.0,70.0,2023-10
846,port_core,2023-10-18 06:30:00+00:00,22.5,80.0,2023-10
847,port_core,2023-10-02 22:30:00+00:00,18.5,70.0,2023-10
849,port_core,2023-10-10 03:00:00+00:00,17.5,70.0,2023-10
850,port_core,2023-10-16 09:30:00+00:00,6.5,81.0,2023-10
850,western_opl,2023-10-16 12:30:00+00:00,1.5,81.0,2023-10
851,western_opl,2023-10-06 08:00:00+00:00,12.0,82.0,2023-10
851,western_opl,2023-10-08 17:30:00+00:00,27.5,82.0,2023-10
852,western_opl,2023-10-01 00:00:00+00:00,62.5,80.0,2023-10
852,western_opl,2023-10-05 10:00:00+00:00,11.5,80.0,2023-10
852,western_opl,2023-10-09 02:30:00+00:00,24.0,80.0,2023-10
855,port_core,2023-10-29 12:00:00+00:00,35.5,80.0,2023-10
856,port_core,2023-10-05 18:30:00+00:00,9.5,80.0,2023-10
856,western_opl,2023-10-01 17:30:00+00:00,5.0,80.0,2023-10
857,western_opl,2023-10-27 16:00:00+00:00,11.5,82.0,2023-10
858,eastern_opl,2023-10-19 16:30:00+00:00,11.5,82.0,2023-10
858,port_core,2023-10-13 23:30:00+00:00,10.5,82.0,2023-10
858,western_opl,2023-10-17 06:30:00+00:00,15.5,82.0,2023-10
859,port_core,2023-10-01 17:30:00+00:00,21.0,70.0,2023-10
860,port_core,2023-10-13 09:30:00+00:00,13.5,70.0,2023-10
864,port_core,2023-10-04 16:30:00+00:00,47.5,89.0,2023-10
864,port_core,2023-10-08 19:00:00+00:00,15.0,89.0,2023-10
865,eastern_opl,2023-10-02 17:00:00+00:00,76.5,87.0,2023-10
866,eastern_opl,2023-10-16 09:00:00+00:00,101.0,89.0,2023-10
866,port_core,2023-10-11 09:00:00+00:00,73.0,89.0,2023-10
866,port_core,2023-10-16 13:30:00+00:00,123.5,89.0,2023-10
867,port_core,2023-10-12 07:30:00+00:00,135.5,80.0,2023-10
868,eastern_opl,2023-10-28 10:00:00+00:00,6.0,80.0,2023-10
868,port_core,2023-10-21 10:30:00+00:00,11.5,80.0,2023-10
869,port_core,2023-10-12 07:30:00+00:00,14.5,80.0,2023-10
871,port_core,2023-10-11 08:30:00+00:00,39.0,70.0,2023-10
872,port_core,2023-10-01 00:00:00+00:00,8.0,70.0,2023-10
874,port_core,2023-10-18 22:30:00+00:00,26.0,74.0,2023-10
878,eastern_opl,2023-10-15 01:00:00+00:00,40.0,80.0,2023-10
880,port_core,2023-10-14 10:00:00+00:00,12.0,70.0,2023-10
884,port_core,2023-10-19 17:00:00+00:00,2.0,70.0,2023-10
885,eastern_opl,2023-10-29 05:30:00+00:00,19.5,80.0,2023-10
887,eastern_opl,2023-10-12 15:00:00+00:00,17.5,70.0,2023-10
888,western_opl,2023-10-06 06:30:00+00:00,13.5,80.0,2023-10
891,western_opl,2023-10-27 01:30:00+00:00,8.0,80.0,2023-10
893,port_core,2023-10-26 11:30:00+00:00,2.0,80.0,2023-10
893,port_core,2023-10-28 09:30:00+00:00,11.5,80.0,2023-10
893,western_opl,2023-10-01 00:00:00+00:00,137.5,80.0,2023-10
893,western_opl,2023-10-15 06:00:00+00:00,178.0,80.0,2023-10
894,eastern_opl,2023-10-16 09:00:00+00:00,23.0,70.0,2023-10
895,port_core,2023-10-25 16:00:00+00:00,22.0,70.0,2023-10
896,port_core,2023-10-16 09:00:00+00:00,28.0,70.0,2023-10
898,eastern_opl,2023-10-27 09:00:00+00:00,15.0,80.0,2023-10
899,port_core,2023-10-19 03:00:00+00:00,26.0,70.0,2023-10
900,port_core,2023-10-02 12:30:00+00:00,16.0,80.0,2023-10
900,port_core,2023-10-18 04:00:00+00:00,1.5,80.0,2023-10
900,western_opl,2023-10-01 00:00:00+00:00,50.5,80.0,2023-10
900,western_opl,2023-10-17 05:00:00+00:00,8.0,80.0,2023-10
900,western_opl,2023-10-19 01:30:00+00:00,3.5,80.0,2023-10
900,western_opl,2023-10-26 03:00:00+00:00,24.5,80.0,2023-10
900,western_opl,2023-10-30 08:00:00+00:00,15.0,80.0,2023-10
904,eastern_opl,2023-10-26 23:30:00+00:00,14.0,70.0,2023-10
906,port_core,2023-10-25 10:00:00+00:00,27.0,79.0,2023-10
908,port_core,2023-10-26 11:30:00+00:00,16.0,70.0,2023-10
910,port_core,2023-10-06 04:30:00+00:00,11.0,70.0,2023-10
911,eastern_opl,2023-10-03 09:00:00+00:00,8.5,70.0,2023-10
912,port_core,2023-10-05 10:00:00+00:00,2.5,82.0,2023-10
912,western_opl,2023-10-04 20:00:00+00:00,39.0,82.0,2023-10
913,eastern_opl,2023-10-15 05:00:00+00:00,123.0,80.0,2023-10
913,eastern_opl,2023-10-26 20:30:00+00:00,99.0,80.0,2023-10
913,western_opl,2023-10-20 14:30:00+00:00,27.0,80.0,2023-10
914,eastern_opl,2023-10-09 23:00:00+00:00,9.5,80.0,2023-10
914,eastern_opl,2023-10-13 04:00:00+00:00,100.0,80.0,2023-10
914,western_opl,2023-10-12 07:30:00+00:00,12.0,80.0,2023-10
915,port_core,2023-10-29 10:30:00+00:00,3.0,80.0,2023-10
917,western_opl,2023-10-29 07:30:00+00:00,40.5,80.0,2023-10
920,eastern_opl,2023-10-16 11:00:00+00:00,11.0,70.0,2023-10
923,port_core,2023-10-01 13:30:00+00:00,23.0,80.0,2023-10
928,western_opl,2023-10-18 15:30:00+00:00,10.0,84.0,2023-10
929,western_opl,2023-10-01 04:30:00+00:00,31.0,80.0,2023-10
930,port_core,2023-10-14 22:30:00+00:00,9.5,70.0,2023-10
936,port_core,2023-10-12 07:30:00+00:00,12.0,89.0,2023-10
936,port_core,2023-10-25 08:30:00+00:00,130.0,89.0,2023-10
939,port_core,2023-10-26 07:00:00+00:00,10.0,70.0,2023-10
940,port_core,2023-10-14 05:00:00+00:00,9.0,71.0,2023-10
942,port_core,2023-10-10 03:30:00+00:00,11.0,82.0,2023-10
944,port_core,2023-10-29 14:30:00+00:00,21.5,70.0,2023-10
953,port_core,2023-10-10 04:00:00+00:00,16.5,70.0,2023-10
954,eastern_opl,2023-10-17 14:00:00+00:00,17.0,80.0,2023-10
954,eastern_opl,2023-10-20 14:30:00+00:00,11.5,80.0,2023-10
954,port_core,2023-10-02 00:00:00+00:00,55.5,80.0,2023-10
954,port_core,2023-10-06 01:00:00+00:00,12.5,80.0,2023-10
958,port_core,2023-10-16 22:00:00+00:00,8.5,70.0,2023-10
959,port_core,2023-10-03 00:30:00+00:00,49.0,70.0,2023-10
960,western_opl,2023-10-05 01:00:00+00:00,7.5,80.0,2023-10
960,western_opl,2023-10-28 00:30:00+00:00,7.0,80.0,2023-10
961,port_core,2023-10-17 07:30:00+00:00,13.5,70.0,2023-10
965,port_core,2023-10-26 07:30:00+00:00,8.5,80.0,2023-10
966,port_core,2023-10-30 08:00:00+00:00,7.0,89.0,2023-10
966,western_opl,2023-10-11 16:00:00+00:00,78.0,89.0,2023-10
968,western_opl,2023-10-18 05:00:00+00:00,89.5,81.0,2023-10
969,western_opl,2023-10-30 08:00:00+00:00,16.0,80.0,2023-10
973,western_opl,2023-10-02 10:30:00+00:00,14.5,80.0,2023-10
975,eastern_opl,2023-10-03 10:30:00+00:00,15.0,70.0,2023-10
976,western_opl,2023-10-01 07:30:00+00:00,7.0,80.0,2023-10
977,port_core,2023-10-12 11:00:00+00:00,17.0,70.0,2023-10
978,port_core,2023-10-11 20:30:00+00:00,1.5,70.0,2023-10
979,port_core,2023-10-12 07:30:00+00:00,6.5,89.0,2023-10
984,eastern_opl,2023-10-18 12:00:00+00:00,12.0,80.0,2023-10
986,port_core,2023-10-02 11:30:00+00:00,11.0,70.0,2023-10
988,eastern_opl,2023-10-27 17:30:00+00:00,76.0,80.0,2023-10
988,port_core,2023-10-02 09:30:00+00:00,17.0,80.0,2023-10
988,western_opl,2023-10-25 08:30:00+00:00,23.0,80.0,2023-10
989,port_core,2023-10-21 02:00:00+00:00,9.5,70.0,2023-10
990,eastern_opl,2023-10-15 01:00:00+00:00,8.5,80.0,2023-10
993,port_core,2023-10-26 02:00:00+00:00,6.5,70.0,2023-10
993,western_opl,2023-10-27 05:30:00+00:00,37.0,70.0,2023-10
994,port_core,2023-10-12 07:30:00+00:00,120.0,70.0,2023-10
995,western_opl,2023-10-17 06:30:00+00:00,11.5,80.0,2023-10
996,port_core,2023-10-15 08:00:00+00:00,67.5,70.0,2023-10
1000,port_core,2023-10-18 10:00:00+00:00,9.0,80.0,2023-10
1000,western_opl,2023-10-18 19:30:00+00:00,5.0,80.0,2023-10
1001,eastern_opl,2023-10-27 09:00:00+00:00,19.0,70.0,2023-10
1002,eastern_opl,2023-10-16 09:30:00+00:00,0.0,70.0,2023-10
1002,port_core,2023-10-16 10:00:00+00:00,0.5,70.0,2023-10
1002,western_opl,2023-10-16 11:30:00+00:00,0.5,70.0,2023-10
1005,eastern_opl,2023-10-18 17:00:00+00:00,27.0,89.0,2023-10
1006,eastern_opl,2023-10-11 08:30:00+00:00,10.5,80.0,2023-10
1008,eastern_opl,2023-10-16 09:30:00+00:00,14.0,80.0,2023-10
1009,port_core,2023-10-13 09:30:00+00:00,48.0,80.0,2023-10
1011,port_core,2023-10-01 00:00:00+00:00,26.5,80.0,2023-10
1012,port_core,2023-10-17 08:00:00+00:00,7.5,70.0,2023-10
1013,western_opl,2023-10-01 00:00:00+00:00,55.5,80.0,2023-10
1014,port_core,2023-10-19 16:30:00+00:00,0.0,70.0,2023-10
1015,eastern_opl,2023-10-27 07:30:00+00:00,34.5,80.0,2023-10
1017,eastern_opl,2023-10-20 09:00:00+00:00,32.5,80.0,2023-10
1020,port_core,2023-10-08 23:00:00+00:00,18.0,70.0,2023-10
1021,port_core,2023-10-12 15:30:00+00:00,32.0,80.0,2023-10
1021,port_core,2023-10-18 02:00:00+00:00,13.5,80.0,2023-10
1021,western_opl,2023-10-03 02:00:00+00:00,48.5,80.0,2023-10
1021,western_opl,2023-10-06 12:00:00+00:00,8.0,80.0,2023-10
1023,port_core,2023-10-20 23:00:00+00:00,16.0,70.0,2023-10
1024,port_core,2023-10-30 08:00:00+00:00,3.5,70.0,2023-10
1025,western_opl,2023-10-17 23:30:00+00:00,7.5,80.0,2023-10
1026,western_opl,2023-10-02 10:00:00+00:00,12.5,82.0,2023-10
1026,western_opl,2023-10-30 08:00:00+00:00,8.5,82.0,2023-10
1028,eastern_opl,2023-10-21 05:30:00+00:00,16.5,80.0,2023-10
1028,western_opl,2023-10-08 17:30:00+00:00,160.0,80.0,2023-10
1029,western_opl,2023-10-02 17:00:00+00:00,99.0,82.0,2023-10
1032,port_core,2023-10-25 18:00:00+00:00,6.0,70.0,2023-10
1033,eastern_opl,2023-10-28 23:30:00+00:00,10.0,80.0,2023-10
1036,port_core,2023-10-16 23:30:00+00:00,7.5,70.0,2023-10
1037,eastern_opl,2023-10-16 09:30:00+00:00,4.5,80.0,2023-10
1037,eastern_opl,2023-10-29 02:30:00+00:00,44.0,80.0,2023-10
1038,port_core,2023-10-02 04:00:00+00:00,24.5,89.0,2023-10
1038,port_core,2023-10-30 08:00:00+00:00,2.5,89.0,2023-10
1039,port_core,2023-10-02 03:00:00+00:00,21.0,80.0,2023-10
1040,port_core,2023-10-29 14:30:00+00:00,4.5,80.0,2023-10
1040,western_opl,2023-10-29 06:30:00+00:00,4.5,80.0,2023-10
1041,port_core,2023-10-22 16:00:00+00:00,0.0,80.0,2023-10
1044,port_core,2023-10-04 04:30:00+00:00,63.5,79.0,2023-10
1044,port_core,2023-10-08 17:30:00+00:00,94.0,79.0,2023-10
1045,eastern_opl,2023-10-25 08:30:00+00:00,70.5,80.0,2023-10
1047,port_core,2023-10-10 02:00:00+00:00,62.5,80.0,2023-10
1047,western_opl,2023-10-17 16:30:00+00:00,13.0,80.0,2023-10
1049,eastern_opl,2023-10-29 05:30:00+00:00,18.5,80.0,2023-10
1050,port_core,2023-10-06 10:00:00+00:00,5.5,80.0,2023-10
1050,port_core,2023-10-09 10:30:00+00:00,12.5,80.0,2023-10
1050,port_core,2023-10-13 00:30:00+00:00,15.5,80.0,2023-10
1052,eastern_opl,2023-10-08 18:00:00+00:00,29.5,80.0,2023-10
1053,eastern_opl,2023-10-30 00:00:00+00:00,24.0,82.0,2023-10
1053,port_core,2023-10-13 09:30:00+00:00,8.0,83.0,2023-10
1053,western_opl,2023-10-13 12:30:00+00:00,0.0,83.0,2023-10
1054,eastern_opl,2023-10-14 00:00:00+00:00,2.5,80.0,2023-10
1054,western_opl,2023-10-15 00:00:00+00:00,9.5,80.0,2023-10
1055,eastern_opl,2023-10-03 04:30:00+00:00,8.0,70.0,2023-10
1056,eastern_opl,2023-10-05 08:00:00+00:00,27.0,89.0,2023-10
1058,eastern_opl,2023-10-13 23:00:00+00:00,8.0,70.0,2023-10
1059,eastern_opl,2023-10-30 08:00:00+00:00,10.5,70.0,2023-10
1060,eastern_opl,2023-10-26 15:30:00+00:00,9.0,80.0,2023-10
1063,eastern_opl,2023-10-21 13:30:00+00:00,0.5,80.0,2023-10
1063,port_core,2023-10-20 16:00:00+00:00,15.5,80.0,2023-10
1063,western_opl,2023-10-21 04:30:00+00:00,0.0,80.0,2023-10
1064,port_core,2023-10-20 05:00:00+00:00,6.5,70.0,2023-10
1066,port_core,2023-10-16 10:00:00+00:00,4.5,80.0,2023-10
1067,western_opl,2023-10-17 19:30:00+00:00,10.0,80.0,2023-10
1068,port_core,2023-10-21 05:00:00+00:00,17.0,80.0,2023-10
1068,port_core,2023-10-25 08:30:00+00:00,31.0,80.0,2023-10
1068,western_opl,2023-10-14 01:30:00+00:00,20.5,80.0,2023-10
1071,eastern_opl,2023-10-02 02:00:00+00:00,114.0,70.0,2023-10
1071,eastern_opl,2023-10-08 17:30:00+00:00,199.5,70.0,2023-10
1072,eastern_opl,2023-10-04 07:00:00+00:00,6.5,70.0,2023-10
1073,eastern_opl,2023-10-27 23:30:00+00:00,11.0,70.0,2023-10
1074,port_core,2023-10-17 07:30:00+00:00,7.5,80.0,2023-10
1074,western_opl,2023-10-17 15:30:00+00:00,2.0,80.0,2023-10
1075,port_core,2023-10-13 15:30:00+00:00,16.5,70.0,2023-10
1076,port_core,2023-10-17 09:30:00+00:00,103.0,89.0,2023-10
1076,western_opl,2023-10-22 16:00:00+00:00,0.0,89.0,2023-10
1076,western_opl,2023-10-28 03:00:00+00:00,37.5,89.0,2023-10
1077,port_core,2023-10-29 06:00:00+00:00,16.0,80.0,2023-10
1078,eastern_opl,2023-10-02 18:30:00+00:00,97.5,80.0,2023-10
1078,port_core,2023-10-01 11:30:00+00:00,26.0,80.0,2023-10
1079,port_core,2023-10-14 13:00:00+00:00,8.0,70.0,2023-10
1081,port_core,2023-10-25 08:30:00+00:00,14.0,80.0,2023-10
1082,port_core,2023-10-17 04:00:00+00:00,17.5,70.0,2023-10
1087,eastern_opl,2023-10-04 18:30:00+00:00,23.0,80.0,2023-10
1088,eastern_opl,2023-10-16 22:00:00+00:00,0.0,80.0,2023-10
1088,eastern_opl,2023-10-20 05:30:00+00:00,35.5,80.0,2023-10
1088,western_opl,2023-10-25 08:30:00+00:00,126.0,80.0,2023-10
1090,port_core,2023-10-18 19:30:00+00:00,6.5,70.0,2023-10
1093,port_core,2023-10-25 09:00:00+00:00,20.5,70.0,2023-10
1096,port_core,2023-10-14 04:30:00+00:00,13.5,70.0,2023-10
1097,port_core,2023-10-29 15:30:00+00:00,32.5,80.0,2023-10
1101,port_core,2023-10-17 01:00:00+00:00,14.0,70.0,2023-10
1102,port_core,2023-10-02 05:30:00+00:00,11.0,80.0,2023-10
1107,port_core,2023-10-17 19:30:00+00:00,9.0,79.0,2023-10
1107,western_opl,2023-10-18 06:00:00+00:00,1.0,79.0,2023-10
1110,port_core,2023-10-20 11:00:00+00:00,16.5,80.0,2023-10
1112,port_core,2023-10-13 12:00:00+00:00,16.0,70.0,2023-10
1114,port_core,2023-10-08 18:30:00+00:00,1.0,89.0,2023-10
1116,port_core,2023-10-27 01:30:00+00:00,24.0,70.0,2023-10
1117,port_core,2023-10-14 18:30:00+00:00,94.0,80.0,2023-10
1117,western_opl,2023-10-08 17:30:00+00:00,121.0,80.0,2023-10
1118,port_core,2023-10-02 03:00:00+00:00,11.0,87.0,2023-10
1121,port_core,2023-10-04 12:00:00+00:00,0.5,82.0,2023-10
1121,port_core,2023-10-05 21:00:00+00:00,16.5,82.0,2023-10
1121,port_core,2023-10-13 19:00:00+00:00,67.0,89.0,2023-10
1122,port_core,2023-10-01 00:00:00+00:00,6.5,70.0,2023-10
1123,port_core,2023-10-25 08:30:00+00:00,75.5,80.0,2023-10
1129,port_core,2023-10-18 14:00:00+00:00,4.0,89.0,2023-10
1131,eastern_opl,2023-10-01 00:00:00+00:00,99.5,81.0,2023-10
1132,eastern_opl,2023-10-16 09:00:00+00:00,41.5,80.0,2023-10
1133,western_opl,2023-10-21 08:00:00+00:00,14.5,84.0,2023-10
1137,port_core,2023-10-04 15:00:00+00:00,7.5,70.0,2023-10
1138,eastern_opl,2023-10-05 22:30:00+00:00,8.5,80.0,2023-10
1138,western_opl,2023-10-25 22:30:00+00:00,9.0,80.0,2023-10
1139,port_core,2023-10-02 09:30:00+00:00,106.5,80.0,2023-10
1139,port_core,2023-10-14 15:00:00+00:00,134.5,80.0,2023-10
1140,western_opl,2023-10-13 03:30:00+00:00,124.5,89.0,2023-10
1143,port_core,2023-10-26 08:30:00+00:00,12.0,70.0,2023-10
1143,western_opl,2023-10-26 21:30:00+00:00,0.5,70.0,2023-10
1144,port_core,2023-10-20 03:00:00+00:00,8.5,70.0,2023-10
1145,port_core,2023-10-01 00:00:00+00:00,64.0,80.0,2023-10
1146,eastern_opl,2023-10-09 18:00:00+00:00,0.0,70.0,2023-10
1146,port_core,2023-10-09 18:30:00+00:00,45.5,70.0,2023-10
1147,western_opl,2023-10-30 08:30:00+00:00,13.0,82.0,2023-10
1148,port_core,2023-10-17 12:00:00+00:00,10.0,70.0,2023-10
1149,port_core,2023-10-04 06:00:00+00:00,11.5,80.0,2023-10
1150,port_core,2023-10-18 01:30:00+00:00,64.0,70.0,2023-10
1150,western_opl,2023-10-20 18:30:00+00:00,1.0,70.0,2023-10
1151,port_core,2023-10-30 08:00:00+00:00,15.5,89.0,2023-10
1152,port_core,2023-10-21 02:30:00+00:00,19.5,70.0,2023-10
1152,port_core,2023-10-25 08:30:00+00:00,38.0,70.0,2023-10
1154,port_core,2023-10-20 03:00:00+00:00,43.5,80.0,2023-10
1154,port_core,2023-10-25 08:30:00+00:00,135.0,80.0,2023-10
1155,port_core,2023-10-17 01:30:00+00:00,11.5,70.0,2023-10
1156,eastern_opl,2023-10-08 23:00:00+00:00,13.0,79.0,2023-10
1160,eastern_opl,2023-10-15 08:30:00+00:00,0.5,70.0,2023-10
1160,port_core,2023-10-14 15:30:00+00:00,16.5,70.0,2023-10
1161,port_core,2023-10-16 09:00:00+00:00,5.0,70.0,2023-10
1167,port_core,2023-10-02 12:00:00+00:00,12.0,70.0,2023-10
1171,port_core,2023-10-14 03:30:00+00:00,9.5,70.0,2023-10
1172,port_core,2023-10-08 18:00:00+00:00,69.0,70.0,2023-10
1173,eastern_opl,2023-10-12 07:30:00+00:00,8.5,89.0,2023-10
1174,port_core,2023-10-19 16:30:00+00:00,17.5,70.0,2023-10
1179,port_core,2023-10-14 00:30:00+00:00,3.0,84.0,2023-10
1179,western_opl,2023-10-12 11:00:00+00:00,14.0,84.0,2023-10
1179,western_opl,2023-10-19 16:30:00+00:00,10.5,84.0,2023-10
1180,port_core,2023-10-09 16:30:00+00:00,6.0,70.0,2023-10
1181,western_opl,2023-10-01 00:00:00+00:00,11.0,81.0,2023-10
1181,western_opl,2023-10-05 16:30:00+00:00,14.0,81.0,2023-10
1182,port_core,2023-10-01 20:00:00+00:00,11.5,80.0,2023-10
1182,western_opl,2023-10-02 09:00:00+00:00,0.5,80.0,2023-10
1184,western_opl,2023-10-21 00:30:00+00:00,18.0,80.0,2023-10
1186,port_core,2023-10-11 09:00:00+00:00,4.0,70.0,2023-10
1187,port_core,2023-10-26 08:00:00+00:00,6.5,70.0,2023-10
1188,port_core,2023-10-26 17:30:00+00:00,25.5,79.0,2023-10
1189,port_core,2023-10-08 18:30:00+00:00,6.0,80.0,2023-10
1190,eastern_opl,2023-10-18 21:00:00+00:00,1.5,80.0,2023-10
1190,eastern_opl,2023-10-20 06:00:00+00:00,33.5,80.0,2023-10
1190,eastern_opl,2023-10-26 07:30:00+00:00,0.0,80.0,2023-10
1190,eastern_opl,2023-10-27 11:30:00+00:00,0.0,80.0,2023-10
1190,port_core,2023-10-27 12:30:00+00:00,83.5,80.0,2023-10
1191,eastern_opl,2023-10-05 06:30:00+00:00,18.5,80.0,2023-10
1192,port_core,2023-10-20 18:30:00+00:00,6.5,70.0,2023-10
1195,port_core,2023-10-28 08:00:00+00:00,13.0,70.0,2023-10
1196,port_core,2023-10-17 01:30:00+00:00,29.5,70.0,2023-10
1197,eastern_opl,2023-10-11 18:00:00+00:00,0.0,70.0,2023-10
1197,port_core,2023-10-11 22:00:00+00:00,0.0,70.0,2023-10
1198,port_core,2023-10-19 19:30:00+00:00,20.0,79.0,2023-10
1203,port_core,2023-10-10 06:30:00+00:00,6.0,70.0,2023-10
1203,port_core,2023-10-29 07:00:00+00:00,13.5,70.0,2023-10
1204,port_core,2023-10-28 09:00:00+00:00,40.0,80.0,2023-10
1212,eastern_opl,2023-10-14 18:00:00+00:00,4.0,70.0,2023-10
1212,port_core,2023-10-14 11:00:00+00:00,6.5,70.0,2023-10
1214,eastern_opl,2023-10-18 18:30:00+00:00,8.5,70.0,2023-10
1215,port_core,2023-10-14 15:00:00+00:00,90.5,70.0,2023-10
1216,eastern_opl,2023-10-11 11:00:00+00:00,25.5,81.0,2023-10
1216,western_opl,2023-10-10 15:30:00+00:00,5.0,81.0,2023-10
1217,port_core,2023-10-25 08:30:00+00:00,135.0,89.0,2023-10
1221,port_core,2023-10-30 08:00:00+00:00,13.5,80.0,2023-10
1221,western_opl,2023-10-16 10:30:00+00:00,149.5,80.0,2023-10
1227,eastern_opl,2023-10-27 17:00:00+00:00,11.0,70.0,2023-10
1228,port_core,2023-10-13 16:30:00+00:00,14.0,70.0,2023-10
1232,port_core,2023-10-21 02:30:00+00:00,9.0,70.0,2023-10
1233,port_core,2023-10-26 22:00:00+00:00,98.0,70.0,2023-10
1236,eastern_opl,2023-10-17 21:00:00+00:00,46.0,80.0,2023-10
1236,port_core,2023-10-14 15:00:00+00:00,45.0,80.0,2023-10
1237,western_opl,2023-10-19 17:30:00+00:00,53.0,84.0,2023-10
1237,western_opl,2023-10-25 08:30:00+00:00,76.5,84.0,2023-10
1238,port_core,2023-10-25 10:30:00+00:00,21.0,70.0,2023-10
1240,eastern_opl,2023-10-26 19:30:00+00:00,14.5,75.0,2023-10
1244,western_opl,2023-10-12 10:30:00+00:00,4.0,82.0,2023-10
1245,western_opl,2023-10-18 03:30:00+00:00,11.0,80.0,2023-10
1246,port_core,2023-10-13 00:30:00+00:00,14.0,77.0,2023-10
1247,port_core,2023-10-17 20:00:00+00:00,93.0,89.0,2023-10
1251,eastern_opl,2023-10-13 13:30:00+00:00,12.5,70.0,2023-10
1253,port_core,2023-10-05 17:00:00+00:00,27.0,80.0,2023-10
1253,port_core,2023-10-08 17:30:00+00:00,71.0,80.0,2023-10
1257,port_core,2023-10-18 08:00:00+00:00,68.0,75.0,2023-10
1259,eastern_opl,2023-10-25 15:00:00+00:00,79.5,70.0,2023-10
1260,port_core,2023-10-05 16:00:00+00:00,14.0,70.0,2023-10
1262,eastern_opl,2023-10-06 11:30:00+00:00,7.5,70.0,2023-10
1262,eastern_opl,2023-10-08 20:00:00+00:00,48.5,70.0,2023-10
1265,port_core,2023-10-05 19:30:00+00:00,10.5,70.0,2023-10
1268,eastern_opl,2023-10-09 08:30:00+00:00,62.0,80.0,2023-10
1268,port_core,2023-10-13 12:30:00+00:00,45.0,80.0,2023-10
1269,eastern_opl,2023-10-04 04:30:00+00:00,7.0,70.0,2023-10
1271,port_core,2023-10-17 08:00:00+00:00,6.5,70.0,2023-10
1272,eastern_opl,2023-10-30 08:00:00+00:00,15.5,80.0,2023-10
1272,western_opl,2023-10-09 09:30:00+00:00,14.5,80.0,2023-10
1272,western_opl,2023-10-12 11:00:00+00:00,37.5,80.0,2023-10
1272,western_opl,2023-10-29 22:30:00+00:00,2.5,80.0,2023-10
1275,eastern_opl,2023-10-12 12:30:00+00:00,0.5,70.0,2023-10
1276,port_core,2023-10-03 01:30:00+00:00,17.0,79.0,2023-10
1278,eastern_opl,2023-10-11 09:00:00+00:00,9.5,70.0,2023-10
1280,port_core,2023-10-16 11:30:00+00:00,10.0,70.0,2023-10
1281,eastern_opl,2023-10-14 03:00:00+00:00,17.0,80.0,2023-10
1283,port_core,2023-10-13 02:30:00+00:00,8.0,70.0,2023-10
1284,port_core,2023-10-18 14:00:00+00:00,5.5,70.0,2023-10
1287,port_core,2023-10-01 00:00:00+00:00,15.0,70.0,2023-10
1291,port_core,2023-10-20 00:00:00+00:00,13.0,70.0,2023-10
1292,port_core,2023-10-10 11:00:00+00:00,9.5,80.0,2023-10
1293,port_core,2023-10-21 03:00:00+00:00,11.0,70.0,2023-10
1294,eastern_opl,2023-10-29 02:00:00+00:00,1.0,70.0,2023-10
1294,port_core,2023-10-06 06:30:00+00:00,13.5,70.0,2023-10
1294,port_core,2023-10-08 17:30:00+00:00,317.0,70.0,2023-10
1294,port_core,2023-10-25 08:30:00+00:00,89.0,70.0,2023-10
1295,port_core,2023-10-20 03:30:00+00:00,2.0,80.0,2023-10
1295,western_opl,2023-10-19 18:30:00+00:00,8.5,80.0,2023-10
1296,port_core,2023-10-06 01:30:00+00:00,18.5,80.0,2023-10
1296,port_core,2023-10-14 20:30:00+00:00,9.5,80.0,2023-10
1296,western_opl,2023-10-12 15:30:00+00:00,16.0,80.0,2023-10
1296,western_opl,2023-10-14 19:00:00+00:00,9.5,80.0,2023-10
1296,western_opl,2023-10-27 01:30:00+00:00,14.0,80.0,2023-10
1297,western_opl,2023-10-29 05:00:00+00:00,4.0,82.0,2023-10
1298,port_core,2023-10-18 23:00:00+00:00,6.0,70.0,2023-10
1299,port_core,2023-10-20 11:00:00+00:00,18.5,70.0,2023-10
1300,port_core,2023-10-30 19:30:00+00:00,4.5,70.0,2023-10
1304,port_core,2023-10-13 15:30:00+00:00,7.5,70.0,2023-10
1305,eastern_opl,2023-10-28 09:00:00+00:00,14.0,80.0,2023-10
1306,western_opl,2023-10-02 04:00:00+00:00,1.5,73.0,2023-10
1307,port_core,2023-10-01 08:30:00+00:00,7.5,70.0,2023-10
1309,port_core,2023-10-06 03:30:00+00:00,16.5,70.0,2023-10
1316,port_core,2023-10-12 11:00:00+00:00,7.5,70.0,2023-10
1317,western_opl,2023-10-25 08:30:00+00:00,31.0,82.0,2023-10
1317,western_opl,2023-10-27 21:30:00+00:00,74.5,82.0,2023-10
1318,port_core,2023-10-14 04:00:00+00:00,27.5,84.0,2023-10
1318,western_opl,2023-10-08 22:30:00+00:00,23.5,84.0,2023-10
1318,western_opl,2023-10-17 03:00:00+00:00,34.5,84.0,2023-10
1319,eastern_opl,2023-10-01 16:00:00+00:00,15.5,70.0,2023-10
1322,port_core,2023-10-19 18:00:00+00:00,11.5,70.0,2023-10
1323,port_core,2023-10-16 09:00:00+00:00,17.5,70.0,2023-10
1326,western_opl,2023-10-01 02:00:00+00:00,6.0,82.0,2023-10
1327,eastern_opl,2023-10-02 08:30:00+00:00,13.0,70.0,2023-10
1327,eastern_opl,2023-10-30 08:00:00+00:00,15.5,70.0,2023-10
1330,port_core,2023-10-20 16:30:00+00:00,25.0,80.0,2023-10
1330,port_core,2023-10-25 08:30:00+00:00,135.0,80.0,2023-10
1331,eastern_opl,2023-10-12 11:00:00+00:00,34.0,70.0,2023-10
1334,port_core,2023-10-14 00:30:00+00:00,5.5,70.0,2023-10
1337,port_core,2023-10-14 19:00:00+00:00,3.5,80.0,2023-10
1337,western_opl,2023-10-12 12:00:00+00:00,14.0,80.0,2023-10
1337,western_opl,2023-10-14 18:30:00+00:00,15.0,80.0,2023-10
1337,western_opl,2023-10-26 08:00:00+00:00,41.5,80.0,2023-10
1338,eastern_opl,2023-10-10 08:00:00+00:00,157.5,80.0,2023-10
1338,port_core,2023-10-09 18:00:00+00:00,9.5,80.0,2023-10
1340,eastern_opl,2023-10-01 00:00:00+00:00,6.0,80.0,2023-10
1342,port_core,2023-10-01 03:30:00+00:00,9.5,70.0,2023-10
1344,port_core,2023-10-05 18:00:00+00:00,26.0,80.0,2023-10
1344,port_core,2023-10-17 16:30:00+00:00,13.0,80.0,2023-10
1344,port_core,2023-10-25 21:30:00+00:00,0.0,80.0,2023-10
1344,port_core,2023-10-27 16:30:00+00:00,43.0,80.0,2023-10
1344,western_opl,2023-10-25 08:30:00+00:00,29.5,80.0,2023-10
1344,western_opl,2023-10-27 22:00:00+00:00,44.0,80.0,2023-10
1345,port_core,2023-10-01 00:00:00+00:00,18.5,89.0,2023-10
1346,port_core,2023-10-02 11:00:00+00:00,8.5,80.0,2023-10
1347,eastern_opl,2023-10-14 23:30:00+00:00,10.0,80.0,2023-10
1349,eastern_opl,2023-10-19 17:00:00+00:00,12.0,82.0,2023-10
1349,western_opl,2023-10-18 05:30:00+00:00,16.5,82.0,2023-10
1350,port_core,2023-10-03 08:00:00+00:00,11.0,70.0,2023-10
1352,eastern_opl,2023-10-29 07:00:00+00:00,16.0,70.0,2023-10
1352,port_core,2023-10-01 00:00:00+00:00,9.0,70.0,2023-10
1356,eastern_opl,2023-10-20 05:30:00+00:00,22.5,70.0,2023-10
1357,eastern_opl,2023-10-01 00:00:00+00:00,1.0,80.0,2023-10
1358,port_core,2023-10-05 05:00:00+00:00,39.0,70.0,2023-10
1358,port_core,2023-10-08 17:30:00+00:00,51.0,70.0,2023-10
1360,eastern_opl,2023-10-08 17:30:00+00:00,35.5,70.0,2023-10
1361,port_core,2023-10-08 17:30:00+00:00,29.0,70.0,2023-10
1362,port_core,2023-10-10 01:30:00+00:00,5.5,70.0,2023-10
1365,port_core,2023-10-25 09:30:00+00:00,28.5,70.0,2023-10
1366,port_core,2023-10-01 00:00:00+00:00,5.0,70.0,2023-10
1367,western_opl,2023-10-19 00:00:00+00:00,5.0,80.0,2023-10
1369,port_core,2023-10-21 22:00:00+00:00,0.5,70.0,2023-10
1375,port_core,2023-10-25 09:00:00+00:00,15.0,70.0,2023-10
1376,western_opl,2023-10-14 13:00:00+00:00,8.5,89.0,2023-10
1377,eastern_opl,2023-10-16 10:30:00+00:00,9.0,70.0,2023-10
1378,eastern_opl,2023-10-18 20:30:00+00:00,5.0,82.0,2023-10
1378,western_opl,2023-10-19 23:00:00+00:00,47.5,82.0,2023-10
1379,eastern_opl,2023-10-01 00:00:00+00:00,16.0,70.0,2023-10
1380,port_core,2023-10-18 11:30:00+00:00,14.0,70.0,2023-10
1383,port_core,2023-10-11 10:00:00+00:00,8.5,70.0,2023-10
1385,port_core,2023-10-12 23:30:00+00:00,9.5,70.0,2023-10
1386,western_opl,2023-10-01 00:00:00+00:00,36.5,82.0,2023-10
1388,port_core,2023-10-21 10:30:00+00:00,8.5,70.0,2023-10
1389,western_opl,2023-10-16 09:30:00+00:00,106.5,80.0,2023-10
1390,port_core,2023-10-03 10:30:00+00:00,8.0,79.0,2023-10
1391,eastern_opl,2023-10-15 04:30:00+00:00,5.0,70.0,2023-10
1392,port_core,2023-10-12 07:30:00+00:00,0.5,82.0,2023-10
1394,port_core,2023-10-08 18:30:00+00:00,13.5,70.0,2023-10
1395,port_core,2023-10-09 22:30:00+00:00,8.5,70.0,2023-10
1395,western_opl,2023-10-10 08:00:00+00:00,1.0,70.0,2023-10
1397,port_core,2023-10-06 18:00:00+00:00,2.0,82.0,2023-10
1397,port_core,2023-10-08 17:30:00+00:00,51.0,82.0,2023-10
1397,western_opl,2023-10-12 07:30:00+00:00,30.0,82.0,2023-10
1398,eastern_opl,2023-10-29 04:30:00+00:00,20.0,79.0,2023-10
1398,port_core,2023-10-29 00:30:00+00:00,13.5,79.0,2023-10
1399,eastern_opl,2023-10-21 09:00:00+00:00,13.5,80.0,2023-10
1402,eastern_opl,2023-10-04 07:00:00+00:00,9.0,70.0,2023-10
1403,port_core,2023-10-13 14:00:00+00:00,10.5,70.0,2023-10
1404,port_core,2023-10-25 19:30:00+00:00,9.5,70.0,2023-10
1405,eastern_opl,2023-10-29 18:30:00+00:00,6.5,70.0,2023-10
1408,eastern_opl,2023-10-08 18:00:00+00:00,14.0,80.0,2023-10
1408,western_opl,2023-10-11 08:30:00+00:00,8.0,80.0,2023-10
1409,port_core,2023-10-18 23:00:00+00:00,6.0,70.0,2023-10
1412,port_core,2023-10-01 00:00:00+00:00,13.0,70.0,2023-10
1413,port_core,2023-10-09 16:30:00+00:00,21.0,80.0,2023-10
1413,western_opl,2023-10-01 22:30:00+00:00,16.5,80.0,2023-10
1413,western_opl,2023-10-04 03:00:00+00:00,65.0,80.0,2023-10
1414,port_core,2023-10-08 18:00:00+00:00,43.5,80.0,2023-10
1417,port_core,2023-10-09 10:30:00+00:00,12.0,70.0,2023-10
1418,port_core,2023-10-03 05:30:00+00:00,7.0,70.0,2023-10
1419,port_core,2023-10-09 20:30:00+00:00,10.5,70.0,2023-10
1420,port_core,2023-10-28 11:30:00+00:00,8.5,70.0,2023-10
1421,eastern_opl,2023-10-04 23:00:00+00:00,11.0,70.0,2023-10
1422,western_opl,2023-10-03 11:30:00+00:00,10.5,80.0,2023-10
1423,eastern_opl,2023-10-17 04:30:00+00:00,12.0,70.0,2023-10
1425,western_opl,2023-10-12 15:30:00+00:00,23.5,80.0,2023-10
1426,port_core,2023-10-09 12:00:00+00:00,103.5,70.0,2023-10
1427,port_core,2023-10-27 02:30:00+00:00,93.5,80.0,2023-10
1428,port_core,2023-10-29 15:30:00+00:00,4.0,70.0,2023-10
1430,eastern_opl,2023-10-26 09:00:00+00:00,59.5,80.0,2023-10
1430,western_opl,2023-10-13 17:00:00+00:00,187.5,80.0,2023-10
1432,port_core,2023-10-16 10:00:00+00:00,7.5,70.0,2023-10
1433,eastern_opl,2023-10-16 09:00:00+00:00,1.5,80.0,2023-10
1435,port_core,2023-10-14 06:30:00+00:00,19.0,70.0,2023-10
1438,port_core,2023-10-05 06:00:00+00:00,1.5,79.0,2023-10
1439,port_core,2023-10-25 09:00:00+00:00,1.5,70.0,2023-10
1440,port_core,2023-10-15 09:00:00+00:00,0.5,70.0,2023-10
1441,port_core,2023-10-05 18:00:00+00:00,9.5,70.0,2023-10
1442,port_core,2023-10-28 10:00:00+00:00,11.0,70.0,2023-10
1443,port_core,2023-10-26 03:00:00+00:00,11.5,80.0,2023-10
1443,western_opl,2023-10-27 23:30:00+00:00,2.0,80.0,2023-10
1443,western_opl,2023-10-29 12:00:00+00:00,3.0,80.0,2023-10
1446,port_core,2023-10-06 17:30:00+00:00,2.5,70.0,2023-10
1447,port_core,2023-10-27 12:30:00+00:00,9.5,70.0,2023-10
1451,port_core,2023-10-28 17:30:00+00:00,13.0,89.0,2023-10
1452,port_core,2023-10-03 17:00:00+00:00,8.0,70.0,2023-10
1455,port_core,2023-10-13 23:00:00+00:00,14.5,70.0,2023-10
1460,port_core,2023-10-05 17:00:00+00:00,17.5,80.0,2023-10
1460,western_opl,2023-10-25 16:00:00+00:00,20.5,80.0,2023-10
1461,port_core,2023-10-16 09:00:00+00:00,5.5,70.0,2023-10
1466,eastern_opl,2023-10-01 00:00:00+00:00,46.5,80.0,2023-10
1467,port_core,2023-10-05 01:30:00+00:00,15.0,70.0,2023-10
1470,western_opl,2023-10-31 00:00:00+00:00,0.0,80.0,2023-10
1471,port_core,2023-10-04 05:30:00+00:00,7.5,70.0,2023-10
1472,port_core,2023-10-12 18:00:00+00:00,8.0,70.0,2023-10
1473,port_core,2023-10-14 06:30:00+00:00,99.5,80.0,2023-10
1475,western_opl,2023-10-09 00:00:00+00:00,60.5,82.0,2023-10
1476,western_opl,2023-10-12 11:00:00+00:00,7.0,89.0,2023-10
1479,port_core,2023-10-01 20:30:00+00:00,9.5,70.0,2023-10
1480,port_core,2023-10-20 00:00:00+00:00,8.5,70.0,2023-10
1485,eastern_opl,2023-10-06 16:30:00+00:00,3.5,81.0,2023-10
1494,port_core,2023-10-22 16:00:00+00:00,0.0,70.0,2023-10
1495,port_core,2023-10-05 08:30:00+00:00,14.0,70.0,2023-10
1497,port_core,2023-10-25 09:00:00+00:00,134.5,82.0,2023-10
1497,western_opl,2023-10-19 19:30:00+00:00,50.5,82.0,2023-10
1498,port_core,2023-10-04 14:30:00+00:00,10.5,70.0,2023-10
1500,port_core,2023-10-13 12:30:00+00:00,10.0,70.0,2023-10
1503,port_core,2023-10-19 16:30:00+00:00,0.5,70.0,2023-10
1506,eastern_opl,2023-10-25 09:00:00+00:00,21.5,89.0,2023-10
1507,port_core,2023-10-05 10:00:00+00:00,11.0,70.0,2023-10
1508,eastern_opl,2023-10-04 07:30:00+00:00,4.0,80.0,2023-10
1508,eastern_opl,2023-10-18 11:00:00+00:00,12.0,80.0,2023-10
1508,western_opl,2023-10-19 23:00:00+00:00,33.0,80.0,2023-10
1509,port_core,2023-10-27 17:30:00+00:00,7.5,70.0,2023-10
1510,port_core,2023-10-01 08:30:00+00:00,87.5,70.0,2023-10
1510,port_core,2023-10-08 17:30:00+00:00,16.0,70.0,2023-10
1512,port_core,2023-10-05 10:30:00+00:00,7.5,70.0,2023-10
1515,port_core,2023-10-01 00:00:00+00:00,89.5,80.0,2023-10
1516,western_opl,2023-10-25 12:30:00+00:00,12.0,89.0,2023-10
1518,eastern_opl,2023-10-09 02:00:00+00:00,9.5,70.0,2023-10
1519,port_core,2023-10-25 08:30:00+00:00,22.0,71.0,2023-10
1523,western_opl,2023-10-04 19:00:00+00:00,7.5,80.0,2023-10
1525,eastern_opl,2023-10-18 05:00:00+00:00,8.5,70.0,2023-10
1525,port_core,2023-10-18 00:30:00+00:00,14.0,70.0,2023-10
1526,port_core,2023-10-21 02:00:00+00:00,11.0,70.0,2023-10
1527,port_core,2023-10-02 01:00:00+00:00,9.5,74.0,2023-10
1528,port_core,2023-10-10 15:30:00+00:00,21.5,70.0,2023-10
1529,port_core,2023-10-27 07:30:00+00:00,4.5,80.0,2023-10
1529,western_opl,2023-10-04 10:00:00+00:00,8.5,80.0,2023-10
1529,western_opl,2023-10-09 03:30:00+00:00,58.0,80.0,2023-10
1530,eastern_opl,2023-10-02 03:00:00+00:00,10.5,70.0,2023-10
1531,port_core,2023-10-03 05:30:00+00:00,77.5,80.0,2023-10
1534,eastern_opl,2023-10-13 07:00:00+00:00,15.5,70.0,2023-10
1535,western_opl,2023-10-05 22:00:00+00:00,2.0,80.0,2023-10
1535,western_opl,2023-10-13 02:00:00+00:00,8.0,80.0,2023-10
1535,western_opl,2023-10-26 09:30:00+00:00,29.5,80.0,2023-10
1536,port_core,2023-10-30 00:00:00+00:00,19.0,71.0,2023-10
1537,port_core,2023-10-09 02:00:00+00:00,42.5,81.0,2023-10
1538,port_core,2023-10-10 02:00:00+00:00,12.5,70.0,2023-10
1540,eastern_opl,2023-10-05 00:30:00+00:00,43.5,70.0,2023-10
1543,western_opl,2023-10-25 09:00:00+00:00,4.5,80.0,2023-10
1544,eastern_opl,2023-10-29 18:00:00+00:00,29.0,80.0,2023-10
1544,port_core,2023-10-05 04:30:00+00:00,39.5,80.0,2023-10
1544,port_core,2023-10-19 17:30:00+00:00,14.5,80.0,2023-10
1547,port_core,2023-10-27 04:30:00+00:00,10.0,70.0,2023-10
1549,port_core,2023-10-14 19:00:00+00:00,12.0,70.0,2023-10
1552,eastern_opl,2023-10-06 00:30:00+00:00,19.0,80.0,2023-10
1554,port_core,2023-10-14 10:30:00+00:00,5.0,70.0,2023-10
1556,western_opl,2023-10-06 07:30:00+00:00,9.0,80.0,2023-10
1557,eastern_opl,2023-10-19 23:00:00+00:00,13.0,70.0,2023-10
1558,port_core,2023-10-08 18:30:00+00:00,3.5,70.0,2023-10
1559,eastern_opl,2023-10-09 22:00:00+00:00,9.0,80.0,2023-10
1559,eastern_opl,2023-10-20 11:30:00+00:00,17.0,80.0,2023-10
1559,port_core,2023-10-04 05:00:00+00:00,8.5,80.0,2023-10
1561,port_core,2023-10-26 09:30:00+00:00,10.0,70.0,2023-10
1562,eastern_opl,2023-10-17 15:00:00+00:00,20.0,70.0,2023-10
1569,port_core,2023-10-01 04:00:00+00:00,13.5,71.0,2023-10
1570,port_core,2023-10-30 08:00:00+00:00,7.5,70.0,2023-10
1571,western_opl,2023-10-16 11:30:00+00:00,10.0,80.0,2023-10
1573,eastern_opl,2023-10-08 17:30:00+00:00,65.5,80.0,2023-10
1577,western_opl,2023-10-13 15:30:00+00:00,7.0,80.0,2023-10
1579,port_core,2023-10-04 21:00:00+00:00,7.5,81.0,2023-10
1581,port_core,2023-10-06 08:30:00+00:00,11.5,70.0,2023-10
1582,port_core,2023-10-14 02:30:00+00:00,8.5,70.0,2023-10
1585,port_core,2023-10-30 16:30:00+00:00,7.5,74.0,2023-10
1586,port_core,2023-10-05 07:30:00+00:00,10.5,70.0,2023-10
1587,port_core,2023-10-13 17:30:00+00:00,14.5,70.0,2023-10
1589,western_opl,2023-10-14 02:30:00+00:00,27.5,84.0,2023-10
1591,port_core,2023-10-01 01:00:00+00:00,8.0,70.0,2023-10
1592,eastern_opl,2023-10-29 03:00:00+00:00,17.0,80.0,2023-10
1593,port_core,2023-10-12 07:30:00+00:00,21.0,70.0,2023-10
1594,western_opl,2023-10-04 10:00:00+00:00,13.5,89.0,2023-10
1595,eastern_opl,2023-10-27 15:30:00+00:00,22.5,70.0,2023-10
1598,port_core,2023-10-21 16:00:00+00:00,6.5,70.0,2023-10
1599,port_core,2023-10-11 08:30:00+00:00,14.0,80.0,2023-10
1600,port_core,2023-10-30 08:00:00+00:00,15.5,80.0,2023-10
1601,port_core,2023-10-28 08:30:00+00:00,10.0,79.0,2023-10
1602,port_core,2023-10-15 07:30:00+00:00,2.0,70.0,2023-10
1607,eastern_opl,2023-10-12 11:00:00+00:00,10.5,70.0,2023-10
1609,eastern_opl,2023-10-11 09:00:00+00:00,1.0,79.0,2023-10
1610,eastern_opl,2023-10-03 13:30:00+00:00,3.5,70.0,2023-10
1611,port_core,2023-10-06 01:30:00+00:00,4.5,80.0,2023-10
1611,western_opl,2023-10-05 06:30:00+00:00,18.5,80.0,2023-10
1613,port_core,2023-10-20 18:30:00+00:00,11.0,84.0,2023-10
1613,western_opl,2023-10-20 22:30:00+00:00,6.5,84.0,2023-10
1614,western_opl,2023-10-16 20:00:00+00:00,10.5,80.0,2023-10
1615,western_opl,2023-10-30 08:30:00+00:00,2.0,80.0,2023-10
1616,port_core,2023-10-02 14:30:00+00:00,10.0,80.0,2023-10
1617,port_core,2023-10-13 16:00:00+00:00,10.0,70.0,2023-10
1618,port_core,2023-10-02 17:00:00+00:00,4.5,80.0,2023-10
1618,western_opl,2023-10-28 07:00:00+00:00,31.5,80.0,2023-10
1618,western_opl,2023-10-30 17:00:00+00:00,7.0,80.0,2023-10
1621,port_core,2023-10-26 04:00:00+00:00,61.5,70.0,2023-10
1624,port_core,2023-10-10 04:30:00+00:00,8.5,70.0,2023-10
1629,eastern_opl,2023-10-05 23:00:00+00:00,10.0,70.0,2023-10
1631,port_core,2023-10-18 03:30:00+00:00,11.5,70.0,2023-10
1632,port_core,2023-10-30 08:00:00+00:00,7.5,82.0,2023-10
1633,eastern_opl,2023-10-27 07:30:00+00:00,14.5,70.0,2023-10
1633,port_core,2023-10-27 08:00:00+00:00,15.5,70.0,2023-10
1634,port_core,2023-10-05 02:00:00+00:00,42.0,70.0,2023-10
1634,port_core,2023-10-08 17:30:00+00:00,77.0,70.0,2023-10
1636,port_core,2023-10-21 05:30:00+00:00,6.0,89.0,2023-10
1639,port_core,2023-10-16 21:00:00+00:00,3.5,80.0,2023-10
1639,port_core,2023-10-19 16:30:00+00:00,53.5,80.0,2023-10
1640,eastern_opl,2023-10-06 04:00:00+00:00,16.0,80.0,2023-10
1642,eastern_opl,2023-10-16 09:00:00+00:00,103.5,89.0,2023-10
1643,port_core,2023-10-11 08:30:00+00:00,5.0,70.0,2023-10
1644,port_core,2023-10-21 04:30:00+00:00,11.0,70.0,2023-10
1646,port_core,2023-10-30 08:00:00+00:00,16.0,70.0,2023-10
1648,western_opl,2023-10-13 13:30:00+00:00,44.0,84.0,2023-10
1649,port_core,2023-10-10 05:00:00+00:00,4.5,70.0,2023-10
1650,eastern_opl,2023-10-19 22:00:00+00:00,7.5,80.0,2023-10
1650,port_core,2023-10-30 08:00:00+00:00,15.0,80.0,2023-10
1650,western_opl,2023-10-29 02:30:00+00:00,12.5,80.0,2023-10
1654,eastern_opl,2023-10-01 00:00:00+00:00,95.0,70.0,2023-10
1655,western_opl,2023-10-18 20:00:00+00:00,74.5,80.0,2023-10
1657,port_core,2023-10-14 16:30:00+00:00,2.5,70.0,2023-10
1659,eastern_opl,2023-10-02 14:00:00+00:00,2.0,72.0,2023-10
1661,port_core,2023-10-04 06:30:00+00:00,61.5,80.0,2023-10
1661,port_core,2023-10-12 07:30:00+00:00,110.0,80.0,2023-10
1661,western_opl,2023-10-04 19:00:00+00:00,32.5,80.0,2023-10
1661,western_opl,2023-10-08 17:30:00+00:00,51.0,80.0,2023-10
1662,port_core,2023-10-16 18:30:00+00:00,21.0,80.0,2023-10
1664,port_core,2023-10-19 05:00:00+00:00,0.0,80.0,2023-10
1664,western_opl,2023-10-05 15:30:00+00:00,28.5,80.0,2023-10
1664,western_opl,2023-10-08 17:30:00+00:00,233.0,80.0,2023-10
1665,port_core,2023-10-05 14:30:00+00:00,10.5,70.0,2023-10
1666,western_opl,2023-10-02 06:00:00+00:00,19.5,80.0,2023-10
1667,western_opl,2023-10-01 00:00:00+00:00,140.0,82.0,2023-10
1667,western_opl,2023-10-08 17:30:00+00:00,250.0,82.0,2023-10
1667,western_opl,2023-10-22 16:00:00+00:00,0.0,82.0,2023-10
1668,western_opl,2023-10-10 01:30:00+00:00,6.0,80.0,2023-10
1668,western_opl,2023-10-12 07:30:00+00:00,0.5,80.0,2023-10
1669,eastern_opl,2023-10-17 06:30:00+00:00,20.0,70.0,2023-10
1670,eastern_opl,2023-10-16 21:00:00+00:00,1.5,80.0,2023-10
1670,port_core,2023-10-16 09:00:00+00:00,11.5,80.0,2023-10
1670,port_core,2023-10-22 16:00:00+00:00,0.0,80.0,2023-10
1671,port_core,2023-10-13 01:30:00+00:00,12.0,70.0,2023-10
1672,eastern_opl,2023-10-04 03:00:00+00:00,0.0,80.0,2023-10
1672,port_core,2023-10-03 13:00:00+00:00,13.5,80.0,2023-10
1672,western_opl,2023-10-03 10:00:00+00:00,15.0,80.0,2023-10
1675,port_core,2023-10-04 20:00:00+00:00,10.5,70.0,2023-10
1676,eastern_opl,2023-10-01 00:00:00+00:00,140.0,80.0,2023-10
1676,western_opl,2023-10-27 17:30:00+00:00,11.0,80.0,2023-10
1678,port_core,2023-10-17 02:30:00+00:00,65.0,80.0,2023-10
1679,port_core,2023-10-09 09:00:00+00:00,18.5,79.0,2023-10
1680,port_core,2023-10-16 11:00:00+00:00,23.0,70.0,2023-10
1681,port_core,2023-10-26 23:30:00+00:00,8.0,70.0,2023-10
1682,port_core,2023-10-02 18:00:00+00:00,98.0,70.0,2023-10
1683,eastern_opl,2023-10-25 09:00:00+00:00,17.5,83.0,2023-10
1684,port_core,2023-10-30 10:00:00+00:00,14.0,80.0,2023-10
1685,western_opl,2023-10-03 11:30:00+00:00,10.5,82.0,2023-10
1688,port_core,2023-10-04 22:00:00+00:00,29.5,70.0,2023-10
1689,port_core,2023-10-15 04:30:00+00:00,5.0,70.0,2023-10
1691,port_core,2023-10-16 09:00:00+00:00,4.0,70.0,2023-10
1692,eastern_opl,2023-10-28 16:00:00+00:00,45.5,80.0,2023-10
1693,port_core,2023-10-01 00:00:00+00:00,18.0,80.0,2023-10
1693,port_core,2023-10-03 18:00:00+00:00,5.5,80.0,2023-10
1697,port_core,2023-10-08 17:30:00+00:00,20.0,70.0,2023-10
1699,port_core,2023-10-04 19:00:00+00:00,11.5,70.0,2023-10
1700,port_core,2023-10-01 00:00:00+00:00,7.0,70.0,2023-10
1701,port_core,2023-10-01 08:30:00+00:00,16.0,70.0,2023-10
1704,port_core,2023-10-02 05:00:00+00:00,58.5,80.0,2023-10
1704,port_core,2023-10-09 04:30:00+00:00,11.5,80.0,2023-10
1706,western_opl,2023-10-01 15:30:00+00:00,30.0,80.0,2023-10
1708,western_opl,2023-10-29 01:30:00+00:00,23.5,89.0,2023-10
1710,port_core,2023-10-05 05:00:00+00:00,8.5,70.0,2023-10
1711,port_core,2023-10-09 09:30:00+00:00,55.0,70.0,2023-10
1712,western_opl,2023-10-04 02:00:00+00:00,19.5,80.0,2023-10
1714,port_core,2023-10-02 16:30:00+00:00,9.0,82.0,2023-10
1715,port_core,2023-10-29 21:00:00+00:00,15.5,70.0,2023-10
1716,western_opl,2023-10-05 17:00:00+00:00,4.0,80.0,2023-10
1716,western_opl,2023-10-08 17:30:00+00:00,71.0,80.0,2023-10
1717,port_core,2023-10-01 03:00:00+00:00,137.0,80.0,2023-10
1717,port_core,2023-10-08 17:30:00+00:00,51.0,80.0,2023-10
1719,port_core,2023-10-12 17:00:00+00:00,4.5,82.0,2023-10
1720,eastern_opl,2023-10-03 12:00:00+00:00,0.5,89.0,2023-10
1721,port_core,2023-10-14 01:30:00+00:00,12.0,82.0,2023-10
1722,port_core,2023-10-13 00:00:00+00:00,4.0,87.0,2023-10
1723,eastern_opl,2023-10-21 10:30:00+00:00,12.0,70.0,2023-10
1723,port_core,2023-10-02 22:30:00+00:00,12.5,70.0,2023-10
1725,western_opl,2023-10-13 15:30:00+00:00,168.5,84.0,2023-10
1726,eastern_opl,2023-10-10 20:00:00+00:00,12.5,70.0,2023-10
1727,western_opl,2023-10-25 12:30:00+00:00,7.0,71.0,2023-10
1729,port_core,2023-10-14 07:00:00+00:00,8.0,70.0,2023-10
1735,eastern_opl,2023-10-28 17:30:00+00:00,29.0,70.0,2023-10
1736,port_core,2023-10-05 04:00:00+00:00,3.5,79.0,2023-10
1736,port_core,2023-10-08 17:30:00+00:00,160.0,79.0,2023-10
1737,port_core,2023-10-01 10:00:00+00:00,8.5,70.0,2023-10
1740,eastern_opl,2023-10-20 07:30:00+00:00,34.5,70.0,2023-10
1741,western_opl,2023-10-29 06:30:00+00:00,18.5,84.0,2023-10
1743,eastern_opl,2023-10-29 06:30:00+00:00,2.5,70.0,2023-10
1744,eastern_opl,2023-10-30 12:00:00+00:00,12.0,70.0,2023-10
1746,eastern_opl,2023-10-05 06:30:00+00:00,7.0,82.0,2023-10
1746,western_opl,2023-10-14 09:00:00+00:00,12.5,82.0,2023-10
1748,port_core,2023-10-08 17:30:00+00:00,11.5,70.0,2023-10
1749,port_core,2023-10-11 10:00:00+00:00,11.5,70.0,2023-10
1750,port_core,2023-10-14 05:30:00+00:00,25.5,70.0,2023-10
1753,port_core,2023-10-09 20:30:00+00:00,6.0,70.0,2023-10
1755,western_opl,2023-10-15 03:30:00+00:00,6.0,80.0,2023-10
1758,port_core,2023-10-14 12:30:00+00:00,45.0,70.0,2023-10
1762,port_core,2023-10-25 17:00:00+00:00,40.5,80.0,2023-10
1763,western_opl,2023-10-10 10:30:00+00:00,10.0,89.0,2023-10
1763,western_opl,2023-10-12 07:30:00+00:00,18.5,89.0,2023-10
1763,western_opl,2023-10-22 16:00:00+00:00,0.0,89.0,2023-10
1763,western_opl,2023-10-25 08:30:00+00:00,48.5,89.0,2023-10
1765,port_core,2023-10-02 05:30:00+00:00,11.0,89.0,2023-10
1767,port_core,2023-10-20 01:30:00+00:00,7.5,70.0,2023-10
1769,eastern_opl,2023-10-30 11:30:00+00:00,12.0,70.0,2023-10
1770,port_core,2023-10-06 09:00:00+00:00,11.0,70.0,2023-10
1771,port_core,2023-10-11 09:00:00+00:00,13.5,70.0,2023-10
1774,port_core,2023-10-19 16:30:00+00:00,5.5,70.0,2023-10
1776,port_core,2023-10-10 00:00:00+00:00,6.0,70.0,2023-10
1777,western_opl,2023-10-27 01:00:00+00:00,16.0,80.0,2023-10
1781,port_core,2023-10-22 16:00:00+00:00,0.0,70.0,2023-10
1783,western_opl,2023-10-18 16:30:00+00:00,5.0,82.0,2023-10
1783,western_opl,2023-10-26 09:00:00+00:00,35.5,82.0,2023-10
1784,port_core,2023-10-08 17:30:00+00:00,5.0,82.0,2023-10
1784,port_core,2023-10-10 07:30:00+00:00,6.5,89.0,2023-10
1784,western_opl,2023-10-10 08:00:00+00:00,12.5,89.0,2023-10
1784,western_opl,2023-10-19 23:00:00+00:00,17.0,84.0,2023-10
1790,western_opl,2023-10-27 02:30:00+00:00,10.5,80.0,2023-10
1793,western_opl,2023-10-26 03:30:00+00:00,13.0,81.0,2023-10
1796,port_core,2023-10-27 22:30:00+00:00,10.0,70.0,2023-10
1798,port_core,2023-10-03 15:00:00+00:00,8.0,70.0,2023-10
1798,port_core,2023-10-19 04:00:00+00:00,13.0,70.0,2023-10
1799,eastern_opl,2023-10-19 16:30:00+00:00,10.0,70.0,2023-10
1800,port_core,2023-10-03 11:00:00+00:00,24.0,70.0,2023-10
1801,western_opl,2023-10-05 16:30:00+00:00,27.5,80.0,2023-10
1801,western_opl,2023-10-08 17:30:00+00:00,7.0,80.0,2023-10
1804,western_opl,2023-10-17 10:00:00+00:00,66.0,80.0,2023-10
1805,eastern_opl,2023-10-29 05:00:00+00:00,18.0,80.0,2023-10
1806,port_core,2023-10-19 00:30:00+00:00,49.5,70.0,2023-10
1809,port_core,2023-10-12 10:30:00+00:00,35.0,88.0,2023-10
1810,port_core,2023-10-01 02:00:00+00:00,12.0,79.0,2023-10
1815,eastern_opl,2023-10-14 08:30:00+00:00,13.5,70.0,2023-10
1817,port_core,2023-10-21 22:00:00+00:00,0.5,80.0,2023-10
1817,western_opl,2023-10-25 08:30:00+00:00,67.5,80.0,2023-10
1818,port_core,2023-10-05 11:00:00+00:00,2.0,70.0,2023-10
1818,port_core,2023-10-25 09:00:00+00:00,8.5,70.0,2023-10
1821,port_core,2023-10-14 11:00:00+00:00,19.0,70.0,2023-10
1824,eastern_opl,2023-10-16 23:00:00+00:00,10.5,70.0,2023-10
1826,eastern_opl,2023-10-30 11:00:00+00:00,12.5,80.0,2023-10
1828,port_core,2023-10-22 16:00:00+00:00,0.0,79.0,2023-10
1831,port_core,2023-10-14 20:30:00+00:00,1.0,80.0,2023-10
1832,port_core,2023-10-25 08:30:00+00:00,22.5,71.0,2023-10
1833,eastern_opl,2023-10-14 16:30:00+00:00,191.5,80.0,2023-10
1833,eastern_opl,2023-10-25 08:30:00+00:00,94.5,80.0,2023-10
1837,eastern_opl,2023-10-13 11:30:00+00:00,14.0,70.0,2023-10
1838,eastern_opl,2023-10-08 18:00:00+00:00,6.5,70.0,2023-10
1839,eastern_opl,2023-10-11 19:00:00+00:00,3.5,70.0,2023-10
1843,port_core,2023-10-27 12:00:00+00:00,12.0,70.0,2023-10
1844,port_core,2023-10-12 13:30:00+00:00,18.5,70.0,2023-10
1846,port_core,2023-10-26 07:00:00+00:00,8.0,89.0,2023-10
1848,port_core,2023-10-18 18:30:00+00:00,9.5,70.0,2023-10
1850,eastern_opl,2023-10-15 03:00:00+00:00,6.5,70.0,2023-10
1851,port_core,2023-10-20 09:00:00+00:00,21.0,70.0,2023-10
1853,port_core,2023-10-01 00:00:00+00:00,75.5,70.0,2023-10
1853,port_core,2023-10-20 11:00:00+00:00,23.0,70.0,2023-10
1853,port_core,2023-10-27 02:00:00+00:00,5.5,70.0,2023-10
1855,port_core,2023-10-25 08:30:00+00:00,5.5,80.0,2023-10
1857,port_core,2023-10-01 00:00:00+00:00,79.5,79.0,2023-10
1857,port_core,2023-10-08 17:30:00+00:00,33.0,79.0,2023-10
1858,port_core,2023-10-08 17:30:00+00:00,11.5,80.0,2023-10
1859,port_core,2023-10-08 17:30:00+00:00,23.5,80.0,2023-10
1860,port_core,2023-10-14 13:00:00+00:00,8.5,79.0,2023-10
1861,eastern_opl,2023-10-06 04:00:00+00:00,11.5,70.0,2023-10
1863,port_core,2023-10-09 00:30:00+00:00,8.5,70.0,2023-10
1866,western_opl,2023-10-14 03:30:00+00:00,12.5,84.0,2023-10
1867,port_core,2023-10-17 14:30:00+00:00,9.5,70.0,2023-10
1869,eastern_opl,2023-10-01 00:00:00+00:00,3.5,70.0,2023-10
1871,port_core,2023-10-08 18:30:00+00:00,10.5,70.0,2023-10
1872,port_core,2023-10-16 10:00:00+00:00,8.0,70.0,2023-10
1873,port_core,2023-10-01 12:00:00+00:00,6.5,70.0,2023-10
1875,port_core,2023-10-11 08:30:00+00:00,42.0,70.0,2023-10
1878,port_core,2023-10-08 19:00:00+00:00,10.5,70.0,2023-10
1879,port_core,2023-10-21 01:00:00+00:00,21.5,80.0,2023-10
1880,eastern_opl,2023-10-22 16:00:00+00:00,0.0,70.0,2023-10
1880,eastern_opl,2023-10-25 08:30:00+00:00,48.0,70.0,2023-10
1883,western_opl,2023-10-28 23:00:00+00:00,7.5,80.0,2023-10
1884,port_core,2023-10-18 17:00:00+00:00,11.0,70.0,2023-10
1885,eastern_opl,2023-10-25 10:00:00+00:00,22.0,70.0,2023-10
1888,eastern_opl,2023-10-13 07:00:00+00:00,13.0,70.0,2023-10
1889,port_core,2023-10-03 17:00:00+00:00,17.5,70.0,2023-10
1889,western_opl,2023-10-04 12:00:00+00:00,0.0,70.0,2023-10
1891,port_core,2023-10-25 09:00:00+00:00,10.0,70.0,2023-10
1892,port_core,2023-10-01 00:00:00+00:00,75.0,70.0,2023-10
1893,western_opl,2023-10-11 10:30:00+00:00,84.0,80.0,2023-10
1895,port_core,2023-10-08 18:00:00+00:00,6.0,80.0,2023-10
1895,western_opl,2023-10-10 20:00:00+00:00,91.5,80.0,2023-10
1896,port_core,2023-10-06 02:00:00+00:00,6.0,70.0,2023-10
1897,eastern_opl,2023-10-20 07:00:00+00:00,12.5,70.0,2023-10
1898,eastern_opl,2023-10-19 16:30:00+00:00,17.0,70.0,2023-10
1899,eastern_opl,2023-10-08 18:30:00+00:00,14.5,70.0,2023-10
1900,port_core,2023-10-05 15:30:00+00:00,5.5,70.0,2023-10
1904,western_opl,2023-10-29 18:30:00+00:00,6.5,89.0,2023-10
1905,port_core,2023-10-14 13:30:00+00:00,20.0,82.0,2023-10
1905,port_core,2023-10-16 22:30:00+00:00,8.0,82.0,2023-10
1908,western_opl,2023-10-02 14:00:00+00:00,6.5,82.0,2023-10
1909,port_core,2023-10-30 12:00:00+00:00,7.0,70.0,2023-10
1911,port_core,2023-10-21 08:00:00+00:00,14.5,70.0,2023-10
1912,port_core,2023-10-03 08:00:00+00:00,9.0,89.0,2023-10
1913,western_opl,2023-10-25 08:30:00+00:00,127.0,89.0,2023-10
1914,port_core,2023-10-12 16:00:00+00:00,30.0,70.0,2023-10
1917,port_core,2023-10-14 16:30:00+00:00,9.5,79.0,2023-10
1919,port_core,2023-10-03 09:00:00+00:00,83.0,70.0,2023-10
1919,port_core,2023-10-08 17:30:00+00:00,51.0,70.0,2023-10
1922,eastern_opl,2023-10-25 09:30:00+00:00,133.5,82.0,2023-10
1923,port_core,2023-10-20 23:00:00+00:00,23.0,70.0,2023-10
1924,port_core,2023-10-04 03:30:00+00:00,7.5,84.0,2023-10
1924,western_opl,2023-10-04 06:30:00+00:00,0.0,84.0,2023-10
1925,western_opl,2023-10-26 02:30:00+00:00,15.5,80.0,2023-10
1927,eastern_opl,2023-10-28 10:30:00+00:00,21.0,70.0,2023-10
1928,eastern_opl,2023-10-17 19:00:00+00:00,13.5,80.0,2023-10
1929,eastern_opl,2023-10-28 07:30:00+00:00,11.0,70.0,2023-10
1935,western_opl,2023-10-02 07:00:00+00:00,18.0,80.0,2023-10
1937,eastern_opl,2023-10-19 00:30:00+00:00,3.5,70.0,2023-10
1939,port_core,2023-10-27 01:30:00+00:00,37.5,70.0,2023-10
1941,port_core,2023-10-28 15:00:00+00:00,14.5,70.0,2023-10
1942,western_opl,2023-10-26 04:30:00+00:00,9.5,89.0,2023-10
1943,port_core,2023-10-16 09:30:00+00:00,12.0,70.0,2023-10
1944,port_core,2023-10-18 13:00:00+00:00,10.0,70.0,2023-10
1945,eastern_opl,2023-10-03 04:00:00+00:00,13.0,70.0,2023-10
1946,port_core,2023-10-27 11:00:00+00:00,14.0,80.0,2023-10
1947,port_core,2023-10-01 08:30:00+00:00,29.0,70.0,2023-10
1950,western_opl,2023-10-02 22:30:00+00:00,12.0,83.0,2023-10
1952,port_core,2023-10-14 09:00:00+00:00,13.0,70.0,2023-10
1953,port_core,2023-10-02 07:30:00+00:00,103.0,80.0,2023-10
1954,port_core,2023-10-28 06:30:00+00:00,9.5,70.0,2023-10
1955,eastern_opl,2023-10-25 10:00:00+00:00,23.5,70.0,2023-10
1958,eastern_opl,2023-10-22 16:00:00+00:00,0.0,80.0,2023-10
1958,eastern_opl,2023-10-27 20:00:00+00:00,29.0,80.0,2023-10
1958,port_core,2023-10-08 17:30:00+00:00,6.5,80.0,2023-10
1958,western_opl,2023-10-15 00:30:00+00:00,100.5,80.0,2023-10
1958,western_opl,2023-10-29 19:00:00+00:00,13.0,80.0,2023-10
1960,port_core,2023-10-12 17:30:00+00:00,5.5,80.0,2023-10
1960,western_opl,2023-10-08 18:00:00+00:00,15.0,80.0,2023-10
1961,eastern_opl,2023-10-11 09:30:00+00:00,33.5,80.0,2023-10
1962,port_core,2023-10-01 00:00:00+00:00,140.0,71.0,2023-10
1963,port_core,2023-10-16 17:30:00+00:00,44.0,70.0,2023-10
1964,port_core,2023-10-14 04:00:00+00:00,13.0,80.0,2023-10
1967,port_core,2023-10-16 09:00:00+00:00,23.0,70.0,2023-10
1968,port_core,2023-10-01 00:00:00+00:00,65.5,70.0,2023-10
1968,port_core,2023-10-22 16:00:00+00:00,0.0,70.0,2023-10
1969,port_core,2023-10-17 15:00:00+00:00,17.0,70.0,2023-10
1970,western_opl,2023-10-04 08:30:00+00:00,29.0,89.0,2023-10
1971,eastern_opl,2023-10-01 00:00:00+00:00,39.5,80.0,2023-10
1971,port_core,2023-10-28 13:00:00+00:00,13.5,80.0,2023-10
1972,eastern_opl,2023-10-13 19:00:00+00:00,213.0,80.0,2023-10
1972,eastern_opl,2023-10-25 08:30:00+00:00,99.0,80.0,2023-10
1974,port_core,2023-10-12 11:00:00+00:00,12.0,82.0,2023-10
1975,port_core,2023-10-22 16:00:00+00:00,0.0,89.0,2023-10
1978,eastern_opl,2023-10-21 11:30:00+00:00,11.0,89.0,2023-10
1978,western_opl,2023-10-20 16:00:00+00:00,13.5,89.0,2023-10
1979,port_core,2023-10-21 14:00:00+00:00,8.5,80.0,2023-10
1980,eastern_opl,2023-10-17 15:30:00+00:00,11.0,80.0,2023-10
1983,port_core,2023-10-03 01:00:00+00:00,9.0,80.0,2023-10
1985,eastern_opl,2023-10-01 00:00:00+00:00,48.0,80.0,2023-10
1986,eastern_opl,2023-10-01 00:00:00+00:00,140.0,80.0,2023-10
1986,eastern_opl,2023-10-08 17:30:00+00:00,198.0,80.0,2023-10
1988,port_core,2023-10-01 00:00:00+00:00,31.5,89.0,2023-10
1988,western_opl,2023-10-05 01:30:00+00:00,15.0,89.0,2023-10
1990,western_opl,2023-10-05 18:30:00+00:00,11.5,82.0,2023-10
1992,port_core,2023-10-04 15:30:00+00:00,32.0,80.0,2023-10
1993,eastern_opl,2023-10-28 23:30:00+00:00,15.0,70.0,2023-10
1994,eastern_opl,2023-10-29 18:00:00+00:00,29.5,80.0,2023-10
1995,port_core,2023-10-16 15:30:00+00:00,12.0,70.0,2023-10
1996,port_core,2023-10-03 10:30:00+00:00,14.5,70.0,2023-10
1997,eastern_opl,2023-10-06 02:30:00+00:00,13.0,70.0,2023-10
1998,port_core,2023-10-28 02:00:00+00:00,23.0,70.0,2023-10
1999,port_core,2023-10-06 16:30:00+00:00,3.5,70.0,2023-10
2000,port_core,2023-10-10 07:30:00+00:00,7.5,70.0,2023-10
2002,eastern_opl,2023-10-01 08:30:00+00:00,4.0,70.0,2023-10
2002,port_core,2023-10-01 13:00:00+00:00,4.5,70.0,2023-10
2004,eastern_opl,2023-10-22 16:00:00+00:00,0.0,70.0,2023-10
2007,eastern_opl,2023-10-02 08:30:00+00:00,10.5,70.0,2023-10
2008,port_core,2023-10-10 15:30:00+00:00,5.0,79.0,2023-10
2011,port_core,2023-10-30 18:30:00+00:00,5.5,70.0,2023-10
2012,port_core,2023-10-29 07:00:00+00:00,14.5,70.0,2023-10
2013,port_core,2023-10-05 00:00:00+00:00,36.0,70.0,2023-10
2014,eastern_opl,2023-10-27 05:30:00+00:00,4.0,70.0,2023-10
2015,port_core,2023-10-17 12:30:00+00:00,40.5,80.0,2023-10
2017,port_core,2023-10-25 14:30:00+00:00,10.0,70.0,2023-10
2018,port_core,2023-10-28 18:30:00+00:00,9.0,70.0,2023-10
2019,port_core,2023-10-16 17:00:00+00:00,16.5,70.0,2023-10
2020,port_core,2023-10-09 11:00:00+00:00,33.5,70.0,2023-10
2024,port_core,2023-10-03 03:00:00+00:00,10.5,70.0,2023-10
2028,eastern_opl,2023-10-19 01:30:00+00:00,3.0,70.0,2023-10
2033,port_core,2023-10-30 15:30:00+00:00,8.0,70.0,2023-10
2034,port_core,2023-10-04 20:00:00+00:00,9.5,70.0,2023-10
2036,port_core,2023-10-05 03:00:00+00:00,15.5,70.0,2023-10
2037,port_core,2023-10-06 11:00:00+00:00,9.0,70.0,2023-10
2044,eastern_opl,2023-10-19 23:30:00+00:00,5.0,80.0,2023-10
2044,port_core,2023-10-26 23:00:00+00:00,7.0,80.0,2023-10
2044,western_opl,2023-10-01 00:00:00+00:00,98.5,80.0,2023-10
2044,western_opl,2023-10-27 06:30:00+00:00,1.0,80.0,2023-10
2044,western_opl,2023-10-28 08:30:00+00:00,0.5,80.0,2023-10
2046,eastern_opl,2023-10-18 10:00:00+00:00,19.0,80.0,2023-10
2051,port_core,2023-10-17 09:30:00+00:00,14.5,80.0,2023-10
2057,port_core,2023-10-28 07:00:00+00:00,1.5,80.0,2023-10
2058,port_core,2023-10-30 17:00:00+00:00,6.5,80.0,2023-10
2059,port_core,2023-10-01 11:00:00+00:00,7.5,71.0,2023-10
2061,port_core,2023-10-27 22:00:00+00:00,9.5,70.0,2023-10
2062,western_opl,2023-10-27 04:30:00+00:00,9.0,80.0,2023-10
2062,western_opl,2023-10-28 19:30:00+00:00,52.5,82.0,2023-10
2064,eastern_opl,2023-10-01 05:00:00+00:00,49.5,80.0,2023-10
2065,eastern_opl,2023-10-28 02:30:00+00:00,16.5,70.0,2023-10
2066,eastern_opl,2023-10-20 12:00:00+00:00,7.5,82.0,2023-10
2066,western_opl,2023-10-17 00:00:00+00:00,8.0,82.0,2023-10
2067,eastern_opl,2023-10-17 12:00:00+00:00,17.5,70.0,2023-10
2068,eastern_opl,2023-10-14 18:30:00+00:00,132.0,82.0,2023-10
2070,eastern_opl,2023-10-06 16:00:00+00:00,4.0,82.0,2023-10
2070,eastern_opl,2023-10-08 18:00:00+00:00,33.0,82.0,2023-10
2070,port_core,2023-10-01 05:00:00+00:00,19.5,82.0,2023-10
2070,western_opl,2023-10-25 08:30:00+00:00,49.5,82.0,2023-10
2071,western_opl,2023-10-01 00:00:00+00:00,55.5,82.0,2023-10
2071,western_opl,2023-10-20 10:00:00+00:00,54.0,82.0,2023-10
2071,western_opl,2023-10-25 08:30:00+00:00,7.0,82.0,2023-10
2072,eastern_opl,2023-10-26 19:00:00+00:00,13.0,82.0,2023-10
2072,eastern_opl,2023-10-29 01:00:00+00:00,6.0,82.0,2023-10
2072,eastern_opl,2023-10-30 09:00:00+00:00,12.5,82.0,2023-10
2072,western_opl,2023-10-08 17:30:00+00:00,47.0,80.0,2023-10
2073,port_core,2023-10-01 10:30:00+00:00,11.0,70.0,2023-10
2074,port_core,2023-10-19 02:30:00+00:00,68.0,80.0,2023-10
2074,western_opl,2023-10-08 17:30:00+00:00,248.5,80.0,2023-10
2075,port_core,2023-10-01 00:30:00+00:00,15.5,82.0,2023-10
2078,western_opl,2023-10-27 11:00:00+00:00,85.0,82.0,2023-10
2079,eastern_opl,2023-10-13 05:30:00+00:00,51.5,82.0,2023-10
2079,eastern_opl,2023-10-16 10:30:00+00:00,65.5,82.0,2023-10
2079,port_core,2023-10-05 23:30:00+00:00,20.5,82.0,2023-10
2079,port_core,2023-10-12 07:30:00+00:00,18.0,82.0,2023-10
2081,port_core,2023-10-02 04:00:00+00:00,9.0,70.0,2023-10
2083,port_core,2023-10-10 03:00:00+00:00,17.5,80.0,2023-10
2083,port_core,2023-10-12 07:30:00+00:00,16.5,80.0,2023-10
2084,western_opl,2023-10-01 00:00:00+00:00,63.5,80.0,2023-10
2085,eastern_opl,2023-10-01 00:00:00+00:00,6.5,81.0,2023-10
2085,western_opl,2023-10-04 15:00:00+00:00,21.5,81.0,2023-10
2087,port_core,2023-10-17 10:00:00+00:00,22.5,80.0,2023-10
2087,port_core,2023-10-19 23:00:00+00:00,5.5,80.0,2023-10
2088,port_core,2023-10-17 16:00:00+00:00,8.0,89.0,2023-10
2089,port_core,2023-10-17 19:30:00+00:00,6.5,82.0,2023-10
2089,port_core,2023-10-30 23:00:00+00:00,0.5,82.0,2023-10
2089,western_opl,2023-10-16 10:00:00+00:00,9.5,82.0,2023-10
2089,western_opl,2023-10-28 15:00:00+00:00,12.0,82.0,2023-10
2090,port_core,2023-10-05 00:00:00+00:00,32.0,82.0,2023-10
2090,western_opl,2023-10-15 03:00:00+00:00,6.5,82.0,2023-10
2091,port_core,2023-10-06 00:00:00+00:00,9.0,80.0,2023-10
2091,port_core,2023-10-08 17:30:00+00:00,94.0,80.0,2023-10
2096,port_core,2023-10-08 17:30:00+00:00,3.5,82.0,2023-10
2097,western_opl,2023-10-29 16:30:00+00:00,1.5,80.0,2023-10
2098,port_core,2023-10-20 23:30:00+00:00,11.0,70.0,2023-10
2099,western_opl,2023-10-13 15:00:00+00:00,0.0,84.0,2023-10
2100,port_core,2023-10-16 09:00:00+00:00,6.0,70.0,2023-10
2101,port_core,2023-10-01 17:00:00+00:00,15.5,83.0,2023-10
2102,port_core,2023-10-20 02:30:00+00:00,9.0,89.0,2023-10
2106,port_core,2023-10-12 18:30:00+00:00,13.5,70.0,2023-10
2108,port_core,2023-10-27 01:30:00+00:00,7.5,70.0,2023-10
2110,port_core,2023-10-14 00:00:00+00:00,0.5,80.0,2023-10
2110,port_core,2023-10-16 09:00:00+00:00,13.0,80.0,2023-10
2112,port_core,2023-10-17 06:30:00+00:00,112.0,80.0,2023-10
2113,port_core,2023-10-11 08:30:00+00:00,78.0,80.0,2023-10
2113,port_core,2023-10-28 18:00:00+00:00,54.0,80.0,2023-10
2114,port_core,2023-10-08 17:30:00+00:00,51.0,80.0,2023-10
2114,port_core,2023-10-19 16:30:00+00:00,11.5,80.0,2023-10
2118,port_core,2023-10-09 00:30:00+00:00,5.0,83.0,2023-10
2118,western_opl,2023-10-30 14:30:00+00:00,9.5,83.0,2023-10
2119,port_core,2023-10-04 15:00:00+00:00,14.5,80.0,2023-10
2120,port_core,2023-10-03 16:00:00+00:00,20.5,80.0,2023-10
2120,port_core,2023-10-30 09:00:00+00:00,15.0,80.0,2023-10
2120,western_opl,2023-10-08 17:30:00+00:00,31.5,80.0,2023-10
2121,eastern_opl,2023-10-01 05:00:00+00:00,97.0,80.0,2023-10
2125,port_core,2023-10-25 09:00:00+00:00,8.0,70.0,2023-10
2127,eastern_opl,2023-10-25 14:00:00+00:00,11.0,70.0,2023-10
2128,eastern_opl,2023-10-10 10:30:00+00:00,5.5,70.0,2023-10
2129,port_core,2023-10-14 17:30:00+00:00,8.5,70.0,2023-10
2130,eastern_opl,2023-10-25 19:30:00+00:00,13.0,70.0,2023-10
2131,port_core,2023-10-17 14:30:00+00:00,10.0,70.0,2023-10
2132,eastern_opl,2023-10-20 20:00:00+00:00,11.0,70.0,2023-10
2133,port_core,2023-10-05 18:30:00+00:00,7.5,70.0,2023-10
2134,eastern_opl,2023-10-25 08:30:00+00:00,9.5,80.0,2023-10
2135,port_core,2023-10-19 16:30:00+00:00,11.0,79.0,2023-10
2136,eastern_opl,2023-10-14 06:00:00+00:00,3.0,70.0,2023-10
2136,port_core,2023-10-14 01:00:00+00:00,4.5,70.0,2023-10
2137,port_core,2023-10-04 00:00:00+00:00,9.5,70.0,2023-10
2138,port_core,2023-10-01 06:00:00+00:00,19.0,70.0,2023-10
2139,eastern_opl,2023-10-29 10:00:00+00:00,24.0,70.0,2023-10
2140,port_core,2023-10-16 11:30:00+00:00,0.0,70.0,2023-10
2141,eastern_opl,2023-10-04 16:00:00+00:00,52.0,70.0,2023-10
2141,eastern_opl,2023-10-12 16:30:00+00:00,6.5,70.0,2023-10
2141,port_core,2023-10-28 03:00:00+00:00,18.5,70.0,2023-10
2143,eastern_opl,2023-10-25 08:30:00+00:00,17.0,80.0,2023-10
2144,port_core,2023-10-27 01:30:00+00:00,24.5,80.0,2023-10
2153,port_core,2023-10-14 13:30:00+00:00,108.0,80.0,2023-10
2156,eastern_opl,2023-10-01 01:30:00+00:00,19.0,70.0,2023-10
2157,port_core,2023-10-04 21:00:00+00:00,11.0,70.0,2023-10
2158,port_core,2023-10-18 18:30:00+00:00,7.5,70.0,2023-10
2160,eastern_opl,2023-10-13 07:30:00+00:00,20.5,80.0,2023-10
2161,port_core,2023-10-12 07:30:00+00:00,28.5,80.0,2023-10
2162,port_core,2023-10-01 13:30:00+00:00,22.0,80.0,2023-10
2165,port_core,2023-10-25 22:30:00+00:00,7.5,70.0,2023-10
2167,eastern_opl,2023-10-01 00:00:00+00:00,37.0,80.0,2023-10
2167,eastern_opl,2023-10-16 09:00:00+00:00,21.5,80.0,2023-10
2167,eastern_opl,2023-10-26 16:00:00+00:00,25.0,80.0,2023-10
2167,eastern_opl,2023-10-29 05:00:00+00:00,31.0,80.0,2023-10
2167,port_core,2023-10-04 11:30:00+00:00,18.0,80.0,2023-10
2167,port_core,2023-10-06 10:30:00+00:00,9.5,80.0,2023-10
2167,port_core,2023-10-08 17:30:00+00:00,32.0,80.0,2023-10
2167,port_core,2023-10-17 12:00:00+00:00,18.0,80.0,2023-10
2167,port_core,2023-10-19 16:30:00+00:00,48.0,80.0,2023-10
2168,eastern_opl,2023-10-26 20:00:00+00:00,21.5,70.0,2023-10
2168,port_core,2023-10-27 18:00:00+00:00,0.5,70.0,2023-10
2168,western_opl,2023-10-27 19:30:00+00:00,1.0,70.0,2023-10
2170,port_core,2023-10-12 07:30:00+00:00,9.0,70.0,2023-10
2171,port_core,2023-10-05 17:00:00+00:00,21.5,80.0,2023-10
2171,western_opl,2023-10-03 02:00:00+00:00,8.5,80.0,2023-10
2171,western_opl,2023-10-21 20:30:00+00:00,2.0,80.0,2023-10
2171,western_opl,2023-10-25 08:30:00+00:00,23.0,80.0,2023-10
2173,eastern_opl,2023-10-06 04:00:00+00:00,4.5,70.0,2023-10
2178,port_core,2023-10-10 10:30:00+00:00,4.5,70.0,2023-10
2179,port_core,2023-10-16 09:00:00+00:00,12.5,70.0,2023-10
2180,port_core,2023-10-19 23:30:00+00:00,22.0,80.0,2023-10
2181,western_opl,2023-10-01 00:00:00+00:00,8.0,80.0,2023-10
2183,port_core,2023-10-19 16:30:00+00:00,17.0,80.0,2023-10
2184,port_core,2023-10-09 08:00:00+00:00,28.0,80.0,2023-10
2184,port_core,2023-10-13 21:30:00+00:00,7.5,80.0,2023-10
2184,port_core,2023-10-16 09:00:00+00:00,44.5,80.0,2023-10
2187,port_core,2023-10-19 19:00:00+00:00,8.5,70.0,2023-10
2189,port_core,2023-10-29 04:00:00+00:00,6.5,70.0,2023-10
2190,port_core,2023-10-19 17:00:00+00:00,16.0,70.0,2023-10
2194,eastern_opl,2023-10-14 16:30:00+00:00,17.0,80.0,2023-10
2194,eastern_opl,2023-10-27 19:00:00+00:00,65.5,80.0,2023-10
2195,port_core,2023-10-02 00:00:00+00:00,90.0,80.0,2023-10
2195,port_core,2023-10-10 18:00:00+00:00,2.5,80.0,2023-10
2198,port_core,2023-10-26 03:00:00+00:00,2.0,80.0,2023-10
2202,eastern_opl,2023-10-30 11:00:00+00:00,11.0,74.0,2023-10
2204,eastern_opl,2023-10-04 07:00:00+00:00,5.0,70.0,2023-10
2206,western_opl,2023-10-04 08:30:00+00:00,59.5,82.0,2023-10
2206,western_opl,2023-10-08 17:30:00+00:00,46.0,82.0,2023-10
2206,western_opl,2023-10-16 09:30:00+00:00,15.0,83.0,2023-10
2211,port_core,2023-10-12 07:30:00+00:00,17.0,79.0,2023-10
2216,port_core,2023-10-01 00:00:00+00:00,139.5,80.0,2023-10
2216,port_core,2023-10-08 17:30:00+00:00,100.5,80.0,2023-10
2217,port_core,2023-10-18 10:30:00+00:00,11.0,70.0,2023-10
2218,port_core,2023-10-30 08:00:00+00:00,16.0,79.0,2023-10
2219,port_core,2023-10-25 08:30:00+00:00,45.5,81.0,2023-10
2219,western_opl,2023-10-16 09:30:00+00:00,1.5,81.0,2023-10
2220,port_core,2023-10-01 12:00:00+00:00,14.5,70.0,2023-10
2221,eastern_opl,2023-10-19 18:00:00+00:00,8.5,70.0,2023-10
2222,eastern_opl,2023-10-30 08:00:00+00:00,1.0,70.0,2023-10
2225,port_core,2023-10-01 00:00:00+00:00,3.5,80.0,2023-10
2225,port_core,2023-10-26 23:30:00+00:00,2.5,80.0,2023-10
2227,port_core,2023-10-06 03:00:00+00:00,7.0,70.0,2023-10
2228,port_core,2023-10-08 18:00:00+00:00,22.0,80.0,2023-10
2229,port_core,2023-10-27 07:30:00+00:00,88.5,80.0,2023-10
2231,port_core,2023-10-04 19:00:00+00:00,4.0,70.0,2023-10
2232,port_core,2023-10-14 11:30:00+00:00,13.5,80.0,2023-10
2233,port_core,2023-10-01 00:00:00+00:00,34.0,89.0,2023-10
2233,port_core,2023-10-18 08:00:00+00:00,86.0,89.0,2023-10
2239,port_core,2023-10-25 08:30:00+00:00,36.5,89.0,2023-10
2240,port_core,2023-10-14 15:30:00+00:00,18.0,80.0,2023-10
2276,port_core,2023-10-01 23:00:00+00:00,82.0,89.0,2023-10
2276,port_core,2023-10-08 20:00:00+00:00,43.5,89.0,2023-10
2276,port_core,2023-10-14 09:30:00+00:00,24.0,89.0,2023-10
2276,port_core,2023-10-16 11:30:00+00:00,45.0,89.0,2023-10
2276,port_core,2023-10-20 06:30:00+00:00,30.5,89.0,2023-10
2276,port_core,2023-10-26 07:30:00+00:00,99.0,89.0,2023-10
2277,port_core,2023-10-14 05:00:00+00:00,68.5,79.0,2023-10
2282,port_core,2023-10-16 09:00:00+00:00,6.5,70.0,2023-10
2286,port_core,2023-10-17 11:00:00+00:00,18.5,70.0,2023-10
2287,port_core,2023-10-08 17:30:00+00:00,2.0,70.0,2023-10
2288,port_core,2023-10-19 00:00:00+00:00,23.0,70.0,2023-10
2289,port_core,2023-10-09 09:30:00+00:00,9.5,70.0,2023-10
2291,port_core,2023-10-18 17:30:00+00:00,10.0,70.0,2023-10
2292,eastern_opl,2023-10-01 15:30:00+00:00,32.5,80.0,2023-10
2299,port_core,2023-10-03 02:00:00+00:00,7.5,70.0,2023-10
2307,port_core,2023-10-01 13:30:00+00:00,81.0,80.0,2023-10
2312,eastern_opl,2023-10-14 07:30:00+00:00,22.0,89.0,2023-10
2313,eastern_opl,2023-10-19 17:00:00+00:00,14.5,80.0,2023-10
2315,eastern_opl,2023-10-21 00:30:00+00:00,22.0,70.0,2023-10
2319,port_core,2023-10-02 03:00:00+00:00,11.0,89.0,2023-10
2322,eastern_opl,2023-10-18 18:30:00+00:00,10.5,80.0,2023-10
2323,port_core,2023-10-28 23:30:00+00:00,11.5,70.0,2023-10
2328,port_core,2023-10-29 15:30:00+00:00,6.5,70.0,2023-10
2330,port_core,2023-10-09 07:30:00+00:00,18.5,70.0,2023-10
2331,port_core,2023-10-16 09:00:00+00:00,3.0,70.0,2023-10
2333,port_core,2023-10-13 13:30:00+00:00,11.0,70.0,2023-10
2339,eastern_opl,2023-10-12 17:00:00+00:00,13.0,70.0,2023-10
2343,port_core,2023-10-10 10:30:00+00:00,7.0,70.0,2023-10
2344,western_opl,2023-10-18 11:00:00+00:00,10.5,82.0,2023-10
2346,eastern_opl,2023-10-09 08:00:00+00:00,116.5,84.0,2023-10
2346,western_opl,2023-10-05 00:00:00+00:00,37.5,84.0,2023-10
2347,western_opl,2023-10-01 00:00:00+00:00,140.0,84.0,2023-10
2347,western_opl,2023-10-08 17:30:00+00:00,112.0,84.0,2023-10
2351,port_core,2023-10-08 18:30:00+00:00,12.5,70.0,2023-10
2352,western_opl,2023-10-09 12:00:00+00:00,18.0,80.0,2023-10
2352,western_opl,2023-10-28 00:30:00+00:00,18.0,80.0,2023-10
2353,port_core,2023-10-11 12:00:00+00:00,10.5,80.0,2023-10
2353,port_core,2023-10-28 07:30:00+00:00,1.5,80.0,2023-10
2353,western_opl,2023-10-01 01:00:00+00:00,8.5,80.0,2023-10
2353,western_opl,2023-10-03 02:00:00+00:00,90.0,80.0,2023-10
2353,western_opl,2023-10-09 15:00:00+00:00,6.5,80.0,2023-10
2353,western_opl,2023-10-13 11:30:00+00:00,34.0,80.0,2023-10
2354,port_core,2023-10-05 09:00:00+00:00,13.5,82.0,2023-10
2355,port_core,2023-10-27 10:30:00+00:00,9.5,70.0,2023-10
2357,western_opl,2023-10-15 01:00:00+00:00,116.0,80.0,2023-10
2358,western_opl,2023-10-12 07:30:00+00:00,19.0,89.0,2023-10
2359,western_opl,2023-10-01 06:00:00+00:00,67.5,80.0,2023-10
2361,western_opl,2023-10-10 07:00:00+00:00,12.0,80.0,2023-10
2362,port_core,2023-10-27 15:00:00+00:00,9.5,70.0,2023-10
2364,western_opl,2023-10-20 21:00:00+00:00,25.5,89.0,2023-10
2366,eastern_opl,2023-10-17 18:00:00+00:00,14.5,79.0,2023-10
2367,eastern_opl,2023-10-08 18:00:00+00:00,76.5,80.0,2023-10
2368,eastern_opl,2023-10-01 04:00:00+00:00,28.5,82.0,2023-10
2368,port_core,2023-10-06 13:00:00+00:00,7.0,82.0,2023-10
2368,western_opl,2023-10-25 08:30:00+00:00,101.0,82.0,2023-10
2369,eastern_opl,2023-10-27 04:00:00+00:00,3.0,80.0,2023-10
2377,port_core,2023-10-21 17:30:00+00:00,5.0,89.0,2023-10
2379,eastern_opl,2023-10-19 16:30:00+00:00,23.0,80.0,2023-10
2379,port_core,2023-10-10 09:00:00+00:00,6.0,80.0,2023-10
2379,port_core,2023-10-19 02:30:00+00:00,2.5,80.0,2023-10
2384,eastern_opl,2023-10-21 05:00:00+00:00,17.5,70.0,2023-10
2386,port_core,2023-10-26 13:30:00+00:00,106.0,80.0,2023-10
2387,port_core,2023-10-19 19:00:00+00:00,10.5,70.0,2023-10
2388,port_core,2023-10-13 00:30:00+00:00,5.5,70.0,2023-10
2389,port_core,2023-10-28 19:30:00+00:00,7.0,70.0,2023-10
2391,eastern_opl,2023-10-29 03:30:00+00:00,31.0,83.0,2023-10
2392,port_core,2023-10-26 10:00:00+00:00,5.5,70.0,2023-10
2399,port_core,2023-10-13 02:30:00+00:00,0.5,80.0,2023-10
2399,western_opl,2023-10-01 00:00:00+00:00,140.0,80.0,2023-10
2399,western_opl,2023-10-08 17:30:00+00:00,103.0,80.0,2023-10
2401,western_opl,2023-10-04 08:30:00+00:00,59.5,80.0,2023-10
2403,port_core,2023-10-21 08:30:00+00:00,13.0,70.0,2023-10
2405,port_core,2023-10-28 21:00:00+00:00,28.0,89.0,2023-10
2415,eastern_opl,2023-10-21 16:30:00+00:00,5.5,80.0,2023-10
2415,port_core,2023-10-01 00:00:00+00:00,95.5,80.0,2023-10
2415,port_core,2023-10-06 19:30:00+00:00,0.5,80.0,2023-10
2415,port_core,2023-10-25 08:30:00+00:00,46.5,80.0,2023-10
2416,port_core,2023-10-16 09:00:00+00:00,5.5,80.0,2023-10
2416,port_core,2023-10-20 07:30:00+00:00,5.5,80.0,2023-10
2417,port_core,2023-10-04 16:30:00+00:00,9.0,80.0,2023-10
2418,port_core,2023-10-01 00:00:00+00:00,69.0,81.0,2023-10
2419,western_opl,2023-10-02 02:00:00+00:00,60.5,80.0,2023-10
2419,western_opl,2023-10-05 23:00:00+00:00,21.0,80.0,2023-10
2420,port_core,2023-10-16 12:30:00+00:00,20.5,81.0,2023-10
2420,port_core,2023-10-30 00:30:00+00:00,16.0,83.0,2023-10
2420,western_opl,2023-10-16 15:00:00+00:00,14.0,81.0,2023-10
2423,western_opl,2023-10-25 09:00:00+00:00,1.0,80.0,2023-10
2425,port_core,2023-10-01 00:00:00+00:00,39.0,81.0,2023-10
2425,port_core,2023-10-03 17:30:00+00:00,4.5,80.0,2023-10
2434,eastern_opl,2023-10-06 08:30:00+00:00,7.5,80.0,2023-10
2434,western_opl,2023-10-08 17:30:00+00:00,24.0,80.0,2023-10
2437,port_core,2023-10-06 15:00:00+00:00,5.0,70.0,2023-10
2438,western_opl,2023-10-14 07:00:00+00:00,8.0,81.0,2023-10
2438,western_opl,2023-10-16 09:00:00+00:00,4.5,81.0,2023-10
2439,eastern_opl,2023-10-04 06:00:00+00:00,31.0,82.0,2023-10
2439,port_core,2023-10-03 08:30:00+00:00,11.0,82.0,2023-10
2440,port_core,2023-10-27 05:30:00+00:00,90.5,80.0,2023-10
2441,eastern_opl,2023-10-30 09:00:00+00:00,14.5,80.0,2023-10
2444,western_opl,2023-10-27 16:30:00+00:00,49.5,82.0,2023-10
2445,port_core,2023-10-08 17:30:00+00:00,0.5,70.0,2023-10
2446,eastern_opl,2023-10-12 21:30:00+00:00,22.0,80.0,2023-10
2447,eastern_opl,2023-10-20 10:30:00+00:00,19.0,80.0,2023-10
2448,port_core,2023-10-08 20:00:00+00:00,9.5,89.0,2023-10
2450,eastern_opl,2023-10-12 23:30:00+00:00,19.5,89.0,2023-10
2451,eastern_opl,2023-10-29 12:30:00+00:00,27.5,89.0,2023-10
2453,port_core,2023-10-25 11:00:00+00:00,7.0,89.0,2023-10
2453,western_opl,2023-10-25 08:30:00+00:00,4.0,89.0,2023-10
2454,western_opl,2023-10-02 05:30:00+00:00,15.0,89.0,2023-10
2459,port_core,2023-10-20 04:00:00+00:00,42.5,70.0,2023-10
2459,port_core,2023-10-25 08:30:00+00:00,69.0,70.0,2023-10
2463,eastern_opl,2023-10-17 18:30:00+00:00,0.0,80.0,2023-10
2465,eastern_opl,2023-10-12 20:30:00+00:00,59.5,80.0,2023-10
2465,eastern_opl,2023-10-16 10:30:00+00:00,64.5,80.0,2023-10
2465,eastern_opl,2023-10-20 03:30:00+00:00,42.5,80.0,2023-10
2465,eastern_opl,2023-10-25 12:30:00+00:00,20.5,80.0,2023-10
2467,eastern_opl,2023-10-01 14:30:00+00:00,0.0,89.0,2023-10
2467,eastern_opl,2023-10-03 21:30:00+00:00,0.0,89.0,2023-10
2467,port_core,2023-10-01 03:00:00+00:00,10.5,89.0,2023-10
2467,port_core,2023-10-03 22:00:00+00:00,30.0,89.0,2023-10
2467,western_opl,2023-10-03 23:30:00+00:00,17.5,89.0,2023-10
2469,eastern_opl,2023-10-06 15:00:00+00:00,1.0,70.0,2023-10
2469,port_core,2023-10-06 09:30:00+00:00,5.0,70.0,2023-10
2471,port_core,2023-10-04 04:30:00+00:00,35.5,70.0,2023-10
2474,eastern_opl,2023-10-28 06:30:00+00:00,27.5,80.0,2023-10
2478,port_core,2023-10-01 00:00:00+00:00,48.0,70.0,2023-10
2479,port_core,2023-10-14 07:30:00+00:00,1.0,80.0,2023-10
2480,eastern_opl,2023-10-02 12:30:00+00:00,6.0,70.0,2023-10
2481,port_core,2023-10-02 05:00:00+00:00,9.0,70.0,2023-10
2482,port_core,2023-10-15 08:00:00+00:00,1.5,80.0,2023-10
2483,port_core,2023-10-10 18:00:00+00:00,2.5,70.0,2023-10
2485,western_opl,2023-10-14 09:30:00+00:00,14.5,80.0,2023-10
2487,port_core,2023-10-28 03:30:00+00:00,14.5,70.0,2023-10
2489,port_core,2023-10-28 04:30:00+00:00,22.0,70.0,2023-10
2491,port_core,2023-10-16 09:30:00+00:00,3.0,80.0,2023-10
2493,eastern_opl,2023-10-01 00:00:00+00:00,63.5,80.0,2023-10
2493,port_core,2023-10-06 10:30:00+00:00,8.0,80.0,2023-10
2495,port_core,2023-10-01 03:30:00+00:00,6.5,70.0,2023-10
2495,port_core,2023-10-02 10:30:00+00:00,15.5,70.0,2023-10
2497,port_core,2023-10-21 07:00:00+00:00,10.0,80.0,2023-10
2497,port_core,2023-10-30 08:00:00+00:00,16.0,80.0,2023-10
2501,port_core,2023-10-09 10:30:00+00:00,7.0,70.0,2023-10
2505,eastern_opl,2023-10-16 09:30:00+00:00,12.5,70.0,2023-10
2507,port_core,2023-10-01 00:00:00+00:00,3.0,80.0,2023-10
2509,western_opl,2023-10-20 20:00:00+00:00,13.5,80.0,2023-10
2510,port_core,2023-10-16 09:00:00+00:00,3.5,80.0,2023-10
2514,eastern_opl,2023-10-28 06:00:00+00:00,16.0,70.0,2023-10
2515,western_opl,2023-10-28 10:30:00+00:00,7.0,82.0,2023-10
2516,port_core,2023-10-26 23:00:00+00:00,15.0,79.0,2023-10
2517,port_core,2023-10-21 22:00:00+00:00,0.0,71.0,2023-10
2519,eastern_opl,2023-10-17 21:30:00+00:00,11.5,70.0,2023-10
2521,port_core,2023-10-13 05:30:00+00:00,10.5,82.0,2023-10
2521,western_opl,2023-10-01 08:30:00+00:00,15.0,82.0,2023-10
2521,western_opl,2023-10-16 09:00:00+00:00,88.5,82.0,2023-10
2521,western_opl,2023-10-21 04:00:00+00:00,11.5,82.0,2023-10
2523,eastern_opl,2023-10-28 09:30:00+00:00,6.0,70.0,2023-10
2523,eastern_opl,2023-10-29 22:00:00+00:00,3.0,70.0,2023-10
2524,eastern_opl,2023-10-02 00:00:00+00:00,0.5,80.0,2023-10
2524,port_core,2023-10-04 12:00:00+00:00,21.5,80.0,2023-10
2525,port_core,2023-10-01 01:30:00+00:00,5.5,79.0,2023-10
2526,eastern_opl,2023-10-01 23:30:00+00:00,116.5,80.0,2023-10
2526,eastern_opl,2023-10-08 17:30:00+00:00,19.5,80.0,2023-10
2526,eastern_opl,2023-10-28 13:00:00+00:00,59.0,89.0,2023-10
2526,port_core,2023-10-12 19:30:00+00:00,21.0,89.0,2023-10
2526,western_opl,2023-10-10 15:00:00+00:00,83.5,80.0,2023-10
2527,port_core,2023-10-16 09:00:00+00:00,9.5,82.0,2023-10
2528,port_core,2023-10-29 17:00:00+00:00,15.0,80.0,2023-10
2529,western_opl,2023-10-17 16:30:00+00:00,14.0,80.0,2023-10
2530,port_core,2023-10-06 04:00:00+00:00,16.0,70.0,2023-10
2531,port_core,2023-10-03 01:30:00+00:00,15.5,70.0,2023-10
2533,port_core,2023-10-16 09:30:00+00:00,5.5,80.0,2023-10
2534,western_opl,2023-10-29 05:00:00+00:00,11.5,80.0,2023-10
2536,port_core,2023-10-12 07:30:00+00:00,154.5,70.0,2023-10
2537,port_core,2023-10-08 18:30:00+00:00,6.0,80.0,2023-10
2539,eastern_opl,2023-10-05 02:00:00+00:00,24.0,70.0,2023-10
2543,port_core,2023-10-02 23:30:00+00:00,92.5,80.0,2023-10
2544,western_opl,2023-10-15 02:30:00+00:00,68.5,80.0,2023-10
2548,eastern_opl,2023-10-14 05:30:00+00:00,18.0,70.0,2023-10
2549,eastern_opl,2023-10-16 12:30:00+00:00,17.0,80.0,2023-10
2551,port_core,2023-10-29 08:00:00+00:00,15.0,73.0,2023-10
2552,port_core,2023-10-01 00:00:00+00:00,103.5,80.0,2023-10
2552,port_core,2023-10-25 08:30:00+00:00,3.0,80.0,2023-10
2554,western_opl,2023-10-19 17:00:00+00:00,71.0,81.0,2023-10
2554,western_opl,2023-10-25 08:30:00+00:00,67.0,81.0,2023-10
2557,eastern_opl,2023-10-13 03:00:00+00:00,23.0,80.0,2023-10
2560,port_core,2023-10-17 03:30:00+00:00,11.5,70.0,2023-10
2561,port_core,2023-10-09 01:00:00+00:00,117.0,80.0,2023-10
2561,port_core,2023-10-16 10:30:00+00:00,20.0,80.0,2023-10
2562,eastern_opl,2023-10-03 17:00:00+00:00,7.5,70.0,2023-10
2563,port_core,2023-10-01 00:00:00+00:00,69.0,89.0,2023-10
2563,port_core,2023-10-10 07:30:00+00:00,6.0,89.0,2023-10
2563,western_opl,2023-10-05 03:00:00+00:00,31.5,89.0,2023-10
2563,western_opl,2023-10-29 19:30:00+00:00,28.5,83.0,2023-10
2564,western_opl,2023-10-20 17:00:00+00:00,29.0,80.0,2023-10
2564,western_opl,2023-10-26 09:00:00+00:00,0.5,80.0,2023-10
2566,port_core,2023-10-04 18:00:00+00:00,16.5,70.0,2023-10
2568,eastern_opl,2023-10-13 16:30:00+00:00,22.5,70.0,2023-10
2569,port_core,2023-10-14 10:30:00+00:00,23.0,70.0,2023-10
2570,eastern_opl,2023-10-26 12:30:00+00:00,21.5,70.0,2023-10
2573,eastern_opl,2023-10-06 19:30:00+00:00,0.5,89.0,2023-10
2573,eastern_opl,2023-10-08 17:30:00+00:00,250.5,89.0,2023-10
2574,eastern_opl,2023-10-11 08:30:00+00:00,253.5,82.0,2023-10
2574,eastern_opl,2023-10-25 08:30:00+00:00,134.5,82.0,2023-10
2575,port_core,2023-10-26 18:00:00+00:00,37.5,89.0,2023-10
2577,port_core,2023-10-09 11:30:00+00:00,26.0,81.0,2023-10
2577,port_core,2023-10-16 10:00:00+00:00,2.5,81.0,2023-10
2580,port_core,2023-10-18 00:30:00+00:00,46.5,89.0,2023-10
2584,port_core,2023-10-17 05:30:00+00:00,113.0,70.0,2023-10
2585,port_core,2023-10-14 06:30:00+00:00,63.0,80.0,2023-10
2585,western_opl,2023-10-12 07:30:00+00:00,71.0,80.0,2023-10
2585,western_opl,2023-10-16 13:30:00+00:00,48.5,80.0,2023-10
2585,western_opl,2023-10-19 20:30:00+00:00,17.5,80.0,2023-10
2586,port_core,2023-10-01 19:30:00+00:00,119.0,80.0,2023-10
2587,eastern_opl,2023-10-01 00:00:00+00:00,3.0,80.0,2023-10
2588,eastern_opl,2023-10-18 13:30:00+00:00,6.5,80.0,2023-10
2592,western_opl,2023-10-26 05:30:00+00:00,114.0,82.0,2023-10
2598,port_core,2023-10-01 07:30:00+00:00,27.0,80.0,2023-10
2598,port_core,2023-10-28 12:30:00+00:00,3.0,80.0,2023-10
2599,eastern_opl,2023-10-14 01:30:00+00:00,18.5,70.0,2023-10
2600,eastern_opl,2023-10-26 00:00:00+00:00,22.5,70.0,2023-10
2604,port_core,2023-10-10 15:00:00+00:00,5.5,80.0,2023-10
2605,port_core,2023-10-01 15:30:00+00:00,8.5,80.0,2023-10
2605,port_core,2023-10-03 16:00:00+00:00,32.0,80.0,2023-10
2608,eastern_opl,2023-10-01 10:00:00+00:00,15.0,80.0,2023-10
2612,port_core,2023-10-25 09:00:00+00:00,2.5,70.0,2023-10
2615,port_core,2023-10-12 12:30:00+00:00,4.5,70.0,2023-10
2616,western_opl,2023-10-01 04:00:00+00:00,136.0,82.0,2023-10
2616,western_opl,2023-10-08 17:30:00+00:00,30.0,82.0,2023-10
2616,western_opl,2023-10-13 06:30:00+00:00,37.0,82.0,2023-10
2618,eastern_opl,2023-10-08 18:00:00+00:00,16.5,80.0,2023-10
2619,eastern_opl,2023-10-25 19:30:00+00:00,11.0,80.0,2023-10
2620,eastern_opl,2023-10-05 06:00:00+00:00,36.0,80.0,2023-10
2620,port_core,2023-10-04 02:00:00+00:00,11.5,80.0,2023-10
2623,eastern_opl,2023-10-08 18:30:00+00:00,5.5,70.0,2023-10
2627,port_core,2023-10-12 07:30:00+00:00,8.5,70.0,2023-10
2628,port_core,2023-10-18 03:30:00+00:00,12.5,89.0,2023-10
2629,port_core,2023-10-14 22:30:00+00:00,10.0,70.0,2023-10
2631,port_core,2023-10-06 19:30:00+00:00,0.5,79.0,2023-10
2632,port_core,2023-10-04 06:30:00+00:00,28.5,80.0,2023-10
2634,port_core,2023-10-02 02:00:00+00:00,12.0,70.0,2023-10
2634,port_core,2023-10-18 22:30:00+00:00,6.5,70.0,2023-10
2635,port_core,2023-10-25 09:00:00+00:00,7.5,79.0,2023-10
2636,port_core,2023-10-19 00:30:00+00:00,1.0,72.0,2023-10
2637,port_core,2023-10-17 05:00:00+00:00,11.0,70.0,2023-10
2638,western_opl,2023-10-08 18:00:00+00:00,28.5,84.0,2023-10
2641,port_core,2023-10-05 06:30:00+00:00,12.0,70.0,2023-10
2643,port_core,2023-10-12 11:00:00+00:00,22.0,82.0,2023-10
2644,eastern_opl,2023-10-12 17:00:00+00:00,5.0,70.0,2023-10
2644,port_core,2023-10-30 09:30:00+00:00,8.0,70.0,2023-10
2647,port_core,2023-10-27 23:00:00+00:00,9.5,70.0,2023-10
2648,eastern_opl,2023-10-18 05:00:00+00:00,0.5,70.0,2023-10
2648,port_core,2023-10-17 23:30:00+00:00,5.0,70.0,2023-10
2649,port_core,2023-10-11 12:00:00+00:00,10.0,80.0,2023-10
2651,port_core,2023-10-30 08:00:00+00:00,8.5,70.0,2023-10
2654,port_core,2023-10-12 22:30:00+00:00,7.5,70.0,2023-10
2656,western_opl,2023-10-30 01:00:00+00:00,9.5,80.0,2023-10
2657,eastern_opl,2023-10-20 16:30:00+00:00,11.5,70.0,2023-10
2658,eastern_opl,2023-10-26 21:00:00+00:00,8.5,70.0,2023-10
2659,eastern_opl,2023-10-27 11:30:00+00:00,21.0,80.0,2023-10
2660,port_core,2023-10-26 02:30:00+00:00,14.5,70.0,2023-10
2662,eastern_opl,2023-10-16 09:30:00+00:00,3.0,70.0,2023-10
2662,port_core,2023-10-16 13:00:00+00:00,4.5,70.0,2023-10
2663,port_core,2023-10-25 09:00:00+00:00,4.5,71.0,2023-10
2665,eastern_opl,2023-10-19 16:30:00+00:00,22.5,80.0,2023-10
2666,eastern_opl,2023-10-25 08:30:00+00:00,4.0,89.0,2023-10
2668,western_opl,2023-10-17 05:00:00+00:00,18.0,80.0,2023-10
2672,port_core,2023-10-15 01:30:00+00:00,8.0,70.0,2023-10
2675,port_core,2023-10-20 00:00:00+00:00,2.5,70.0,2023-10
2677,port_core,2023-10-16 09:00:00+00:00,0.5,70.0,2023-10
2682,eastern_opl,2023-10-16 16:30:00+00:00,15.5,70.0,2023-10
2683,port_core,2023-10-01 00:00:00+00:00,114.5,80.0,2023-10
2684,port_core,2023-10-08 18:00:00+00:00,103.0,80.0,2023-10
2685,eastern_opl,2023-10-27 01:30:00+00:00,5.5,80.0,2023-10
2686,port_core,2023-10-11 08:30:00+00:00,30.5,70.0,2023-10
2687,eastern_opl,2023-10-28 07:30:00+00:00,13.0,70.0,2023-10
2687,port_core,2023-10-28 10:30:00+00:00,5.0,70.0,2023-10
2689,port_core,2023-10-25 08:30:00+00:00,0.5,89.0,2023-10
2689,port_core,2023-10-27 02:00:00+00:00,94.0,89.0,2023-10
2691,port_core,2023-10-25 08:30:00+00:00,17.0,70.0,2023-10
2692,port_core,2023-10-17 01:30:00+00:00,6.5,70.0,2023-10
2695,eastern_opl,2023-10-21 10:30:00+00:00,11.5,89.0,2023-10
2697,eastern_opl,2023-10-03 09:30:00+00:00,22.0,70.0,2023-10
2698,eastern_opl,2023-10-28 09:30:00+00:00,0.5,71.0,2023-10
2698,port_core,2023-10-28 07:30:00+00:00,1.5,71.0,2023-10
2699,port_core,2023-10-27 05:30:00+00:00,10.0,70.0,2023-10
2700,port_core,2023-10-09 15:30:00+00:00,0.5,74.0,2023-10
2705,port_core,2023-10-27 07:30:00+00:00,14.0,70.0,2023-10
2706,port_core,2023-10-05 16:30:00+00:00,21.0,70.0,2023-10
2709,port_core,2023-10-03 10:00:00+00:00,8.5,70.0,2023-10
2711,eastern_opl,2023-10-27 00:30:00+00:00,23.0,89.0,2023-10
2712,western_opl,2023-10-08 18:00:00+00:00,0.0,80.0,2023-10
2714,port_core,2023-10-01 03:00:00+00:00,18.0,80.0,2023-10
2715,port_core,2023-10-18 07:30:00+00:00,44.0,80.0,2023-10
2716,port_core,2023-10-01 00:00:00+00:00,21.5,80.0,2023-10
2716,port_core,2023-10-21 00:00:00+00:00,8.0,80.0,2023-10
2717,port_core,2023-10-14 11:00:00+00:00,10.5,70.0,2023-10
2718,western_opl,2023-10-27 12:00:00+00:00,19.0,80.0,2023-10
2719,eastern_opl,2023-10-05 10:00:00+00:00,19.0,80.0,2023-10
2720,port_core,2023-10-21 19:00:00+00:00,3.5,70.0,2023-10
2722,port_core,2023-10-01 20:00:00+00:00,4.0,82.0,2023-10
2722,port_core,2023-10-05 07:00:00+00:00,37.0,83.0,2023-10
2722,port_core,2023-10-08 17:30:00+00:00,51.0,83.0,2023-10
2722,port_core,2023-10-13 06:00:00+00:00,132.5,83.0,2023-10
2722,western_opl,2023-10-01 00:00:00+00:00,3.0,82.0,2023-10
2722,western_opl,2023-10-02 15:30:00+00:00,86.5,83.0,2023-10
2722,western_opl,2023-10-08 22:30:00+00:00,148.0,83.0,2023-10
2722,western_opl,2023-10-16 12:00:00+00:00,65.0,83.0,2023-10
2723,eastern_opl,2023-10-12 07:30:00+00:00,15.5,80.0,2023-10
2724,eastern_opl,2023-10-02 03:30:00+00:00,19.0,70.0,2023-10
2725,port_core,2023-10-18 04:30:00+00:00,11.5,82.0,2023-10
2725,port_core,2023-10-19 19:00:00+00:00,20.5,82.0,2023-10
2725,western_opl,2023-10-05 05:00:00+00:00,39.0,82.0,2023-10
2725,western_opl,2023-10-08 17:30:00+00:00,146.0,82.0,2023-10
2725,western_opl,2023-10-18 02:00:00+00:00,16.0,82.0,2023-10
2728,eastern_opl,2023-10-30 08:00:00+00:00,16.0,80.0,2023-10
2729,port_core,2023-10-15 05:00:00+00:00,4.5,70.0,2023-10
2730,port_core,2023-10-20 15:30:00+00:00,8.5,70.0,2023-10
2732,eastern_opl,2023-10-29 09:30:00+00:00,7.5,75.0,2023-10
2733,port_core,2023-10-25 18:30:00+00:00,8.5,82.0,2023-10
2736,eastern_opl,2023-10-27 16:00:00+00:00,15.5,78.0,2023-10
2737,western_opl,2023-10-18 07:30:00+00:00,14.0,80.0,2023-10
2738,eastern_opl,2023-10-12 11:00:00+00:00,29.0,80.0,2023-10
2742,port_core,2023-10-17 01:30:00+00:00,7.5,70.0,2023-10
2745,eastern_opl,2023-10-30 19:30:00+00:00,4.0,70.0,2023-10
2746,port_core,2023-10-21 04:00:00+00:00,5.0,70.0,2023-10
2747,eastern_opl,2023-10-05 18:00:00+00:00,15.5,70.0,2023-10
2748,port_core,2023-10-26 01:30:00+00:00,13.0,82.0,2023-10
2749,port_core,2023-10-18 10:30:00+00:00,18.5,80.0,2023-10
2750,port_core,2023-10-28 09:30:00+00:00,8.0,70.0,2023-10
2751,western_opl,2023-10-20 01:30:00+00:00,16.5,80.0,2023-10
2752,port_core,2023-10-12 07:30:00+00:00,0.5,70.0,2023-10
2753,port_core,2023-10-13 01:30:00+00:00,13.5,70.0,2023-10
2754,eastern_opl,2023-10-02 00:00:00+00:00,22.5,79.0,2023-10
2756,port_core,2023-10-27 00:30:00+00:00,21.5,74.0,2023-10
2757,port_core,2023-10-19 16:30:00+00:00,9.0,82.0,2023-10
2762,western_opl,2023-10-06 09:30:00+00:00,10.5,80.0,2023-10
2765,western_opl,2023-10-20 23:00:00+00:00,9.0,82.0,2023-10
2767,port_core,2023-10-12 07:30:00+00:00,0.5,82.0,2023-10
2768,port_core,2023-10-25 09:00:00+00:00,5.0,70.0,2023-10
2769,eastern_opl,2023-10-17 02:30:00+00:00,15.5,70.0,2023-10
2770,port_core,2023-10-13 11:00:00+00:00,5.0,70.0,2023-10
2771,port_core,2023-10-05 15:30:00+00:00,6.0,70.0,2023-10
2773,eastern_opl,2023-10-09 17:00:00+00:00,135.0,80.0,2023-10
2773,eastern_opl,2023-10-17 23:00:00+00:00,95.5,80.0,2023-10
2773,port_core,2023-10-06 16:30:00+00:00,3.5,80.0,2023-10
2773,port_core,2023-10-26 11:30:00+00:00,17.5,80.0,2023-10
2773,western_opl,2023-10-01 00:00:00+00:00,7.0,80.0,2023-10
2775,eastern_opl,2023-10-16 11:00:00+00:00,2.5,70.0,2023-10
2775,port_core,2023-10-16 14:00:00+00:00,7.5,70.0,2023-10
2776,port_core,2023-10-19 17:00:00+00:00,36.5,71.0,2023-10
2778,eastern_opl,2023-10-20 12:00:00+00:00,18.5,80.0,2023-10
2779,port_core,2023-10-12 07:30:00+00:00,23.5,70.0,2023-10
2780,port_core,2023-10-26 04:30:00+00:00,29.0,70.0,2023-10
2781,eastern_opl,2023-10-10 03:00:00+00:00,9.5,70.0,2023-10
2783,port_core,2023-10-03 10:30:00+00:00,81.5,89.0,2023-10
2783,port_core,2023-10-08 17:30:00+00:00,47.0,89.0,2023-10
2784,port_core,2023-10-16 10:30:00+00:00,14.5,80.0,2023-10
2787,eastern_opl,2023-10-16 09:30:00+00:00,5.0,70.0,2023-10
2790,port_core,2023-10-28 16:00:00+00:00,45.5,70.0,2023-10
2791,eastern_opl,2023-10-18 20:00:00+00:00,49.0,81.0,2023-10
2791,port_core,2023-10-02 10:30:00+00:00,11.0,80.0,2023-10
2791,port_core,2023-10-04 00:00:00+00:00,11.5,80.0,2023-10
2791,port_core,2023-10-18 11:30:00+00:00,4.0,81.0,2023-10
2794,port_core,2023-10-17 00:30:00+00:00,7.0,70.0,2023-10
2796,eastern_opl,2023-10-08 18:00:00+00:00,13.0,80.0,2023-10
2799,port_core,2023-10-19 00:00:00+00:00,70.5,80.0,2023-10
2799,port_core,2023-10-25 08:30:00+00:00,23.0,80.0,2023-10
2800,port_core,2023-10-12 07:30:00+00:00,29.0,80.0,2023-10
2802,port_core,2023-10-01 16:00:00+00:00,14.0,70.0,2023-10
2803,eastern_opl,2023-10-06 09:00:00+00:00,11.0,70.0,2023-10
2804,eastern_opl,2023-10-28 15:30:00+00:00,12.5,70.0,2023-10
2806,eastern_opl,2023-10-04 05:30:00+00:00,13.0,80.0,2023-10
2807,eastern_opl,2023-10-17 19:30:00+00:00,16.0,70.0,2023-10
2808,port_core,2023-10-29 01:30:00+00:00,23.0,84.0,2023-10
2808,western_opl,2023-10-03 14:00:00+00:00,78.0,84.0,2023-10
2810,eastern_opl,2023-10-26 16:00:00+00:00,1.5,70.0,2023-10
2810,port_core,2023-10-26 07:00:00+00:00,8.5,70.0,2023-10
2812,port_core,2023-10-15 09:00:00+00:00,0.5,80.0,2023-10
2813,western_opl,2023-10-06 16:00:00+00:00,4.0,80.0,2023-10
2817,port_core,2023-10-21 17:30:00+00:00,5.0,70.0,2023-10
2819,port_core,2023-10-14 09:00:00+00:00,24.5,70.0,2023-10
2827,western_opl,2023-10-30 00:30:00+00:00,0.5,82.0,2023-10
2828,port_core,2023-10-19 16:30:00+00:00,9.5,70.0,2023-10
2829,port_core,2023-10-28 04:00:00+00:00,7.0,79.0,2023-10
2832,port_core,2023-10-12 17:00:00+00:00,10.0,70.0,2023-10
2836,eastern_opl,2023-10-06 09:00:00+00:00,4.5,80.0,2023-10
2836,eastern_opl,2023-10-08 17:30:00+00:00,27.5,80.0,2023-10
2837,port_core,2023-10-29 07:30:00+00:00,8.5,70.0,2023-10
2838,port_core,2023-10-02 19:00:00+00:00,19.0,80.0,2023-10
2839,eastern_opl,2023-10-04 10:30:00+00:00,14.5,70.0,2023-10
2841,western_opl,2023-10-02 18:00:00+00:00,3.5,82.0,2023-10
2841,western_opl,2023-10-05 07:00:00+00:00,9.5,82.0,2023-10
2846,western_opl,2023-10-15 09:00:00+00:00,0.5,80.0,2023-10
2848,western_opl,2023-10-11 17:00:00+00:00,5.5,82.0,2023-10
2849,eastern_opl,2023-10-18 10:00:00+00:00,4.0,70.0,2023-10
2849,port_core,2023-10-18 14:30:00+00:00,10.5,70.0,2023-10
2850,western_opl,2023-10-17 01:00:00+00:00,21.0,80.0,2023-10
2852,port_core,2023-10-18 05:30:00+00:00,17.5,70.0,2023-10
2853,port_core,2023-10-26 02:00:00+00:00,12.5,70.0,2023-10
2854,eastern_opl,2023-10-25 08:30:00+00:00,17.5,70.0,2023-10
2855,port_core,2023-10-20 09:30:00+00:00,4.5,70.0,2023-10
2864,port_core,2023-10-15 01:00:00+00:00,8.5,80.0,2023-10
2868,port_core,2023-10-13 04:30:00+00:00,1.0,70.0,2023-10
2869,port_core,2023-10-04 09:30:00+00:00,1.0,82.0,2023-10
2869,port_core,2023-10-06 07:00:00+00:00,8.0,82.0,2023-10
2869,port_core,2023-10-18 08:00:00+00:00,86.5,82.0,2023-10
2871,port_core,2023-10-17 12:00:00+00:00,41.0,79.0,2023-10
2872,eastern_opl,2023-10-16 09:00:00+00:00,26.5,80.0,2023-10
2872,port_core,2023-10-21 04:30:00+00:00,18.0,80.0,2023-10
2872,port_core,2023-10-25 08:30:00+00:00,13.0,80.0,2023-10
2873,port_core,2023-10-01 00:00:00+00:00,140.0,80.0,2023-10
2874,eastern_opl,2023-10-11 19:00:00+00:00,18.0,70.0,2023-10
2877,port_core,2023-10-28 21:00:00+00:00,12.5,70.0,2023-10
2881,eastern_opl,2023-10-26 23:30:00+00:00,9.5,70.0,2023-10
2882,port_core,2023-10-17 09:00:00+00:00,13.5,70.0,2023-10
2886,port_core,2023-10-17 15:30:00+00:00,9.5,70.0,2023-10
2888,eastern_opl,2023-10-19 16:30:00+00:00,17.5,70.0,2023-10
2895,western_opl,2023-10-19 03:30:00+00:00,46.0,80.0,2023-10
2899,port_core,2023-10-13 04:00:00+00:00,12.5,70.0,2023-10
2903,eastern_opl,2023-10-19 16:30:00+00:00,24.5,80.0,2023-10
2904,port_core,2023-10-16 12:00:00+00:00,21.0,70.0,2023-10
2905,port_core,2023-10-01 00:00:00+00:00,67.0,79.0,2023-10
2906,port_core,2023-10-05 18:30:00+00:00,9.0,71.0,2023-10
2907,eastern_opl,2023-10-05 00:00:00+00:00,23.0,80.0,2023-10
2908,eastern_opl,2023-10-06 10:00:00+00:00,10.0,70.0,2023-10
2909,port_core,2023-10-16 19:30:00+00:00,6.0,80.0,2023-10
2911,eastern_opl,2023-10-25 09:30:00+00:00,8.5,80.0,2023-10
2914,port_core,2023-10-13 18:00:00+00:00,20.0,70.0,2023-10
2915,port_core,2023-10-29 02:00:00+00:00,15.0,70.0,2023-10
2917,port_core,2023-10-19 19:00:00+00:00,12.0,70.0,2023-10
2918,western_opl,2023-10-26 03:30:00+00:00,10.5,80.0,2023-10
2924,eastern_opl,2023-10-04 01:30:00+00:00,15.5,70.0,2023-10
2925,port_core,2023-10-01 00:00:00+00:00,64.5,80.0,2023-10
2925,port_core,2023-10-19 00:00:00+00:00,30.5,80.0,2023-10
2929,port_core,2023-10-16 20:30:00+00:00,10.5,70.0,2023-10
2930,port_core,2023-10-02 12:00:00+00:00,35.5,80.0,2023-10
2930,western_opl,2023-10-05 21:00:00+00:00,23.0,80.0,2023-10
2931,port_core,2023-10-08 17:30:00+00:00,22.5,70.0,2023-10
2931,western_opl,2023-10-09 16:30:00+00:00,0.0,70.0,2023-10
2935,port_core,2023-10-29 17:00:00+00:00,31.0,80.0,2023-10
2936,eastern_opl,2023-10-11 09:00:00+00:00,11.5,80.0,2023-10
2937,port_core,2023-10-18 08:30:00+00:00,42.0,80.0,2023-10
2939,eastern_opl,2023-10-02 08:00:00+00:00,39.5,80.0,2023-10
2939,western_opl,2023-10-25 08:30:00+00:00,29.5,80.0,2023-10
2944,eastern_opl,2023-10-01 02:30:00+00:00,54.0,80.0,2023-10
2949,port_core,2023-10-09 02:30:00+00:00,59.5,89.0,2023-10
2954,port_core,2023-10-18 20:30:00+00:00,43.5,80.0,2023-10
2962,port_core,2023-10-11 14:30:00+00:00,8.0,80.0,2023-10
2962,port_core,2023-10-26 01:30:00+00:00,4.0,83.0,2023-10
2964,port_core,2023-10-02 06:00:00+00:00,7.5,70.0,2023-10
2968,eastern_opl,2023-10-06 17:30:00+00:00,0.5,80.0,2023-10
2968,eastern_opl,2023-10-08 20:00:00+00:00,1.0,80.0,2023-10
2968,port_core,2023-10-09 05:00:00+00:00,3.0,80.0,2023-10
2968,port_core,2023-10-21 06:30:00+00:00,16.0,80.0,2023-10
2968,western_opl,2023-10-09 06:00:00+00:00,1.5,80.0,2023-10
2969,port_core,2023-10-09 09:30:00+00:00,90.5,70.0,2023-10
2972,port_core,2023-10-13 11:00:00+00:00,35.5,80.0,2023-10
2982,port_core,2023-10-26 09:00:00+00:00,110.5,80.0,2023-10
2983,eastern_opl,2023-10-20 17:30:00+00:00,28.5,80.0,2023-10
2986,western_opl,2023-10-06 02:30:00+00:00,13.5,81.0,2023-10
2993,port_core,2023-10-12 07:30:00+00:00,63.5,80.0,2023-10
2993,port_core,2023-10-20 13:00:00+00:00,25.0,80.0,2023-10
3002,port_core,2023-10-20 07:00:00+00:00,2.0,70.0,2023-10
3012,eastern_opl,2023-10-14 14:00:00+00:00,19.5,70.0,2023-10
3015,western_opl,2023-10-10 11:30:00+00:00,59.5,89.0,2023-10
3019,western_opl,2023-10-16 18:00:00+00:00,31.0,83.0,2023-10
3027,port_core,2023-10-14 03:30:00+00:00,2.0,80.0,2023-10
3027,western_opl,2023-10-10 09:30:00+00:00,89.5,80.0,2023-10
3036,port_core,2023-10-20 18:00:00+00:00,26.5,85.0,2023-10
3036,port_core,2023-10-30 17:00:00+00:00,3.0,86.0,2023-10
3041,port_core,2023-10-30 23:00:00+00:00,1.0,80.0,2023-10
3059,eastern_opl,2023-10-01 00:00:00+00:00,38.0,70.0,2023-10
3060,eastern_opl,2023-10-20 07:00:00+00:00,3.0,74.0,2023-10
3060,eastern_opl,2023-10-28 22:00:00+00:00,43.5,74.0,2023-10
3060,port_core,2023-10-20 06:00:00+00:00,0.5,74.0,2023-10
3060,port_core,2023-10-28 20:30:00+00:00,1.0,74.0,2023-10
3060,western_opl,2023-10-20 05:00:00+00:00,0.0,74.0,2023-10
3060,western_opl,2023-10-28 19:30:00+00:00,0.0,74.0,2023-10
3061,port_core,2023-10-02 18:00:00+00:00,13.0,80.0,2023-10
3061,port_core,2023-10-16 09:00:00+00:00,12.5,80.0,2023-10
3061,port_core,2023-10-25 08:30:00+00:00,7.0,80.0,2023-10
3061,port_core,2023-10-29 12:00:00+00:00,20.5,80.0,2023-10
3066,port_core,2023-10-01 00:00:00+00:00,6.5,82.0,2023-10
3066,western_opl,2023-10-02 02:00:00+00:00,60.5,82.0,2023-10
3066,western_opl,2023-10-06 07:30:00+00:00,12.5,82.0,2023-10
3067,eastern_opl,2023-10-18 19:00:00+00:00,74.0,80.0,2023-10
3067,eastern_opl,2023-10-25 08:30:00+00:00,2.0,80.0,2023-10
3067,eastern_opl,2023-10-29 13:00:00+00:00,34.5,80.0,2023-10
3068,western_opl,2023-10-03 00:30:00+00:00,12.0,89.0,2023-10
3068,western_opl,2023-10-05 02:00:00+00:00,12.0,89.0,2023-10
3068,western_opl,2023-10-27 16:00:00+00:00,48.5,89.0,2023-10
3069,eastern_opl,2023-10-18 16:30:00+00:00,78.0,80.0,2023-10
3069,port_core,2023-10-01 00:00:00+00:00,36.5,80.0,2023-10
3070,eastern_opl,2023-10-30 19:30:00+00:00,0.0,85.0,2023-10
3070,port_core,2023-10-09 12:00:00+00:00,4.0,85.0,2023-10
3070,port_core,2023-10-25 20:00:00+00:00,1.0,85.0,2023-10
3070,western_opl,2023-10-21 21:00:00+00:00,1.5,85.0,2023-10
3070,western_opl,2023-10-25 08:30:00+00:00,11.0,85.0,2023-10
3073,eastern_opl,2023-10-28 22:00:00+00:00,27.0,80.0,2023-10
3073,port_core,2023-10-12 13:00:00+00:00,23.5,80.0,2023-10
3073,port_core,2023-10-15 00:00:00+00:00,9.5,80.0,2023-10
3074,eastern_opl,2023-10-26 10:00:00+00:00,0.5,80.0,2023-10
3074,port_core,2023-10-14 04:30:00+00:00,6.5,80.0,2023-10
3074,port_core,2023-10-27 23:00:00+00:00,11.0,80.0,2023-10
3078,western_opl,2023-10-13 09:30:00+00:00,81.0,84.0,2023-10
3079,eastern_opl,2023-10-10 03:00:00+00:00,95.5,84.0,2023-10
3079,eastern_opl,2023-10-28 18:00:00+00:00,4.0,84.0,2023-10
3079,eastern_opl,2023-10-30 15:30:00+00:00,7.0,84.0,2023-10
3095,eastern_opl,2023-10-15 07:00:00+00:00,2.5,80.0,2023-10
3095,eastern_opl,2023-10-16 10:00:00+00:00,100.0,80.0,2023-10
3095,port_core,2023-10-03 16:00:00+00:00,19.0,80.0,2023-10
3096,eastern_opl,2023-10-01 06:00:00+00:00,49.0,89.0,2023-10
3096,port_core,2023-10-20 14:30:00+00:00,27.0,89.0,2023-10
3099,port_core,2023-10-02 15:30:00+00:00,100.5,89.0,2023-10
3099,port_core,2023-10-08 17:30:00+00:00,39.5,89.0,2023-10
3099,port_core,2023-10-21 05:30:00+00:00,2.0,89.0,2023-10
3103,port_core,2023-10-02 10:00:00+00:00,106.0,80.0,2023-10
3103,port_core,2023-10-25 08:30:00+00:00,135.5,80.0,2023-10
3104,eastern_opl,2023-10-01 00:00:00+00:00,139.5,81.0,2023-10
3104,eastern_opl,2023-10-08 18:00:00+00:00,29.5,81.0,2023-10
3105,port_core,2023-10-13 04:30:00+00:00,4.5,80.0,2023-10
3106,port_core,2023-10-14 11:00:00+00:00,0.0,82.0,2023-10
3108,port_core,2023-10-05 04:00:00+00:00,4.5,80.0,2023-10
3114,eastern_opl,2023-10-08 23:30:00+00:00,5.5,82.0,2023-10
3114,eastern_opl,2023-10-25 08:30:00+00:00,0.5,80.0,2023-10
3114,port_core,2023-10-25 09:30:00+00:00,0.5,80.0,2023-10
3115,eastern_opl,2023-10-14 03:00:00+00:00,112.0,80.0,2023-10
3115,eastern_opl,2023-10-20 05:00:00+00:00,1.0,80.0,2023-10
3115,port_core,2023-10-28 11:30:00+00:00,24.5,80.0,2023-10
3116,western_opl,2023-10-06 07:00:00+00:00,13.0,80.0,2023-10
3138,port_core,2023-10-16 09:00:00+00:00,36.5,80.0,2023-10
3147,western_opl,2023-10-01 01:30:00+00:00,15.5,89.0,2023-10
3148,western_opl,2023-10-25 09:30:00+00:00,28.5,81.0,2023-10
3155,eastern_opl,2023-10-01 00:00:00+00:00,140.0,80.0,2023-10
3155,eastern_opl,2023-10-08 17:30:00+00:00,316.5,80.0,2023-10
3155,eastern_opl,2023-10-25 08:30:00+00:00,50.5,80.0,2023-10
3155,eastern_opl,2023-10-29 05:30:00+00:00,41.0,80.0,2023-10
3155,western_opl,2023-10-27 18:00:00+00:00,29.0,80.0,2023-10
3170,port_core,2023-10-08 18:30:00+00:00,4.5,79.0,2023-10
3174,eastern_opl,2023-10-10 11:30:00+00:00,4.0,80.0,2023-10
3175,port_core,2023-10-04 19:00:00+00:00,9.5,80.0,2023-10
3178,port_core,2023-10-03 10:00:00+00:00,62.0,80.0,2023-10
3178,port_core,2023-10-11 08:30:00+00:00,130.0,80.0,2023-10
3182,western_opl,2023-10-12 19:30:00+00:00,29.5,80.0,2023-10
3182,western_opl,2023-10-18 18:30:00+00:00,7.0,80.0,2023-10
3182,western_opl,2023-10-20 02:00:00+00:00,0.0,80.0,2023-10
3182,western_opl,2023-10-29 05:30:00+00:00,16.0,80.0,2023-10
3186,eastern_opl,2023-10-01 00:00:00+00:00,140.0,89.0,2023-10
3186,eastern_opl,2023-10-08 17:30:00+00:00,316.5,89.0,2023-10
3186,eastern_opl,2023-10-25 09:00:00+00:00,134.5,89.0,2023-10
3187,eastern_opl,2023-10-21 21:30:00+00:00,0.5,80.0,2023-10
3187,port_core,2023-10-09 02:00:00+00:00,38.0,80.0,2023-10
3187,port_core,2023-10-20 00:00:00+00:00,37.5,80.0,2023-10
3188,eastern_opl,2023-10-16 14:00:00+00:00,41.5,80.0,2023-10
3188,port_core,2023-10-02 08:30:00+00:00,107.5,80.0,2023-10
3188,port_core,2023-10-08 20:30:00+00:00,37.5,80.0,2023-10
3188,port_core,2023-10-28 02:00:00+00:00,3.0,80.0,2023-10
3189,eastern_opl,2023-10-05 14:30:00+00:00,27.5,80.0,2023-10
3189,eastern_opl,2023-10-08 17:30:00+00:00,5.0,80.0,2023-10
3189,eastern_opl,2023-10-16 10:00:00+00:00,60.5,80.0,2023-10
3189,eastern_opl,2023-10-25 08:30:00+00:00,73.0,80.0,2023-10
3189,port_core,2023-10-01 11:30:00+00:00,66.5,80.0,2023-10
3189,port_core,2023-10-10 06:00:00+00:00,14.5,80.0,2023-10
3189,port_core,2023-10-19 17:30:00+00:00,38.0,80.0,2023-10
3189,port_core,2023-10-28 14:30:00+00:00,57.5,80.0,2023-10
3190,port_core,2023-10-05 20:30:00+00:00,9.5,80.0,2023-10
3192,eastern_opl,2023-10-01 02:00:00+00:00,50.0,80.0,2023-10
3193,eastern_opl,2023-10-02 16:00:00+00:00,21.5,70.0,2023-10
3193,eastern_opl,2023-10-16 13:00:00+00:00,2.0,70.0,2023-10
3194,eastern_opl,2023-10-18 07:00:00+00:00,51.0,80.0,2023-10
3194,eastern_opl,2023-10-30 16:00:00+00:00,0.0,80.0,2023-10
3194,port_core,2023-10-08 18:00:00+00:00,16.5,80.0,2023-10
3194,western_opl,2023-10-09 16:30:00+00:00,45.5,80.0,2023-10
3195,port_core,2023-10-09 18:00:00+00:00,8.5,80.0,2023-10
3195,port_core,2023-10-15 09:00:00+00:00,49.0,80.0,2023-10
3195,port_core,2023-10-25 08:30:00+00:00,63.5,80.0,2023-10
3196,port_core,2023-10-02 07:30:00+00:00,50.5,80.0,2023-10
3198,eastern_opl,2023-10-29 11:30:00+00:00,5.5,89.0,2023-10
3198,port_core,2023-10-06 14:00:00+00:00,6.0,89.0,2023-10
3198,port_core,2023-10-08 17:30:00+00:00,10.0,89.0,2023-10
3199,western_opl,2023-10-03 19:00:00+00:00,7.5,89.0,2023-10
3200,port_core,2023-10-29 03:00:00+00:00,6.0,80.0,2023-10
3200,western_opl,2023-10-04 19:00:00+00:00,5.0,80.0,2023-10
3203,eastern_opl,2023-10-01 23:30:00+00:00,0.5,84.0,2023-10
3203,port_core,2023-10-01 22:00:00+00:00,1.0,84.0,2023-10
3203,western_opl,2023-10-01 19:30:00+00:00,0.5,84.0,2023-10
3205,eastern_opl,2023-10-01 00:00:00+00:00,47.5,80.0,2023-10
3205,eastern_opl,2023-10-11 12:30:00+00:00,40.5,80.0,2023-10
3205,eastern_opl,2023-10-18 11:30:00+00:00,6.5,80.0,2023-10
3205,eastern_opl,2023-10-26 09:30:00+00:00,17.5,80.0,2023-10
3205,eastern_opl,2023-10-30 14:30:00+00:00,9.0,80.0,2023-10
3205,western_opl,2023-10-03 05:30:00+00:00,53.0,80.0,2023-10
3205,western_opl,2023-10-13 11:00:00+00:00,11.5,80.0,2023-10
3205,western_opl,2023-10-19 20:00:00+00:00,13.5,80.0,2023-10
3205,western_opl,2023-10-21 12:30:00+00:00,4.5,80.0,2023-10
3205,western_opl,2023-10-25 17:00:00+00:00,2.0,80.0,2023-10
3205,western_opl,2023-10-28 10:00:00+00:00,39.0,80.0,2023-10
3206,port_core,2023-10-16 09:00:00+00:00,23.0,70.0,2023-10
3208,port_core,2023-10-08 18:00:00+00:00,8.0,82.0,2023-10
3214,port_core,2023-10-17 01:00:00+00:00,50.0,80.0,2023-10
3214,port_core,2023-10-27 01:30:00+00:00,28.0,80.0,2023-10
3217,eastern_opl,2023-10-12 07:30:00+00:00,45.0,80.0,2023-10
3218,western_opl,2023-10-03 11:30:00+00:00,3.5,80.0,2023-10
3218,western_opl,2023-10-09 10:00:00+00:00,107.5,80.0,2023-10
3218,western_opl,2023-10-21 03:00:00+00:00,18.5,80.0,2023-10
3218,western_opl,2023-10-25 12:30:00+00:00,131.0,80.0,2023-10
3219,western_opl,2023-10-04 23:00:00+00:00,14.5,80.0,2023-10
3221,port_core,2023-10-26 07:30:00+00:00,6.5,80.0,2023-10
3222,port_core,2023-10-01 00:00:00+00:00,1.0,80.0,2023-10
3222,port_core,2023-10-08 17:30:00+00:00,13.5,80.0,2023-10
3222,western_opl,2023-10-03 17:30:00+00:00,74.5,80.0,2023-10
3222,western_opl,2023-10-10 18:00:00+00:00,58.0,80.0,2023-10
3222,western_opl,2023-10-14 22:30:00+00:00,0.0,80.0,2023-10
3222,western_opl,2023-10-16 23:30:00+00:00,0.0,80.0,2023-10
3222,western_opl,2023-10-18 07:30:00+00:00,15.5,80.0,2023-10
3222,western_opl,2023-10-27 21:30:00+00:00,51.5,80.0,2023-10
3224,eastern_opl,2023-10-01 06:00:00+00:00,27.0,73.0,2023-10
3227,eastern_opl,2023-10-08 17:30:00+00:00,153.5,80.0,2023-10
3227,eastern_opl,2023-10-19 01:30:00+00:00,67.5,80.0,2023-10
3227,port_core,2023-10-01 00:00:00+00:00,17.0,80.0,2023-10
3227,port_core,2023-10-17 17:00:00+00:00,2.5,80.0,2023-10
3229,western_opl,2023-10-01 00:00:00+00:00,48.0,83.0,2023-10
3229,western_opl,2023-10-04 04:00:00+00:00,31.5,83.0,2023-10
3229,western_opl,2023-10-08 18:00:00+00:00,12.5,83.0,2023-10
3229,western_opl,2023-10-12 17:00:00+00:00,9.0,83.0,2023-10
3230,port_core,2023-10-01 10:00:00+00:00,38.5,84.0,2023-10
3230,port_core,2023-10-05 09:00:00+00:00,30.5,84.0,2023-10
3230,port_core,2023-10-08 17:30:00+00:00,1.5,84.0,2023-10
3230,port_core,2023-10-21 07:30:00+00:00,7.0,84.0,2023-10
3232,eastern_opl,2023-10-04 23:30:00+00:00,39.0,80.0,2023-10
3232,eastern_opl,2023-10-10 10:00:00+00:00,7.5,80.0,2023-10
3234,eastern_opl,2023-10-11 08:30:00+00:00,7.0,84.0,2023-10
3234,eastern_opl,2023-10-22 16:00:00+00:00,0.0,84.0,2023-10
3234,eastern_opl,2023-10-25 10:30:00+00:00,48.0,84.0,2023-10
3234,port_core,2023-10-14 08:00:00+00:00,2.0,84.0,2023-10
3234,western_opl,2023-10-21 12:30:00+00:00,2.0,84.0,2023-10
3236,eastern_opl,2023-10-09 06:00:00+00:00,21.5,80.0,2023-10
3236,eastern_opl,2023-10-11 13:30:00+00:00,0.0,80.0,2023-10
3236,eastern_opl,2023-10-27 14:00:00+00:00,18.0,80.0,2023-10
3236,eastern_opl,2023-10-29 18:30:00+00:00,27.5,80.0,2023-10
3237,eastern_opl,2023-10-01 11:30:00+00:00,0.0,80.0,2023-10
3237,eastern_opl,2023-10-27 22:30:00+00:00,0.0,80.0,2023-10
3237,port_core,2023-10-01 04:30:00+00:00,6.5,80.0,2023-10
3237,port_core,2023-10-13 05:00:00+00:00,5.0,80.0,2023-10
3237,port_core,2023-10-27 17:00:00+00:00,28.5,80.0,2023-10
3237,western_opl,2023-10-13 08:00:00+00:00,1.5,80.0,2023-10
3237,western_opl,2023-10-28 00:00:00+00:00,1.0,80.0,2023-10
3238,eastern_opl,2023-10-01 18:30:00+00:00,52.0,80.0,2023-10
3238,eastern_opl,2023-10-08 18:00:00+00:00,25.0,80.0,2023-10
3238,eastern_opl,2023-10-13 06:30:00+00:00,3.5,80.0,2023-10
3238,eastern_opl,2023-10-18 05:30:00+00:00,7.5,80.0,2023-10
3238,eastern_opl,2023-10-20 00:30:00+00:00,2.0,80.0,2023-10
3238,eastern_opl,2023-10-21 07:00:00+00:00,0.5,80.0,2023-10
3238,eastern_opl,2023-10-27 06:00:00+00:00,1.5,80.0,2023-10
3238,eastern_opl,2023-10-29 20:30:00+00:00,0.5,80.0,2023-10
3239,eastern_opl,2023-10-09 04:00:00+00:00,10.0,80.0,2023-10
3239,eastern_opl,2023-10-25 08:30:00+00:00,3.0,80.0,2023-10
3239,eastern_opl,2023-10-30 08:00:00+00:00,16.0,80.0,2023-10
3239,port_core,2023-10-10 08:00:00+00:00,8.0,80.0,2023-10
3239,port_core,2023-10-16 09:00:00+00:00,36.5,80.0,2023-10
3240,eastern_opl,2023-10-04 19:00:00+00:00,49.0,80.0,2023-10
3240,port_core,2023-10-21 11:30:00+00:00,9.5,80.0,2023-10
3242,eastern_opl,2023-10-08 17:30:00+00:00,63.5,80.0,2023-10
3242,eastern_opl,2023-10-25 08:30:00+00:00,4.0,80.0,2023-10
3242,eastern_opl,2023-10-26 18:00:00+00:00,34.0,80.0,2023-10
3242,port_core,2023-10-01 00:00:00+00:00,14.0,80.0,2023-10
3242,port_core,2023-10-11 09:30:00+00:00,12.5,80.0,2023-10
3242,port_core,2023-10-19 21:30:00+00:00,28.0,80.0,2023-10
3243,eastern_opl,2023-10-01 16:00:00+00:00,124.0,70.0,2023-10
3243,eastern_opl,2023-10-08 17:30:00+00:00,50.5,70.0,2023-10
3243,eastern_opl,2023-10-14 17:30:00+00:00,4.0,70.0,2023-10
3243,eastern_opl,2023-10-16 21:00:00+00:00,29.0,70.0,2023-10
3243,eastern_opl,2023-10-19 16:30:00+00:00,7.5,70.0,2023-10
3244,eastern_opl,2023-10-14 03:30:00+00:00,8.0,70.0,2023-10
3245,eastern_opl,2023-10-16 09:00:00+00:00,117.0,80.0,2023-10
3245,port_core,2023-10-05 14:30:00+00:00,29.5,80.0,2023-10
3248,port_core,2023-10-02 07:00:00+00:00,4.0,80.0,2023-10
3248,port_core,2023-10-09 07:30:00+00:00,5.0,80.0,2023-10
3249,port_core,2023-10-16 23:30:00+00:00,118.5,80.0,2023-10
3250,eastern_opl,2023-10-14 01:30:00+00:00,0.0,89.0,2023-10
3250,eastern_opl,2023-10-21 03:30:00+00:00,4.0,89.0,2023-10
3250,eastern_opl,2023-10-25 09:00:00+00:00,50.5,89.0,2023-10
3250,western_opl,2023-10-02 20:30:00+00:00,42.0,89.0,2023-10
3250,western_opl,2023-10-17 05:00:00+00:00,0.0,89.0,2023-10
3250,western_opl,2023-10-20 08:30:00+00:00,1.5,89.0,2023-10
3252,eastern_opl,2023-10-04 17:00:00+00:00,31.5,70.0,2023-10
3252,eastern_opl,2023-10-09 13:30:00+00:00,31.0,70.0,2023-10
3252,eastern_opl,2023-10-12 22:00:00+00:00,31.5,70.0,2023-10
3252,eastern_opl,2023-10-19 16:30:00+00:00,7.0,70.0,2023-10
3253,eastern_opl,2023-10-15 05:00:00+00:00,147.5,80.0,2023-10
3253,eastern_opl,2023-10-27 15:30:00+00:00,2.0,80.0,2023-10
3253,eastern_opl,2023-10-29 06:00:00+00:00,0.0,80.0,2023-10
3253,western_opl,2023-10-02 04:00:00+00:00,11.0,80.0,2023-10
3254,eastern_opl,2023-10-30 20:00:00+00:00,0.0,80.0,2023-10
3254,port_core,2023-10-03 16:00:00+00:00,31.5,80.0,2023-10
3255,port_core,2023-10-03 06:00:00+00:00,0.5,80.0,2023-10
3255,western_opl,2023-10-01 14:00:00+00:00,39.5,80.0,2023-10
3258,eastern_opl,2023-10-16 16:30:00+00:00,14.0,80.0,2023-10
3258,port_core,2023-10-01 08:30:00+00:00,8.0,80.0,2023-10
3258,port_core,2023-10-04 10:30:00+00:00,24.0,80.0,2023-10
3258,port_core,2023-10-14 03:30:00+00:00,30.0,80.0,2023-10
3258,port_core,2023-10-19 16:30:00+00:00,0.5,80.0,2023-10
3258,port_core,2023-10-28 13:00:00+00:00,23.0,80.0,2023-10
3261,eastern_opl,2023-10-11 14:30:00+00:00,42.5,80.0,2023-10
3261,eastern_opl,2023-10-17 03:30:00+00:00,28.5,80.0,2023-10
3261,eastern_opl,2023-10-20 05:30:00+00:00,0.0,80.0,2023-10
3261,port_core,2023-10-19 19:30:00+00:00,9.5,80.0,2023-10
3263,eastern_opl,2023-10-22 16:00:00+00:00,0.0,80.0,2023-10
3264,port_core,2023-10-01 10:00:00+00:00,6.5,84.0,2023-10
3264,port_core,2023-10-25 08:30:00+00:00,10.5,84.0,2023-10
3265,port_core,2023-10-08 17:30:00+00:00,70.0,80.0,2023-10
3266,port_core,2023-10-04 06:00:00+00:00,10.0,82.0,2023-10
3266,port_core,2023-10-14 00:30:00+00:00,84.5,82.0,2023-10
3266,port_core,2023-10-19 04:00:00+00:00,1.0,82.0,2023-10
3270,port_core,2023-10-08 17:30:00+00:00,37.5,80.0,2023-10
3272,eastern_opl,2023-10-27 18:30:00+00:00,14.5,80.0,2023-10
3276,eastern_opl,2023-10-01 12:30:00+00:00,59.0,83.0,2023-10
3276,eastern_opl,2023-10-05 22:00:00+00:00,0.0,83.0,2023-10
3276,eastern_opl,2023-10-08 19:00:00+00:00,147.0,83.0,2023-10
3276,eastern_opl,2023-10-16 14:00:00+00:00,18.0,83.0,2023-10
3276,eastern_opl,2023-10-29 01:00:00+00:00,0.5,83.0,2023-10
3276,eastern_opl,2023-10-30 12:00:00+00:00,11.5,83.0,2023-10
3277,eastern_opl,2023-10-10 05:30:00+00:00,0.0,80.0,2023-10
3277,eastern_opl,2023-10-11 18:00:00+00:00,0.5,80.0,2023-10
3279,western_opl,2023-10-03 16:30:00+00:00,75.0,81.0,2023-10
3279,western_opl,2023-10-09 05:00:00+00:00,57.5,81.0,2023-10
3279,western_opl,2023-10-12 16:00:00+00:00,7.0,81.0,2023-10
3279,western_opl,2023-10-14 06:00:00+00:00,1.0,81.0,2023-10
3280,eastern_opl,2023-10-03 12:30:00+00:00,11.0,80.0,2023-10
3280,eastern_opl,2023-10-18 22:30:00+00:00,24.0,80.0,2023-10
3280,port_core,2023-10-20 22:30:00+00:00,7.5,80.0,2023-10
3280,port_core,2023-10-28 22:00:00+00:00,11.0,80.0,2023-10
3294,eastern_opl,2023-10-29 14:30:00+00:00,7.0,70.0,2023-10
3295,eastern_opl,2023-10-15 01:00:00+00:00,8.0,80.0,2023-10
3295,port_core,2023-10-01 17:00:00+00:00,15.5,80.0,2023-10
3295,western_opl,2023-10-02 21:00:00+00:00,95.0,80.0,2023-10
3295,western_opl,2023-10-08 20:30:00+00:00,32.0,80.0,2023-10
3295,western_opl,2023-10-12 11:00:00+00:00,24.5,80.0,2023-10
3296,eastern_opl,2023-10-05 09:00:00+00:00,14.5,84.0,2023-10
3296,eastern_opl,2023-10-09 23:00:00+00:00,158.0,84.0,2023-10
3296,port_core,2023-10-04 06:00:00+00:00,2.5,84.0,2023-10
3296,port_core,2023-10-20 10:00:00+00:00,54.0,84.0,2023-10
3297,eastern_opl,2023-10-02 19:00:00+00:00,82.0,80.0,2023-10
3297,western_opl,2023-10-01 01:30:00+00:00,32.0,80.0,2023-10
3302,eastern_opl,2023-10-19 00:30:00+00:00,22.0,80.0,2023-10
3302,eastern_opl,2023-10-25 08:30:00+00:00,25.5,80.0,2023-10
3303,western_opl,2023-10-13 14:00:00+00:00,5.5,81.0,2023-10
3303,western_opl,2023-10-18 07:00:00+00:00,14.5,81.0,2023-10
3310,eastern_opl,2023-10-02 17:30:00+00:00,18.0,70.0,2023-10
3310,eastern_opl,2023-10-26 22:00:00+00:00,7.5,70.0,2023-10
3311,eastern_opl,2023-10-27 15:00:00+00:00,80.0,70.0,2023-10
3312,western_opl,2023-10-20 05:00:00+00:00,11.0,80.0,2023-10
3315,port_core,2023-10-04 00:00:00+00:00,68.0,89.0,2023-10
3315,port_core,2023-10-08 17:30:00+00:00,0.5,89.0,2023-10
3316,eastern_opl,2023-10-16 09:00:00+00:00,0.0,70.0,2023-10
3317,eastern_opl,2023-10-01 00:00:00+00:00,2.5,70.0,2023-10
3318,port_core,2023-10-27 20:00:00+00:00,7.5,70.0,2023-10
3321,eastern_opl,2023-10-12 07:30:00+00:00,11.0,70.0,2023-10
3322,eastern_opl,2023-10-04 10:00:00+00:00,18.0,70.0,2023-10
3323,port_core,2023-10-13 11:00:00+00:00,14.0,70.0,2023-10
3325,port_core,2023-10-27 08:30:00+00:00,4.5,70.0,2023-10
3327,eastern_opl,2023-10-25 08:30:00+00:00,7.0,70.0,2023-10
3328,eastern_opl,2023-10-25 09:00:00+00:00,4.5,70.0,2023-10
3333,port_core,2023-10-27 06:00:00+00:00,3.0,80.0,2023-10
3333,western_opl,2023-10-08 17:30:00+00:00,44.0,80.0,2023-10
3333,western_opl,2023-10-26 23:30:00+00:00,6.0,80.0,2023-10
3335,port_core,2023-10-10 11:30:00+00:00,35.0,70.0,2023-10
3336,port_core,2023-10-12 07:30:00+00:00,10.5,70.0,2023-10
3337,port_core,2023-10-29 03:00:00+00:00,14.0,80.0,2023-10
3339,port_core,2023-10-25 23:30:00+00:00,25.5,71.0,2023-10
3341,western_opl,2023-10-05 13:00:00+00:00,21.5,84.0,2023-10
3342,port_core,2023-10-30 16:00:00+00:00,7.0,77.0,2023-10
3344,western_opl,2023-10-18 10:30:00+00:00,2.0,84.0,2023-10
3346,western_opl,2023-10-16 16:30:00+00:00,22.0,81.0,2023-10
3347,western_opl,2023-10-29 02:30:00+00:00,13.5,84.0,2023-10
3348,western_opl,2023-10-13 11:00:00+00:00,22.0,81.0,2023-10
3350,western_opl,2023-10-25 08:30:00+00:00,16.0,81.0,2023-10
3351,western_opl,2023-10-01 00:00:00+00:00,15.0,84.0,2023-10
3352,western_opl,2023-10-10 03:00:00+00:00,10.5,81.0,2023-10
3354,western_opl,2023-10-02 10:30:00+00:00,21.5,84.0,2023-10
3356,port_core,2023-10-29 02:00:00+00:00,13.5,70.0,2023-10
3357,port_core,2023-10-17 17:00:00+00:00,22.0,70.0,2023-10
3358,eastern_opl,2023-10-04 01:00:00+00:00,13.5,70.0,2023-10
3360,port_core,2023-10-27 20:30:00+00:00,22.5,70.0,2023-10
3361,port_core,2023-10-30 12:30:00+00:00,11.5,80.0,2023-10
3362,port_core,2023-10-05 01:00:00+00:00,43.0,70.0,2023-10
3363,eastern_opl,2023-10-06 03:00:00+00:00,12.5,80.0,2023-10
3364,port_core,2023-10-06 10:30:00+00:00,9.5,80.0,2023-10
3364,port_core,2023-10-08 17:30:00+00:00,1.5,80.0,2023-10
3364,port_core,2023-10-11 15:30:00+00:00,65.0,80.0,2023-10
3364,port_core,2023-10-29 05:30:00+00:00,19.0,80.0,2023-10
3364,western_opl,2023-10-01 12:30:00+00:00,36.5,80.0,2023-10
3364,western_opl,2023-10-04 08:30:00+00:00,7.5,80.0,2023-10
3364,western_opl,2023-10-09 17:30:00+00:00,12.5,80.0,2023-10
3364,western_opl,2023-10-16 17:00:00+00:00,41.0,80.0,2023-10
3364,western_opl,2023-10-21 09:00:00+00:00,13.5,80.0,2023-10
3364,western_opl,2023-10-26 10:00:00+00:00,33.5,80.0,2023-10
3366,eastern_opl,2023-10-26 10:30:00+00:00,13.5,70.0,2023-10
3367,port_core,2023-10-02 10:00:00+00:00,7.5,70.0,2023-10
3369,port_core,2023-10-30 10:30:00+00:00,12.5,70.0,2023-10
3370,eastern_opl,2023-10-21 02:00:00+00:00,20.5,70.0,2023-10
3374,western_opl,2023-10-20 09:30:00+00:00,15.5,80.0,2023-10
3375,western_opl,2023-10-12 17:30:00+00:00,169.0,82.0,2023-10
3375,western_opl,2023-10-25 08:30:00+00:00,25.5,82.0,2023-10
3376,port_core,2023-10-06 12:30:00+00:00,7.5,89.0,2023-10
3377,eastern_opl,2023-10-04 16:30:00+00:00,21.5,81.0,2023-10
3378,port_core,2023-10-16 09:30:00+00:00,39.5,80.0,2023-10
3379,port_core,2023-10-25 09:00:00+00:00,22.5,70.0,2023-10
3381,port_core,2023-10-16 09:00:00+00:00,1.5,70.0,2023-10
3382,port_core,2023-10-06 14:00:00+00:00,6.0,70.0,2023-10
3383,port_core,2023-10-08 18:00:00+00:00,0.0,82.0,2023-10
3384,port_core,2023-10-03 06:00:00+00:00,86.0,70.0,2023-10
3384,port_core,2023-10-08 17:30:00+00:00,5.5,70.0,2023-10
3385,eastern_opl,2023-10-19 17:00:00+00:00,9.0,70.0,2023-10
3386,port_core,2023-10-13 16:30:00+00:00,8.0,70.0,2023-10
3387,western_opl,2023-10-26 11:00:00+00:00,16.0,82.0,2023-10
3388,port_core,2023-10-16 09:30:00+00:00,0.5,80.0,2023-10
3389,port_core,2023-10-30 23:00:00+00:00,1.0,70.0,2023-10
3390,port_core,2023-10-18 03:30:00+00:00,43.5,80.0,2023-10
3391,western_opl,2023-10-02 00:30:00+00:00,8.5,80.0,2023-10
3392,eastern_opl,2023-10-26 11:30:00+00:00,0.0,70.0,2023-10
3392,port_core,2023-10-26 12:00:00+00:00,0.0,70.0,2023-10
3393,port_core,2023-10-28 23:00:00+00:00,15.5,70.0,2023-10
3394,port_core,2023-10-14 13:00:00+00:00,20.5,70.0,2023-10
3395,eastern_opl,2023-10-02 05:30:00+00:00,33.0,70.0,2023-10
3395,port_core,2023-10-02 01:00:00+00:00,46.5,70.0,2023-10
3397,port_core,2023-10-08 18:00:00+00:00,15.0,70.0,2023-10
3398,port_core,2023-10-03 22:30:00+00:00,16.5,70.0,2023-10
3399,eastern_opl,2023-10-10 02:30:00+00:00,18.0,70.0,2023-10
3401,eastern_opl,2023-10-30 08:30:00+00:00,4.5,70.0,2023-10
3402,port_core,2023-10-26 20:00:00+00:00,19.0,70.0,2023-10
3403,eastern_opl,2023-10-16 09:00:00+00:00,5.0,70.0,2023-10
3404,eastern_opl,2023-10-09 11:00:00+00:00,13.5,79.0,2023-10
3405,eastern_opl,2023-10-21 09:30:00+00:00,6.0,70.0,2023-10
3406,port_core,2023-10-11 18:00:00+00:00,4.5,71.0,2023-10
3407,port_core,2023-10-13 09:00:00+00:00,17.5,70.0,2023-10
3410,port_core,2023-10-20 16:30:00+00:00,19.0,70.0,2023-10
3411,port_core,2023-10-11 09:30:00+00:00,22.0,70.0,2023-10
3412,eastern_opl,2023-10-01 00:00:00+00:00,6.0,70.0,2023-10
3413,port_core,2023-10-27 13:30:00+00:00,35.5,70.0,2023-10
3416,port_core,2023-10-01 00:00:00+00:00,7.0,70.0,2023-10
3416,western_opl,2023-10-01 08:00:00+00:00,0.5,70.0,2023-10
3417,eastern_opl,2023-10-10 04:00:00+00:00,0.5,81.0,2023-10
3417,port_core,2023-10-10 07:30:00+00:00,86.5,81.0,2023-10
3417,port_core,2023-10-29 22:30:00+00:00,25.5,81.0,2023-10
3419,eastern_opl,2023-10-02 04:00:00+00:00,12.5,80.0,2023-10
3420,port_core,2023-10-26 09:00:00+00:00,9.5,70.0,2023-10
3423,eastern_opl,2023-10-20 17:00:00+00:00,29.5,80.0,2023-10
3425,port_core,2023-10-03 07:30:00+00:00,84.5,70.0,2023-10
3428,port_core,2023-10-11 10:00:00+00:00,7.5,89.0,2023-10
3429,eastern_opl,2023-10-01 00:00:00+00:00,22.5,79.0,2023-10
3430,port_core,2023-10-14 00:30:00+00:00,13.0,70.0,2023-10
3431,eastern_opl,2023-10-15 04:30:00+00:00,5.0,70.0,2023-10
3433,port_core,2023-10-01 00:30:00+00:00,9.0,70.0,2023-10
3433,port_core,2023-10-25 09:00:00+00:00,9.5,70.0,2023-10
3434,port_core,2023-10-25 11:30:00+00:00,37.5,70.0,2023-10
3435,port_core,2023-10-21 06:30:00+00:00,4.0,70.0,2023-10
3438,port_core,2023-10-12 13:00:00+00:00,22.0,70.0,2023-10
3439,eastern_opl,2023-10-06 19:30:00+00:00,0.5,80.0,2023-10
3441,port_core,2023-10-21 09:30:00+00:00,13.0,70.0,2023-10
3442,eastern_opl,2023-10-03 19:00:00+00:00,41.5,80.0,2023-10
3442,port_core,2023-10-09 23:00:00+00:00,6.5,80.0,2023-10
3443,port_core,2023-10-06 11:00:00+00:00,9.0,80.0,2023-10
3444,eastern_opl,2023-10-26 15:30:00+00:00,3.5,70.0,2023-10
3445,port_core,2023-10-29 03:00:00+00:00,40.0,80.0,2023-10
3446,port_core,2023-10-16 23:00:00+00:00,39.0,80.0,2023-10
3447,port_core,2023-10-01 21:00:00+00:00,56.5,80.0,2023-10
3447,port_core,2023-10-06 11:30:00+00:00,8.5,80.0,2023-10
3448,port_core,2023-10-10 08:00:00+00:00,12.0,80.0,2023-10
3449,eastern_opl,2023-10-03 18:30:00+00:00,7.0,70.0,2023-10
3450,port_core,2023-10-02 07:30:00+00:00,53.0,80.0,2023-10
3452,eastern_opl,2023-10-09 18:00:00+00:00,26.5,80.0,2023-10
3452,eastern_opl,2023-10-17 23:30:00+00:00,29.5,80.0,2023-10
3452,port_core,2023-10-05 04:00:00+00:00,40.0,80.0,2023-10
3452,port_core,2023-10-25 11:30:00+00:00,10.5,80.0,2023-10
3453,port_core,2023-10-14 07:00:00+00:00,78.5,70.0,2023-10
3454,port_core,2023-10-15 08:30:00+00:00,25.5,80.0,2023-10
3454,western_opl,2023-10-10 19:00:00+00:00,1.5,80.0,2023-10
3455,port_core,2023-10-11 08:30:00+00:00,31.0,79.0,2023-10
3456,port_core,2023-10-14 09:00:00+00:00,2.0,70.0,2023-10
3457,eastern_opl,2023-10-12 07:30:00+00:00,9.5,70.0,2023-10
3458,western_opl,2023-10-25 09:00:00+00:00,62.0,84.0,2023-10
3459,port_core,2023-10-28 03:30:00+00:00,29.0,80.0,2023-10
3460,eastern_opl,2023-10-18 07:00:00+00:00,87.5,80.0,2023-10
3460,eastern_opl,2023-10-26 12:30:00+00:00,19.5,80.0,2023-10
3460,port_core,2023-10-14 18:30:00+00:00,44.5,80.0,2023-10
3461,port_core,2023-10-06 15:00:00+00:00,2.0,80.0,2023-10
3461,western_opl,2023-10-06 17:30:00+00:00,2.5,80.0,2023-10
3462,port_core,2023-10-29 08:00:00+00:00,13.5,70.0,2023-10
3465,port_core,2023-10-01 00:00:00+00:00,12.5,80.0,2023-10
3469,port_core,2023-10-20 09:30:00+00:00,14.5,80.0,2023-10
3470,port_core,2023-10-21 08:00:00+00:00,32.0,80.0,2023-10
3470,western_opl,2023-10-12 10:30:00+00:00,43.5,80.0,2023-10
3472,western_opl,2023-10-08 18:00:00+00:00,7.0,80.0,2023-10
3473,port_core,2023-10-10 10:30:00+00:00,0.5,70.0,2023-10
3473,port_core,2023-10-13 12:00:00+00:00,17.5,70.0,2023-10
3473,port_core,2023-10-16 09:00:00+00:00,6.5,70.0,2023-10
3474,port_core,2023-10-17 04:30:00+00:00,15.5,70.0,2023-10
3476,eastern_opl,2023-10-01 00:00:00+00:00,27.5,81.0,2023-10
3477,western_opl,2023-10-03 20:30:00+00:00,9.0,89.0,2023-10
3478,port_core,2023-10-30 08:00:00+00:00,15.0,89.0,2023-10
3480,eastern_opl,2023-10-20 01:30:00+00:00,16.5,70.0,2023-10
3481,port_core,2023-10-05 18:00:00+00:00,26.0,89.0,2023-10
3482,eastern_opl,2023-10-11 08:30:00+00:00,38.5,70.0,2023-10
3483,port_core,2023-10-20 20:00:00+00:00,12.0,70.0,2023-10
3484,port_core,2023-10-01 08:30:00+00:00,22.5,80.0,2023-10
3484,port_core,2023-10-10 14:30:00+00:00,64.0,80.0,2023-10
3484,port_core,2023-10-26 02:30:00+00:00,62.0,80.0,2023-10
3485,port_core,2023-10-29 17:30:00+00:00,7.5,80.0,2023-10
3486,port_core,2023-10-06 14:00:00+00:00,6.0,85.0,2023-10
3487,port_core,2023-10-12 20:30:00+00:00,13.5,80.0,2023-10
3488,eastern_opl,2023-10-06 06:30:00+00:00,7.0,80.0,2023-10
3490,port_core,2023-10-17 03:30:00+00:00,28.5,80.0,2023-10
3490,port_core,2023-10-21 09:30:00+00:00,12.5,80.0,2023-10
3492,western_opl,2023-10-27 05:30:00+00:00,25.0,70.0,2023-10
3493,port_core,2023-10-04 19:00:00+00:00,12.0,80.0,2023-10
3494,port_core,2023-10-09 12:00:00+00:00,58.0,70.0,2023-10
3495,eastern_opl,2023-10-15 08:00:00+00:00,32.0,70.0,2023-10
3496,port_core,2023-10-12 12:00:00+00:00,43.5,70.0,2023-10
3497,western_opl,2023-10-18 07:00:00+00:00,17.5,80.0,2023-10
3498,western_opl,2023-10-27 21:00:00+00:00,11.5,80.0,2023-10
3499,port_core,2023-10-16 09:00:00+00:00,103.0,79.0,2023-10
3500,eastern_opl,2023-10-25 18:30:00+00:00,35.0,83.0,2023-10
3500,port_core,2023-10-25 09:00:00+00:00,6.0,83.0,2023-10
3503,port_core,2023-10-04 04:30:00+00:00,9.5,70.0,2023-10
3506,port_core,2023-10-09 23:30:00+00:00,16.5,71.0,2023-10
3508,eastern_opl,2023-10-01 05:00:00+00:00,6.5,70.0,2023-10
3508,port_core,2023-10-01 00:30:00+00:00,4.0,70.0,2023-10
3509,eastern_opl,2023-10-27 19:30:00+00:00,13.5,70.0,2023-10
3510,port_core,2023-10-16 19:00:00+00:00,16.5,70.0,2023-10
3511,port_core,2023-10-16 09:00:00+00:00,12.5,89.0,2023-10
3511,western_opl,2023-10-08 17:30:00+00:00,51.0,89.0,2023-10
3512,eastern_opl,2023-10-11 14:30:00+00:00,7.0,89.0,2023-10
3512,western_opl,2023-10-10 13:30:00+00:00,7.0,89.0,2023-10
3513,port_core,2023-10-04 17:30:00+00:00,12.0,80.0,2023-10
3513,port_core,2023-10-06 15:00:00+00:00,5.0,80.0,2023-10
3514,eastern_opl,2023-10-12 14:00:00+00:00,67.5,80.0,2023-10
3514,port_core,2023-10-09 17:30:00+00:00,27.0,80.0,2023-10
3516,eastern_opl,2023-10-08 18:00:00+00:00,47.5,70.0,2023-10
3518,port_core,2023-10-21 00:30:00+00:00,21.5,70.0,2023-10
3519,port_core,2023-10-18 11:30:00+00:00,83.0,80.0,2023-10
3522,port_core,2023-10-19 00:00:00+00:00,5.0,70.0,2023-10
3523,eastern_opl,2023-10-21 12:30:00+00:00,4.5,70.0,2023-10
3523,port_core,2023-10-21 17:30:00+00:00,5.0,70.0,2023-10
3524,port_core,2023-10-03 08:30:00+00:00,83.5,80.0,2023-10
3525,eastern_opl,2023-10-13 23:30:00+00:00,13.0,80.0,2023-10
3528,port_core,2023-10-10 14:00:00+00:00,6.5,80.0,2023-10
3529,port_core,2023-10-09 19:30:00+00:00,13.5,80.0,2023-10
3530,port_core,2023-10-12 11:30:00+00:00,120.5,70.0,2023-10
3531,port_core,2023-10-17 09:30:00+00:00,22.5,70.0,2023-10
3532,port_core,2023-10-05 11:30:00+00:00,32.0,70.0,2023-10
3533,port_core,2023-10-01 00:00:00+00:00,2.5,80.0,2023-10
3534,port_core,2023-10-10 20:00:00+00:00,0.5,80.0,2023-10
3534,western_opl,2023-10-01 00:00:00+00:00,118.0,80.0,2023-10
3534,western_opl,2023-10-11 08:30:00+00:00,0.5,80.0,2023-10
3535,western_opl,2023-10-12 11:00:00+00:00,8.0,80.0,2023-10
3536,eastern_opl,2023-10-18 08:00:00+00:00,11.5,70.0,2023-10
3537,port_core,2023-10-20 18:30:00+00:00,0.0,70.0,2023-10
3538,port_core,2023-10-01 00:00:00+00:00,23.5,70.0,2023-10
3538,western_opl,2023-10-01 03:00:00+00:00,21.5,70.0,2023-10
3539,port_core,2023-10-09 03:00:00+00:00,115.0,80.0,2023-10
3542,port_core,2023-10-14 11:30:00+00:00,12.5,70.0,2023-10
3543,western_opl,2023-10-02 01:30:00+00:00,114.5,80.0,2023-10
3543,western_opl,2023-10-08 17:30:00+00:00,45.5,80.0,2023-10
3544,port_core,2023-10-21 05:30:00+00:00,34.5,70.0,2023-10
3545,port_core,2023-10-08 18:00:00+00:00,27.5,80.0,2023-10
3546,port_core,2023-10-04 07:00:00+00:00,21.0,80.0,2023-10
3547,port_core,2023-10-25 09:00:00+00:00,12.5,89.0,2023-10
3548,port_core,2023-10-30 08:30:00+00:00,8.0,70.0,2023-10
3549,eastern_opl,2023-10-29 22:30:00+00:00,0.0,70.0,2023-10
3549,port_core,2023-10-29 01:00:00+00:00,21.0,70.0,2023-10
3550,port_core,2023-10-06 02:30:00+00:00,12.5,70.0,2023-10
3552,western_opl,2023-10-01 09:30:00+00:00,7.5,80.0,2023-10
3552,western_opl,2023-10-20 16:00:00+00:00,9.0,80.0,2023-10
3553,port_core,2023-10-05 19:00:00+00:00,17.0,80.0,2023-10
3554,eastern_opl,2023-10-01 19:00:00+00:00,20.5,70.0,2023-10
3555,eastern_opl,2023-10-01 10:00:00+00:00,19.5,70.0,2023-10
3557,port_core,2023-10-08 21:30:00+00:00,10.5,80.0,2023-10
3558,eastern_opl,2023-10-09 14:00:00+00:00,9.5,70.0,2023-10
3559,port_core,2023-10-03 02:00:00+00:00,6.5,70.0,2023-10
3560,eastern_opl,2023-10-05 15:30:00+00:00,8.5,70.0,2023-10
3560,eastern_opl,2023-10-25 16:00:00+00:00,10.5,70.0,2023-10
3561,port_core,2023-10-25 09:30:00+00:00,31.0,80.0,2023-10
3562,port_core,2023-10-28 15:30:00+00:00,29.0,80.0,2023-10
3565,port_core,2023-10-21 09:30:00+00:00,13.0,80.0,2023-10
3566,port_core,2023-10-21 07:30:00+00:00,15.0,80.0,2023-10
3567,eastern_opl,2023-10-29 05:30:00+00:00,11.0,70.0,2023-10
3568,port_core,2023-10-21 15:00:00+00:00,7.0,80.0,2023-10
3569,port_core,2023-10-20 14:30:00+00:00,17.5,70.0,2023-10
3570,eastern_opl,2023-10-03 18:00:00+00:00,11.5,70.0,2023-10
3571,port_core,2023-10-09 07:30:00+00:00,8.5,70.0,2023-10
3572,western_opl,2023-10-19 17:00:00+00:00,0.0,80.0,2023-10
3574,port_core,2023-10-06 14:30:00+00:00,5.0,79.0,2023-10
3575,port_core,2023-10-27 07:30:00+00:00,65.5,70.0,2023-10
3576,port_core,2023-10-17 13:30:00+00:00,21.0,70.0,2023-10
3577,eastern_opl,2023-10-02 23:00:00+00:00,7.0,70.0,2023-10
3577,port_core,2023-10-20 12:00:00+00:00,34.5,70.0,2023-10
3578,port_core,2023-10-11 13:00:00+00:00,22.5,79.0,2023-10
3579,port_core,2023-10-26 14:00:00+00:00,12.0,70.0,2023-10
3581,port_core,2023-10-21 05:00:00+00:00,6.5,82.0,2023-10
3581,western_opl,2023-10-21 00:30:00+00:00,39.5,82.0,2023-10
3582,port_core,2023-10-18 17:30:00+00:00,11.5,80.0,2023-10
3582,western_opl,2023-10-09 15:00:00+00:00,69.5,80.0,2023-10
3582,western_opl,2023-10-14 04:30:00+00:00,21.0,80.0,2023-10
3582,western_opl,2023-10-16 09:00:00+00:00,14.0,80.0,2023-10
3587,port_core,2023-10-06 08:00:00+00:00,12.0,70.0,2023-10
3590,port_core,2023-10-18 15:30:00+00:00,13.5,80.0,2023-10
3591,port_core,2023-10-04 15:00:00+00:00,15.5,80.0,2023-10
3593,port_core,2023-10-15 09:00:00+00:00,0.5,80.0,2023-10
3594,eastern_opl,2023-10-17 00:30:00+00:00,113.5,80.0,2023-10
3594,eastern_opl,2023-10-28 20:30:00+00:00,11.0,80.0,2023-10
3594,port_core,2023-10-28 06:30:00+00:00,4.5,80.0,2023-10
3594,western_opl,2023-10-14 15:00:00+00:00,5.0,80.0,2023-10
3595,eastern_opl,2023-10-11 21:00:00+00:00,84.5,80.0,2023-10
3595,port_core,2023-10-03 11:30:00+00:00,18.0,80.0,2023-10
3595,port_core,2023-10-05 16:00:00+00:00,19.5,80.0,2023-10
3595,port_core,2023-10-10 00:30:00+00:00,11.5,80.0,2023-10
3597,port_core,2023-10-16 09:00:00+00:00,1.5,70.0,2023-10
3598,port_core,2023-10-20 13:00:00+00:00,2.5,70.0,2023-10
3599,eastern_opl,2023-10-11 09:00:00+00:00,3.5,70.0,2023-10
3600,port_core,2023-10-05 23:00:00+00:00,7.0,70.0,2023-10
3605,eastern_opl,2023-10-02 05:00:00+00:00,13.0,70.0,2023-10
3606,western_opl,2023-10-21 01:00:00+00:00,16.0,80.0,2023-10
3607,port_core,2023-10-17 15:00:00+00:00,22.0,70.0,2023-10
3608,port_core,2023-10-16 20:00:00+00:00,21.0,70.0,2023-10
3610,port_core,2023-10-20 16:30:00+00:00,9.0,70.0,2023-10
3612,port_core,2023-10-04 04:30:00+00:00,9.5,70.0,2023-10
3613,port_core,2023-10-03 00:00:00+00:00,30.5,80.0,2023-10
3614,eastern_opl,2023-10-26 04:00:00+00:00,0.5,89.0,2023-10
3614,port_core,2023-10-25 09:00:00+00:00,18.5,89.0,2023-10
3617,eastern_opl,2023-10-05 23:00:00+00:00,15.5,70.0,2023-10
3621,port_core,2023-10-20 08:00:00+00:00,23.0,70.0,2023-10
3623,port_core,2023-10-02 00:00:00+00:00,13.5,70.0,2023-10
3624,port_core,2023-10-27 15:30:00+00:00,16.5,70.0,2023-10
3625,port_core,2023-10-30 09:30:00+00:00,14.5,70.0,2023-10
3626,port_core,2023-10-13 22:30:00+00:00,33.0,70.0,2023-10
3627,port_core,2023-10-16 09:00:00+00:00,7.0,70.0,2023-10
3630,port_core,2023-10-08 18:00:00+00:00,0.0,70.0,2023-10
3631,port_core,2023-10-11 10:30:00+00:00,4.0,79.0,2023-10
3632,port_core,2023-10-28 10:00:00+00:00,10.5,79.0,2023-10
3633,eastern_opl,2023-10-01 00:00:00+00:00,13.0,70.0,2023-10
3634,port_core,2023-10-30 15:00:00+00:00,8.5,70.0,2023-10
3636,port_core,2023-10-01 22:00:00+00:00,8.0,70.0,2023-10
3637,port_core,2023-10-11 09:00:00+00:00,5.0,70.0,2023-10
3639,eastern_opl,2023-10-16 10:00:00+00:00,1.5,70.0,2023-10
3640,port_core,2023-10-19 16:30:00+00:00,5.0,70.0,2023-10
3641,port_core,2023-10-01 06:30:00+00:00,10.0,70.0,2023-10
3641,port_core,2023-10-13 02:00:00+00:00,6.5,70.0,2023-10
3642,port_core,2023-10-10 00:30:00+00:00,20.0,80.0,2023-10
3642,port_core,2023-10-21 17:30:00+00:00,4.5,80.0,2023-10
3643,eastern_opl,2023-10-22 16:00:00+00:00,0.0,70.0,2023-10
3644,eastern_opl,2023-10-20 23:00:00+00:00,23.5,80.0,2023-10
3645,port_core,2023-10-01 00:00:00+00:00,16.0,80.0,2023-10
3645,port_core,2023-10-03 00:00:00+00:00,50.5,80.0,2023-10
3646,port_core,2023-10-14 15:00:00+00:00,44.5,80.0,2023-10
3647,port_core,2023-10-03 16:00:00+00:00,20.0,80.0,2023-10
3647,western_opl,2023-10-13 02:00:00+00:00,25.5,80.0,2023-10
3647,western_opl,2023-10-28 09:00:00+00:00,62.5,80.0,2023-10
3648,eastern_opl,2023-10-17 03:00:00+00:00,20.5,80.0,2023-10
3649,eastern_opl,2023-10-08 18:00:00+00:00,5.0,80.0,2023-10
3650,port_core,2023-10-09 14:30:00+00:00,7.0,79.0,2023-10
3651,port_core,2023-10-26 01:30:00+00:00,27.0,70.0,2023-10
3652,western_opl,2023-10-18 04:00:00+00:00,21.0,81.0,2023-10
3653,port_core,2023-10-15 09:00:00+00:00,0.5,70.0,2023-10
3654,port_core,2023-10-19 16:30:00+00:00,49.0,79.0,2023-10
3656,port_core,2023-10-12 11:30:00+00:00,21.5,80.0,2023-10
3657,eastern_opl,2023-10-05 22:30:00+00:00,0.0,70.0,2023-10
3658,port_core,2023-10-29 04:00:00+00:00,14.0,70.0,2023-10
3659,port_core,2023-10-21 10:00:00+00:00,12.5,70.0,2023-10
3660,port_core,2023-10-16 09:00:00+00:00,15.0,70.0,2023-10
3661,eastern_opl,2023-10-28 17:00:00+00:00,26.0,80.0,2023-10
3662,eastern_opl,2023-10-29 16:00:00+00:00,9.0,70.0,2023-10
3663,port_core,2023-10-20 22:30:00+00:00,41.5,70.0,2023-10
3664,port_core,2023-10-17 10:00:00+00:00,12.5,70.0,2023-10
3665,port_core,2023-10-20 23:30:00+00:00,23.0,70.0,2023-10
3666,port_core,2023-10-18 15:30:00+00:00,10.0,70.0,2023-10
3667,eastern_opl,2023-10-16 17:00:00+00:00,10.0,89.0,2023-10
3668,port_core,2023-10-01 03:30:00+00:00,26.0,80.0,2023-10
3669,port_core,2023-10-18 20:00:00+00:00,31.0,80.0,2023-10
3671,port_core,2023-10-21 02:30:00+00:00,16.0,70.0,2023-10
3672,eastern_opl,2023-10-04 10:00:00+00:00,58.0,80.0,2023-10
3672,eastern_opl,2023-10-08 17:30:00+00:00,4.0,80.0,2023-10
3673,eastern_opl,2023-10-26 02:00:00+00:00,12.5,79.0,2023-10
3674,port_core,2023-10-30 09:00:00+00:00,6.5,70.0,2023-10
3675,port_core,2023-10-01 00:00:00+00:00,79.5,80.0,2023-10
3678,port_core,2023-10-20 02:00:00+00:00,14.0,70.0,2023-10
3679,western_opl,2023-10-25 12:30:00+00:00,9.5,80.0,2023-10
3679,western_opl,2023-10-28 21:30:00+00:00,27.5,80.0,2023-10
3681,eastern_opl,2023-10-14 03:30:00+00:00,26.5,80.0,2023-10
3682,eastern_opl,2023-10-19 04:00:00+00:00,66.0,80.0,2023-10
3682,port_core,2023-10-08 17:30:00+00:00,20.0,80.0,2023-10
3682,port_core,2023-10-11 08:30:00+00:00,14.0,80.0,2023-10
3682,western_opl,2023-10-14 02:30:00+00:00,31.0,80.0,2023-10
3683,port_core,2023-10-30 22:30:00+00:00,1.5,79.0,2023-10
3684,port_core,2023-10-08 17:30:00+00:00,5.0,70.0,2023-10
3685,port_core,2023-10-25 08:30:00+00:00,7.0,82.0,2023-10
3686,port_core,2023-10-13 02:00:00+00:00,14.5,70.0,2023-10
3687,eastern_opl,2023-10-12 17:00:00+00:00,20.5,80.0,2023-10
3687,western_opl,2023-10-16 09:00:00+00:00,12.5,80.0,2023-10
3688,eastern_opl,2023-10-29 07:00:00+00:00,11.0,70.0,2023-10
3689,eastern_opl,2023-10-06 06:00:00+00:00,14.0,80.0,2023-10
3689,eastern_opl,2023-10-08 17:30:00+00:00,51.0,80.0,2023-10
3689,port_core,2023-10-01 08:30:00+00:00,37.0,80.0,2023-10
3689,port_core,2023-10-04 03:30:00+00:00,9.0,80.0,2023-10
3690,eastern_opl,2023-10-19 17:30:00+00:00,52.5,82.0,2023-10
3690,eastern_opl,2023-10-28 02:30:00+00:00,46.5,82.0,2023-10
3690,port_core,2023-10-25 22:00:00+00:00,47.5,82.0,2023-10
3691,port_core,2023-10-27 04:00:00+00:00,4.0,70.0,2023-10
3693,port_core,2023-10-27 02:30:00+00:00,4.0,70.0,2023-10
3694,port_core,2023-10-12 11:30:00+00:00,10.5,70.0,2023-10
3696,eastern_opl,2023-10-16 09:30:00+00:00,15.5,70.0,2023-10
3698,port_core,2023-10-19 20:30:00+00:00,17.0,70.0,2023-10
3699,port_core,2023-10-26 02:30:00+00:00,7.0,70.0,2023-10
3700,port_core,2023-10-20 19:30:00+00:00,14.5,70.0,2023-10
3701,eastern_opl,2023-10-04 08:30:00+00:00,7.5,79.0,2023-10
3703,port_core,2023-10-15 07:30:00+00:00,0.5,70.0,2023-10
3704,port_core,2023-10-28 20:30:00+00:00,39.5,70.0,2023-10
3705,port_core,2023-10-25 16:30:00+00:00,19.0,70.0,2023-10
3706,western_opl,2023-10-29 10:00:00+00:00,37.5,80.0,2023-10
3707,port_core,2023-10-18 04:00:00+00:00,78.0,70.0,2023-10
3709,port_core,2023-10-25 09:00:00+00:00,20.5,70.0,2023-10
3710,port_core,2023-10-02 18:00:00+00:00,6.5,70.0,2023-10
3711,eastern_opl,2023-10-02 03:00:00+00:00,54.5,89.0,2023-10
3711,port_core,2023-10-04 14:30:00+00:00,52.5,89.0,2023-10
3711,port_core,2023-10-28 09:30:00+00:00,39.5,89.0,2023-10
3712,eastern_opl,2023-10-26 11:30:00+00:00,18.0,70.0,2023-10
3713,port_core,2023-10-05 10:30:00+00:00,3.5,82.0,2023-10
3713,western_opl,2023-10-03 23:30:00+00:00,12.5,82.0,2023-10
3714,port_core,2023-10-19 20:30:00+00:00,9.0,70.0,2023-10
3715,port_core,2023-10-16 09:00:00+00:00,7.5,70.0,2023-10
3717,eastern_opl,2023-10-05 00:00:00+00:00,10.5,70.0,2023-10
3718,western_opl,2023-10-12 07:30:00+00:00,31.5,80.0,2023-10
3719,port_core,2023-10-30 08:00:00+00:00,11.0,79.0,2023-10
3720,port_core,2023-10-13 03:30:00+00:00,18.0,70.0,2023-10
3721,western_opl,2023-10-21 02:00:00+00:00,8.0,80.0,2023-10
3722,port_core,2023-10-30 19:30:00+00:00,4.0,70.0,2023-10
3723,port_core,2023-10-01 00:00:00+00:00,9.0,80.0,2023-10
3725,eastern_opl,2023-10-02 10:30:00+00:00,12.5,70.0,2023-10
3726,eastern_opl,2023-10-09 12:00:00+00:00,12.0,70.0,2023-10
3728,eastern_opl,2023-10-14 04:00:00+00:00,15.0,70.0,2023-10
3730,port_core,2023-10-06 09:00:00+00:00,11.0,70.0,2023-10
3731,eastern_opl,2023-10-18 09:30:00+00:00,12.5,70.0,2023-10
3732,western_opl,2023-10-08 18:00:00+00:00,62.5,80.0,2023-10
3734,port_core,2023-10-01 00:00:00+00:00,48.0,80.0,2023-10
3735,eastern_opl,2023-10-09 04:30:00+00:00,19.5,80.0,2023-10
3736,port_core,2023-10-04 17:30:00+00:00,12.0,89.0,2023-10
3737,port_core,2023-10-08 18:30:00+00:00,3.0,70.0,2023-10
3741,port_core,2023-10-03 23:30:00+00:00,5.0,70.0,2023-10
3743,eastern_opl,2023-10-02 23:30:00+00:00,9.0,70.0,2023-10
3744,port_core,2023-10-27 07:30:00+00:00,88.0,81.0,2023-10
3745,port_core,2023-10-09 07:30:00+00:00,7.0,70.0,2023-10
3747,port_core,2023-10-30 15:30:00+00:00,8.0,70.0,2023-10
3749,eastern_opl,2023-10-02 13:00:00+00:00,10.0,70.0,2023-10
3750,port_core,2023-10-08 20:00:00+00:00,10.0,70.0,2023-10
3751,port_core,2023-10-14 22:30:00+00:00,11.0,80.0,2023-10
3752,port_core,2023-10-13 03:30:00+00:00,83.5,70.0,2023-10
3753,port_core,2023-10-29 01:00:00+00:00,8.5,70.0,2023-10
3754,eastern_opl,2023-10-27 15:00:00+00:00,12.5,80.0,2023-10
3754,western_opl,2023-10-17 10:30:00+00:00,15.5,80.0,2023-10
3755,port_core,2023-10-12 11:00:00+00:00,11.0,70.0,2023-10
3756,port_core,2023-10-12 07:30:00+00:00,6.5,79.0,2023-10
3758,port_core,2023-10-06 15:00:00+00:00,5.0,70.0,2023-10
3759,western_opl,2023-10-26 03:00:00+00:00,102.0,80.0,2023-10
3760,western_opl,2023-10-19 17:00:00+00:00,9.5,80.0,2023-10
3761,port_core,2023-10-09 02:30:00+00:00,13.5,70.0,2023-10
3762,port_core,2023-10-30 08:00:00+00:00,15.5,70.0,2023-10
3764,port_core,2023-10-02 01:00:00+00:00,9.0,70.0,2023-10
3765,western_opl,2023-10-01 00:00:00+00:00,126.5,82.0,2023-10
3766,port_core,2023-10-20 23:00:00+00:00,15.5,70.0,2023-10
3767,port_core,2023-10-19 16:30:00+00:00,3.5,80.0,2023-10
3769,eastern_opl,2023-10-01 08:00:00+00:00,10.0,79.0,2023-10
3770,port_core,2023-10-21 05:30:00+00:00,17.0,70.0,2023-10
3771,eastern_opl,2023-10-21 12:00:00+00:00,10.5,70.0,2023-10
3772,port_core,2023-10-11 09:00:00+00:00,40.0,80.0,2023-10
3774,eastern_opl,2023-10-17 11:30:00+00:00,5.5,70.0,2023-10
3775,port_core,2023-10-20 07:30:00+00:00,7.0,70.0,2023-10
3776,western_opl,2023-10-21 20:30:00+00:00,2.0,72.0,2023-10
3777,port_core,2023-10-12 11:00:00+00:00,4.5,70.0,2023-10
3778,eastern_opl,2023-10-16 21:30:00+00:00,5.5,70.0,2023-10
3779,eastern_opl,2023-10-30 17:30:00+00:00,0.0,70.0,2023-10
3779,port_core,2023-10-30 08:00:00+00:00,9.0,70.0,2023-10
3780,eastern_opl,2023-10-09 12:30:00+00:00,101.0,80.0,2023-10
3780,port_core,2023-10-02 11:30:00+00:00,18.0,80.0,2023-10
3780,port_core,2023-10-21 20:00:00+00:00,1.5,80.0,2023-10
3780,port_core,2023-10-25 09:30:00+00:00,19.5,80.0,2023-10
3780,western_opl,2023-10-05 13:00:00+00:00,24.5,80.0,2023-10
3781,port_core,2023-10-30 19:00:00+00:00,4.5,70.0,2023-10
3782,eastern_opl,2023-10-05 12:00:00+00:00,32.0,80.0,2023-10
3782,port_core,2023-10-03 14:30:00+00:00,7.5,80.0,2023-10
3782,port_core,2023-10-26 19:30:00+00:00,53.5,80.0,2023-10
3783,eastern_opl,2023-10-19 17:00:00+00:00,8.5,70.0,2023-10
3784,port_core,2023-10-09 03:30:00+00:00,11.0,70.0,2023-10
3785,port_core,2023-10-16 09:00:00+00:00,80.5,70.0,2023-10
3787,western_opl,2023-10-10 01:00:00+00:00,13.5,84.0,2023-10
3788,western_opl,2023-10-13 16:30:00+00:00,77.5,89.0,2023-10
3789,western_opl,2023-10-06 03:30:00+00:00,16.5,84.0,2023-10
3790,western_opl,2023-10-28 07:30:00+00:00,17.5,84.0,2023-10
3791,port_core,2023-10-01 00:00:00+00:00,5.5,80.0,2023-10
3791,port_core,2023-10-02 07:30:00+00:00,41.0,80.0,2023-10
3791,western_opl,2023-10-02 15:00:00+00:00,28.0,80.0,2023-10
3792,western_opl,2023-10-20 06:00:00+00:00,40.0,82.0,2023-10
3793,port_core,2023-10-01 00:00:00+00:00,62.5,80.0,2023-10
3793,port_core,2023-10-10 20:30:00+00:00,44.0,80.0,2023-10
3794,port_core,2023-10-16 15:00:00+00:00,19.5,70.0,2023-10
3795,port_core,2023-10-20 18:00:00+00:00,7.0,70.0,2023-10
3797,port_core,2023-10-17 13:30:00+00:00,10.5,70.0,2023-10
3798,port_core,2023-10-25 23:30:00+00:00,14.5,80.0,2023-10
3802,port_core,2023-10-03 11:00:00+00:00,67.5,89.0,2023-10
3802,port_core,2023-10-30 08:00:00+00:00,7.0,89.0,2023-10
3803,port_core,2023-10-20 10:30:00+00:00,6.0,70.0,2023-10
3804,port_core,2023-10-21 14:00:00+00:00,8.5,70.0,2023-10
3805,port_core,2023-10-25 09:30:00+00:00,10.0,70.0,2023-10
3806,eastern_opl,2023-10-13 17:30:00+00:00,9.5,80.0,2023-10
3808,port_core,2023-10-03 23:30:00+00:00,43.5,80.0,2023-10
3809,port_core,2023-10-16 20:30:00+00:00,6.0,70.0,2023-10
3811,port_core,2023-10-25 08:30:00+00:00,7.5,83.0,2023-10
3812,eastern_opl,2023-10-19 00:00:00+00:00,22.5,70.0,2023-10
3813,port_core,2023-10-16 09:00:00+00:00,95.5,80.0,2023-10
3814,eastern_opl,2023-10-03 05:00:00+00:00,13.5,70.0,2023-10
3815,port_core,2023-10-18 05:30:00+00:00,8.5,70.0,2023-10
3816,port_core,2023-10-12 12:30:00+00:00,15.0,70.0,2023-10
3817,western_opl,2023-10-08 20:30:00+00:00,9.5,80.0,2023-10
3817,western_opl,2023-10-11 14:30:00+00:00,1.0,80.0,2023-10
3818,eastern_opl,2023-10-01 00:00:00+00:00,23.0,80.0,2023-10
3818,eastern_opl,2023-10-05 09:00:00+00:00,29.5,80.0,2023-10
3818,eastern_opl,2023-10-29 09:30:00+00:00,15.5,80.0,2023-10
3822,western_opl,2023-10-19 05:00:00+00:00,0.0,81.0,2023-10
3823,port_core,2023-10-13 02:00:00+00:00,8.0,70.0,2023-10
3828,port_core,2023-10-19 17:00:00+00:00,8.0,70.0,2023-10
3829,port_core,2023-10-06 11:00:00+00:00,9.0,70.0,2023-10
3830,port_core,2023-10-21 10:00:00+00:00,9.0,79.0,2023-10
3831,port_core,2023-10-04 03:30:00+00:00,34.5,70.0,2023-10
3831,port_core,2023-10-21 07:30:00+00:00,15.0,70.0,2023-10
3832,port_core,2023-10-13 01:30:00+00:00,10.0,79.0,2023-10
3833,port_core,2023-10-19 16:30:00+00:00,7.0,80.0,2023-10
3835,port_core,2023-10-19 04:00:00+00:00,66.5,80.0,2023-10
3836,eastern_opl,2023-10-13 10:30:00+00:00,11.0,70.0,2023-10
3837,western_opl,2023-10-06 19:30:00+00:00,0.5,80.0,2023-10
3838,eastern_opl,2023-10-06 17:00:00+00:00,0.0,81.0,2023-10
3838,eastern_opl,2023-10-10 15:00:00+00:00,4.0,81.0,2023-10
3838,eastern_opl,2023-10-13 19:30:00+00:00,63.5,81.0,2023-10
3840,western_opl,2023-10-08 18:30:00+00:00,0.0,80.0,2023-10
3842,port_core,2023-10-04 01:00:00+00:00,5.0,70.0,2023-10
3843,western_opl,2023-10-28 11:00:00+00:00,1.0,71.0,2023-10
3844,port_core,2023-10-21 02:00:00+00:00,6.0,70.0,2023-10
3846,eastern_opl,2023-10-08 17:30:00+00:00,12.5,70.0,2023-10
3847,port_core,2023-10-02 12:00:00+00:00,10.5,70.0,2023-10
3848,western_opl,2023-10-30 08:00:00+00:00,15.5,80.0,2023-10
3850,port_core,2023-10-08 18:00:00+00:00,3.0,70.0,2023-10
3851,eastern_opl,2023-10-25 12:30:00+00:00,20.5,70.0,2023-10
3855,eastern_opl,2023-10-16 11:00:00+00:00,131.0,80.0,2023-10
3857,eastern_opl,2023-10-19 01:00:00+00:00,30.0,80.0,2023-10
3860,port_core,2023-10-01 09:00:00+00:00,17.0,70.0,2023-10
3861,port_core,2023-10-30 12:00:00+00:00,11.5,70.0,2023-10
3862,eastern_opl,2023-10-04 10:30:00+00:00,13.5,70.0,2023-10
3863,eastern_opl,2023-10-20 15:30:00+00:00,16.0,70.0,2023-10
3864,port_core,2023-10-05 19:00:00+00:00,12.5,70.0,2023-10
3865,western_opl,2023-10-11 08:30:00+00:00,7.0,80.0,2023-10
3866,port_core,2023-10-05 23:30:00+00:00,15.0,79.0,2023-10
3867,western_opl,2023-10-16 09:00:00+00:00,61.0,80.0,2023-10
3868,western_opl,2023-10-09 22:00:00+00:00,6.5,80.0,2023-10
3869,eastern_opl,2023-10-02 23:00:00+00:00,10.5,70.0,2023-10
3872,port_core,2023-10-01 01:00:00+00:00,4.5,80.0,2023-10
3872,western_opl,2023-10-01 00:00:00+00:00,0.5,80.0,2023-10
3873,port_core,2023-10-30 08:00:00+00:00,15.5,80.0,2023-10
3874,eastern_opl,2023-10-04 03:00:00+00:00,0.0,70.0,2023-10
3874,port_core,2023-10-03 16:30:00+00:00,10.0,70.0,2023-10
3875,port_core,2023-10-21 22:00:00+00:00,0.5,80.0,2023-10
3876,eastern_opl,2023-10-01 00:30:00+00:00,110.5,89.0,2023-10
3876,eastern_opl,2023-10-08 17:30:00+00:00,51.0,89.0,2023-10
3876,eastern_opl,2023-10-12 22:30:00+00:00,59.0,89.0,2023-10
3876,port_core,2023-10-16 12:30:00+00:00,4.5,89.0,2023-10
3876,port_core,2023-10-26 06:30:00+00:00,34.0,89.0,2023-10
3876,port_core,2023-10-29 07:30:00+00:00,7.5,89.0,2023-10
3878,port_core,2023-10-06 04:30:00+00:00,5.5,70.0,2023-10
3879,eastern_opl,2023-10-14 04:30:00+00:00,24.0,70.0,2023-10
3880,western_opl,2023-10-26 11:00:00+00:00,10.5,80.0,2023-10
3883,port_core,2023-10-11 09:00:00+00:00,7.5,70.0,2023-10
3884,port_core,2023-10-27 04:00:00+00:00,14.0,70.0,2023-10
3885,port_core,2023-10-01 00:00:00+00:00,8.0,89.0,2023-10
3885,western_opl,2023-10-04 05:30:00+00:00,11.5,89.0,2023-10
3887,port_core,2023-10-29 02:00:00+00:00,14.5,70.0,2023-10
3890,port_core,2023-10-05 04:00:00+00:00,40.0,70.0,2023-10
3891,port_core,2023-10-12 13:30:00+00:00,49.0,80.0,2023-10
3891,western_opl,2023-10-12 11:00:00+00:00,52.5,80.0,2023-10
3891,western_opl,2023-10-16 16:00:00+00:00,14.5,80.0,2023-10
3892,port_core,2023-10-03 05:00:00+00:00,87.0,70.0,2023-10
3894,port_core,2023-10-01 12:00:00+00:00,9.5,70.0,2023-10
3896,port_core,2023-10-20 16:00:00+00:00,17.0,70.0,2023-10
3897,port_core,2023-10-14 04:30:00+00:00,29.0,80.0,2023-10
3897,port_core,2023-10-19 03:00:00+00:00,29.0,80.0,2023-10
3897,western_opl,2023-10-10 09:00:00+00:00,11.5,80.0,2023-10
3898,port_core,2023-10-16 09:30:00+00:00,5.0,80.0,2023-10
3899,eastern_opl,2023-10-16 09:30:00+00:00,0.0,80.0,2023-10
3899,port_core,2023-10-03 15:30:00+00:00,76.5,80.0,2023-10
3899,port_core,2023-10-13 06:30:00+00:00,51.0,80.0,2023-10
3901,eastern_opl,2023-10-27 19:30:00+00:00,11.0,70.0,2023-10
3901,port_core,2023-10-27 21:30:00+00:00,7.0,70.0,2023-10
3902,port_core,2023-10-30 10:30:00+00:00,13.5,80.0,2023-10
3903,port_core,2023-10-02 02:00:00+00:00,2.5,80.0,2023-10
3903,western_opl,2023-10-04 09:00:00+00:00,29.0,80.0,2023-10
3904,port_core,2023-10-04 02:00:00+00:00,13.0,80.0,2023-10
3905,port_core,2023-10-29 18:00:00+00:00,16.5,80.0,2023-10
3906,western_opl,2023-10-10 07:30:00+00:00,54.0,80.0,2023-10
3906,western_opl,2023-10-14 19:30:00+00:00,14.0,80.0,2023-10
3907,port_core,2023-10-12 07:30:00+00:00,18.0,80.0,2023-10
3908,port_core,2023-10-21 03:00:00+00:00,19.5,70.0,2023-10
3908,port_core,2023-10-25 09:00:00+00:00,134.0,70.0,2023-10
3909,eastern_opl,2023-10-30 08:00:00+00:00,13.5,70.0,2023-10
3909,port_core,2023-10-30 13:30:00+00:00,7.0,70.0,2023-10
3910,port_core,2023-10-19 16:30:00+00:00,10.0,70.0,2023-10
3911,western_opl,2023-10-04 01:30:00+00:00,10.5,84.0,2023-10
3913,port_core,2023-10-29 10:00:00+00:00,15.0,70.0,2023-10
3914,port_core,2023-10-27 20:30:00+00:00,26.0,70.0,2023-10
3915,port_core,2023-10-28 19:00:00+00:00,39.0,70.0,2023-10
3916,eastern_opl,2023-10-14 00:30:00+00:00,13.5,70.0,2023-10
3917,port_core,2023-10-05 22:30:00+00:00,21.5,70.0,2023-10
3918,port_core,2023-10-01 00:00:00+00:00,1.5,70.0,2023-10
3919,port_core,2023-10-21 03:00:00+00:00,11.0,70.0,2023-10
3920,port_core,2023-10-16 09:30:00+00:00,1.0,70.0,2023-10
3923,western_opl,2023-10-28 11:00:00+00:00,46.5,89.0,2023-10
3924,port_core,2023-10-02 16:00:00+00:00,16.5,80.0,2023-10
3924,port_core,2023-10-25 08:30:00+00:00,70.0,80.0,2023-10
3927,port_core,2023-10-27 05:00:00+00:00,17.0,80.0,2023-10
3928,eastern_opl,2023-10-01 00:00:00+00:00,0.0,70.0,2023-10
3930,port_core,2023-10-29 01:00:00+00:00,12.5,70.0,2023-10
3932,eastern_opl,2023-10-21 15:30:00+00:00,7.0,70.0,2023-10
3933,port_core,2023-10-05 10:00:00+00:00,6.0,70.0,2023-10
3935,port_core,2023-10-04 21:00:00+00:00,9.5,70.0,2023-10
3937,port_core,2023-10-28 11:00:00+00:00,16.0,70.0,2023-10
3938,port_core,2023-10-06 04:30:00+00:00,2.5,70.0,2023-10
3938,port_core,2023-10-09 20:00:00+00:00,1.5,70.0,2023-10
3939,port_core,2023-10-14 00:30:00+00:00,33.0,70.0,2023-10
3940,port_core,2023-10-17 02:00:00+00:00,116.5,79.0,2023-10
3940,port_core,2023-10-25 08:30:00+00:00,49.0,79.0,2023-10
3941,port_core,2023-10-16 09:00:00+00:00,100.0,70.0,2023-10
3942,port_core,2023-10-19 16:30:00+00:00,2.5,70.0,2023-10
3943,port_core,2023-10-04 08:30:00+00:00,13.0,80.0,2023-10
3943,port_core,2023-10-27 07:00:00+00:00,17.0,80.0,2023-10
3943,port_core,2023-10-29 11:30:00+00:00,36.5,80.0,2023-10
3945,eastern_opl,2023-10-11 10:30:00+00:00,0.5,70.0,2023-10
3945,port_core,2023-10-11 08:30:00+00:00,1.5,70.0,2023-10
3946,port_core,2023-10-30 08:00:00+00:00,3.5,70.0,2023-10
3947,port_core,2023-10-09 15:00:00+00:00,11.0,70.0,2023-10
3952,eastern_opl,2023-10-12 07:30:00+00:00,8.0,70.0,2023-10
3953,port_core,2023-10-28 08:00:00+00:00,14.5,70.0,2023-10
3957,port_core,2023-10-03 22:30:00+00:00,7.0,70.0,2023-10
3960,eastern_opl,2023-10-05 01:30:00+00:00,7.5,70.0,2023-10
3960,port_core,2023-10-05 02:00:00+00:00,0.5,70.0,2023-10
3963,eastern_opl,2023-10-03 01:00:00+00:00,91.0,80.0,2023-10
3967,port_core,2023-10-11 09:00:00+00:00,8.5,70.0,2023-10
3974,port_core,2023-10-02 23:00:00+00:00,23.0,74.0,2023-10
3975,port_core,2023-10-01 01:00:00+00:00,55.0,80.0,2023-10
3975,port_core,2023-10-12 12:00:00+00:00,1.0,80.0,2023-10
3976,port_core,2023-10-09 19:30:00+00:00,11.0,70.0,2023-10
3977,eastern_opl,2023-10-09 01:00:00+00:00,33.5,80.0,2023-10
3977,eastern_opl,2023-10-11 22:00:00+00:00,9.5,80.0,2023-10
3977,eastern_opl,2023-10-29 03:30:00+00:00,0.0,89.0,2023-10
3977,port_core,2023-10-06 16:30:00+00:00,3.5,80.0,2023-10
3977,port_core,2023-10-08 18:30:00+00:00,72.5,80.0,2023-10
3977,port_core,2023-10-26 06:30:00+00:00,113.0,89.0,2023-10
3978,eastern_opl,2023-10-10 19:00:00+00:00,0.5,89.0,2023-10
3978,eastern_opl,2023-10-15 03:30:00+00:00,0.5,80.0,2023-10
3978,port_core,2023-10-01 18:30:00+00:00,38.0,89.0,2023-10
3978,port_core,2023-10-04 12:30:00+00:00,38.0,89.0,2023-10
3978,port_core,2023-10-08 17:30:00+00:00,49.0,89.0,2023-10
3978,port_core,2023-10-13 11:00:00+00:00,40.0,89.0,2023-10
3978,port_core,2023-10-17 15:00:00+00:00,103.5,80.0,2023-10
3978,port_core,2023-10-26 05:30:00+00:00,64.5,80.0,2023-10
3978,port_core,2023-10-30 22:00:00+00:00,2.0,80.0,2023-10
3978,western_opl,2023-10-01 01:30:00+00:00,4.0,89.0,2023-10
3978,western_opl,2023-10-12 07:30:00+00:00,16.0,89.0,2023-10
3978,western_opl,2023-10-30 00:00:00+00:00,0.5,80.0,2023-10
3979,eastern_opl,2023-10-05 16:00:00+00:00,16.0,80.0,2023-10
3979,eastern_opl,2023-10-16 21:00:00+00:00,2.5,80.0,2023-10
3979,eastern_opl,2023-10-18 03:30:00+00:00,21.0,80.0,2023-10
3979,port_core,2023-10-01 10:00:00+00:00,129.0,80.0,2023-10
3979,port_core,2023-10-08 18:30:00+00:00,159.0,80.0,2023-10
3979,port_core,2023-10-16 11:30:00+00:00,130.5,80.0,2023-10
3979,port_core,2023-10-25 09:30:00+00:00,134.0,80.0,2023-10
3979,western_opl,2023-10-01 00:00:00+00:00,14.0,80.0,2023-10
3979,western_opl,2023-10-03 20:30:00+00:00,9.5,80.0,2023-10
3979,western_opl,2023-10-06 19:30:00+00:00,0.5,80.0,2023-10
3979,western_opl,2023-10-09 08:00:00+00:00,12.5,80.0,2023-10
3979,western_opl,2023-10-12 10:30:00+00:00,28.0,80.0,2023-10
3979,western_opl,2023-10-14 15:00:00+00:00,8.0,80.0,2023-10
3979,western_opl,2023-10-19 16:30:00+00:00,9.0,80.0,2023-10
3982,port_core,2023-10-10 05:30:00+00:00,15.0,80.0,2023-10
3982,port_core,2023-10-21 21:30:00+00:00,0.5,80.0,2023-10
3983,port_core,2023-10-05 18:30:00+00:00,9.0,89.0,2023-10
3984,eastern_opl,2023-10-30 08:00:00+00:00,3.0,80.0,2023-10
3984,port_core,2023-10-03 14:00:00+00:00,22.0,80.0,2023-10
3984,western_opl,2023-10-15 02:30:00+00:00,7.0,80.0,2023-10
3985,port_core,2023-10-04 18:00:00+00:00,50.0,80.0,2023-10
3985,port_core,2023-10-08 17:30:00+00:00,68.5,80.0,2023-10
3985,port_core,2023-10-16 21:30:00+00:00,35.0,80.0,2023-10
3985,western_opl,2023-10-14 00:30:00+00:00,15.0,80.0,2023-10
3986,port_core,2023-10-06 00:00:00+00:00,20.0,80.0,2023-10
3986,port_core,2023-10-19 16:30:00+00:00,18.5,80.0,2023-10
3987,port_core,2023-10-01 08:30:00+00:00,2.0,80.0,2023-10
3987,port_core,2023-10-02 22:30:00+00:00,0.5,80.0,2023-10
3987,port_core,2023-10-08 18:00:00+00:00,10.0,80.0,2023-10
3987,port_core,2023-10-18 07:00:00+00:00,6.0,80.0,2023-10
3987,port_core,2023-10-20 09:30:00+00:00,19.0,80.0,2023-10
3987,port_core,2023-10-26 13:30:00+00:00,41.5,80.0,2023-10
3987,western_opl,2023-10-01 19:00:00+00:00,10.0,80.0,2023-10
3987,western_opl,2023-10-04 11:00:00+00:00,0.5,80.0,2023-10
3987,western_opl,2023-10-25 08:30:00+00:00,19.5,80.0,2023-10
3989,port_core,2023-10-04 09:30:00+00:00,44.5,89.0,2023-10
3991,port_core,2023-10-01 19:30:00+00:00,9.5,80.0,2023-10
3991,port_core,2023-10-03 06:30:00+00:00,3.5,80.0,2023-10
3991,port_core,2023-10-10 09:00:00+00:00,11.0,80.0,2023-10
3991,port_core,2023-10-20 12:00:00+00:00,5.0,80.0,2023-10
3991,port_core,2023-10-28 21:00:00+00:00,5.0,80.0,2023-10
3991,western_opl,2023-10-27 18:30:00+00:00,15.5,80.0,2023-10
3992,eastern_opl,2023-10-01 17:00:00+00:00,5.5,80.0,2023-10
3992,port_core,2023-10-04 06:30:00+00:00,5.5,80.0,2023-10
3992,port_core,2023-10-05 22:00:00+00:00,4.0,80.0,2023-10
3992,port_core,2023-10-10 04:00:00+00:00,69.5,80.0,2023-10
3992,port_core,2023-10-15 00:00:00+00:00,5.5,80.0,2023-10
3992,port_core,2023-10-16 09:00:00+00:00,108.5,80.0,2023-10
3992,port_core,2023-10-26 13:00:00+00:00,13.0,80.0,2023-10
3992,port_core,2023-10-29 00:00:00+00:00,43.0,80.0,2023-10
3992,western_opl,2023-10-01 00:00:00+00:00,4.5,80.0,2023-10
3992,western_opl,2023-10-13 21:00:00+00:00,10.0,80.0,2023-10
3992,western_opl,2023-10-25 08:30:00+00:00,3.5,80.0,2023-10
3992,western_opl,2023-10-27 19:30:00+00:00,2.5,80.0,2023-10
3992,western_opl,2023-10-29 12:30:00+00:00,29.0,80.0,2023-10
3993,port_core,2023-10-04 13:00:00+00:00,43.0,81.0,2023-10
3993,port_core,2023-10-08 17:30:00+00:00,76.5,81.0,2023-10
3993,port_core,2023-10-13 16:00:00+00:00,29.5,81.0,2023-10
3993,port_core,2023-10-17 05:30:00+00:00,44.5,81.0,2023-10
3993,port_core,2023-10-26 05:30:00+00:00,11.0,81.0,2023-10
3993,port_core,2023-10-27 21:30:00+00:00,44.5,81.0,2023-10
3995,port_core,2023-10-21 03:00:00+00:00,19.5,80.0,2023-10
3995,port_core,2023-10-25 11:00:00+00:00,21.0,80.0,2023-10
3995,port_core,2023-10-27 17:30:00+00:00,73.0,80.0,2023-10
3996,port_core,2023-10-01 06:00:00+00:00,4.0,80.0,2023-10
3996,port_core,2023-10-11 13:30:00+00:00,9.0,80.0,2023-10
3996,port_core,2023-10-20 00:00:00+00:00,9.0,80.0,2023-10
3996,port_core,2023-10-26 20:00:00+00:00,11.0,80.0,2023-10
3998,port_core,2023-10-04 10:30:00+00:00,38.0,80.0,2023-10
3998,port_core,2023-10-10 06:30:00+00:00,33.0,80.0,2023-10
3998,port_core,2023-10-18 16:30:00+00:00,78.0,80.0,2023-10
3998,port_core,2023-10-26 15:00:00+00:00,11.0,80.0,2023-10
3998,port_core,2023-10-28 03:30:00+00:00,30.0,80.0,2023-10
3998,western_opl,2023-10-01 00:00:00+00:00,13.0,80.0,2023-10
3998,western_opl,2023-10-17 20:00:00+00:00,3.5,80.0,2023-10
3998,western_opl,2023-10-30 08:00:00+00:00,5.5,80.0,2023-10
4003,port_core,2023-10-16 09:00:00+00:00,34.5,80.0,2023-10
4004,port_core,2023-10-13 06:00:00+00:00,9.5,80.0,2023-10
4004,port_core,2023-10-16 20:00:00+00:00,11.5,80.0,2023-10
4006,port_core,2023-10-28 00:00:00+00:00,12.0,80.0,2023-10
4008,port_core,2023-10-01 09:30:00+00:00,55.5,80.0,2023-10
4008,port_core,2023-10-04 19:00:00+00:00,46.0,80.0,2023-10
4008,port_core,2023-10-08 17:30:00+00:00,151.0,80.0,2023-10
4008,port_core,2023-10-16 09:00:00+00:00,55.5,80.0,2023-10
4008,port_core,2023-10-20 14:30:00+00:00,2.5,80.0,2023-10
4008,port_core,2023-10-26 14:30:00+00:00,12.5,80.0,2023-10
4008,port_core,2023-10-28 06:30:00+00:00,4.0,80.0,2023-10
4009,port_core,2023-10-01 00:00:00+00:00,10.0,80.0,2023-10
4009,port_core,2023-10-03 04:30:00+00:00,20.0,80.0,2023-10
4009,port_core,2023-10-12 07:30:00+00:00,61.0,80.0,2023-10
4009,port_core,2023-10-16 14:30:00+00:00,0.0,80.0,2023-10
4009,port_core,2023-10-20 05:00:00+00:00,1.5,80.0,2023-10
4009,port_core,2023-10-26 08:00:00+00:00,16.5,80.0,2023-10
4010,eastern_opl,2023-10-04 07:00:00+00:00,24.5,80.0,2023-10
4010,eastern_opl,2023-10-09 12:00:00+00:00,6.0,80.0,2023-10
4010,eastern_opl,2023-10-11 08:30:00+00:00,14.0,80.0,2023-10
4010,eastern_opl,2023-10-26 12:30:00+00:00,17.0,80.0,2023-10
4010,port_core,2023-10-01 00:00:00+00:00,140.0,80.0,2023-10
4010,port_core,2023-10-08 17:30:00+00:00,317.0,80.0,2023-10
4010,port_core,2023-10-25 09:00:00+00:00,134.5,80.0,2023-10
4010,western_opl,2023-10-29 08:00:00+00:00,8.5,80.0,2023-10
4011,port_core,2023-10-01 03:00:00+00:00,128.0,80.0,2023-10
4011,port_core,2023-10-08 17:30:00+00:00,313.0,80.0,2023-10
4011,western_opl,2023-10-03 00:30:00+00:00,6.5,80.0,2023-10
4011,western_opl,2023-10-04 09:00:00+00:00,15.0,80.0,2023-10
4011,western_opl,2023-10-06 04:00:00+00:00,6.0,80.0,2023-10
4011,western_opl,2023-10-09 02:00:00+00:00,20.0,80.0,2023-10
4011,western_opl,2023-10-11 09:00:00+00:00,46.0,80.0,2023-10
4011,western_opl,2023-10-14 14:00:00+00:00,0.0,80.0,2023-10
4011,western_opl,2023-10-18 00:30:00+00:00,8.0,80.0,2023-10
4011,western_opl,2023-10-19 16:30:00+00:00,21.0,80.0,2023-10
4013,port_core,2023-10-01 00:00:00+00:00,140.0,85.0,2023-10
4013,port_core,2023-10-08 17:30:00+00:00,86.5,85.0,2023-10
4013,western_opl,2023-10-02 15:30:00+00:00,7.0,85.0,2023-10
4013,western_opl,2023-10-04 02:00:00+00:00,59.5,85.0,2023-10
4014,port_core,2023-10-01 01:00:00+00:00,2.5,80.0,2023-10
4014,port_core,2023-10-02 04:30:00+00:00,93.5,80.0,2023-10
4014,port_core,2023-10-08 22:30:00+00:00,10.5,80.0,2023-10
4014,port_core,2023-10-10 18:30:00+00:00,44.5,80.0,2023-10
4014,western_opl,2023-10-01 19:00:00+00:00,2.5,80.0,2023-10
4014,western_opl,2023-10-09 17:30:00+00:00,17.5,80.0,2023-10
4014,western_opl,2023-10-13 05:30:00+00:00,5.0,80.0,2023-10
4015,port_core,2023-10-28 01:30:00+00:00,28.0,80.0,2023-10
4018,port_core,2023-10-01 00:00:00+00:00,140.0,70.0,2023-10
4018,port_core,2023-10-08 17:30:00+00:00,304.5,70.0,2023-10
4018,port_core,2023-10-22 16:00:00+00:00,0.0,70.0,2023-10
4018,port_core,2023-10-25 08:30:00+00:00,135.0,70.0,2023-10
4020,port_core,2023-10-01 03:00:00+00:00,14.0,80.0,2023-10
4020,port_core,2023-10-05 16:30:00+00:00,27.5,80.0,2023-10
4020,port_core,2023-10-08 17:30:00+00:00,8.5,80.0,2023-10
4020,port_core,2023-10-10 12:30:00+00:00,86.5,80.0,2023-10
4020,port_core,2023-10-15 03:30:00+00:00,0.0,80.0,2023-10
4020,port_core,2023-10-16 21:00:00+00:00,11.5,80.0,2023-10
4020,port_core,2023-10-18 18:30:00+00:00,76.0,80.0,2023-10
4020,port_core,2023-10-25 08:30:00+00:00,30.5,80.0,2023-10
4020,port_core,2023-10-30 19:30:00+00:00,4.5,80.0,2023-10
4020,western_opl,2023-10-03 13:00:00+00:00,16.5,80.0,2023-10
4020,western_opl,2023-10-09 03:00:00+00:00,0.5,80.0,2023-10
4020,western_opl,2023-10-15 04:00:00+00:00,5.5,80.0,2023-10
4021,eastern_opl,2023-10-26 01:00:00+00:00,3.0,80.0,2023-10
4021,port_core,2023-10-01 00:00:00+00:00,97.0,80.0,2023-10
4021,port_core,2023-10-08 20:00:00+00:00,314.5,80.0,2023-10
4021,port_core,2023-10-25 08:30:00+00:00,99.0,80.0,2023-10
4021,port_core,2023-10-30 17:00:00+00:00,6.5,80.0,2023-10
4021,western_opl,2023-10-12 11:30:00+00:00,0.0,80.0,2023-10
4021,western_opl,2023-10-20 12:00:00+00:00,6.0,80.0,2023-10
4022,port_core,2023-10-01 00:00:00+00:00,81.5,80.0,2023-10
4022,port_core,2023-10-05 14:00:00+00:00,21.0,80.0,2023-10
4022,port_core,2023-10-08 17:30:00+00:00,31.5,80.0,2023-10
4022,port_core,2023-10-14 03:30:00+00:00,30.0,80.0,2023-10
4022,port_core,2023-10-28 17:00:00+00:00,50.5,80.0,2023-10
4022,western_opl,2023-10-06 03:30:00+00:00,4.0,80.0,2023-10
4024,port_core,2023-10-11 08:30:00+00:00,0.0,70.0,2023-10
4025,eastern_opl,2023-10-12 12:30:00+00:00,3.0,80.0,2023-10
4025,eastern_opl,2023-10-28 17:00:00+00:00,3.5,80.0,2023-10
4025,port_core,2023-10-01 04:30:00+00:00,18.0,80.0,2023-10
4025,port_core,2023-10-04 01:00:00+00:00,0.0,80.0,2023-10
4025,port_core,2023-10-06 08:00:00+00:00,10.5,80.0,2023-10
4025,port_core,2023-10-09 02:00:00+00:00,17.0,80.0,2023-10
4025,port_core,2023-10-12 07:30:00+00:00,43.0,80.0,2023-10
4025,port_core,2023-10-21 18:00:00+00:00,4.0,80.0,2023-10
4025,port_core,2023-10-25 08:30:00+00:00,24.5,80.0,2023-10
4025,port_core,2023-10-28 21:00:00+00:00,6.0,80.0,2023-10
4025,western_opl,2023-10-03 22:30:00+00:00,3.0,80.0,2023-10
4026,eastern_opl,2023-10-03 09:30:00+00:00,15.0,80.0,2023-10
4026,port_core,2023-10-01 00:00:00+00:00,36.0,80.0,2023-10
4026,port_core,2023-10-04 12:30:00+00:00,0.0,80.0,2023-10
4026,port_core,2023-10-06 01:30:00+00:00,4.5,80.0,2023-10
4026,port_core,2023-10-14 00:30:00+00:00,3.5,80.0,2023-10
4026,port_core,2023-10-16 09:00:00+00:00,68.0,80.0,2023-10
4026,port_core,2023-10-21 07:30:00+00:00,5.0,80.0,2023-10
4026,port_core,2023-10-26 04:30:00+00:00,3.0,80.0,2023-10
4026,port_core,2023-10-28 05:00:00+00:00,44.0,80.0,2023-10
4026,western_opl,2023-10-04 13:00:00+00:00,17.0,80.0,2023-10
4026,western_opl,2023-10-09 18:30:00+00:00,10.0,80.0,2023-10
4026,western_opl,2023-10-11 08:30:00+00:00,14.0,80.0,2023-10
4026,western_opl,2023-10-13 07:30:00+00:00,5.5,80.0,2023-10
4026,western_opl,2023-10-19 16:30:00+00:00,3.0,80.0,2023-10
4026,western_opl,2023-10-25 20:00:00+00:00,48.0,80.0,2023-10
4026,western_opl,2023-10-30 16:00:00+00:00,4.5,80.0,2023-10
4035,western_opl,2023-10-01 07:00:00+00:00,22.5,82.0,2023-10
4036,port_core,2023-10-19 22:00:00+00:00,17.5,80.0,2023-10
4037,port_core,2023-10-04 03:30:00+00:00,50.5,80.0,2023-10
4037,port_core,2023-10-13 02:30:00+00:00,6.5,80.0,2023-10
4038,port_core,2023-10-06 17:00:00+00:00,3.0,80.0,2023-10
4038,port_core,2023-10-08 17:30:00+00:00,46.5,80.0,2023-10
4038,port_core,2023-10-18 11:30:00+00:00,17.5,80.0,2023-10
4038,port_core,2023-10-30 23:30:00+00:00,0.5,80.0,2023-10
4039,port_core,2023-10-01 00:00:00+00:00,44.5,80.0,2023-10
4039,port_core,2023-10-05 10:30:00+00:00,25.0,80.0,2023-10
4039,port_core,2023-10-08 17:30:00+00:00,51.0,80.0,2023-10
4039,port_core,2023-10-13 00:30:00+00:00,43.5,80.0,2023-10
4039,port_core,2023-10-16 23:30:00+00:00,28.0,80.0,2023-10
4039,port_core,2023-10-19 18:00:00+00:00,4.5,80.0,2023-10
4039,port_core,2023-10-30 15:30:00+00:00,8.0,80.0,2023-10
4039,western_opl,2023-10-25 21:00:00+00:00,5.0,80.0,2023-10
4041,port_core,2023-10-02 03:00:00+00:00,96.5,70.0,2023-10
4041,port_core,2023-10-08 19:00:00+00:00,31.5,70.0,2023-10
4043,port_core,2023-10-01 23:30:00+00:00,29.5,86.0,2023-10
4043,port_core,2023-10-04 09:00:00+00:00,46.5,86.0,2023-10
4043,port_core,2023-10-09 14:00:00+00:00,24.0,86.0,2023-10
4043,port_core,2023-10-12 14:00:00+00:00,0.0,86.0,2023-10
4043,port_core,2023-10-14 16:30:00+00:00,4.0,86.0,2023-10
4043,port_core,2023-10-19 18:00:00+00:00,26.5,86.0,2023-10
4043,port_core,2023-10-26 05:00:00+00:00,68.0,86.0,2023-10
4043,western_opl,2023-10-06 11:00:00+00:00,9.0,86.0,2023-10
4043,western_opl,2023-10-13 07:30:00+00:00,6.5,86.0,2023-10
4043,western_opl,2023-10-21 02:00:00+00:00,11.5,86.0,2023-10
4045,port_core,2023-10-08 17:30:00+00:00,1.5,80.0,2023-10
4045,port_core,2023-10-17 12:00:00+00:00,106.5,80.0,2023-10
4045,port_core,2023-10-30 11:00:00+00:00,2.5,80.0,2023-10
4046,port_core,2023-10-17 01:30:00+00:00,23.0,70.0,2023-10
4047,port_core,2023-10-05 20:30:00+00:00,23.5,80.0,2023-10
4047,port_core,2023-10-19 03:30:00+00:00,29.5,80.0,2023-10
4047,port_core,2023-10-25 08:30:00+00:00,6.5,80.0,2023-10
4047,port_core,2023-10-30 12:30:00+00:00,7.5,80.0,2023-10
4049,eastern_opl,2023-10-11 08:30:00+00:00,0.5,80.0,2023-10
4049,port_core,2023-10-27 19:30:00+00:00,2.0,80.0,2023-10
4049,western_opl,2023-10-09 09:30:00+00:00,35.0,80.0,2023-10
4049,western_opl,2023-10-14 17:30:00+00:00,1.0,80.0,2023-10
4049,western_opl,2023-10-17 05:00:00+00:00,109.0,80.0,2023-10
4049,western_opl,2023-10-26 20:00:00+00:00,22.0,80.0,2023-10
4049,western_opl,2023-10-28 22:30:00+00:00,49.0,80.0,2023-10
4050,port_core,2023-10-17 06:00:00+00:00,9.0,70.0,2023-10
4052,western_opl,2023-10-25 09:30:00+00:00,12.0,82.0,2023-10
4053,eastern_opl,2023-10-01 10:00:00+00:00,130.0,80.0,2023-10
4053,port_core,2023-10-09 09:30:00+00:00,5.0,80.0,2023-10
4053,port_core,2023-10-10 18:00:00+00:00,2.5,80.0,2023-10
4053,port_core,2023-10-12 07:30:00+00:00,4.0,80.0,2023-10
4054,eastern_opl,2023-10-16 22:30:00+00:00,6.5,80.0,2023-10
4054,port_core,2023-10-05 01:00:00+00:00,42.5,80.0,2023-10
4054,port_core,2023-10-12 11:00:00+00:00,3.0,80.0,2023-10
4054,port_core,2023-10-25 08:30:00+00:00,1.5,80.0,2023-10
4055,port_core,2023-10-01 16:30:00+00:00,40.5,89.0,2023-10
4058,port_core,2023-10-28 21:30:00+00:00,27.5,72.0,2023-10
4059,port_core,2023-10-03 20:30:00+00:00,41.0,73.0,2023-10
4060,western_opl,2023-10-01 06:30:00+00:00,7.5,71.0,2023-10
4063,port_core,2023-10-06 16:30:00+00:00,3.5,71.0,2023-10
4065,port_core,2023-10-01 00:00:00+00:00,15.0,80.0,2023-10
4065,port_core,2023-10-03 14:30:00+00:00,77.5,80.0,2023-10
4065,port_core,2023-10-11 12:30:00+00:00,68.5,80.0,2023-10
4065,port_core,2023-10-16 09:00:00+00:00,32.0,80.0,2023-10
4065,port_core,2023-10-20 05:00:00+00:00,37.5,80.0,2023-10
4065,port_core,2023-10-25 08:30:00+00:00,44.5,80.0,2023-10
4065,port_core,2023-10-29 13:00:00+00:00,34.5,80.0,2023-10
4065,western_opl,2023-10-18 10:30:00+00:00,18.5,80.0,2023-10
4065,western_opl,2023-10-27 12:00:00+00:00,26.0,80.0,2023-10
4066,port_core,2023-10-04 08:00:00+00:00,9.0,70.0,2023-10
4069,eastern_opl,2023-10-04 07:00:00+00:00,4.0,80.0,2023-10
4069,port_core,2023-10-03 09:00:00+00:00,79.0,80.0,2023-10
4069,port_core,2023-10-10 16:00:00+00:00,25.0,80.0,2023-10
4069,port_core,2023-10-28 19:30:00+00:00,12.5,80.0,2023-10
4069,western_opl,2023-10-01 17:30:00+00:00,16.5,80.0,2023-10
4069,western_opl,2023-10-10 04:30:00+00:00,10.5,80.0,2023-10
4070,port_core,2023-10-01 07:30:00+00:00,17.5,80.0,2023-10
4070,port_core,2023-10-03 05:30:00+00:00,31.0,80.0,2023-10
4070,port_core,2023-10-06 06:00:00+00:00,14.0,80.0,2023-10
4070,port_core,2023-10-08 20:00:00+00:00,14.5,80.0,2023-10
4070,port_core,2023-10-13 09:30:00+00:00,15.5,80.0,2023-10
4070,port_core,2023-10-19 04:30:00+00:00,83.5,80.0,2023-10
4070,port_core,2023-10-25 17:00:00+00:00,15.0,80.0,2023-10
4070,western_opl,2023-10-01 00:00:00+00:00,4.5,80.0,2023-10
4070,western_opl,2023-10-04 13:30:00+00:00,5.0,80.0,2023-10
4070,western_opl,2023-10-10 07:30:00+00:00,8.5,80.0,2023-10
4070,western_opl,2023-10-14 01:30:00+00:00,0.5,80.0,2023-10
4070,western_opl,2023-10-15 07:30:00+00:00,2.0,80.0,2023-10
4071,western_opl,2023-10-16 12:30:00+00:00,10.5,80.0,2023-10
4072,port_core,2023-10-05 02:30:00+00:00,41.5,80.0,2023-10
4072,port_core,2023-10-20 00:00:00+00:00,0.5,80.0,2023-10
4072,western_opl,2023-10-16 09:00:00+00:00,42.0,80.0,2023-10
4072,western_opl,2023-10-20 01:00:00+00:00,7.5,80.0,2023-10
4072,western_opl,2023-10-25 08:30:00+00:00,57.5,80.0,2023-10
4075,port_core,2023-10-18 01:30:00+00:00,68.5,80.0,2023-10
4075,port_core,2023-10-25 23:00:00+00:00,80.5,80.0,2023-10
4077,eastern_opl,2023-10-01 00:00:00+00:00,114.5,80.0,2023-10
4078,eastern_opl,2023-10-25 09:00:00+00:00,10.0,70.0,2023-10
4080,eastern_opl,2023-10-04 02:30:00+00:00,1.0,80.0,2023-10
4080,eastern_opl,2023-10-05 14:30:00+00:00,11.5,80.0,2023-10
4080,eastern_opl,2023-10-30 23:30:00+00:00,0.0,80.0,2023-10
4080,port_core,2023-10-01 07:30:00+00:00,86.0,80.0,2023-10
4080,port_core,2023-10-06 15:00:00+00:00,5.0,80.0,2023-10
4080,port_core,2023-10-08 18:00:00+00:00,92.5,80.0,2023-10
4080,port_core,2023-10-14 14:30:00+00:00,16.5,80.0,2023-10
4080,port_core,2023-10-16 18:00:00+00:00,0.0,80.0,2023-10
4080,port_core,2023-10-18 08:30:00+00:00,64.5,80.0,2023-10
4080,port_core,2023-10-26 01:30:00+00:00,58.5,80.0,2023-10
4080,port_core,2023-10-30 08:00:00+00:00,4.0,80.0,2023-10
4081,eastern_opl,2023-10-17 08:30:00+00:00,5.5,80.0,2023-10
4081,eastern_opl,2023-10-18 17:00:00+00:00,0.0,80.0,2023-10
4081,port_core,2023-10-01 14:00:00+00:00,126.0,80.0,2023-10
4081,port_core,2023-10-08 18:00:00+00:00,316.0,80.0,2023-10
4081,port_core,2023-10-25 08:30:00+00:00,135.0,80.0,2023-10
4081,western_opl,2023-10-01 00:00:00+00:00,38.0,80.0,2023-10
4081,western_opl,2023-10-04 09:30:00+00:00,8.0,80.0,2023-10
4081,western_opl,2023-10-06 01:30:00+00:00,9.5,80.0,2023-10
4081,western_opl,2023-10-09 09:30:00+00:00,18.5,80.0,2023-10
4081,western_opl,2023-10-12 11:00:00+00:00,65.0,80.0,2023-10
4081,western_opl,2023-10-29 01:30:00+00:00,46.5,80.0,2023-10
4082,port_core,2023-10-17 02:00:00+00:00,51.0,80.0,2023-10
4082,port_core,2023-10-25 09:30:00+00:00,48.0,80.0,2023-10
4083,eastern_opl,2023-10-08 17:30:00+00:00,73.5,80.0,2023-10
4083,port_core,2023-10-14 00:00:00+00:00,9.0,80.0,2023-10
4083,western_opl,2023-10-06 19:30:00+00:00,0.5,80.0,2023-10
4084,port_core,2023-10-06 15:00:00+00:00,1.0,89.0,2023-10
4087,port_core,2023-10-14 05:00:00+00:00,12.0,80.0,2023-10
4087,port_core,2023-10-20 01:30:00+00:00,12.5,80.0,2023-10
4087,western_opl,2023-10-16 11:30:00+00:00,11.0,80.0,2023-10
4087,western_opl,2023-10-18 07:00:00+00:00,14.5,80.0,2023-10
4088,port_core,2023-10-25 11:30:00+00:00,16.0,80.0,2023-10
4090,port_core,2023-10-17 20:30:00+00:00,0.0,85.0,2023-10
4092,port_core,2023-10-01 00:00:00+00:00,140.0,70.0,2023-10
4092,port_core,2023-10-08 18:00:00+00:00,315.5,70.0,2023-10
4092,port_core,2023-10-25 12:00:00+00:00,131.5,70.0,2023-10
4094,port_core,2023-10-26 04:30:00+00:00,10.0,70.0,2023-10
4095,port_core,2023-10-09 10:00:00+00:00,16.5,80.0,2023-10
4095,port_core,2023-10-13 06:00:00+00:00,18.0,80.0,2023-10
4097,port_core,2023-10-03 15:30:00+00:00,19.0,79.0,2023-10
4097,port_core,2023-10-29 07:30:00+00:00,7.5,79.0,2023-10
4099,port_core,2023-10-19 22:00:00+00:00,2.0,70.0,2023-10
4099,port_core,2023-10-25 11:00:00+00:00,1.5,70.0,2023-10
4099,port_core,2023-10-29 09:30:00+00:00,2.0,70.0,2023-10
4100,eastern_opl,2023-10-14 19:30:00+00:00,12.5,70.0,2023-10
4101,eastern_opl,2023-10-04 20:30:00+00:00,5.5,80.0,2023-10
4101,eastern_opl,2023-10-16 10:30:00+00:00,6.0,80.0,2023-10
4101,eastern_opl,2023-10-29 10:30:00+00:00,9.0,80.0,2023-10
4101,port_core,2023-10-01 03:30:00+00:00,136.5,80.0,2023-10
4101,port_core,2023-10-08 18:00:00+00:00,116.5,80.0,2023-10
4101,port_core,2023-10-14 16:30:00+00:00,172.5,80.0,2023-10
4101,port_core,2023-10-25 09:00:00+00:00,134.0,80.0,2023-10
4101,western_opl,2023-10-03 20:00:00+00:00,7.0,80.0,2023-10
4101,western_opl,2023-10-06 14:00:00+00:00,4.5,80.0,2023-10
4101,western_opl,2023-10-12 07:30:00+00:00,56.5,80.0,2023-10
4101,western_opl,2023-10-19 18:00:00+00:00,34.0,80.0,2023-10
4102,port_core,2023-10-09 15:00:00+00:00,46.0,80.0,2023-10
4102,port_core,2023-10-13 12:00:00+00:00,4.0,80.0,2023-10
4102,port_core,2023-10-16 10:30:00+00:00,1.0,80.0,2023-10
4102,port_core,2023-10-25 12:00:00+00:00,24.0,80.0,2023-10
4102,western_opl,2023-10-02 14:00:00+00:00,5.5,80.0,2023-10
4102,western_opl,2023-10-05 09:30:00+00:00,34.5,80.0,2023-10
4102,western_opl,2023-10-16 09:00:00+00:00,1.0,80.0,2023-10
4102,western_opl,2023-10-17 19:30:00+00:00,116.5,80.0,2023-10
4102,western_opl,2023-10-28 18:30:00+00:00,28.5,80.0,2023-10
4107,port_core,2023-10-01 14:00:00+00:00,23.0,80.0,2023-10
4107,port_core,2023-10-04 03:00:00+00:00,8.5,80.0,2023-10
4107,port_core,2023-10-05 14:00:00+00:00,4.5,80.0,2023-10
4107,port_core,2023-10-08 17:30:00+00:00,7.0,80.0,2023-10
4107,port_core,2023-10-10 05:30:00+00:00,2.0,80.0,2023-10
4107,port_core,2023-10-11 08:30:00+00:00,3.0,80.0,2023-10
4107,port_core,2023-10-14 06:00:00+00:00,23.0,80.0,2023-10
4107,port_core,2023-10-16 11:30:00+00:00,36.5,80.0,2023-10
4107,port_core,2023-10-20 01:00:00+00:00,4.5,80.0,2023-10
4107,port_core,2023-10-26 14:00:00+00:00,28.5,80.0,2023-10
4107,port_core,2023-10-29 02:30:00+00:00,45.5,80.0,2023-10
4109,port_core,2023-10-01 21:30:00+00:00,13.5,80.0,2023-10
4109,port_core,2023-10-04 08:30:00+00:00,31.5,80.0,2023-10
4109,port_core,2023-10-10 10:30:00+00:00,36.0,80.0,2023-10
4109,port_core,2023-10-13 04:00:00+00:00,4.0,80.0,2023-10
4109,port_core,2023-10-14 09:30:00+00:00,22.5,80.0,2023-10
4109,port_core,2023-10-16 11:30:00+00:00,2.5,80.0,2023-10
4109,port_core,2023-10-17 22:00:00+00:00,15.5,80.0,2023-10
4109,port_core,2023-10-20 08:30:00+00:00,21.0,80.0,2023-10
4109,port_core,2023-10-26 00:00:00+00:00,19.5,80.0,2023-10
4109,port_core,2023-10-28 16:00:00+00:00,30.0,80.0,2023-10
4112,port_core,2023-10-01 09:30:00+00:00,1.0,89.0,2023-10
4112,port_core,2023-10-02 18:30:00+00:00,34.0,89.0,2023-10
4112,western_opl,2023-10-01 06:30:00+00:00,23.0,89.0,2023-10
4113,eastern_opl,2023-10-25 08:30:00+00:00,134.5,80.0,2023-10
4113,port_core,2023-10-01 00:00:00+00:00,32.5,80.0,2023-10
4113,port_core,2023-10-25 09:00:00+00:00,14.0,80.0,2023-10
4116,port_core,2023-10-21 14:30:00+00:00,7.5,70.0,2023-10
4117,western_opl,2023-10-01 01:00:00+00:00,14.5,82.0,2023-10
4118,port_core,2023-10-15 00:00:00+00:00,8.5,80.0,2023-10
4121,port_core,2023-10-18 17:00:00+00:00,4.5,80.0,2023-10
4121,western_opl,2023-10-19 03:00:00+00:00,85.0,80.0,2023-10
4122,port_core,2023-10-01 16:30:00+00:00,16.5,83.0,2023-10
4122,port_core,2023-10-18 11:30:00+00:00,1.0,81.0,2023-10
4122,western_opl,2023-10-01 00:00:00+00:00,16.0,83.0,2023-10
4122,western_opl,2023-10-03 03:00:00+00:00,29.0,83.0,2023-10
4123,western_opl,2023-10-03 16:00:00+00:00,19.5,80.0,2023-10
4124,port_core,2023-10-21 08:00:00+00:00,6.0,74.0,2023-10
4125,port_core,2023-10-13 07:30:00+00:00,9.0,70.0,2023-10
4126,port_core,2023-10-06 18:00:00+00:00,2.0,70.0,2023-10
4129,port_core,2023-10-14 19:30:00+00:00,8.0,71.0,2023-10
4130,western_opl,2023-10-12 23:30:00+00:00,37.0,80.0,2023-10
4131,western_opl,2023-10-29 04:30:00+00:00,11.5,84.0,2023-10
4132,port_core,2023-10-01 00:00:00+00:00,137.5,80.0,2023-10
4132,port_core,2023-10-08 17:30:00+00:00,157.0,80.0,2023-10
4132,port_core,2023-10-16 14:30:00+00:00,128.0,80.0,2023-10
4132,port_core,2023-10-27 15:30:00+00:00,80.0,80.0,2023-10
4132,western_opl,2023-10-21 05:30:00+00:00,2.5,80.0,2023-10
4132,western_opl,2023-10-26 04:30:00+00:00,10.5,80.0,2023-10
4133,western_opl,2023-10-26 02:00:00+00:00,24.5,84.0,2023-10
4136,western_opl,2023-10-05 08:00:00+00:00,8.5,89.0,2023-10
4137,eastern_opl,2023-10-08 17:30:00+00:00,8.5,80.0,2023-10
4137,port_core,2023-10-05 20:00:00+00:00,17.5,80.0,2023-10
4137,western_opl,2023-10-09 06:30:00+00:00,7.0,80.0,2023-10
4138,port_core,2023-10-01 07:30:00+00:00,2.0,87.0,2023-10
4138,port_core,2023-10-13 09:30:00+00:00,22.5,87.0,2023-10
4138,port_core,2023-10-19 21:00:00+00:00,25.0,87.0,2023-10
4138,port_core,2023-10-25 21:00:00+00:00,4.5,87.0,2023-10
4140,port_core,2023-10-27 03:30:00+00:00,27.5,70.0,2023-10
4141,port_core,2023-10-29 07:00:00+00:00,11.0,70.0,2023-10
4142,eastern_opl,2023-10-02 18:00:00+00:00,21.5,80.0,2023-10
4142,port_core,2023-10-01 00:00:00+00:00,1.0,80.0,2023-10
4142,port_core,2023-10-04 18:00:00+00:00,50.0,80.0,2023-10
4142,port_core,2023-10-09 20:30:00+00:00,17.0,80.0,2023-10
4142,port_core,2023-10-15 00:30:00+00:00,9.0,80.0,2023-10
4142,port_core,2023-10-18 01:30:00+00:00,18.5,80.0,2023-10
4142,port_core,2023-10-21 13:00:00+00:00,9.0,80.0,2023-10
4142,port_core,2023-10-29 08:00:00+00:00,8.5,80.0,2023-10
4142,western_opl,2023-10-12 07:30:00+00:00,22.5,80.0,2023-10
4142,western_opl,2023-10-19 16:30:00+00:00,10.0,80.0,2023-10
4142,western_opl,2023-10-26 15:30:00+00:00,33.0,80.0,2023-10
4142,western_opl,2023-10-30 23:30:00+00:00,0.5,80.0,2023-10
4143,eastern_opl,2023-10-11 09:00:00+00:00,13.0,80.0,2023-10
4145,port_core,2023-10-01 10:00:00+00:00,59.5,80.0,2023-10
4145,port_core,2023-10-05 17:00:00+00:00,27.0,80.0,2023-10
4145,port_core,2023-10-08 17:30:00+00:00,10.5,80.0,2023-10
4145,port_core,2023-10-10 14:30:00+00:00,115.0,80.0,2023-10
4145,port_core,2023-10-18 21:30:00+00:00,25.0,80.0,2023-10
4145,port_core,2023-10-21 00:00:00+00:00,14.0,80.0,2023-10
4145,port_core,2023-10-26 10:00:00+00:00,9.0,80.0,2023-10
4145,port_core,2023-10-29 14:30:00+00:00,32.0,80.0,2023-10
4149,port_core,2023-10-02 16:00:00+00:00,18.0,80.0,2023-10
4150,western_opl,2023-10-01 08:00:00+00:00,97.5,81.0,2023-10
4151,eastern_opl,2023-10-02 08:00:00+00:00,108.0,80.0,2023-10
4151,port_core,2023-10-14 03:00:00+00:00,18.0,80.0,2023-10
4151,western_opl,2023-10-13 07:30:00+00:00,19.0,80.0,2023-10
4151,western_opl,2023-10-19 16:30:00+00:00,46.0,80.0,2023-10
4151,western_opl,2023-10-27 05:00:00+00:00,3.5,80.0,2023-10
4152,eastern_opl,2023-10-03 06:30:00+00:00,1.5,80.0,2023-10
4152,port_core,2023-10-09 01:00:00+00:00,18.0,80.0,2023-10
4152,western_opl,2023-10-09 19:30:00+00:00,0.5,80.0,2023-10
4153,port_core,2023-10-29 03:00:00+00:00,6.0,71.0,2023-10
4154,port_core,2023-10-01 15:30:00+00:00,24.0,70.0,2023-10
4156,port_core,2023-10-29 12:30:00+00:00,12.0,80.0,2023-10
4158,port_core,2023-10-01 00:00:00+00:00,9.5,71.0,2023-10
4160,western_opl,2023-10-06 04:30:00+00:00,15.0,80.0,2023-10
4163,western_opl,2023-10-01 00:00:00+00:00,140.0,80.0,2023-10
4163,western_opl,2023-10-08 17:30:00+00:00,316.5,80.0,2023-10
4163,western_opl,2023-10-25 08:30:00+00:00,135.5,80.0,2023-10
4164,port_core,2023-10-01 05:30:00+00:00,80.0,80.0,2023-10
4165,port_core,2023-10-16 09:00:00+00:00,41.5,80.0,2023-10
4171,port_core,2023-10-03 17:00:00+00:00,0.5,80.0,2023-10
4171,port_core,2023-10-20 10:30:00+00:00,1.5,80.0,2023-10
4171,western_opl,2023-10-03 03:00:00+00:00,13.0,80.0,2023-10
4171,western_opl,2023-10-20 12:30:00+00:00,0.5,80.0,2023-10
4171,western_opl,2023-10-22 16:00:00+00:00,0.0,80.0,2023-10
4172,eastern_opl,2023-10-12 21:30:00+00:00,42.5,80.0,2023-10
4172,port_core,2023-10-01 10:30:00+00:00,76.0,80.0,2023-10
4172,port_core,2023-10-09 03:00:00+00:00,41.0,80.0,2023-10
4172,port_core,2023-10-17 18:00:00+00:00,35.0,80.0,2023-10
4172,port_core,2023-10-20 09:30:00+00:00,3.5,80.0,2023-10
4172,port_core,2023-10-25 08:30:00+00:00,11.0,80.0,2023-10
4172,western_opl,2023-10-11 22:00:00+00:00,0.5,80.0,2023-10
4172,western_opl,2023-10-19 19:00:00+00:00,1.0,80.0,2023-10
4172,western_opl,2023-10-21 08:30:00+00:00,14.0,80.0,2023-10
4173,eastern_opl,2023-10-05 02:00:00+00:00,6.5,80.0,2023-10
4173,eastern_opl,2023-10-08 21:30:00+00:00,9.0,80.0,2023-10
4173,eastern_opl,2023-10-14 17:30:00+00:00,13.5,80.0,2023-10
4173,eastern_opl,2023-10-16 13:00:00+00:00,42.5,80.0,2023-10
4173,eastern_opl,2023-10-19 22:00:00+00:00,31.5,80.0,2023-10
4173,eastern_opl,2023-10-27 20:00:00+00:00,21.0,80.0,2023-10
4173,port_core,2023-10-03 11:30:00+00:00,1.0,80.0,2023-10
4173,port_core,2023-10-09 13:30:00+00:00,29.0,80.0,2023-10
4173,port_core,2023-10-21 15:00:00+00:00,7.5,80.0,2023-10
4173,port_core,2023-10-26 09:00:00+00:00,19.0,80.0,2023-10
4173,port_core,2023-10-29 10:00:00+00:00,38.0,80.0,2023-10
4174,western_opl,2023-10-21 10:00:00+00:00,30.0,84.0,2023-10
4179,eastern_opl,2023-10-08 17:30:00+00:00,1.0,70.0,2023-10
4180,port_core,2023-10-09 04:30:00+00:00,54.5,70.0,2023-10
4183,port_core,2023-10-04 05:00:00+00:00,10.0,71.0,2023-10
4184,port_core,2023-10-01 00:00:00+00:00,24.5,80.0,2023-10
4184,port_core,2023-10-03 10:00:00+00:00,2.5,80.0,2023-10
4184,port_core,2023-10-09 10:30:00+00:00,4.5,80.0,2023-10
4184,port_core,2023-10-26 13:00:00+00:00,13.0,80.0,2023-10
4184,western_opl,2023-10-16 13:30:00+00:00,3.0,80.0,2023-10
4184,western_opl,2023-10-30 00:30:00+00:00,0.0,80.0,2023-10
4189,port_core,2023-10-09 22:30:00+00:00,15.5,80.0,2023-10
4190,western_opl,2023-10-01 00:00:00+00:00,140.0,84.0,2023-10
4190,western_opl,2023-10-08 17:30:00+00:00,334.5,84.0,2023-10
4190,western_opl,2023-10-25 08:30:00+00:00,135.0,84.0,2023-10
4191,port_core,2023-10-01 00:00:00+00:00,5.5,80.0,2023-10
4191,port_core,2023-10-03 02:00:00+00:00,13.5,80.0,2023-10
4191,port_core,2023-10-06 04:00:00+00:00,0.0,80.0,2023-10
4191,port_core,2023-10-08 17:30:00+00:00,77.0,80.0,2023-10
4191,port_core,2023-10-14 04:00:00+00:00,29.5,80.0,2023-10
4191,port_core,2023-10-16 18:00:00+00:00,124.5,80.0,2023-10
4191,port_core,2023-10-27 06:00:00+00:00,79.5,80.0,2023-10
4191,western_opl,2023-10-01 21:30:00+00:00,8.0,80.0,2023-10
4193,port_core,2023-10-16 12:00:00+00:00,12.5,70.0,2023-10
4196,eastern_opl,2023-10-01 14:00:00+00:00,1.5,80.0,2023-10
4196,eastern_opl,2023-10-04 15:00:00+00:00,9.0,80.0,2023-10
4196,eastern_opl,2023-10-09 17:00:00+00:00,27.5,80.0,2023-10
4196,eastern_opl,2023-10-16 14:30:00+00:00,13.5,80.0,2023-10
4196,eastern_opl,2023-10-18 17:30:00+00:00,11.5,80.0,2023-10
4196,eastern_opl,2023-10-21 17:30:00+00:00,5.0,80.0,2023-10
4196,eastern_opl,2023-10-30 01:00:00+00:00,0.0,80.0,2023-10
4196,port_core,2023-10-01 00:00:00+00:00,5.5,80.0,2023-10
4196,port_core,2023-10-03 02:00:00+00:00,28.5,80.0,2023-10
4196,port_core,2023-10-06 00:30:00+00:00,19.5,80.0,2023-10
4196,port_core,2023-10-09 22:30:00+00:00,14.5,80.0,2023-10
4196,port_core,2023-10-20 08:00:00+00:00,24.5,80.0,2023-10
4196,port_core,2023-10-25 09:00:00+00:00,93.5,80.0,2023-10
4196,port_core,2023-10-30 19:30:00+00:00,4.0,80.0,2023-10
4197,eastern_opl,2023-10-01 00:00:00+00:00,140.0,80.0,2023-10
4198,port_core,2023-10-04 08:30:00+00:00,39.5,79.0,2023-10
4200,western_opl,2023-10-08 18:00:00+00:00,0.0,80.0,2023-10
4201,port_core,2023-10-17 03:30:00+00:00,8.0,70.0,2023-10
4202,port_core,2023-10-10 13:00:00+00:00,7.5,70.0,2023-10
4204,port_core,2023-10-04 14:00:00+00:00,30.5,74.0,2023-10
4205,western_opl,2023-10-28 18:30:00+00:00,30.5,80.0,2023-10
4210,port_core,2023-10-29 09:30:00+00:00,6.5,70.0,2023-10
4211,port_core,2023-10-11 08:30:00+00:00,14.0,80.0,2023-10
4211,port_core,2023-10-19 23:00:00+00:00,1.5,80.0,2023-10
4211,western_opl,2023-10-01 09:00:00+00:00,32.0,80.0,2023-10
4211,western_opl,2023-10-05 20:30:00+00:00,23.5,80.0,2023-10
4211,western_opl,2023-10-08 17:30:00+00:00,32.0,80.0,2023-10
4211,western_opl,2023-10-18 21:00:00+00:00,8.0,80.0,2023-10
4214,eastern_opl,2023-10-08 17:30:00+00:00,41.5,80.0,2023-10
4214,port_core,2023-10-11 18:00:00+00:00,4.5,80.0,2023-10
4214,port_core,2023-10-21 06:30:00+00:00,4.0,80.0,2023-10
4214,western_opl,2023-10-05 07:00:00+00:00,37.0,80.0,2023-10
4214,western_opl,2023-10-18 14:30:00+00:00,33.5,80.0,2023-10
4214,western_opl,2023-10-29 08:00:00+00:00,17.0,80.0,2023-10
4216,eastern_opl,2023-10-10 07:30:00+00:00,8.5,71.0,2023-10
4216,port_core,2023-10-25 08:30:00+00:00,13.0,71.0,2023-10
4217,eastern_opl,2023-10-27 16:00:00+00:00,5.5,80.0,2023-10
4217,port_core,2023-10-25 08:30:00+00:00,112.0,80.0,2023-10
4217,western_opl,2023-10-30 01:00:00+00:00,23.0,80.0,2023-10
4219,port_core,2023-10-09 10:30:00+00:00,6.5,70.0,2023-10
4225,port_core,2023-10-03 13:30:00+00:00,7.5,70.0,2023-10
4226,eastern_opl,2023-10-27 19:00:00+00:00,20.5,80.0,2023-10
4226,port_core,2023-10-01 23:00:00+00:00,69.5,80.0,2023-10
4226,port_core,2023-10-09 02:00:00+00:00,0.5,80.0,2023-10
4226,port_core,2023-10-14 10:00:00+00:00,3.5,80.0,2023-10
4226,port_core,2023-10-27 13:30:00+00:00,29.5,80.0,2023-10
4227,western_opl,2023-10-01 05:00:00+00:00,5.0,82.0,2023-10
4232,port_core,2023-10-27 00:30:00+00:00,15.5,70.0,2023-10
4234,port_core,2023-10-01 23:30:00+00:00,2.0,70.0,2023-10
4235,port_core,2023-10-02 08:30:00+00:00,10.5,70.0,2023-10
4236,eastern_opl,2023-10-28 03:30:00+00:00,8.5,70.0,2023-10
4237,port_core,2023-10-11 09:00:00+00:00,4.0,70.0,2023-10
4241,western_opl,2023-10-29 11:30:00+00:00,13.5,80.0,2023-10
4243,port_core,2023-10-09 01:00:00+00:00,14.0,80.0,2023-10
4244,eastern_opl,2023-10-01 00:00:00+00:00,79.5,80.0,2023-10
4245,port_core,2023-10-12 07:30:00+00:00,16.0,80.0,2023-10
4246,port_core,2023-10-19 02:00:00+00:00,41.5,80.0,2023-10
4246,port_core,2023-10-25 08:30:00+00:00,4.0,80.0,2023-10
4247,port_core,2023-10-28 05:00:00+00:00,14.5,70.0,2023-10
4248,western_opl,2023-10-16 09:00:00+00:00,7.5,81.0,2023-10
4249,port_core,2023-10-01 05:00:00+00:00,18.5,70.0,2023-10
4250,western_opl,2023-10-14 22:30:00+00:00,11.0,80.0,2023-10
4253,eastern_opl,2023-10-10 16:30:00+00:00,4.0,70.0,2023-10
4254,port_core,2023-10-08 18:00:00+00:00,8.5,80.0,2023-10
4257,port_core,2023-10-28 11:30:00+00:00,16.5,70.0,2023-10
4260,port_core,2023-10-02 18:00:00+00:00,7.5,70.0,2023-10
4264,eastern_opl,2023-10-20 02:00:00+00:00,26.0,81.0,2023-10
4264,eastern_opl,2023-10-29 02:30:00+00:00,0.5,81.0,2023-10
4264,western_opl,2023-10-01 05:30:00+00:00,19.5,81.0,2023-10
4264,western_opl,2023-10-13 07:30:00+00:00,8.5,81.0,2023-10
4266,port_core,2023-10-11 14:30:00+00:00,8.0,70.0,2023-10
4268,eastern_opl,2023-10-12 17:00:00+00:00,2.5,70.0,2023-10
4268,port_core,2023-10-12 08:00:00+00:00,8.5,70.0,2023-10
4269,eastern_opl,2023-10-16 20:00:00+00:00,26.0,80.0,2023-10
4269,port_core,2023-10-15 08:00:00+00:00,1.5,80.0,2023-10
4271,eastern_opl,2023-10-06 08:30:00+00:00,1.0,80.0,2023-10
4272,eastern_opl,2023-10-19 20:30:00+00:00,28.5,80.0,2023-10
4273,port_core,2023-10-05 08:00:00+00:00,9.5,80.0,2023-10
4275,eastern_opl,2023-10-11 13:00:00+00:00,9.0,80.0,2023-10
4275,port_core,2023-10-10 10:30:00+00:00,10.0,80.0,2023-10
4276,eastern_opl,2023-10-06 08:00:00+00:00,12.0,81.0,2023-10
4276,eastern_opl,2023-10-11 09:00:00+00:00,140.5,81.0,2023-10
4276,western_opl,2023-10-02 16:00:00+00:00,81.5,81.0,2023-10
4276,western_opl,2023-10-25 08:30:00+00:00,38.0,81.0,2023-10
4277,port_core,2023-10-09 01:00:00+00:00,15.0,70.0,2023-10
4278,port_core,2023-10-08 17:30:00+00:00,118.5,80.0,2023-10
4280,port_core,2023-10-01 00:00:00+00:00,2.5,80.0,2023-10
4280,port_core,2023-10-15 06:00:00+00:00,58.5,80.0,2023-10
4280,port_core,2023-10-25 08:30:00+00:00,61.5,80.0,2023-10
4280,western_opl,2023-10-01 01:30:00+00:00,0.0,80.0,2023-10
4280,western_opl,2023-10-17 15:00:00+00:00,1.0,80.0,2023-10
4281,port_core,2023-10-27 23:00:00+00:00,23.0,80.0,2023-10
4284,port_core,2023-10-25 08:30:00+00:00,13.0,80.0,2023-10
4285,eastern_opl,2023-10-04 16:30:00+00:00,4.0,80.0,2023-10
4285,eastern_opl,2023-10-09 21:00:00+00:00,6.5,80.0,2023-10
4285,eastern_opl,2023-10-13 20:30:00+00:00,1.0,80.0,2023-10
4285,port_core,2023-10-01 00:00:00+00:00,10.5,80.0,2023-10
4285,port_core,2023-10-02 12:00:00+00:00,36.5,80.0,2023-10
4285,port_core,2023-10-05 12:30:00+00:00,3.0,80.0,2023-10
4285,port_core,2023-10-11 17:00:00+00:00,15.0,80.0,2023-10
4285,port_core,2023-10-16 20:00:00+00:00,13.0,80.0,2023-10
4285,port_core,2023-10-18 14:30:00+00:00,42.5,80.0,2023-10
4285,port_core,2023-10-27 19:30:00+00:00,9.0,80.0,2023-10
4285,port_core,2023-10-30 10:30:00+00:00,4.0,80.0,2023-10
4285,western_opl,2023-10-21 22:00:00+00:00,0.5,80.0,2023-10
4288,port_core,2023-10-21 14:00:00+00:00,2.5,70.0,2023-10
4290,port_core,2023-10-09 12:30:00+00:00,8.5,71.0,2023-10
4291,eastern_opl,2023-10-18 11:00:00+00:00,49.5,82.0,2023-10
4291,eastern_opl,2023-10-25 19:30:00+00:00,123.5,82.0,2023-10
4294,eastern_opl,2023-10-30 08:00:00+00:00,4.0,70.0,2023-10
4296,eastern_opl,2023-10-10 09:30:00+00:00,11.0,80.0,2023-10
4296,port_core,2023-10-01 18:30:00+00:00,86.0,80.0,2023-10
4296,port_core,2023-10-06 16:00:00+00:00,3.0,80.0,2023-10
4296,port_core,2023-10-13 21:30:00+00:00,11.5,80.0,2023-10
4296,port_core,2023-10-17 03:00:00+00:00,16.0,80.0,2023-10
4296,port_core,2023-10-20 01:30:00+00:00,21.5,80.0,2023-10
4296,port_core,2023-10-26 10:00:00+00:00,1.0,80.0,2023-10
4296,port_core,2023-10-28 14:00:00+00:00,50.5,80.0,2023-10
4296,western_opl,2023-10-08 17:30:00+00:00,30.0,80.0,2023-10
4296,western_opl,2023-10-21 16:30:00+00:00,4.0,80.0,2023-10
4297,western_opl,2023-10-01 00:00:00+00:00,30.0,84.0,2023-10
4297,western_opl,2023-10-13 07:30:00+00:00,26.5,84.0,2023-10
4297,western_opl,2023-10-16 09:00:00+00:00,40.5,84.0,2023-10
4298,eastern_opl,2023-10-19 20:30:00+00:00,1.0,80.0,2023-10
4299,port_core,2023-10-11 08:30:00+00:00,14.0,80.0,2023-10
4299,port_core,2023-10-14 02:30:00+00:00,3.0,80.0,2023-10
4299,western_opl,2023-10-02 08:30:00+00:00,6.5,80.0,2023-10
4299,western_opl,2023-10-11 13:00:00+00:00,5.5,80.0,2023-10
4300,port_core,2023-10-13 00:00:00+00:00,37.0,80.0,2023-10
4300,western_opl,2023-10-14 10:30:00+00:00,1.5,80.0,2023-10
4300,western_opl,2023-10-19 16:30:00+00:00,53.5,80.0,2023-10
4302,port_core,2023-10-09 12:00:00+00:00,15.5,70.0,2023-10
4303,port_core,2023-10-09 04:30:00+00:00,66.0,80.0,2023-10
4306,port_core,2023-10-20 00:00:00+00:00,5.5,70.0,2023-10
4307,port_core,2023-10-16 20:00:00+00:00,9.5,70.0,2023-10
4310,western_opl,2023-10-20 12:30:00+00:00,3.5,80.0,2023-10
4311,western_opl,2023-10-09 05:00:00+00:00,125.0,82.0,2023-10
4311,western_opl,2023-10-17 03:30:00+00:00,7.0,82.0,2023-10
4312,eastern_opl,2023-10-18 12:30:00+00:00,14.0,80.0,2023-10
4312,port_core,2023-10-17 06:30:00+00:00,26.0,80.0,2023-10
4312,port_core,2023-10-21 06:00:00+00:00,16.5,80.0,2023-10
4313,port_core,2023-10-06 11:00:00+00:00,9.0,80.0,2023-10
4313,port_core,2023-10-10 12:30:00+00:00,34.0,80.0,2023-10
4313,port_core,2023-10-14 18:30:00+00:00,46.0,80.0,2023-10
4313,port_core,2023-10-27 16:30:00+00:00,34.5,80.0,2023-10
4313,western_opl,2023-10-20 05:30:00+00:00,3.0,80.0,2023-10
4314,eastern_opl,2023-10-20 08:00:00+00:00,8.5,80.0,2023-10
4314,port_core,2023-10-02 18:30:00+00:00,73.0,80.0,2023-10
4314,port_core,2023-10-09 02:30:00+00:00,42.0,80.0,2023-10
4314,port_core,2023-10-12 13:30:00+00:00,33.5,80.0,2023-10
4314,port_core,2023-10-16 09:00:00+00:00,7.0,80.0,2023-10
4314,port_core,2023-10-20 03:00:00+00:00,4.5,80.0,2023-10
4314,port_core,2023-10-26 02:30:00+00:00,49.5,80.0,2023-10
4314,port_core,2023-10-29 20:30:00+00:00,4.5,80.0,2023-10
4316,port_core,2023-10-14 00:00:00+00:00,15.0,85.0,2023-10
4316,port_core,2023-10-16 09:00:00+00:00,44.5,85.0,2023-10
4316,western_opl,2023-10-01 00:00:00+00:00,19.5,85.0,2023-10
4317,western_opl,2023-10-01 00:00:00+00:00,140.0,80.0,2023-10
4317,western_opl,2023-10-08 17:30:00+00:00,160.0,80.0,2023-10
4317,western_opl,2023-10-16 14:30:00+00:00,121.5,80.0,2023-10
4317,western_opl,2023-10-25 08:30:00+00:00,135.5,80.0,2023-10
4319,port_core,2023-10-29 08:00:00+00:00,40.0,80.0,2023-10
4320,eastern_opl,2023-10-09 12:00:00+00:00,7.5,80.0,2023-10
4320,port_core,2023-10-01 01:00:00+00:00,11.0,80.0,2023-10
4320,port_core,2023-10-05 14:30:00+00:00,29.5,80.0,2023-10
4320,port_core,2023-10-10 20:30:00+00:00,67.0,80.0,2023-10
4320,port_core,2023-10-16 14:30:00+00:00,12.0,80.0,2023-10
4320,port_core,2023-10-19 04:00:00+00:00,66.0,80.0,2023-10
4320,port_core,2023-10-25 08:30:00+00:00,67.5,80.0,2023-10
4320,western_opl,2023-10-14 00:00:00+00:00,1.5,80.0,2023-10
4321,eastern_opl,2023-10-13 16:00:00+00:00,8.0,70.0,2023-10
4322,port_core,2023-10-26 15:00:00+00:00,11.5,80.0,2023-10
4322,port_core,2023-10-29 12:00:00+00:00,13.0,80.0,2023-10
4324,port_core,2023-10-09 23:00:00+00:00,39.0,70.0,2023-10
4325,eastern_opl,2023-10-21 20:30:00+00:00,2.0,70.0,2023-10
4327,western_opl,2023-10-05 08:00:00+00:00,36.0,82.0,2023-10
4327,western_opl,2023-10-08 17:30:00+00:00,28.0,82.0,2023-10
4329,eastern_opl,2023-10-17 00:30:00+00:00,16.5,87.0,2023-10
4329,eastern_opl,2023-10-26 21:00:00+00:00,9.5,87.0,2023-10
4329,port_core,2023-10-01 17:30:00+00:00,11.5,87.0,2023-10
4329,port_core,2023-10-03 19:30:00+00:00,8.0,87.0,2023-10
4329,port_core,2023-10-14 06:30:00+00:00,2.5,87.0,2023-10
4329,port_core,2023-10-16 20:00:00+00:00,19.5,87.0,2023-10
4329,port_core,2023-10-21 16:00:00+00:00,6.5,87.0,2023-10
4329,port_core,2023-10-25 08:30:00+00:00,72.0,87.0,2023-10
4329,western_opl,2023-10-06 06:30:00+00:00,3.5,87.0,2023-10
4329,western_opl,2023-10-28 09:00:00+00:00,0.5,87.0,2023-10
4330,port_core,2023-10-20 18:00:00+00:00,4.5,80.0,2023-10
4332,eastern_opl,2023-10-13 04:00:00+00:00,53.0,80.0,2023-10
4332,port_core,2023-10-17 04:30:00+00:00,76.0,80.0,2023-10
4332,port_core,2023-10-27 09:30:00+00:00,13.5,80.0,2023-10
4332,western_opl,2023-10-27 23:30:00+00:00,0.5,80.0,2023-10
4333,port_core,2023-10-28 14:30:00+00:00,0.0,70.0,2023-10
4335,port_core,2023-10-19 00:00:00+00:00,5.0,70.0,2023-10
4336,eastern_opl,2023-10-01 05:30:00+00:00,73.5,80.0,2023-10
4337,port_core,2023-10-01 00:00:00+00:00,8.5,80.0,2023-10
4338,port_core,2023-10-01 10:00:00+00:00,20.5,80.0,2023-10
4339,western_opl,2023-10-29 23:30:00+00:00,1.0,80.0,2023-10
4344,western_opl,2023-10-17 23:00:00+00:00,30.0,80.0,2023-10
4345,port_core,2023-10-03 04:30:00+00:00,3.0,81.0,2023-10
4345,port_core,2023-10-09 04:30:00+00:00,149.0,81.0,2023-10
4345,port_core,2023-10-17 10:30:00+00:00,108.0,81.0,2023-10
4345,port_core,2023-10-28 09:30:00+00:00,62.0,81.0,2023-10
4345,western_opl,2023-10-01 00:00:00+00:00,2.5,81.0,2023-10
4345,western_opl,2023-10-25 08:30:00+00:00,55.0,81.0,2023-10
4346,port_core,2023-10-21 17:00:00+00:00,5.5,70.0,2023-10
4347,eastern_opl,2023-10-05 01:30:00+00:00,10.5,70.0,2023-10
4350,eastern_opl,2023-10-03 05:00:00+00:00,6.5,70.0,2023-10
4350,port_core,2023-10-03 04:00:00+00:00,0.5,70.0,2023-10
4352,port_core,2023-10-03 16:30:00+00:00,15.0,70.0,2023-10
4354,eastern_opl,2023-10-18 21:00:00+00:00,8.0,70.0,2023-10
4357,port_core,2023-10-21 19:00:00+00:00,3.5,70.0,2023-10
4360,western_opl,2023-10-28 03:30:00+00:00,68.5,82.0,2023-10
4361,port_core,2023-10-11 09:00:00+00:00,23.0,82.0,2023-10
4361,western_opl,2023-10-18 20:30:00+00:00,8.5,82.0,2023-10
4362,western_opl,2023-10-10 03:00:00+00:00,43.5,80.0,2023-10
4363,western_opl,2023-10-16 09:00:00+00:00,133.5,80.0,2023-10
4364,western_opl,2023-10-25 08:30:00+00:00,135.5,83.0,2023-10
4365,western_opl,2023-10-20 03:30:00+00:00,21.5,84.0,2023-10
4367,western_opl,2023-10-03 07:00:00+00:00,73.5,80.0,2023-10
4367,western_opl,2023-10-18 07:00:00+00:00,1.5,80.0,2023-10
4368,port_core,2023-10-01 00:30:00+00:00,31.5,80.0,2023-10
4375,eastern_opl,2023-10-18 01:30:00+00:00,92.5,80.0,2023-10
4375,port_core,2023-10-11 09:00:00+00:00,61.0,80.0,2023-10
4375,port_core,2023-10-27 15:30:00+00:00,27.5,80.0,2023-10
4375,port_core,2023-10-30 00:00:00+00:00,23.5,80.0,2023-10
4378,port_core,2023-10-01 06:30:00+00:00,34.0,81.0,2023-10
4378,port_core,2023-10-04 16:00:00+00:00,17.0,81.0,2023-10
4378,port_core,2023-10-06 19:30:00+00:00,0.5,81.0,2023-10
4378,port_core,2023-10-09 07:30:00+00:00,86.0,81.0,2023-10
4378,port_core,2023-10-14 01:00:00+00:00,25.0,81.0,2023-10
4378,port_core,2023-10-17 04:30:00+00:00,67.5,81.0,2023-10
4378,port_core,2023-10-25 09:30:00+00:00,67.0,81.0,2023-10
4378,port_core,2023-10-30 09:30:00+00:00,4.0,81.0,2023-10
4378,western_opl,2023-10-20 20:00:00+00:00,7.0,81.0,2023-10
4378,western_opl,2023-10-29 02:00:00+00:00,5.0,81.0,2023-10
4379,port_core,2023-10-01 18:30:00+00:00,29.0,87.0,2023-10
4379,port_core,2023-10-04 13:00:00+00:00,55.0,87.0,2023-10
4379,port_core,2023-10-08 17:30:00+00:00,32.0,87.0,2023-10
4379,port_core,2023-10-12 07:30:00+00:00,65.0,87.0,2023-10
4379,port_core,2023-10-16 09:30:00+00:00,1.5,87.0,2023-10
4379,port_core,2023-10-17 23:00:00+00:00,83.5,87.0,2023-10
4379,port_core,2023-10-25 08:30:00+00:00,98.0,87.0,2023-10
4379,port_core,2023-10-30 12:30:00+00:00,9.5,87.0,2023-10
4379,western_opl,2023-10-10 08:00:00+00:00,12.5,87.0,2023-10
4379,western_opl,2023-10-26 10:30:00+00:00,6.0,87.0,2023-10
4382,port_core,2023-10-29 10:00:00+00:00,5.5,80.0,2023-10
4383,port_core,2023-10-03 13:00:00+00:00,1.0,89.0,2023-10
4383,western_opl,2023-10-03 10:00:00+00:00,29.5,89.0,2023-10
4383,western_opl,2023-10-25 08:30:00+00:00,55.0,89.0,2023-10
4384,port_core,2023-10-01 16:30:00+00:00,13.0,80.0,2023-10
4384,western_opl,2023-10-02 23:00:00+00:00,8.0,80.0,2023-10
4386,port_core,2023-10-25 09:00:00+00:00,8.0,89.0,2023-10
4387,eastern_opl,2023-10-01 00:00:00+00:00,0.5,80.0,2023-10
4387,port_core,2023-10-01 05:30:00+00:00,69.0,80.0,2023-10
4387,port_core,2023-10-05 21:00:00+00:00,15.5,80.0,2023-10
4387,port_core,2023-10-08 17:30:00+00:00,49.0,80.0,2023-10
4387,port_core,2023-10-12 07:30:00+00:00,111.5,80.0,2023-10
4387,port_core,2023-10-18 02:30:00+00:00,5.0,80.0,2023-10
4387,port_core,2023-10-21 12:00:00+00:00,10.0,80.0,2023-10
4387,port_core,2023-10-26 06:00:00+00:00,57.5,80.0,2023-10
4387,port_core,2023-10-29 17:00:00+00:00,8.0,80.0,2023-10
4387,western_opl,2023-10-26 23:30:00+00:00,1.5,80.0,2023-10
4389,port_core,2023-10-21 20:00:00+00:00,0.0,80.0,2023-10
4390,eastern_opl,2023-10-28 00:00:00+00:00,30.5,80.0,2023-10
4393,port_core,2023-10-01 00:00:00+00:00,47.0,80.0,2023-10
4394,eastern_opl,2023-10-01 00:00:00+00:00,5.5,80.0,2023-10
4394,eastern_opl,2023-10-04 09:00:00+00:00,20.5,80.0,2023-10
4394,eastern_opl,2023-10-16 23:00:00+00:00,0.0,80.0,2023-10
4394,eastern_opl,2023-10-20 12:00:00+00:00,0.5,80.0,2023-10
4394,eastern_opl,2023-10-27 22:30:00+00:00,24.5,80.0,2023-10
4394,port_core,2023-10-01 06:00:00+00:00,134.0,80.0,2023-10
4394,port_core,2023-10-10 10:30:00+00:00,2.5,80.0,2023-10
4394,port_core,2023-10-12 10:30:00+00:00,28.0,80.0,2023-10
4394,port_core,2023-10-16 09:00:00+00:00,13.5,80.0,2023-10
4394,port_core,2023-10-19 00:30:00+00:00,35.0,80.0,2023-10
4394,port_core,2023-10-25 08:30:00+00:00,0.0,80.0,2023-10
4394,port_core,2023-10-27 07:00:00+00:00,15.0,80.0,2023-10
4394,port_core,2023-10-29 23:30:00+00:00,24.0,80.0,2023-10
4394,western_opl,2023-10-01 17:30:00+00:00,21.0,80.0,2023-10
4396,port_core,2023-10-01 00:00:00+00:00,5.5,80.0,2023-10
4396,port_core,2023-10-29 10:30:00+00:00,7.0,80.0,2023-10
4396,western_opl,2023-10-01 08:30:00+00:00,131.5,80.0,2023-10
4396,western_opl,2023-10-08 23:30:00+00:00,40.5,80.0,2023-10
4396,western_opl,2023-10-12 11:00:00+00:00,16.5,80.0,2023-10
4396,western_opl,2023-10-14 09:30:00+00:00,115.5,80.0,2023-10
4396,western_opl,2023-10-21 05:00:00+00:00,17.5,80.0,2023-10
4396,western_opl,2023-10-26 01:30:00+00:00,31.5,80.0,2023-10
4400,port_core,2023-10-05 13:00:00+00:00,19.5,83.0,2023-10
4400,port_core,2023-10-12 12:00:00+00:00,48.5,83.0,2023-10
4400,port_core,2023-10-16 13:00:00+00:00,58.0,83.0,2023-10
4400,port_core,2023-10-30 08:30:00+00:00,6.5,83.0,2023-10
4400,western_opl,2023-10-03 10:00:00+00:00,17.0,83.0,2023-10
4400,western_opl,2023-10-08 23:00:00+00:00,81.0,83.0,2023-10
4400,western_opl,2023-10-21 22:00:00+00:00,0.5,83.0,2023-10
4400,western_opl,2023-10-26 14:00:00+00:00,9.5,83.0,2023-10
4400,western_opl,2023-10-28 03:30:00+00:00,9.5,83.0,2023-10
4402,eastern_opl,2023-10-02 05:30:00+00:00,1.5,80.0,2023-10
4402,eastern_opl,2023-10-09 18:30:00+00:00,19.0,80.0,2023-10
4402,eastern_opl,2023-10-26 22:00:00+00:00,9.5,80.0,2023-10
4402,port_core,2023-10-01 00:00:00+00:00,8.5,80.0,2023-10
4402,port_core,2023-10-03 06:30:00+00:00,7.0,80.0,2023-10
4402,port_core,2023-10-05 09:30:00+00:00,33.5,80.0,2023-10
4402,port_core,2023-10-08 17:30:00+00:00,5.5,80.0,2023-10
4402,port_core,2023-10-11 13:30:00+00:00,5.5,80.0,2023-10
4402,port_core,2023-10-13 15:00:00+00:00,29.0,80.0,2023-10
4402,port_core,2023-10-16 20:00:00+00:00,30.5,80.0,2023-10
4402,port_core,2023-10-19 21:30:00+00:00,39.0,80.0,2023-10
4402,port_core,2023-10-28 02:30:00+00:00,55.5,80.0,2023-10
4404,port_core,2023-10-28 10:30:00+00:00,7.5,70.0,2023-10
4405,port_core,2023-10-26 03:00:00+00:00,63.0,80.0,2023-10
4405,western_opl,2023-10-16 10:00:00+00:00,9.5,80.0,2023-10
4407,port_core,2023-10-28 05:00:00+00:00,2.0,80.0,2023-10
4407,western_opl,2023-10-28 00:00:00+00:00,4.0,80.0,2023-10
4408,eastern_opl,2023-10-29 10:30:00+00:00,14.5,80.0,2023-10
4410,port_core,2023-10-01 00:00:00+00:00,9.5,80.0,2023-10
4410,port_core,2023-10-02 15:30:00+00:00,86.5,80.0,2023-10
4410,port_core,2023-10-13 14:00:00+00:00,23.0,80.0,2023-10
4410,port_core,2023-10-17 17:00:00+00:00,88.0,80.0,2023-10
4410,port_core,2023-10-27 16:00:00+00:00,17.0,80.0,2023-10
4410,western_opl,2023-10-08 17:30:00+00:00,95.0,80.0,2023-10
4410,western_opl,2023-10-15 00:30:00+00:00,9.0,80.0,2023-10
4410,western_opl,2023-10-27 03:00:00+00:00,4.0,80.0,2023-10
4410,western_opl,2023-10-28 18:30:00+00:00,52.5,80.0,2023-10
4411,port_core,2023-10-02 11:00:00+00:00,105.0,80.0,2023-10
4411,port_core,2023-10-08 18:00:00+00:00,159.5,80.0,2023-10
4411,port_core,2023-10-17 05:00:00+00:00,93.0,80.0,2023-10
4411,port_core,2023-10-26 03:00:00+00:00,68.5,80.0,2023-10
4411,western_opl,2023-10-05 18:00:00+00:00,25.0,80.0,2023-10
4412,port_core,2023-10-03 02:30:00+00:00,3.5,70.0,2023-10
4413,port_core,2023-10-08 18:00:00+00:00,17.5,80.0,2023-10
4413,port_core,2023-10-10 12:00:00+00:00,3.0,80.0,2023-10
4413,port_core,2023-10-18 06:00:00+00:00,3.0,80.0,2023-10
4413,port_core,2023-10-25 20:00:00+00:00,10.0,80.0,2023-10
4415,port_core,2023-10-02 18:30:00+00:00,15.0,80.0,2023-10
4415,port_core,2023-10-06 01:00:00+00:00,5.0,80.0,2023-10
4415,port_core,2023-10-10 18:30:00+00:00,37.0,80.0,2023-10
4415,port_core,2023-10-17 14:30:00+00:00,3.5,80.0,2023-10
4415,port_core,2023-10-20 07:00:00+00:00,5.5,80.0,2023-10
4415,port_core,2023-10-28 22:30:00+00:00,5.5,80.0,2023-10
4415,western_opl,2023-10-01 07:30:00+00:00,17.5,80.0,2023-10
4415,western_opl,2023-10-05 06:30:00+00:00,1.5,80.0,2023-10
4415,western_opl,2023-10-06 17:30:00+00:00,2.5,80.0,2023-10
4415,western_opl,2023-10-13 07:30:00+00:00,12.5,80.0,2023-10
4415,western_opl,2023-10-26 10:00:00+00:00,30.0,80.0,2023-10
4415,western_opl,2023-10-30 23:30:00+00:00,0.5,80.0,2023-10
4420,port_core,2023-10-01 00:30:00+00:00,0.0,80.0,2023-10
4420,port_core,2023-10-02 06:00:00+00:00,1.0,80.0,2023-10
4420,port_core,2023-10-09 09:30:00+00:00,0.0,80.0,2023-10
4420,port_core,2023-10-18 10:00:00+00:00,18.0,80.0,2023-10
4420,port_core,2023-10-21 08:30:00+00:00,0.0,80.0,2023-10
4420,port_core,2023-10-26 03:00:00+00:00,4.0,80.0,2023-10
4420,port_core,2023-10-29 20:30:00+00:00,4.5,80.0,2023-10
4420,western_opl,2023-10-10 13:30:00+00:00,7.0,80.0,2023-10
4421,eastern_opl,2023-10-01 19:00:00+00:00,7.5,80.0,2023-10
4421,port_core,2023-10-01 00:00:00+00:00,140.0,80.0,2023-10
4421,port_core,2023-10-09 05:00:00+00:00,202.0,80.0,2023-10
4421,port_core,2023-10-18 20:30:00+00:00,1.0,80.0,2023-10
4421,port_core,2023-10-26 03:00:00+00:00,86.0,80.0,2023-10
4421,port_core,2023-10-30 18:30:00+00:00,5.0,80.0,2023-10
4421,western_opl,2023-10-11 08:30:00+00:00,4.0,80.0,2023-10
4421,western_opl,2023-10-13 02:30:00+00:00,4.5,80.0,2023-10
4422,port_core,2023-10-01 00:00:00+00:00,67.5,80.0,2023-10
4422,port_core,2023-10-08 17:30:00+00:00,14.5,80.0,2023-10
4422,port_core,2023-10-10 14:00:00+00:00,45.0,80.0,2023-10
4422,port_core,2023-10-16 09:00:00+00:00,26.5,80.0,2023-10
4422,port_core,2023-10-19 00:00:00+00:00,62.0,80.0,2023-10
4422,port_core,2023-10-25 08:30:00+00:00,73.0,80.0,2023-10
4422,port_core,2023-10-30 20:30:00+00:00,3.5,80.0,2023-10
4422,western_opl,2023-10-05 16:30:00+00:00,16.5,80.0,2023-10
4422,western_opl,2023-10-14 05:30:00+00:00,28.0,80.0,2023-10
4422,western_opl,2023-10-29 10:00:00+00:00,15.0,80.0,2023-10
4423,eastern_opl,2023-10-06 02:30:00+00:00,0.0,80.0,2023-10
4423,port_core,2023-10-01 12:00:00+00:00,66.5,80.0,2023-10
4423,port_core,2023-10-08 21:30:00+00:00,73.0,80.0,2023-10
4423,port_core,2023-10-13 19:00:00+00:00,144.0,80.0,2023-10
4423,port_core,2023-10-20 22:00:00+00:00,24.0,80.0,2023-10
4423,port_core,2023-10-25 13:30:00+00:00,104.5,80.0,2023-10
4423,western_opl,2023-10-12 11:00:00+00:00,23.0,80.0,2023-10
4423,western_opl,2023-10-25 08:30:00+00:00,1.0,80.0,2023-10
4423,western_opl,2023-10-30 20:00:00+00:00,3.0,80.0,2023-10
4424,port_core,2023-10-19 16:30:00+00:00,13.0,80.0,2023-10
4425,eastern_opl,2023-10-25 09:00:00+00:00,40.0,80.0,2023-10
4425,port_core,2023-10-19 04:30:00+00:00,65.5,80.0,2023-10
4425,port_core,2023-10-29 11:00:00+00:00,27.0,80.0,2023-10
4426,eastern_opl,2023-10-03 00:00:00+00:00,7.0,80.0,2023-10
4426,port_core,2023-10-01 10:30:00+00:00,78.0,80.0,2023-10
4426,port_core,2023-10-06 02:30:00+00:00,12.0,80.0,2023-10
4426,port_core,2023-10-08 17:30:00+00:00,112.5,80.0,2023-10
4426,port_core,2023-10-17 16:00:00+00:00,13.5,80.0,2023-10
4426,western_opl,2023-10-03 09:00:00+00:00,0.0,80.0,2023-10
4426,western_opl,2023-10-04 17:00:00+00:00,1.5,80.0,2023-10
4426,western_opl,2023-10-10 11:30:00+00:00,3.5,80.0,2023-10
4429,port_core,2023-10-01 16:30:00+00:00,9.5,70.0,2023-10
4430,port_core,2023-10-01 00:00:00+00:00,3.0,70.0,2023-10
4431,eastern_opl,2023-10-02 23:00:00+00:00,0.0,80.0,2023-10
4431,port_core,2023-10-01 01:30:00+00:00,124.5,80.0,2023-10
4431,port_core,2023-10-08 17:30:00+00:00,109.0,80.0,2023-10
4431,port_core,2023-10-15 05:00:00+00:00,3.5,80.0,2023-10
4431,port_core,2023-10-17 07:30:00+00:00,2.0,80.0,2023-10
4431,port_core,2023-10-19 01:00:00+00:00,45.5,80.0,2023-10
4431,port_core,2023-10-26 19:30:00+00:00,9.5,80.0,2023-10
4431,port_core,2023-10-29 14:30:00+00:00,28.0,80.0,2023-10
4431,western_opl,2023-10-17 18:00:00+00:00,4.5,80.0,2023-10
4435,eastern_opl,2023-10-25 08:30:00+00:00,99.0,83.0,2023-10
4435,port_core,2023-10-06 10:30:00+00:00,9.5,83.0,2023-10
4437,eastern_opl,2023-10-10 06:30:00+00:00,4.5,80.0,2023-10
4437,port_core,2023-10-01 00:00:00+00:00,89.5,80.0,2023-10
4437,port_core,2023-10-06 15:00:00+00:00,5.0,80.0,2023-10
4437,port_core,2023-10-08 19:00:00+00:00,27.5,80.0,2023-10
4437,port_core,2023-10-12 07:30:00+00:00,4.0,80.0,2023-10
4437,port_core,2023-10-19 03:30:00+00:00,58.0,80.0,2023-10
4437,port_core,2023-10-27 01:30:00+00:00,13.5,80.0,2023-10
4437,port_core,2023-10-28 22:00:00+00:00,2.5,80.0,2023-10
4437,port_core,2023-10-30 22:30:00+00:00,1.5,80.0,2023-10
4437,western_opl,2023-10-04 18:00:00+00:00,0.5,80.0,2023-10
4437,western_opl,2023-10-06 06:30:00+00:00,4.0,80.0,2023-10
4437,western_opl,2023-10-28 10:30:00+00:00,10.5,80.0,2023-10
4438,eastern_opl,2023-10-04 05:00:00+00:00,10.5,89.0,2023-10
4441,port_core,2023-10-08 20:00:00+00:00,13.0,80.0,2023-10
4441,port_core,2023-10-10 14:00:00+00:00,31.5,80.0,2023-10
4441,western_opl,2023-10-10 15:00:00+00:00,2.5,80.0,2023-10
4442,eastern_opl,2023-10-03 03:00:00+00:00,83.5,89.0,2023-10
4442,port_core,2023-10-08 17:30:00+00:00,76.0,89.0,2023-10
4442,western_opl,2023-10-29 01:30:00+00:00,46.5,89.0,2023-10
4443,port_core,2023-10-01 02:00:00+00:00,69.5,83.0,2023-10
4443,port_core,2023-10-08 20:30:00+00:00,36.5,83.0,2023-10
4443,port_core,2023-10-11 15:30:00+00:00,90.0,83.0,2023-10
4443,port_core,2023-10-16 10:30:00+00:00,46.0,83.0,2023-10
4443,port_core,2023-10-20 11:30:00+00:00,24.0,83.0,2023-10
4443,port_core,2023-10-28 00:30:00+00:00,70.5,83.0,2023-10
4443,western_opl,2023-10-04 12:30:00+00:00,1.5,83.0,2023-10
4443,western_opl,2023-10-28 03:30:00+00:00,4.5,83.0,2023-10
4445,eastern_opl,2023-10-16 09:00:00+00:00,37.5,82.0,2023-10
4445,port_core,2023-10-08 17:30:00+00:00,23.0,82.0,2023-10
4445,port_core,2023-10-20 04:30:00+00:00,42.0,82.0,2023-10
4445,western_opl,2023-10-12 15:00:00+00:00,0.0,82.0,2023-10
4445,western_opl,2023-10-19 21:30:00+00:00,24.0,82.0,2023-10
4445,western_opl,2023-10-31 00:00:00+00:00,0.0,82.0,2023-10
4446,port_core,2023-10-08 19:30:00+00:00,49.0,89.0,2023-10
4446,port_core,2023-10-20 13:00:00+00:00,33.5,89.0,2023-10
4446,port_core,2023-10-25 08:30:00+00:00,135.5,89.0,2023-10
4447,port_core,2023-10-12 17:00:00+00:00,32.5,80.0,2023-10
4447,port_core,2023-10-21 14:30:00+00:00,8.0,80.0,2023-10
4449,eastern_opl,2023-10-10 00:30:00+00:00,15.5,80.0,2023-10
4449,port_core,2023-10-09 09:30:00+00:00,11.5,80.0,2023-10
4449,port_core,2023-10-30 13:00:00+00:00,10.5,80.0,2023-10
4451,port_core,2023-10-12 07:30:00+00:00,15.5,70.0,2023-10
4456,eastern_opl,2023-10-17 07:00:00+00:00,25.0,70.0,2023-10
4458,eastern_opl,2023-10-02 21:30:00+00:00,8.5,88.0,2023-10
4458,port_core,2023-10-01 01:00:00+00:00,139.0,88.0,2023-10
4458,port_core,2023-10-08 17:30:00+00:00,41.0,88.0,2023-10
4459,port_core,2023-10-04 11:30:00+00:00,43.0,82.0,2023-10
4459,port_core,2023-10-12 07:30:00+00:00,0.0,82.0,2023-10
4459,western_opl,2023-10-16 11:30:00+00:00,10.0,82.0,2023-10
4460,eastern_opl,2023-10-14 23:30:00+00:00,5.0,70.0,2023-10
4461,eastern_opl,2023-10-21 01:30:00+00:00,12.5,70.0,2023-10
4464,port_core,2023-10-01 00:30:00+00:00,14.5,80.0,2023-10
4464,port_core,2023-10-03 03:00:00+00:00,36.0,80.0,2023-10
4464,port_core,2023-10-08 18:30:00+00:00,114.0,80.0,2023-10
4464,port_core,2023-10-14 20:30:00+00:00,1.5,80.0,2023-10
4464,port_core,2023-10-17 07:00:00+00:00,1.5,80.0,2023-10
4464,port_core,2023-10-18 11:30:00+00:00,0.5,80.0,2023-10
4464,port_core,2023-10-20 10:30:00+00:00,3.5,80.0,2023-10
4464,port_core,2023-10-26 02:00:00+00:00,25.5,80.0,2023-10
4464,port_core,2023-10-28 05:00:00+00:00,1.5,80.0,2023-10
4464,port_core,2023-10-29 20:30:00+00:00,18.0,80.0,2023-10
4464,western_opl,2023-10-02 05:00:00+00:00,4.5,80.0,2023-10
4466,port_core,2023-10-26 23:00:00+00:00,20.5,80.0,2023-10
4468,port_core,2023-10-16 09:00:00+00:00,61.0,74.0,2023-10
4470,port_core,2023-10-01 00:00:00+00:00,136.0,80.0,2023-10
4470,port_core,2023-10-08 17:30:00+00:00,116.5,80.0,2023-10
4470,port_core,2023-10-14 15:00:00+00:00,17.5,80.0,2023-10
4470,port_core,2023-10-16 10:30:00+00:00,125.5,80.0,2023-10
4470,port_core,2023-10-25 12:30:00+00:00,108.5,80.0,2023-10
4470,western_opl,2023-10-13 21:00:00+00:00,12.0,80.0,2023-10
4470,western_opl,2023-10-26 07:30:00+00:00,4.0,80.0,2023-10
4471,eastern_opl,2023-10-16 17:30:00+00:00,13.0,70.0,2023-10
4472,port_core,2023-10-25 08:30:00+00:00,44.0,80.0,2023-10
4472,port_core,2023-10-28 09:00:00+00:00,55.5,80.0,2023-10
4472,western_opl,2023-10-25 12:30:00+00:00,94.0,80.0,2023-10
4477,western_opl,2023-10-10 04:00:00+00:00,9.5,85.0,2023-10
4478,port_core,2023-10-15 07:30:00+00:00,2.0,80.0,2023-10
4481,port_core,2023-10-29 11:30:00+00:00,8.0,80.0,2023-10
4484,port_core,2023-10-01 00:00:00+00:00,75.5,89.0,2023-10
4484,port_core,2023-10-09 05:30:00+00:00,61.5,89.0,2023-10
4484,port_core,2023-10-16 15:00:00+00:00,3.0,89.0,2023-10
4484,port_core,2023-10-19 00:00:00+00:00,0.5,89.0,2023-10
4484,port_core,2023-10-25 16:00:00+00:00,27.0,89.0,2023-10
4484,port_core,2023-10-28 02:00:00+00:00,69.5,89.0,2023-10
4484,western_opl,2023-10-04 12:00:00+00:00,11.0,89.0,2023-10
4484,western_opl,2023-10-13 11:30:00+00:00,6.0,89.0,2023-10
4484,western_opl,2023-10-17 11:00:00+00:00,21.0,89.0,2023-10
4484,western_opl,2023-10-20 04:00:00+00:00,10.0,89.0,2023-10
4484,western_opl,2023-10-26 12:30:00+00:00,1.0,89.0,2023-10
4486,port_core,2023-10-02 01:00:00+00:00,115.0,70.0,2023-10
4486,port_core,2023-10-08 22:00:00+00:00,0.0,70.0,2023-10
4489,western_opl,2023-10-17 10:30:00+00:00,65.0,80.0,2023-10
4490,port_core,2023-10-14 19:30:00+00:00,14.0,70.0,2023-10
4491,port_core,2023-10-02 07:00:00+00:00,24.5,80.0,2023-10
4491,port_core,2023-10-09 17:30:00+00:00,17.0,80.0,2023-10
4491,port_core,2023-10-12 23:30:00+00:00,26.0,80.0,2023-10
4491,port_core,2023-10-19 05:00:00+00:00,0.0,80.0,2023-10
4491,port_core,2023-10-26 06:30:00+00:00,21.5,80.0,2023-10
4491,port_core,2023-10-29 20:00:00+00:00,12.5,80.0,2023-10
4491,western_opl,2023-10-05 14:30:00+00:00,10.0,80.0,2023-10
4491,western_opl,2023-10-09 03:00:00+00:00,17.5,80.0,2023-10
4491,western_opl,2023-10-15 07:30:00+00:00,1.5,80.0,2023-10
4491,western_opl,2023-10-17 12:30:00+00:00,6.0,80.0,2023-10
4491,western_opl,2023-10-28 03:00:00+00:00,1.0,80.0,2023-10
4492,eastern_opl,2023-10-05 21:30:00+00:00,0.0,80.0,2023-10
4492,eastern_opl,2023-10-10 03:00:00+00:00,0.5,80.0,2023-10
4492,eastern_opl,2023-10-14 08:00:00+00:00,2.0,80.0,2023-10
4492,port_core,2023-10-01 02:00:00+00:00,31.5,80.0,2023-10
4492,port_core,2023-10-03 23:30:00+00:00,60.0,80.0,2023-10
4492,port_core,2023-10-08 18:30:00+00:00,42.0,80.0,2023-10
4492,port_core,2023-10-12 08:00:00+00:00,52.5,80.0,2023-10
4492,port_core,2023-10-17 01:00:00+00:00,0.0,80.0,2023-10
4492,port_core,2023-10-18 05:30:00+00:00,44.0,80.0,2023-10
4492,port_core,2023-10-21 03:00:00+00:00,18.0,80.0,2023-10
4492,port_core,2023-10-30 23:30:00+00:00,0.5,80.0,2023-10
4492,western_opl,2023-10-02 02:30:00+00:00,43.5,80.0,2023-10
4492,western_opl,2023-10-10 13:00:00+00:00,65.0,80.0,2023-10
4492,western_opl,2023-10-18 09:30:00+00:00,15.0,80.0,2023-10
4492,western_opl,2023-10-20 03:00:00+00:00,23.0,80.0,2023-10
4493,port_core,2023-10-01 07:30:00+00:00,109.0,80.0,2023-10
4493,port_core,2023-10-09 23:00:00+00:00,21.5,80.0,2023-10
4493,port_core,2023-10-12 07:30:00+00:00,0.5,80.0,2023-10
4493,port_core,2023-10-13 12:00:00+00:00,45.5,80.0,2023-10
4493,port_core,2023-10-17 21:30:00+00:00,78.5,80.0,2023-10
4493,port_core,2023-10-25 08:30:00+00:00,29.5,80.0,2023-10
4493,port_core,2023-10-28 02:00:00+00:00,8.0,80.0,2023-10
4493,western_opl,2023-10-06 15:00:00+00:00,4.0,80.0,2023-10
4493,western_opl,2023-10-13 18:30:00+00:00,11.5,80.0,2023-10
4493,western_opl,2023-10-21 18:30:00+00:00,4.0,80.0,2023-10
4493,western_opl,2023-10-29 08:30:00+00:00,26.5,80.0,2023-10
4496,port_core,2023-10-01 02:00:00+00:00,72.0,80.0,2023-10
4496,port_core,2023-10-05 09:30:00+00:00,34.0,80.0,2023-10
4496,port_core,2023-10-09 10:30:00+00:00,24.5,80.0,2023-10
4496,port_core,2023-10-12 16:30:00+00:00,65.0,80.0,2023-10
4496,port_core,2023-10-16 12:00:00+00:00,129.5,80.0,2023-10
4496,port_core,2023-10-25 08:30:00+00:00,39.0,80.0,2023-10
4496,port_core,2023-10-28 12:00:00+00:00,45.5,80.0,2023-10
4497,western_opl,2023-10-10 17:00:00+00:00,64.0,80.0,2023-10
4497,western_opl,2023-10-14 09:30:00+00:00,96.5,80.0,2023-10
4497,western_opl,2023-10-21 15:00:00+00:00,0.0,80.0,2023-10
4499,port_core,2023-10-01 00:00:00+00:00,63.5,80.0,2023-10
4499,port_core,2023-10-10 05:30:00+00:00,40.0,80.0,2023-10
4499,port_core,2023-10-14 15:30:00+00:00,104.5,80.0,2023-10
4500,eastern_opl,2023-10-05 20:30:00+00:00,18.0,80.0,2023-10
4500,eastern_opl,2023-10-18 09:30:00+00:00,3.0,80.0,2023-10
4500,port_core,2023-10-01 12:00:00+00:00,51.5,80.0,2023-10
4500,port_core,2023-10-04 22:30:00+00:00,21.5,80.0,2023-10
4500,port_core,2023-10-10 06:00:00+00:00,26.5,80.0,2023-10
4500,port_core,2023-10-13 07:30:00+00:00,50.0,80.0,2023-10
4500,port_core,2023-10-16 18:30:00+00:00,118.0,80.0,2023-10
4500,port_core,2023-10-25 12:30:00+00:00,125.0,80.0,2023-10
4500,western_opl,2023-10-14 06:30:00+00:00,0.5,80.0,2023-10
4503,western_opl,2023-10-01 03:00:00+00:00,0.0,84.0,2023-10
4503,western_opl,2023-10-03 07:30:00+00:00,18.0,84.0,2023-10
4503,western_opl,2023-10-18 05:30:00+00:00,5.5,84.0,2023-10
4504,eastern_opl,2023-10-14 22:00:00+00:00,11.5,80.0,2023-10
4504,port_core,2023-10-01 00:00:00+00:00,104.5,80.0,2023-10
4504,port_core,2023-10-08 17:30:00+00:00,118.5,80.0,2023-10
4504,port_core,2023-10-17 08:30:00+00:00,110.0,80.0,2023-10
4506,eastern_opl,2023-10-04 00:30:00+00:00,2.5,79.0,2023-10
4508,port_core,2023-10-01 00:00:00+00:00,40.0,80.0,2023-10
4510,eastern_opl,2023-10-16 10:30:00+00:00,47.5,89.0,2023-10
4510,port_core,2023-10-15 05:30:00+00:00,4.0,89.0,2023-10
4511,eastern_opl,2023-10-30 08:00:00+00:00,16.0,80.0,2023-10
4511,port_core,2023-10-09 03:30:00+00:00,19.5,80.0,2023-10
4511,port_core,2023-10-13 02:00:00+00:00,16.0,80.0,2023-10
4513,eastern_opl,2023-10-01 18:30:00+00:00,15.5,80.0,2023-10
4513,eastern_opl,2023-10-03 17:00:00+00:00,6.0,80.0,2023-10
4513,eastern_opl,2023-10-12 17:00:00+00:00,3.0,80.0,2023-10
4513,eastern_opl,2023-10-19 22:30:00+00:00,1.5,80.0,2023-10
4513,eastern_opl,2023-10-28 22:00:00+00:00,21.5,80.0,2023-10
4513,port_core,2023-10-01 12:30:00+00:00,39.5,80.0,2023-10
4513,port_core,2023-10-04 06:00:00+00:00,0.5,80.0,2023-10
4513,port_core,2023-10-05 09:00:00+00:00,29.5,80.0,2023-10
4513,port_core,2023-10-08 19:30:00+00:00,12.0,80.0,2023-10
4513,port_core,2023-10-11 08:30:00+00:00,43.5,80.0,2023-10
4513,port_core,2023-10-16 15:30:00+00:00,1.5,80.0,2023-10
4513,port_core,2023-10-26 00:00:00+00:00,52.0,80.0,2023-10
4513,western_opl,2023-10-01 00:30:00+00:00,2.0,80.0,2023-10
4513,western_opl,2023-10-04 16:30:00+00:00,1.0,80.0,2023-10
4513,western_opl,2023-10-10 01:30:00+00:00,5.0,80.0,2023-10
4513,western_opl,2023-10-13 07:30:00+00:00,24.0,80.0,2023-10
4513,western_opl,2023-10-20 22:30:00+00:00,23.5,80.0,2023-10
4516,port_core,2023-10-29 21:00:00+00:00,4.0,80.0,2023-10
4517,eastern_opl,2023-10-06 01:30:00+00:00,0.5,80.0,2023-10
4517,port_core,2023-10-03 09:00:00+00:00,21.0,80.0,2023-10
4517,port_core,2023-10-05 18:30:00+00:00,6.5,80.0,2023-10
4517,port_core,2023-10-08 17:30:00+00:00,10.5,80.0,2023-10
4517,port_core,2023-10-10 14:30:00+00:00,6.0,80.0,2023-10
4517,port_core,2023-10-14 03:00:00+00:00,20.5,80.0,2023-10
4517,port_core,2023-10-16 12:00:00+00:00,31.5,80.0,2023-10
4517,port_core,2023-10-20 11:30:00+00:00,17.5,80.0,2023-10
4517,port_core,2023-10-25 15:00:00+00:00,12.5,80.0,2023-10
4517,port_core,2023-10-28 00:30:00+00:00,31.0,80.0,2023-10
4517,port_core,2023-10-30 08:00:00+00:00,8.0,80.0,2023-10
4517,western_opl,2023-10-09 14:00:00+00:00,0.5,80.0,2023-10
4517,western_opl,2023-10-18 18:30:00+00:00,4.0,80.0,2023-10
4518,port_core,2023-10-05 04:00:00+00:00,11.0,80.0,2023-10
4518,port_core,2023-10-08 17:30:00+00:00,21.0,80.0,2023-10
4518,port_core,2023-10-13 09:30:00+00:00,39.0,80.0,2023-10
4519,eastern_opl,2023-10-13 09:30:00+00:00,6.5,80.0,2023-10
4519,eastern_opl,2023-10-16 22:30:00+00:00,8.0,80.0,2023-10
4519,eastern_opl,2023-10-26 12:00:00+00:00,36.0,80.0,2023-10
4519,port_core,2023-10-12 15:30:00+00:00,65.0,80.0,2023-10
4519,port_core,2023-10-16 09:00:00+00:00,133.0,80.0,2023-10
4519,port_core,2023-10-25 09:30:00+00:00,134.5,80.0,2023-10
4521,eastern_opl,2023-10-02 04:00:00+00:00,38.0,80.0,2023-10
4521,port_core,2023-10-01 10:00:00+00:00,17.5,80.0,2023-10
4521,port_core,2023-10-03 21:30:00+00:00,43.0,80.0,2023-10
4521,port_core,2023-10-09 00:00:00+00:00,44.5,80.0,2023-10
4521,port_core,2023-10-13 09:30:00+00:00,48.0,80.0,2023-10
4521,port_core,2023-10-17 06:30:00+00:00,40.0,80.0,2023-10
4521,port_core,2023-10-26 06:30:00+00:00,0.0,80.0,2023-10
4521,port_core,2023-10-27 07:00:00+00:00,2.0,80.0,2023-10
4521,port_core,2023-10-28 20:30:00+00:00,4.0,80.0,2023-10
4521,port_core,2023-10-30 01:00:00+00:00,22.0,80.0,2023-10
4521,western_opl,2023-10-08 17:30:00+00:00,6.0,80.0,2023-10
4521,western_opl,2023-10-21 12:00:00+00:00,10.0,80.0,2023-10
4521,western_opl,2023-10-27 10:00:00+00:00,0.5,80.0,2023-10
4522,port_core,2023-10-03 18:00:00+00:00,13.5,70.0,2023-10
4524,eastern_opl,2023-10-19 00:30:00+00:00,3.0,86.0,2023-10
4524,port_core,2023-10-01 00:30:00+00:00,139.5,86.0,2023-10
4524,port_core,2023-10-08 19:30:00+00:00,118.0,86.0,2023-10
4524,port_core,2023-10-16 16:30:00+00:00,31.5,86.0,2023-10
4524,port_core,2023-10-20 13:00:00+00:00,7.5,86.0,2023-10
4524,port_core,2023-10-26 11:30:00+00:00,83.5,86.0,2023-10
4524,western_opl,2023-10-14 08:30:00+00:00,7.0,86.0,2023-10
4524,western_opl,2023-10-19 20:30:00+00:00,3.0,86.0,2023-10
4528,western_opl,2023-10-25 08:30:00+00:00,2.0,80.0,2023-10
4529,eastern_opl,2023-10-25 08:30:00+00:00,23.0,80.0,2023-10
4529,port_core,2023-10-15 03:30:00+00:00,6.0,80.0,2023-10
4529,port_core,2023-10-27 10:30:00+00:00,37.0,80.0,2023-10
4529,port_core,2023-10-30 16:30:00+00:00,7.0,80.0,2023-10
4530,eastern_opl,2023-10-01 19:00:00+00:00,8.5,80.0,2023-10
4530,port_core,2023-10-01 08:30:00+00:00,1.5,80.0,2023-10
4530,port_core,2023-10-06 04:30:00+00:00,15.5,80.0,2023-10
4530,port_core,2023-10-09 02:00:00+00:00,20.5,80.0,2023-10
4530,port_core,2023-10-14 17:00:00+00:00,16.0,80.0,2023-10
4530,port_core,2023-10-17 17:30:00+00:00,12.5,80.0,2023-10
4530,port_core,2023-10-19 16:30:00+00:00,7.0,80.0,2023-10
4530,port_core,2023-10-25 18:00:00+00:00,85.0,80.0,2023-10
4530,port_core,2023-10-30 18:00:00+00:00,5.5,80.0,2023-10
4530,western_opl,2023-10-02 18:30:00+00:00,35.5,80.0,2023-10
4530,western_opl,2023-10-11 11:30:00+00:00,0.0,80.0,2023-10
4531,eastern_opl,2023-10-10 13:00:00+00:00,6.5,81.0,2023-10
4531,eastern_opl,2023-10-20 18:00:00+00:00,6.0,81.0,2023-10
4531,eastern_opl,2023-10-26 23:30:00+00:00,4.5,81.0,2023-10
4531,port_core,2023-10-01 09:30:00+00:00,2.0,81.0,2023-10
4531,port_core,2023-10-03 11:00:00+00:00,5.5,81.0,2023-10
4531,port_core,2023-10-14 12:00:00+00:00,18.0,81.0,2023-10
4531,port_core,2023-10-16 09:30:00+00:00,10.5,81.0,2023-10
4531,port_core,2023-10-21 18:30:00+00:00,4.0,81.0,2023-10
4531,port_core,2023-10-29 08:30:00+00:00,39.0,81.0,2023-10
4531,western_opl,2023-10-02 13:00:00+00:00,12.0,81.0,2023-10
4531,western_opl,2023-10-05 21:30:00+00:00,14.5,81.0,2023-10
4531,western_opl,2023-10-09 07:30:00+00:00,15.0,81.0,2023-10
4537,port_core,2023-10-13 02:30:00+00:00,36.5,80.0,2023-10
4538,port_core,2023-10-01 08:30:00+00:00,131.5,80.0,2023-10
4538,port_core,2023-10-08 17:30:00+00:00,251.5,80.0,2023-10
4540,port_core,2023-10-17 00:30:00+00:00,27.5,81.0,2023-10
4540,port_core,2023-10-21 21:30:00+00:00,1.0,81.0,2023-10
4540,port_core,2023-10-30 12:30:00+00:00,11.5,81.0,2023-10
4540,western_opl,2023-10-18 04:30:00+00:00,4.0,81.0,2023-10
4541,port_core,2023-10-02 18:00:00+00:00,0.0,89.0,2023-10
4541,western_opl,2023-10-03 11:30:00+00:00,25.0,89.0,2023-10
4541,western_opl,2023-10-17 05:00:00+00:00,61.5,89.0,2023-10
4547,port_core,2023-10-01 03:30:00+00:00,136.5,80.0,2023-10
4547,port_core,2023-10-08 17:30:00+00:00,51.0,80.0,2023-10
4547,port_core,2023-10-12 12:30:00+00:00,57.0,80.0,2023-10
4547,port_core,2023-10-17 10:30:00+00:00,26.5,80.0,2023-10
4547,port_core,2023-10-19 16:30:00+00:00,54.0,80.0,2023-10
4547,port_core,2023-10-27 02:00:00+00:00,21.0,80.0,2023-10
4547,port_core,2023-10-29 12:00:00+00:00,7.5,80.0,2023-10
4547,western_opl,2023-10-06 09:00:00+00:00,7.5,80.0,2023-10
4547,western_opl,2023-10-10 00:30:00+00:00,32.5,80.0,2023-10
4547,western_opl,2023-10-14 22:30:00+00:00,1.5,80.0,2023-10
4548,port_core,2023-10-02 01:30:00+00:00,93.0,80.0,2023-10
4548,port_core,2023-10-08 18:00:00+00:00,66.0,80.0,2023-10
4548,port_core,2023-10-14 19:30:00+00:00,92.5,80.0,2023-10
4548,port_core,2023-10-20 01:30:00+00:00,45.0,80.0,2023-10
4548,port_core,2023-10-25 09:00:00+00:00,91.5,80.0,2023-10
4548,port_core,2023-10-30 08:00:00+00:00,15.5,80.0,2023-10
4548,western_opl,2023-10-12 07:30:00+00:00,0.5,80.0,2023-10
4548,western_opl,2023-10-14 13:30:00+00:00,19.0,80.0,2023-10
4549,port_core,2023-10-01 16:30:00+00:00,123.5,80.0,2023-10
4549,port_core,2023-10-09 06:00:00+00:00,225.0,80.0,2023-10
4549,port_core,2023-10-19 16:30:00+00:00,54.0,80.0,2023-10
4549,port_core,2023-10-25 13:00:00+00:00,17.5,80.0,2023-10
4549,port_core,2023-10-27 21:00:00+00:00,74.5,80.0,2023-10
4550,port_core,2023-10-25 08:30:00+00:00,135.0,70.0,2023-10
4551,eastern_opl,2023-10-13 19:30:00+00:00,12.0,80.0,2023-10
4551,port_core,2023-10-01 00:00:00+00:00,21.5,80.0,2023-10
4551,port_core,2023-10-02 22:00:00+00:00,46.5,80.0,2023-10
4551,port_core,2023-10-25 08:30:00+00:00,96.0,80.0,2023-10
4552,eastern_opl,2023-10-30 08:30:00+00:00,11.5,80.0,2023-10
4552,port_core,2023-10-12 10:30:00+00:00,3.5,80.0,2023-10
4552,port_core,2023-10-16 10:00:00+00:00,14.5,80.0,2023-10
4552,port_core,2023-10-20 23:30:00+00:00,23.0,80.0,2023-10
4552,western_opl,2023-10-08 17:30:00+00:00,22.5,80.0,2023-10
4552,western_opl,2023-10-14 19:30:00+00:00,6.0,80.0,2023-10
4552,western_opl,2023-10-18 08:00:00+00:00,32.5,80.0,2023-10
4552,western_opl,2023-10-25 10:30:00+00:00,63.0,80.0,2023-10
4553,port_core,2023-10-02 16:30:00+00:00,21.5,80.0,2023-10
4553,port_core,2023-10-06 10:30:00+00:00,2.5,80.0,2023-10
4553,port_core,2023-10-09 17:30:00+00:00,6.5,80.0,2023-10
4553,port_core,2023-10-12 13:00:00+00:00,2.0,80.0,2023-10
4553,port_core,2023-10-13 20:00:00+00:00,1.5,80.0,2023-10
4553,port_core,2023-10-17 18:30:00+00:00,3.0,80.0,2023-10
4553,port_core,2023-10-20 13:30:00+00:00,9.5,80.0,2023-10
4553,port_core,2023-10-28 22:00:00+00:00,27.0,80.0,2023-10
4553,western_opl,2023-10-01 00:00:00+00:00,16.0,80.0,2023-10
4553,western_opl,2023-10-05 14:30:00+00:00,1.5,80.0,2023-10
4553,western_opl,2023-10-14 01:00:00+00:00,0.0,80.0,2023-10
4554,port_core,2023-10-11 12:00:00+00:00,36.5,80.0,2023-10
4557,eastern_opl,2023-10-04 14:00:00+00:00,12.0,70.0,2023-10
4558,port_core,2023-10-01 00:00:00+00:00,29.0,80.0,2023-10
4559,eastern_opl,2023-10-02 13:00:00+00:00,11.5,80.0,2023-10
4559,eastern_opl,2023-10-05 12:30:00+00:00,18.5,80.0,2023-10
4559,eastern_opl,2023-10-08 21:00:00+00:00,29.5,80.0,2023-10
4559,eastern_opl,2023-10-19 05:00:00+00:00,0.0,80.0,2023-10
4559,eastern_opl,2023-10-26 07:00:00+00:00,0.0,80.0,2023-10
4559,port_core,2023-10-12 13:30:00+00:00,35.5,80.0,2023-10
4559,port_core,2023-10-18 21:30:00+00:00,7.0,80.0,2023-10
4559,port_core,2023-10-21 16:30:00+00:00,5.5,80.0,2023-10
4559,port_core,2023-10-25 10:00:00+00:00,20.5,80.0,2023-10
4561,eastern_opl,2023-10-03 20:30:00+00:00,2.5,80.0,2023-10
4561,port_core,2023-10-21 09:00:00+00:00,13.5,80.0,2023-10
4562,port_core,2023-10-27 23:30:00+00:00,61.0,81.0,2023-10
4564,eastern_opl,2023-10-03 21:30:00+00:00,5.5,80.0,2023-10
4564,eastern_opl,2023-10-08 17:30:00+00:00,15.5,80.0,2023-10
4564,port_core,2023-10-01 15:00:00+00:00,6.5,80.0,2023-10
4564,port_core,2023-10-03 09:00:00+00:00,50.0,80.0,2023-10
4564,port_core,2023-10-09 09:30:00+00:00,58.5,80.0,2023-10
4564,port_core,2023-10-12 20:30:00+00:00,58.5,80.0,2023-10
4564,port_core,2023-10-16 09:00:00+00:00,66.5,80.0,2023-10
4564,port_core,2023-10-20 18:00:00+00:00,13.5,80.0,2023-10
4564,port_core,2023-10-27 02:00:00+00:00,93.5,80.0,2023-10
4566,port_core,2023-10-01 12:00:00+00:00,11.5,80.0,2023-10
4566,port_core,2023-10-03 15:30:00+00:00,4.0,80.0,2023-10
4566,port_core,2023-10-05 15:30:00+00:00,9.0,80.0,2023-10
4566,port_core,2023-10-09 12:00:00+00:00,3.5,80.0,2023-10
4566,port_core,2023-10-12 16:00:00+00:00,17.0,80.0,2023-10
4566,port_core,2023-10-15 03:00:00+00:00,2.0,80.0,2023-10
4566,port_core,2023-10-16 11:30:00+00:00,12.5,80.0,2023-10
4566,port_core,2023-10-19 23:00:00+00:00,1.0,80.0,2023-10
4566,port_core,2023-10-25 23:00:00+00:00,28.5,80.0,2023-10
4566,port_core,2023-10-29 16:00:00+00:00,6.0,80.0,2023-10
4566,western_opl,2023-10-29 22:30:00+00:00,2.5,80.0,2023-10
4568,port_core,2023-10-01 10:30:00+00:00,73.0,80.0,2023-10
4572,port_core,2023-10-09 13:00:00+00:00,31.5,80.0,2023-10
4572,port_core,2023-10-13 02:00:00+00:00,4.0,80.0,2023-10
4572,port_core,2023-10-20 03:00:00+00:00,6.5,80.0,2023-10
4572,port_core,2023-10-21 20:30:00+00:00,1.5,80.0,2023-10
4572,port_core,2023-10-26 21:30:00+00:00,42.0,80.0,2023-10
4572,western_opl,2023-10-03 01:30:00+00:00,27.0,80.0,2023-10
4572,western_opl,2023-10-25 10:30:00+00:00,5.0,80.0,2023-10
4573,port_core,2023-10-06 17:00:00+00:00,3.0,70.0,2023-10
4573,port_core,2023-10-08 17:30:00+00:00,50.5,70.0,2023-10
4573,port_core,2023-10-19 00:30:00+00:00,4.0,70.0,2023-10
4573,port_core,2023-10-31 00:00:00+00:00,0.0,70.0,2023-10
4575,port_core,2023-10-04 21:00:00+00:00,47.0,89.0,2023-10
4575,port_core,2023-10-08 17:30:00+00:00,48.0,89.0,2023-10
4575,port_core,2023-10-19 01:00:00+00:00,66.5,89.0,2023-10
4575,port_core,2023-10-25 08:30:00+00:00,9.0,89.0,2023-10
4578,eastern_opl,2023-10-11 08:30:00+00:00,8.0,80.0,2023-10
4578,port_core,2023-10-01 00:00:00+00:00,113.5,80.0,2023-10
4578,port_core,2023-10-09 06:00:00+00:00,147.5,80.0,2023-10
4578,port_core,2023-10-16 13:30:00+00:00,118.0,80.0,2023-10
4578,port_core,2023-10-25 08:30:00+00:00,41.5,80.0,2023-10
4578,port_core,2023-10-28 11:30:00+00:00,60.0,80.0,2023-10
4578,western_opl,2023-10-09 13:00:00+00:00,3.0,80.0,2023-10
4578,western_opl,2023-10-25 13:30:00+00:00,5.5,80.0,2023-10
4578,western_opl,2023-10-29 07:30:00+00:00,0.0,80.0,2023-10
4579,eastern_opl,2023-10-19 17:00:00+00:00,8.0,70.0,2023-10
4581,eastern_opl,2023-10-17 07:30:00+00:00,0.5,80.0,2023-10
4581,port_core,2023-10-02 12:00:00+00:00,82.0,80.0,2023-10
4581,port_core,2023-10-08 23:30:00+00:00,57.0,80.0,2023-10
4581,port_core,2023-10-14 00:30:00+00:00,2.0,80.0,2023-10
4581,port_core,2023-10-18 01:00:00+00:00,0.0,80.0,2023-10
4581,port_core,2023-10-19 16:30:00+00:00,0.5,80.0,2023-10
4581,port_core,2023-10-25 11:00:00+00:00,7.0,80.0,2023-10
4581,port_core,2023-10-28 03:30:00+00:00,4.5,80.0,2023-10
4581,port_core,2023-10-30 19:00:00+00:00,5.0,80.0,2023-10
4581,western_opl,2023-10-01 00:00:00+00:00,10.5,80.0,2023-10
4581,western_opl,2023-10-04 03:30:00+00:00,0.5,80.0,2023-10
4581,western_opl,2023-10-20 22:00:00+00:00,3.5,80.0,2023-10
4582,eastern_opl,2023-10-10 17:00:00+00:00,3.5,80.0,2023-10
4582,eastern_opl,2023-10-27 22:30:00+00:00,1.5,80.0,2023-10
4582,eastern_opl,2023-10-30 11:00:00+00:00,7.5,80.0,2023-10
4582,port_core,2023-10-01 20:00:00+00:00,6.5,80.0,2023-10
4582,port_core,2023-10-04 18:00:00+00:00,11.0,80.0,2023-10
4582,port_core,2023-10-06 05:30:00+00:00,14.5,80.0,2023-10
4582,port_core,2023-10-09 18:00:00+00:00,16.0,80.0,2023-10
4582,port_core,2023-10-17 04:00:00+00:00,1.5,80.0,2023-10
4582,port_core,2023-10-19 16:30:00+00:00,17.5,80.0,2023-10
4582,port_core,2023-10-25 18:00:00+00:00,26.5,80.0,2023-10
4582,port_core,2023-10-29 00:30:00+00:00,5.0,80.0,2023-10
4582,western_opl,2023-10-05 04:00:00+00:00,0.0,80.0,2023-10
4583,port_core,2023-10-01 01:00:00+00:00,5.0,80.0,2023-10
4583,port_core,2023-10-06 19:30:00+00:00,0.5,80.0,2023-10
4583,port_core,2023-10-17 06:30:00+00:00,2.0,80.0,2023-10
4583,port_core,2023-10-25 14:00:00+00:00,85.5,80.0,2023-10
4583,western_opl,2023-10-13 05:00:00+00:00,16.5,80.0,2023-10
4587,port_core,2023-10-04 19:30:00+00:00,39.5,80.0,2023-10
4590,eastern_opl,2023-10-19 20:30:00+00:00,49.5,80.0,2023-10
4590,port_core,2023-10-14 08:30:00+00:00,13.5,80.0,2023-10
4590,port_core,2023-10-16 12:00:00+00:00,3.5,80.0,2023-10
4590,western_opl,2023-10-01 00:00:00+00:00,137.5,80.0,2023-10
4590,western_opl,2023-10-14 08:00:00+00:00,66.0,80.0,2023-10
4591,port_core,2023-10-11 08:30:00+00:00,0.0,80.0,2023-10
4591,western_opl,2023-10-06 12:00:00+00:00,0.0,80.0,2023-10
4591,western_opl,2023-10-18 21:30:00+00:00,3.0,80.0,2023-10
4591,western_opl,2023-10-30 10:00:00+00:00,2.0,80.0,2023-10
4592,port_core,2023-10-01 05:00:00+00:00,3.5,80.0,2023-10
4592,port_core,2023-10-03 09:30:00+00:00,0.0,80.0,2023-10
4592,port_core,2023-10-04 19:30:00+00:00,28.5,80.0,2023-10
4592,port_core,2023-10-08 17:30:00+00:00,23.5,80.0,2023-10
4592,port_core,2023-10-13 15:30:00+00:00,31.0,80.0,2023-10
4592,port_core,2023-10-16 17:00:00+00:00,60.0,80.0,2023-10
4592,port_core,2023-10-21 06:30:00+00:00,5.0,80.0,2023-10
4592,port_core,2023-10-25 15:00:00+00:00,55.0,80.0,2023-10
4592,western_opl,2023-10-02 14:00:00+00:00,8.5,80.0,2023-10
4592,western_opl,2023-10-20 18:30:00+00:00,22.5,80.0,2023-10
4592,western_opl,2023-10-27 08:00:00+00:00,13.5,80.0,2023-10
4598,eastern_opl,2023-10-26 12:30:00+00:00,20.5,80.0,2023-10
4598,port_core,2023-10-01 07:00:00+00:00,115.0,80.0,2023-10
4598,port_core,2023-10-09 04:30:00+00:00,63.0,80.0,2023-10
4598,port_core,2023-10-15 00:30:00+00:00,9.0,80.0,2023-10
4598,port_core,2023-10-17 22:00:00+00:00,30.5,80.0,2023-10
4598,port_core,2023-10-20 10:30:00+00:00,35.5,80.0,2023-10
4598,port_core,2023-10-28 07:00:00+00:00,28.5,80.0,2023-10
4598,western_opl,2023-10-13 19:00:00+00:00,17.0,80.0,2023-10
4598,western_opl,2023-10-20 08:30:00+00:00,0.0,80.0,2023-10
4598,western_opl,2023-10-30 21:30:00+00:00,2.0,80.0,2023-10
4599,port_core,2023-10-26 05:30:00+00:00,2.0,84.0,2023-10
4599,port_core,2023-10-28 02:30:00+00:00,43.0,84.0,2023-10
4599,western_opl,2023-10-13 01:00:00+00:00,8.5,84.0,2023-10
4599,western_opl,2023-10-20 07:30:00+00:00,38.5,84.0,2023-10
4599,western_opl,2023-10-29 22:30:00+00:00,11.5,84.0,2023-10
4600,port_core,2023-10-01 00:30:00+00:00,139.5,80.0,2023-10
4600,port_core,2023-10-08 17:30:00+00:00,76.5,80.0,2023-10
4600,port_core,2023-10-13 13:30:00+00:00,44.0,80.0,2023-10
4600,port_core,2023-10-16 19:00:00+00:00,84.0,80.0,2023-10
4600,port_core,2023-10-21 12:00:00+00:00,10.5,80.0,2023-10
4600,port_core,2023-10-25 10:00:00+00:00,133.5,80.0,2023-10
4600,western_opl,2023-10-26 04:00:00+00:00,0.0,80.0,2023-10
4601,eastern_opl,2023-10-08 17:30:00+00:00,11.0,80.0,2023-10
4602,eastern_opl,2023-10-26 16:30:00+00:00,103.5,80.0,2023-10
4602,western_opl,2023-10-04 22:30:00+00:00,9.5,80.0,2023-10
4604,western_opl,2023-10-01 18:00:00+00:00,7.5,80.0,2023-10
4605,western_opl,2023-10-01 16:00:00+00:00,70.0,89.0,2023-10
4609,eastern_opl,2023-10-29 09:30:00+00:00,3.0,80.0,2023-10
4609,port_core,2023-10-29 03:00:00+00:00,21.5,80.0,2023-10
4610,port_core,2023-10-18 03:30:00+00:00,60.5,80.0,2023-10
4617,eastern_opl,2023-10-10 12:30:00+00:00,74.0,80.0,2023-10
4617,port_core,2023-10-01 06:30:00+00:00,39.0,80.0,2023-10
4617,port_core,2023-10-04 11:30:00+00:00,56.0,80.0,2023-10
4617,port_core,2023-10-09 17:00:00+00:00,3.0,80.0,2023-10
4617,port_core,2023-10-16 09:00:00+00:00,8.5,80.0,2023-10
4617,port_core,2023-10-18 21:30:00+00:00,7.5,80.0,2023-10
4617,port_core,2023-10-27 02:00:00+00:00,33.5,80.0,2023-10
4617,port_core,2023-10-30 18:30:00+00:00,3.5,80.0,2023-10
4618,port_core,2023-10-19 03:00:00+00:00,57.0,80.0,2023-10
4618,western_opl,2023-10-19 00:00:00+00:00,70.0,80.0,2023-10
4618,western_opl,2023-10-25 08:30:00+00:00,135.5,80.0,2023-10
4620,port_core,2023-10-01 00:30:00+00:00,139.5,81.0,2023-10
4620,port_core,2023-10-08 17:30:00+00:00,159.0,81.0,2023-10
4620,port_core,2023-10-16 09:30:00+00:00,60.5,81.0,2023-10
4620,port_core,2023-10-19 23:30:00+00:00,46.5,81.0,2023-10
4620,port_core,2023-10-25 08:30:00+00:00,135.0,81.0,2023-10
4622,port_core,2023-10-09 22:30:00+00:00,11.5,80.0,2023-10
4622,port_core,2023-10-11 11:30:00+00:00,94.0,80.0,2023-10
4622,port_core,2023-10-18 17:30:00+00:00,28.0,80.0,2023-10
4622,port_core,2023-10-26 07:00:00+00:00,112.0,80.0,2023-10
4623,port_core,2023-10-02 08:30:00+00:00,25.0,80.0,2023-10
4623,port_core,2023-10-06 01:30:00+00:00,2.5,80.0,2023-10
4624,eastern_opl,2023-10-11 15:00:00+00:00,3.5,80.0,2023-10
4624,port_core,2023-10-02 22:00:00+00:00,6.5,80.0,2023-10
4624,port_core,2023-10-08 17:30:00+00:00,51.0,80.0,2023-10
4624,port_core,2023-10-13 21:30:00+00:00,23.5,80.0,2023-10
4624,port_core,2023-10-16 12:30:00+00:00,28.5,80.0,2023-10
4624,port_core,2023-10-21 13:30:00+00:00,8.5,80.0,2023-10
4624,port_core,2023-10-27 23:30:00+00:00,35.5,80.0,2023-10
4624,port_core,2023-10-30 12:00:00+00:00,7.0,80.0,2023-10
4624,western_opl,2023-10-01 13:00:00+00:00,11.5,80.0,2023-10
4624,western_opl,2023-10-19 20:00:00+00:00,4.5,80.0,2023-10
4624,western_opl,2023-10-30 09:00:00+00:00,10.5,80.0,2023-10
4625,port_core,2023-10-01 06:00:00+00:00,66.5,80.0,2023-10
4625,port_core,2023-10-05 10:00:00+00:00,33.0,80.0,2023-10
4625,port_core,2023-10-11 21:30:00+00:00,19.5,80.0,2023-10
4625,port_core,2023-10-14 02:30:00+00:00,20.5,80.0,2023-10
4625,port_core,2023-10-26 07:30:00+00:00,103.5,80.0,2023-10
4625,western_opl,2023-10-20 13:00:00+00:00,5.5,80.0,2023-10
4626,western_opl,2023-10-26 14:30:00+00:00,18.5,80.0,2023-10
4627,eastern_opl,2023-10-30 08:00:00+00:00,1.0,82.0,2023-10
4627,port_core,2023-10-29 11:00:00+00:00,12.5,82.0,2023-10
4628,port_core,2023-10-01 00:00:00+00:00,41.5,80.0,2023-10
4628,port_core,2023-10-05 07:00:00+00:00,33.5,80.0,2023-10
4628,port_core,2023-10-08 17:30:00+00:00,137.0,80.0,2023-10
4628,port_core,2023-10-16 09:00:00+00:00,3.0,80.0,2023-10
4628,port_core,2023-10-18 03:00:00+00:00,26.0,80.0,2023-10
4628,port_core,2023-10-20 17:30:00+00:00,11.0,80.0,2023-10
4628,port_core,2023-10-26 08:00:00+00:00,42.5,80.0,2023-10
4628,western_opl,2023-10-03 03:00:00+00:00,48.0,80.0,2023-10
4628,western_opl,2023-10-14 13:30:00+00:00,4.5,80.0,2023-10
4628,western_opl,2023-10-25 08:30:00+00:00,20.0,80.0,2023-10
4629,eastern_opl,2023-10-25 08:30:00+00:00,11.0,70.0,2023-10
4631,port_core,2023-10-01 16:00:00+00:00,2.0,80.0,2023-10
4631,port_core,2023-10-05 10:00:00+00:00,34.0,80.0,2023-10
4631,port_core,2023-10-11 14:30:00+00:00,29.0,80.0,2023-10
4631,port_core,2023-10-13 21:00:00+00:00,3.5,80.0,2023-10
4631,port_core,2023-10-15 06:00:00+00:00,30.5,80.0,2023-10
4631,port_core,2023-10-20 07:00:00+00:00,4.5,80.0,2023-10
4631,port_core,2023-10-25 20:30:00+00:00,2.5,80.0,2023-10
4631,port_core,2023-10-27 10:00:00+00:00,26.0,80.0,2023-10
4631,port_core,2023-10-29 13:00:00+00:00,34.5,80.0,2023-10
4631,western_opl,2023-10-04 23:30:00+00:00,4.5,80.0,2023-10
4631,western_opl,2023-10-08 17:30:00+00:00,63.0,80.0,2023-10
4631,western_opl,2023-10-13 01:00:00+00:00,3.5,80.0,2023-10
4631,western_opl,2023-10-14 09:00:00+00:00,15.5,80.0,2023-10
4631,western_opl,2023-10-17 07:30:00+00:00,15.5,80.0,2023-10
4631,western_opl,2023-10-19 16:30:00+00:00,11.0,80.0,2023-10
4631,western_opl,2023-10-21 05:30:00+00:00,16.0,80.0,2023-10
4631,western_opl,2023-10-26 09:00:00+00:00,10.5,80.0,2023-10
4631,western_opl,2023-10-28 19:30:00+00:00,14.0,80.0,2023-10
4633,port_core,2023-10-03 02:30:00+00:00,8.0,80.0,2023-10
4633,port_core,2023-10-04 16:00:00+00:00,14.0,80.0,2023-10
4633,port_core,2023-10-09 07:30:00+00:00,26.5,80.0,2023-10
4633,port_core,2023-10-12 14:00:00+00:00,20.5,80.0,2023-10
4633,port_core,2023-10-15 04:30:00+00:00,5.0,80.0,2023-10
4633,port_core,2023-10-17 11:00:00+00:00,0.0,80.0,2023-10
4633,port_core,2023-10-20 02:00:00+00:00,11.0,80.0,2023-10
4633,port_core,2023-10-25 12:30:00+00:00,0.0,80.0,2023-10
4633,port_core,2023-10-27 20:30:00+00:00,11.5,80.0,2023-10
4633,western_opl,2023-10-04 20:00:00+00:00,0.5,80.0,2023-10
4633,western_opl,2023-10-09 21:30:00+00:00,0.5,80.0,2023-10
4633,western_opl,2023-10-25 08:30:00+00:00,3.0,80.0,2023-10
4633,western_opl,2023-10-27 23:00:00+00:00,7.5,80.0,2023-10
4634,port_core,2023-10-21 01:00:00+00:00,11.5,70.0,2023-10
4635,port_core,2023-10-01 12:00:00+00:00,36.0,80.0,2023-10
4635,port_core,2023-10-04 02:00:00+00:00,10.0,80.0,2023-10
4635,port_core,2023-10-05 22:30:00+00:00,21.5,80.0,2023-10
4635,port_core,2023-10-08 18:00:00+00:00,73.0,80.0,2023-10
4635,port_core,2023-10-13 08:30:00+00:00,19.0,80.0,2023-10
4635,port_core,2023-10-17 06:00:00+00:00,24.5,80.0,2023-10
4635,port_core,2023-10-25 21:30:00+00:00,16.5,80.0,2023-10
4635,port_core,2023-10-28 19:30:00+00:00,7.0,80.0,2023-10
4635,port_core,2023-10-30 10:30:00+00:00,13.0,80.0,2023-10
4636,port_core,2023-10-02 04:30:00+00:00,11.0,70.0,2023-10
4636,port_core,2023-10-26 17:00:00+00:00,14.5,70.0,2023-10
4637,eastern_opl,2023-10-27 15:00:00+00:00,11.0,70.0,2023-10
4638,port_core,2023-10-01 00:00:00+00:00,27.0,80.0,2023-10
4638,port_core,2023-10-04 09:00:00+00:00,59.0,80.0,2023-10
4638,port_core,2023-10-09 21:30:00+00:00,70.0,80.0,2023-10
4638,port_core,2023-10-14 10:30:00+00:00,23.0,80.0,2023-10
4638,port_core,2023-10-16 21:30:00+00:00,17.0,80.0,2023-10
4638,port_core,2023-10-20 22:30:00+00:00,7.5,80.0,2023-10
4638,port_core,2023-10-25 13:30:00+00:00,41.0,80.0,2023-10
4638,port_core,2023-10-30 08:00:00+00:00,4.5,80.0,2023-10
4638,western_opl,2023-10-02 22:00:00+00:00,7.5,80.0,2023-10
4639,port_core,2023-10-01 00:00:00+00:00,55.5,80.0,2023-10
4639,port_core,2023-10-06 14:00:00+00:00,6.0,80.0,2023-10
4639,port_core,2023-10-08 19:00:00+00:00,49.5,80.0,2023-10
4639,port_core,2023-10-13 19:00:00+00:00,2.0,80.0,2023-10
4639,port_core,2023-10-17 10:30:00+00:00,30.0,80.0,2023-10
4639,port_core,2023-10-26 00:00:00+00:00,24.5,80.0,2023-10
4639,port_core,2023-10-28 10:00:00+00:00,3.0,80.0,2023-10
4639,western_opl,2023-10-04 22:30:00+00:00,9.0,80.0,2023-10
4639,western_opl,2023-10-20 18:00:00+00:00,28.5,80.0,2023-10
4639,western_opl,2023-10-27 12:30:00+00:00,13.0,80.0,2023-10
4639,western_opl,2023-10-29 22:00:00+00:00,25.5,80.0,2023-10
4642,eastern_opl,2023-10-28 14:00:00+00:00,1.5,80.0,2023-10
4642,port_core,2023-10-03 04:30:00+00:00,45.0,80.0,2023-10
4642,port_core,2023-10-06 12:00:00+00:00,8.0,80.0,2023-10
4642,port_core,2023-10-08 17:30:00+00:00,30.5,80.0,2023-10
4642,port_core,2023-10-11 08:30:00+00:00,50.0,80.0,2023-10
4642,port_core,2023-10-19 02:30:00+00:00,36.5,80.0,2023-10
4642,port_core,2023-10-25 16:00:00+00:00,90.0,80.0,2023-10
4642,port_core,2023-10-30 10:30:00+00:00,13.0,80.0,2023-10
4644,port_core,2023-10-01 09:00:00+00:00,65.5,80.0,2023-10
4644,port_core,2023-10-05 06:00:00+00:00,14.0,80.0,2023-10
4644,port_core,2023-10-09 09:30:00+00:00,86.0,80.0,2023-10
4644,port_core,2023-10-16 09:00:00+00:00,15.0,80.0,2023-10
4644,port_core,2023-10-21 15:30:00+00:00,7.0,80.0,2023-10
4644,port_core,2023-10-25 19:00:00+00:00,39.5,80.0,2023-10
4644,port_core,2023-10-30 11:00:00+00:00,5.0,80.0,2023-10
4644,western_opl,2023-10-04 20:00:00+00:00,5.5,80.0,2023-10
4644,western_opl,2023-10-06 07:00:00+00:00,13.0,80.0,2023-10
4644,western_opl,2023-10-14 05:00:00+00:00,8.0,80.0,2023-10
4644,western_opl,2023-10-25 08:30:00+00:00,5.0,80.0,2023-10
4644,western_opl,2023-10-28 03:30:00+00:00,43.5,80.0,2023-10
4645,port_core,2023-10-06 02:30:00+00:00,13.5,70.0,2023-10
4646,eastern_opl,2023-10-15 03:30:00+00:00,6.0,70.0,2023-10
4647,port_core,2023-10-03 04:00:00+00:00,11.5,80.0,2023-10
4647,port_core,2023-10-18 14:00:00+00:00,79.0,80.0,2023-10
4647,western_opl,2023-10-01 00:00:00+00:00,30.0,80.0,2023-10
4647,western_opl,2023-10-04 11:30:00+00:00,56.5,80.0,2023-10
4647,western_opl,2023-10-08 18:00:00+00:00,27.0,80.0,2023-10
4647,western_opl,2023-10-17 07:00:00+00:00,8.0,80.0,2023-10
4647,western_opl,2023-10-29 03:00:00+00:00,7.5,80.0,2023-10
4648,eastern_opl,2023-10-19 02:30:00+00:00,27.0,89.0,2023-10
4649,port_core,2023-10-05 09:30:00+00:00,13.0,80.0,2023-10
4653,eastern_opl,2023-10-21 02:00:00+00:00,0.0,80.0,2023-10
4653,eastern_opl,2023-10-29 19:00:00+00:00,2.5,80.0,2023-10
4653,port_core,2023-10-01 01:00:00+00:00,3.0,80.0,2023-10
4653,port_core,2023-10-02 09:30:00+00:00,76.5,80.0,2023-10
4653,port_core,2023-10-10 12:00:00+00:00,8.5,80.0,2023-10
4653,port_core,2023-10-12 11:00:00+00:00,56.0,80.0,2023-10
4653,port_core,2023-10-17 20:30:00+00:00,50.5,80.0,2023-10
4653,port_core,2023-10-21 01:00:00+00:00,0.5,80.0,2023-10
4653,port_core,2023-10-25 20:30:00+00:00,2.0,80.0,2023-10
4653,port_core,2023-10-27 20:30:00+00:00,0.0,80.0,2023-10
4653,western_opl,2023-10-01 15:30:00+00:00,0.5,80.0,2023-10
4653,western_opl,2023-10-12 07:30:00+00:00,0.5,80.0,2023-10
4653,western_opl,2023-10-27 21:00:00+00:00,1.0,80.0,2023-10
4654,port_core,2023-10-02 10:30:00+00:00,96.0,80.0,2023-10
4654,port_core,2023-10-08 22:30:00+00:00,150.0,80.0,2023-10
4654,port_core,2023-10-16 09:00:00+00:00,25.5,80.0,2023-10
4654,port_core,2023-10-18 19:30:00+00:00,57.0,80.0,2023-10
4654,port_core,2023-10-25 10:30:00+00:00,54.5,80.0,2023-10
4654,port_core,2023-10-29 16:00:00+00:00,32.0,80.0,2023-10
4654,western_opl,2023-10-04 12:30:00+00:00,1.0,80.0,2023-10
4654,western_opl,2023-10-14 13:30:00+00:00,1.0,80.0,2023-10
4655,eastern_opl,2023-10-20 21:00:00+00:00,25.0,80.0,2023-10
4655,eastern_opl,2023-10-28 21:30:00+00:00,39.0,80.0,2023-10
4655,port_core,2023-10-03 07:00:00+00:00,27.5,80.0,2023-10
4655,port_core,2023-10-13 13:00:00+00:00,33.0,80.0,2023-10
4655,port_core,2023-10-19 19:30:00+00:00,20.5,80.0,2023-10
4655,port_core,2023-10-27 01:00:00+00:00,16.0,80.0,2023-10
4655,western_opl,2023-10-05 19:00:00+00:00,12.5,80.0,2023-10
4655,western_opl,2023-10-10 19:00:00+00:00,14.5,80.0,2023-10
4656,port_core,2023-10-01 00:00:00+00:00,0.5,80.0,2023-10
4656,port_core,2023-10-14 03:30:00+00:00,2.0,80.0,2023-10
4656,port_core,2023-10-19 16:30:00+00:00,30.0,80.0,2023-10
4656,port_core,2023-10-25 13:00:00+00:00,3.0,80.0,2023-10
4656,port_core,2023-10-28 16:30:00+00:00,55.5,80.0,2023-10
4656,western_opl,2023-10-01 03:30:00+00:00,136.5,80.0,2023-10
4656,western_opl,2023-10-08 17:30:00+00:00,77.0,80.0,2023-10
4656,western_opl,2023-10-13 04:00:00+00:00,10.5,80.0,2023-10
4656,western_opl,2023-10-18 09:30:00+00:00,19.5,80.0,2023-10
4656,western_opl,2023-10-21 08:00:00+00:00,14.5,80.0,2023-10
4656,western_opl,2023-10-26 20:00:00+00:00,27.0,80.0,2023-10
4657,port_core,2023-10-01 06:00:00+00:00,69.5,80.0,2023-10
4657,port_core,2023-10-05 10:30:00+00:00,28.0,80.0,2023-10
4657,port_core,2023-10-10 19:00:00+00:00,13.5,80.0,2023-10
4657,port_core,2023-10-13 01:00:00+00:00,6.0,80.0,2023-10
4657,port_core,2023-10-15 01:30:00+00:00,0.5,80.0,2023-10
4657,port_core,2023-10-17 00:30:00+00:00,50.5,80.0,2023-10
4657,port_core,2023-10-20 08:30:00+00:00,14.5,80.0,2023-10
4657,port_core,2023-10-26 06:30:00+00:00,4.5,80.0,2023-10
4657,port_core,2023-10-28 03:30:00+00:00,15.5,80.0,2023-10
4657,port_core,2023-10-30 18:30:00+00:00,5.5,80.0,2023-10
4657,western_opl,2023-10-04 15:00:00+00:00,7.5,80.0,2023-10
4658,port_core,2023-10-01 00:00:00+00:00,8.5,80.0,2023-10
4658,port_core,2023-10-06 11:00:00+00:00,3.5,80.0,2023-10
4658,port_core,2023-10-11 22:00:00+00:00,17.5,80.0,2023-10
4658,port_core,2023-10-17 07:00:00+00:00,30.5,80.0,2023-10
4658,port_core,2023-10-21 06:00:00+00:00,8.0,80.0,2023-10
4658,port_core,2023-10-28 08:00:00+00:00,64.0,80.0,2023-10
4659,port_core,2023-10-16 09:00:00+00:00,58.5,80.0,2023-10
4660,eastern_opl,2023-10-13 10:00:00+00:00,14.5,70.0,2023-10
4662,eastern_opl,2023-10-26 18:30:00+00:00,3.0,80.0,2023-10
4662,port_core,2023-10-03 11:00:00+00:00,81.0,80.0,2023-10
4662,port_core,2023-10-08 20:30:00+00:00,39.5,80.0,2023-10
4662,port_core,2023-10-14 01:30:00+00:00,6.5,80.0,2023-10
4662,port_core,2023-10-18 23:30:00+00:00,5.5,80.0,2023-10
4662,port_core,2023-10-21 17:30:00+00:00,4.5,80.0,2023-10
4662,port_core,2023-10-26 15:00:00+00:00,28.5,80.0,2023-10
4662,port_core,2023-10-29 12:00:00+00:00,13.0,80.0,2023-10
4662,western_opl,2023-10-01 00:00:00+00:00,58.5,80.0,2023-10
4662,western_opl,2023-10-08 19:30:00+00:00,0.5,80.0,2023-10
4662,western_opl,2023-10-18 14:00:00+00:00,9.0,80.0,2023-10
4665,port_core,2023-10-01 01:00:00+00:00,11.5,80.0,2023-10
4665,port_core,2023-10-03 23:30:00+00:00,14.0,80.0,2023-10
4665,port_core,2023-10-05 15:30:00+00:00,3.0,80.0,2023-10
4665,port_core,2023-10-08 21:30:00+00:00,47.0,80.0,2023-10
4665,port_core,2023-10-12 16:00:00+00:00,0.0,80.0,2023-10
4665,port_core,2023-10-16 09:00:00+00:00,9.0,80.0,2023-10
4665,port_core,2023-10-19 05:00:00+00:00,35.0,80.0,2023-10
4665,port_core,2023-10-25 11:30:00+00:00,40.5,80.0,2023-10
4665,port_core,2023-10-29 14:00:00+00:00,9.5,80.0,2023-10
4665,western_opl,2023-10-12 18:00:00+00:00,19.5,80.0,2023-10
4665,western_opl,2023-10-28 00:30:00+00:00,12.0,80.0,2023-10
4666,port_core,2023-10-01 00:00:00+00:00,140.0,80.0,2023-10
4666,port_core,2023-10-08 17:30:00+00:00,13.0,80.0,2023-10
4666,port_core,2023-10-11 09:00:00+00:00,8.5,80.0,2023-10
4666,port_core,2023-10-14 13:00:00+00:00,54.5,80.0,2023-10
4666,port_core,2023-10-18 17:00:00+00:00,77.5,80.0,2023-10
4666,port_core,2023-10-25 08:30:00+00:00,9.5,80.0,2023-10
4666,port_core,2023-10-27 16:30:00+00:00,56.5,80.0,2023-10
4666,western_opl,2023-10-29 21:00:00+00:00,0.5,80.0,2023-10
4667,port_core,2023-10-17 09:30:00+00:00,17.0,70.0,2023-10
4668,eastern_opl,2023-10-06 07:00:00+00:00,9.5,89.0,2023-10
4668,port_core,2023-10-04 20:00:00+00:00,44.0,89.0,2023-10
4668,port_core,2023-10-09 01:00:00+00:00,30.0,89.0,2023-10
4668,port_core,2023-10-11 08:30:00+00:00,10.0,89.0,2023-10
4668,port_core,2023-10-14 16:30:00+00:00,6.5,89.0,2023-10
4668,port_core,2023-10-16 14:00:00+00:00,45.5,89.0,2023-10
4668,port_core,2023-10-20 05:00:00+00:00,34.5,89.0,2023-10
4668,port_core,2023-10-22 16:00:00+00:00,0.0,89.0,2023-10
4668,port_core,2023-10-26 10:00:00+00:00,37.0,89.0,2023-10
4668,port_core,2023-10-29 02:00:00+00:00,33.5,89.0,2023-10
4668,western_opl,2023-10-02 21:00:00+00:00,2.5,89.0,2023-10
4668,western_opl,2023-10-19 03:00:00+00:00,2.0,89.0,2023-10
4669,port_core,2023-10-27 12:30:00+00:00,33.5,80.0,2023-10
4671,port_core,2023-10-10 00:30:00+00:00,10.0,80.0,2023-10
4673,port_core,2023-10-01 02:00:00+00:00,12.5,80.0,2023-10
4673,port_core,2023-10-03 17:00:00+00:00,7.5,80.0,2023-10
4673,port_core,2023-10-08 18:00:00+00:00,15.0,80.0,2023-10
4673,port_core,2023-10-10 19:00:00+00:00,1.5,80.0,2023-10
4673,port_core,2023-10-12 20:00:00+00:00,0.0,80.0,2023-10
4673,port_core,2023-10-14 15:00:00+00:00,1.0,80.0,2023-10
4673,port_core,2023-10-25 19:30:00+00:00,37.5,80.0,2023-10
4673,port_core,2023-10-30 18:30:00+00:00,5.0,80.0,2023-10
4673,western_opl,2023-10-04 08:30:00+00:00,3.5,80.0,2023-10
4673,western_opl,2023-10-17 05:00:00+00:00,47.0,80.0,2023-10
4675,port_core,2023-10-20 23:00:00+00:00,22.0,70.0,2023-10
4676,port_core,2023-10-01 00:00:00+00:00,32.5,70.0,2023-10
4678,port_core,2023-10-20 01:00:00+00:00,29.5,80.0,2023-10
4679,port_core,2023-10-01 23:30:00+00:00,116.5,89.0,2023-10
4679,port_core,2023-10-10 05:00:00+00:00,51.0,89.0,2023-10
4679,port_core,2023-10-13 23:00:00+00:00,1.0,89.0,2023-10
4679,port_core,2023-10-16 09:00:00+00:00,19.0,89.0,2023-10
4679,port_core,2023-10-18 14:00:00+00:00,3.0,89.0,2023-10
4679,port_core,2023-10-20 12:30:00+00:00,16.0,89.0,2023-10
4679,port_core,2023-10-25 08:30:00+00:00,1.0,89.0,2023-10
4679,port_core,2023-10-26 11:30:00+00:00,56.0,89.0,2023-10
4679,port_core,2023-10-30 22:30:00+00:00,1.0,89.0,2023-10
4681,port_core,2023-10-04 03:00:00+00:00,3.5,80.0,2023-10
4681,port_core,2023-10-08 23:00:00+00:00,24.0,80.0,2023-10
4681,port_core,2023-10-11 13:00:00+00:00,49.0,80.0,2023-10
4681,port_core,2023-10-14 17:00:00+00:00,8.5,80.0,2023-10
4681,port_core,2023-10-16 22:00:00+00:00,0.5,80.0,2023-10
4681,port_core,2023-10-18 09:30:00+00:00,4.0,80.0,2023-10
4681,port_core,2023-10-21 04:30:00+00:00,4.5,80.0,2023-10
4681,port_core,2023-10-28 10:30:00+00:00,46.5,80.0,2023-10
4681,western_opl,2023-10-01 16:00:00+00:00,36.5,80.0,2023-10
4681,western_opl,2023-10-05 08:00:00+00:00,8.0,80.0,2023-10
4681,western_opl,2023-10-19 23:00:00+00:00,27.0,80.0,2023-10
4681,western_opl,2023-10-25 17:30:00+00:00,18.0,80.0,2023-10
4682,port_core,2023-10-02 02:30:00+00:00,106.5,80.0,2023-10
4682,port_core,2023-10-09 00:00:00+00:00,25.5,80.0,2023-10
4682,port_core,2023-10-12 11:00:00+00:00,19.5,80.0,2023-10
4682,port_core,2023-10-16 09:00:00+00:00,46.0,80.0,2023-10
4682,port_core,2023-10-21 14:30:00+00:00,8.0,80.0,2023-10
4682,port_core,2023-10-27 02:30:00+00:00,2.0,80.0,2023-10
4682,port_core,2023-10-30 08:00:00+00:00,15.5,80.0,2023-10
4682,western_opl,2023-10-02 23:30:00+00:00,8.0,80.0,2023-10
4683,port_core,2023-10-09 07:30:00+00:00,19.5,89.0,2023-10
4685,port_core,2023-10-02 00:00:00+00:00,46.5,89.0,2023-10
4685,port_core,2023-10-05 02:00:00+00:00,1.5,89.0,2023-10
4685,port_core,2023-10-06 08:00:00+00:00,7.0,89.0,2023-10
4685,port_core,2023-10-19 16:30:00+00:00,53.5,89.0,2023-10
4685,port_core,2023-10-28 20:00:00+00:00,52.0,89.0,2023-10
4685,western_opl,2023-10-05 04:00:00+00:00,0.0,89.0,2023-10
4685,western_opl,2023-10-16 09:00:00+00:00,6.0,89.0,2023-10
4685,western_opl,2023-10-26 13:30:00+00:00,28.0,89.0,2023-10
4685,western_opl,2023-10-29 05:00:00+00:00,10.0,89.0,2023-10
4687,port_core,2023-10-02 06:00:00+00:00,45.0,80.0,2023-10
4687,port_core,2023-10-05 22:00:00+00:00,2.0,80.0,2023-10
4687,port_core,2023-10-20 09:30:00+00:00,0.5,80.0,2023-10
4687,port_core,2023-10-25 08:30:00+00:00,56.0,80.0,2023-10
4687,port_core,2023-10-29 21:00:00+00:00,13.0,80.0,2023-10
4687,western_opl,2023-10-10 14:00:00+00:00,0.0,80.0,2023-10
4687,western_opl,2023-10-14 02:30:00+00:00,2.5,80.0,2023-10
4687,western_opl,2023-10-15 08:30:00+00:00,1.0,80.0,2023-10
4687,western_opl,2023-10-18 00:30:00+00:00,3.0,80.0,2023-10
4687,western_opl,2023-10-20 14:00:00+00:00,4.5,80.0,2023-10
4688,port_core,2023-10-01 12:00:00+00:00,3.5,80.0,2023-10
4688,port_core,2023-10-03 13:30:00+00:00,12.5,80.0,2023-10
4688,port_core,2023-10-05 19:30:00+00:00,14.5,80.0,2023-10
4688,port_core,2023-10-08 21:30:00+00:00,33.5,80.0,2023-10
4688,port_core,2023-10-11 10:00:00+00:00,62.5,80.0,2023-10
4688,port_core,2023-10-15 01:30:00+00:00,7.0,80.0,2023-10
4688,port_core,2023-10-17 06:30:00+00:00,0.0,80.0,2023-10
4688,port_core,2023-10-20 20:30:00+00:00,43.5,80.0,2023-10
4688,port_core,2023-10-25 22:00:00+00:00,46.0,80.0,2023-10
4688,port_core,2023-10-29 21:00:00+00:00,16.5,80.0,2023-10
4688,western_opl,2023-10-16 09:00:00+00:00,2.0,80.0,2023-10
4688,western_opl,2023-10-18 03:00:00+00:00,12.0,80.0,2023-10
4690,western_opl,2023-10-01 13:00:00+00:00,70.0,89.0,2023-10
4691,port_core,2023-10-25 19:30:00+00:00,10.5,70.0,2023-10
4692,port_core,2023-10-02 19:30:00+00:00,21.5,80.0,2023-10
4692,port_core,2023-10-09 11:00:00+00:00,0.5,80.0,2023-10
4692,western_opl,2023-10-11 14:00:00+00:00,2.0,80.0,2023-10
4692,western_opl,2023-10-16 13:00:00+00:00,10.0,80.0,2023-10
4693,port_core,2023-10-30 08:00:00+00:00,16.0,70.0,2023-10
4694,port_core,2023-10-01 21:00:00+00:00,11.5,81.0,2023-10
4694,port_core,2023-10-05 05:00:00+00:00,39.0,81.0,2023-10
4694,port_core,2023-10-08 19:30:00+00:00,21.5,81.0,2023-10
4694,port_core,2023-10-12 13:30:00+00:00,32.0,81.0,2023-10
4694,port_core,2023-10-16 09:00:00+00:00,46.5,81.0,2023-10
4694,port_core,2023-10-20 11:00:00+00:00,18.0,81.0,2023-10
4694,port_core,2023-10-25 09:30:00+00:00,12.0,81.0,2023-10
4694,port_core,2023-10-27 13:00:00+00:00,58.0,81.0,2023-10
4694,western_opl,2023-10-03 11:30:00+00:00,7.0,81.0,2023-10
4695,port_core,2023-10-13 21:00:00+00:00,32.5,80.0,2023-10
4695,port_core,2023-10-27 17:30:00+00:00,0.5,80.0,2023-10
4695,port_core,2023-10-29 10:00:00+00:00,5.0,80.0,2023-10
4696,port_core,2023-10-01 00:30:00+00:00,41.5,80.0,2023-10
4696,port_core,2023-10-03 19:00:00+00:00,57.5,80.0,2023-10
4696,port_core,2023-10-09 22:30:00+00:00,11.5,80.0,2023-10
4696,port_core,2023-10-13 02:00:00+00:00,147.0,80.0,2023-10
4696,port_core,2023-10-25 09:00:00+00:00,1.5,80.0,2023-10
4696,port_core,2023-10-26 14:00:00+00:00,3.5,80.0,2023-10
4696,port_core,2023-10-27 18:30:00+00:00,74.5,80.0,2023-10
4696,western_opl,2023-10-03 03:30:00+00:00,1.0,80.0,2023-10
4696,western_opl,2023-10-06 19:00:00+00:00,1.0,80.0,2023-10
4696,western_opl,2023-10-08 19:00:00+00:00,12.0,80.0,2023-10
4696,western_opl,2023-10-10 20:30:00+00:00,35.5,80.0,2023-10
4696,western_opl,2023-10-20 06:30:00+00:00,37.5,80.0,2023-10
4700,port_core,2023-10-08 18:30:00+00:00,14.0,70.0,2023-10
4704,port_core,2023-10-01 18:30:00+00:00,9.0,80.0,2023-10
4704,port_core,2023-10-04 15:30:00+00:00,38.5,80.0,2023-10
4704,port_core,2023-10-08 17:30:00+00:00,51.0,80.0,2023-10
4704,port_core,2023-10-12 18:30:00+00:00,58.5,80.0,2023-10
4704,port_core,2023-10-16 09:00:00+00:00,25.5,80.0,2023-10
4704,port_core,2023-10-18 19:30:00+00:00,4.5,80.0,2023-10
4704,port_core,2023-10-21 02:00:00+00:00,7.0,80.0,2023-10
4704,port_core,2023-10-25 08:30:00+00:00,87.0,80.0,2023-10
4704,port_core,2023-10-30 08:30:00+00:00,2.0,80.0,2023-10
4704,western_opl,2023-10-01 00:00:00+00:00,2.5,80.0,2023-10
4704,western_opl,2023-10-14 04:00:00+00:00,0.0,80.0,2023-10
4705,eastern_opl,2023-10-11 21:00:00+00:00,17.5,70.0,2023-10
4706,port_core,2023-10-01 00:00:00+00:00,34.0,80.0,2023-10
4706,port_core,2023-10-05 00:30:00+00:00,22.5,80.0,2023-10
4706,port_core,2023-10-08 17:30:00+00:00,75.5,80.0,2023-10
4706,port_core,2023-10-13 21:00:00+00:00,36.5,80.0,2023-10
4706,port_core,2023-10-21 15:30:00+00:00,6.5,80.0,2023-10
4706,port_core,2023-10-26 10:00:00+00:00,68.0,80.0,2023-10
4706,western_opl,2023-10-02 20:30:00+00:00,42.0,80.0,2023-10
4706,western_opl,2023-10-25 08:30:00+00:00,0.0,80.0,2023-10
4708,port_core,2023-10-01 00:00:00+00:00,1.5,80.0,2023-10
4708,port_core,2023-10-03 18:00:00+00:00,37.0,80.0,2023-10
4708,port_core,2023-10-06 08:00:00+00:00,12.0,80.0,2023-10
4708,port_core,2023-10-09 07:00:00+00:00,100.0,80.0,2023-10
4708,port_core,2023-10-15 01:00:00+00:00,5.5,80.0,2023-10
4708,port_core,2023-10-16 22:30:00+00:00,111.0,80.0,2023-10
4708,port_core,2023-10-25 15:30:00+00:00,125.5,80.0,2023-10
4708,western_opl,2023-10-01 10:00:00+00:00,19.5,80.0,2023-10
4708,western_opl,2023-10-14 02:30:00+00:00,14.5,80.0,2023-10
4710,port_core,2023-10-01 00:00:00+00:00,140.0,80.0,2023-10
4710,port_core,2023-10-08 19:00:00+00:00,49.5,80.0,2023-10
4710,port_core,2023-10-12 20:30:00+00:00,54.5,80.0,2023-10
4710,port_core,2023-10-16 09:30:00+00:00,14.5,80.0,2023-10
4710,port_core,2023-10-18 11:30:00+00:00,2.5,80.0,2023-10
4710,port_core,2023-10-20 04:30:00+00:00,39.5,80.0,2023-10
4710,port_core,2023-10-25 08:30:00+00:00,3.0,80.0,2023-10
4710,port_core,2023-10-27 02:00:00+00:00,26.5,80.0,2023-10
4710,port_core,2023-10-29 10:30:00+00:00,26.0,80.0,2023-10
4710,western_opl,2023-10-11 19:30:00+00:00,3.0,80.0,2023-10
4710,western_opl,2023-10-26 02:30:00+00:00,7.5,80.0,2023-10
4711,western_opl,2023-10-10 20:30:00+00:00,19.0,80.0,2023-10
4712,port_core,2023-10-01 00:00:00+00:00,139.5,80.0,2023-10
4712,port_core,2023-10-09 06:00:00+00:00,145.5,80.0,2023-10
4712,port_core,2023-10-16 10:00:00+00:00,46.5,80.0,2023-10
4712,port_core,2023-10-20 14:30:00+00:00,21.5,80.0,2023-10
4712,port_core,2023-10-22 16:00:00+00:00,0.0,80.0,2023-10
4712,port_core,2023-10-25 15:00:00+00:00,56.0,80.0,2023-10
4712,port_core,2023-10-29 15:30:00+00:00,32.5,80.0,2023-10
4712,western_opl,2023-10-26 06:00:00+00:00,2.5,80.0,2023-10
4712,western_opl,2023-10-28 07:00:00+00:00,10.5,80.0,2023-10
4713,port_core,2023-10-01 00:00:00+00:00,140.0,80.0,2023-10
4713,port_core,2023-10-09 00:00:00+00:00,70.0,80.0,2023-10
4713,port_core,2023-10-13 15:30:00+00:00,216.5,80.0,2023-10
4713,port_core,2023-10-25 09:00:00+00:00,61.0,80.0,2023-10
4715,eastern_opl,2023-10-18 17:00:00+00:00,12.0,70.0,2023-10
4716,port_core,2023-10-01 04:30:00+00:00,53.5,80.0,2023-10
4716,port_core,2023-10-04 12:30:00+00:00,55.5,80.0,2023-10
4716,port_core,2023-10-08 23:00:00+00:00,12.0,80.0,2023-10
4716,port_core,2023-10-10 16:00:00+00:00,27.5,80.0,2023-10
4716,port_core,2023-10-12 22:00:00+00:00,56.5,80.0,2023-10
4716,port_core,2023-10-16 12:30:00+00:00,64.5,80.0,2023-10
4716,port_core,2023-10-20 05:30:00+00:00,8.5,80.0,2023-10
4716,port_core,2023-10-21 16:30:00+00:00,6.0,80.0,2023-10
4716,port_core,2023-10-25 08:30:00+00:00,91.5,80.0,2023-10
4716,port_core,2023-10-30 14:00:00+00:00,10.0,80.0,2023-10
4718,port_core,2023-10-10 04:00:00+00:00,174.5,89.0,2023-10
4719,port_core,2023-10-01 21:00:00+00:00,6.5,80.0,2023-10
4719,port_core,2023-10-06 09:30:00+00:00,6.0,80.0,2023-10
4719,port_core,2023-10-10 03:00:00+00:00,11.5,80.0,2023-10
4719,port_core,2023-10-13 12:00:00+00:00,24.0,80.0,2023-10
4719,port_core,2023-10-17 08:00:00+00:00,84.5,80.0,2023-10
4719,western_opl,2023-10-18 07:30:00+00:00,10.5,80.0,2023-10
4720,port_core,2023-10-01 14:30:00+00:00,18.5,80.0,2023-10
4720,port_core,2023-10-06 02:30:00+00:00,0.0,80.0,2023-10
4720,port_core,2023-10-09 13:00:00+00:00,82.5,80.0,2023-10
4720,port_core,2023-10-17 04:00:00+00:00,0.0,80.0,2023-10
4720,port_core,2023-10-25 13:00:00+00:00,40.5,80.0,2023-10
4721,eastern_opl,2023-10-05 14:00:00+00:00,13.5,80.0,2023-10
4721,eastern_opl,2023-10-30 22:00:00+00:00,1.5,80.0,2023-10
4721,port_core,2023-10-01 00:00:00+00:00,1.5,80.0,2023-10
4721,port_core,2023-10-05 17:00:00+00:00,27.0,80.0,2023-10
4721,port_core,2023-10-09 11:00:00+00:00,1.0,80.0,2023-10
4721,port_core,2023-10-10 12:30:00+00:00,68.0,80.0,2023-10
4721,port_core,2023-10-14 18:00:00+00:00,9.0,80.0,2023-10
4721,port_core,2023-10-17 01:00:00+00:00,52.0,80.0,2023-10
4721,port_core,2023-10-20 13:00:00+00:00,33.0,80.0,2023-10
4721,port_core,2023-10-30 10:00:00+00:00,11.5,80.0,2023-10
4721,western_opl,2023-10-09 05:30:00+00:00,4.5,80.0,2023-10
4721,western_opl,2023-10-25 16:30:00+00:00,39.0,80.0,2023-10
4721,western_opl,2023-10-29 12:30:00+00:00,0.5,80.0,2023-10
4722,eastern_opl,2023-10-03 16:00:00+00:00,1.0,85.0,2023-10
4722,port_core,2023-10-01 02:30:00+00:00,49.5,85.0,2023-10
4722,port_core,2023-10-05 08:00:00+00:00,30.5,85.0,2023-10
4722,port_core,2023-10-09 09:30:00+00:00,21.5,85.0,2023-10
4722,port_core,2023-10-11 10:30:00+00:00,6.0,85.0,2023-10
4722,port_core,2023-10-14 05:00:00+00:00,1.0,85.0,2023-10
4722,port_core,2023-10-17 23:00:00+00:00,95.5,85.0,2023-10
4722,port_core,2023-10-26 23:00:00+00:00,96.5,85.0,2023-10
4724,port_core,2023-10-20 11:30:00+00:00,35.0,84.0,2023-10
4726,eastern_opl,2023-10-13 09:30:00+00:00,19.5,80.0,2023-10
4727,eastern_opl,2023-10-20 02:00:00+00:00,39.5,80.0,2023-10
4727,eastern_opl,2023-10-26 02:00:00+00:00,0.0,80.0,2023-10
4728,eastern_opl,2023-10-12 18:00:00+00:00,2.0,80.0,2023-10
4728,eastern_opl,2023-10-30 14:30:00+00:00,0.0,80.0,2023-10
4728,port_core,2023-10-01 00:00:00+00:00,118.5,80.0,2023-10
4728,port_core,2023-10-09 16:30:00+00:00,102.5,80.0,2023-10
4728,port_core,2023-10-15 03:30:00+00:00,50.5,80.0,2023-10
4728,port_core,2023-10-18 15:00:00+00:00,78.0,80.0,2023-10
4728,port_core,2023-10-25 16:30:00+00:00,126.5,80.0,2023-10
4728,western_opl,2023-10-10 04:30:00+00:00,2.0,80.0,2023-10
4728,western_opl,2023-10-17 22:30:00+00:00,0.5,80.0,2023-10
4730,port_core,2023-10-09 10:00:00+00:00,19.5,80.0,2023-10
4731,port_core,2023-10-01 13:00:00+00:00,119.0,80.0,2023-10
4731,port_core,2023-10-08 17:30:00+00:00,64.0,80.0,2023-10
4731,port_core,2023-10-13 19:00:00+00:00,7.5,80.0,2023-10
4731,port_core,2023-10-15 08:30:00+00:00,87.5,80.0,2023-10
4731,port_core,2023-10-20 15:30:00+00:00,22.5,80.0,2023-10
4731,port_core,2023-10-27 15:30:00+00:00,57.0,80.0,2023-10
4731,western_opl,2023-10-12 20:00:00+00:00,9.0,80.0,2023-10
4732,eastern_opl,2023-10-05 09:30:00+00:00,1.5,80.0,2023-10
4732,port_core,2023-10-01 00:00:00+00:00,139.0,80.0,2023-10
4732,port_core,2023-10-08 18:00:00+00:00,18.5,80.0,2023-10
4732,port_core,2023-10-10 13:00:00+00:00,32.5,80.0,2023-10
4732,port_core,2023-10-18 00:30:00+00:00,10.0,80.0,2023-10
4732,port_core,2023-10-25 09:00:00+00:00,18.0,80.0,2023-10
4732,port_core,2023-10-28 04:30:00+00:00,66.0,80.0,2023-10
4732,western_opl,2023-10-11 22:00:00+00:00,0.5,80.0,2023-10
4732,western_opl,2023-10-30 15:30:00+00:00,6.0,80.0,2023-10
4733,port_core,2023-10-01 00:30:00+00:00,5.0,81.0,2023-10
4733,port_core,2023-10-02 23:30:00+00:00,87.0,81.0,2023-10
4733,port_core,2023-10-09 05:00:00+00:00,39.5,81.0,2023-10
4733,port_core,2023-10-12 08:00:00+00:00,66.0,81.0,2023-10
4733,port_core,2023-10-16 18:00:00+00:00,93.0,81.0,2023-10
4733,port_core,2023-10-21 19:00:00+00:00,2.5,81.0,2023-10
4733,port_core,2023-10-25 08:30:00+00:00,72.5,81.0,2023-10
4733,western_opl,2023-10-11 20:00:00+00:00,1.5,81.0,2023-10
4733,western_opl,2023-10-20 21:00:00+00:00,2.5,81.0,2023-10
4734,port_core,2023-10-01 14:30:00+00:00,36.0,80.0,2023-10
4738,port_core,2023-10-05 16:30:00+00:00,14.0,71.0,2023-10
4741,port_core,2023-10-01 00:00:00+00:00,2.0,80.0,2023-10
4743,port_core,2023-10-01 07:30:00+00:00,26.0,82.0,2023-10
4743,port_core,2023-10-03 22:30:00+00:00,0.0,82.0,2023-10
4743,port_core,2023-10-09 10:00:00+00:00,8.5,82.0,2023-10
4743,port_core,2023-10-12 19:30:00+00:00,0.0,82.0,2023-10
4743,port_core,2023-10-14 20:00:00+00:00,3.0,82.0,2023-10
4743,port_core,2023-10-17 08:00:00+00:00,40.5,82.0,2023-10
4743,port_core,2023-10-20 11:00:00+00:00,15.5,82.0,2023-10
4745,port_core,2023-10-12 16:00:00+00:00,3.0,80.0,2023-10
4745,port_core,2023-10-14 07:30:00+00:00,2.0,80.0,2023-10
4745,port_core,2023-10-16 17:00:00+00:00,3.5,80.0,2023-10
4745,port_core,2023-10-21 04:00:00+00:00,18.0,80.0,2023-10
4745,port_core,2023-10-27 17:30:00+00:00,0.0,80.0,2023-10
4745,port_core,2023-10-29 02:30:00+00:00,0.0,80.0,2023-10
4745,western_opl,2023-10-01 16:00:00+00:00,51.5,80.0,2023-10
4745,western_opl,2023-10-10 08:30:00+00:00,5.0,80.0,2023-10
4745,western_opl,2023-10-13 08:00:00+00:00,16.0,80.0,2023-10
4745,western_opl,2023-10-17 12:00:00+00:00,24.0,80.0,2023-10
4745,western_opl,2023-10-20 00:00:00+00:00,13.0,80.0,2023-10
4745,western_opl,2023-10-25 08:30:00+00:00,25.5,80.0,2023-10
4750,port_core,2023-10-02 15:30:00+00:00,39.0,80.0,2023-10
4750,port_core,2023-10-09 13:00:00+00:00,6.5,80.0,2023-10
4750,port_core,2023-10-11 09:00:00+00:00,2.5,80.0,2023-10
4750,port_core,2023-10-13 13:30:00+00:00,18.0,80.0,2023-10
4750,port_core,2023-10-16 09:00:00+00:00,5.0,80.0,2023-10
4750,port_core,2023-10-18 19:30:00+00:00,70.0,80.0,2023-10
4750,port_core,2023-10-25 08:30:00+00:00,18.5,80.0,2023-10
4750,port_core,2023-10-29 02:30:00+00:00,0.0,80.0,2023-10
4750,port_core,2023-10-30 10:00:00+00:00,12.0,80.0,2023-10
4750,western_opl,2023-10-05 09:00:00+00:00,5.0,80.0,2023-10
4750,western_opl,2023-10-16 14:30:00+00:00,35.5,80.0,2023-10
4750,western_opl,2023-10-26 03:30:00+00:00,5.0,80.0,2023-10
4750,western_opl,2023-10-29 20:30:00+00:00,2.5,80.0,2023-10
4751,port_core,2023-10-01 00:30:00+00:00,139.5,80.0,2023-10
4751,port_core,2023-10-08 19:30:00+00:00,157.0,80.0,2023-10
4751,port_core,2023-10-16 09:00:00+00:00,133.0,80.0,2023-10
4751,port_core,2023-10-26 18:30:00+00:00,101.5,80.0,2023-10
4751,western_opl,2023-10-01 07:00:00+00:00,6.0,80.0,2023-10
4751,western_opl,2023-10-17 07:00:00+00:00,1.5,80.0,2023-10
4751,western_opl,2023-10-21 02:00:00+00:00,3.0,80.0,2023-10
4751,western_opl,2023-10-25 08:30:00+00:00,22.5,80.0,2023-10
4752,western_opl,2023-10-19 22:00:00+00:00,1.0,80.0,2023-10
4757,eastern_opl,2023-10-12 15:30:00+00:00,10.5,70.0,2023-10
4759,port_core,2023-10-19 03:30:00+00:00,1.5,80.0,2023-10
4760,eastern_opl,2023-10-27 18:00:00+00:00,40.0,80.0,2023-10
4760,western_opl,2023-10-12 11:30:00+00:00,49.5,80.0,2023-10
4762,port_core,2023-10-01 23:30:00+00:00,78.5,74.0,2023-10
4763,port_core,2023-10-20 08:30:00+00:00,11.0,70.0,2023-10
4764,port_core,2023-10-20 09:30:00+00:00,15.0,70.0,2023-10
4765,port_core,2023-10-12 07:30:00+00:00,19.5,70.0,2023-10
4768,port_core,2023-10-16 10:00:00+00:00,14.5,80.0,2023-10
4769,port_core,2023-10-05 02:00:00+00:00,4.0,70.0,2023-10
4770,port_core,2023-10-04 02:00:00+00:00,5.5,70.0,2023-10
4773,port_core,2023-10-13 08:00:00+00:00,31.0,80.0,2023-10
4773,western_opl,2023-10-04 05:00:00+00:00,63.0,80.0,2023-10
4773,western_opl,2023-10-08 17:30:00+00:00,15.5,80.0,2023-10
4776,port_core,2023-10-20 03:00:00+00:00,43.5,80.0,2023-10
4776,port_core,2023-10-25 08:30:00+00:00,45.0,80.0,2023-10
4781,port_core,2023-10-16 09:00:00+00:00,17.5,80.0,2023-10
4781,western_opl,2023-10-17 04:00:00+00:00,3.0,80.0,2023-10
4786,eastern_opl,2023-10-08 18:30:00+00:00,158.5,70.0,2023-10
4786,eastern_opl,2023-10-16 09:30:00+00:00,133.0,70.0,2023-10
4793,eastern_opl,2023-10-18 03:30:00+00:00,10.5,80.0,2023-10
4793,port_core,2023-10-18 14:30:00+00:00,0.0,80.0,2023-10
4793,port_core,2023-10-19 17:30:00+00:00,1.5,80.0,2023-10
4793,port_core,2023-10-26 12:30:00+00:00,51.5,80.0,2023-10
4793,western_opl,2023-10-28 17:00:00+00:00,0.0,80.0,2023-10
4796,port_core,2023-10-03 11:00:00+00:00,4.5,80.0,2023-10
4796,port_core,2023-10-26 09:00:00+00:00,1.5,80.0,2023-10
4796,western_opl,2023-10-04 12:30:00+00:00,55.5,80.0,2023-10
4796,western_opl,2023-10-25 17:30:00+00:00,15.0,80.0,2023-10
4798,port_core,2023-10-15 06:30:00+00:00,3.0,80.0,2023-10
4799,port_core,2023-10-28 11:00:00+00:00,14.5,80.0,2023-10
4802,eastern_opl,2023-10-14 17:30:00+00:00,82.5,80.0,2023-10
4802,port_core,2023-10-25 13:00:00+00:00,11.0,80.0,2023-10
4805,port_core,2023-10-01 14:00:00+00:00,16.0,89.0,2023-10
4806,port_core,2023-10-12 15:30:00+00:00,20.5,70.0,2023-10
4807,port_core,2023-10-08 18:00:00+00:00,36.0,79.0,2023-10
4808,port_core,2023-10-16 09:30:00+00:00,67.5,89.0,2023-10
4808,port_core,2023-10-27 06:00:00+00:00,61.5,89.0,2023-10
4811,eastern_opl,2023-10-28 04:00:00+00:00,0.0,70.0,2023-10
4812,eastern_opl,2023-10-27 23:30:00+00:00,13.0,70.0,2023-10
4812,port_core,2023-10-03 17:00:00+00:00,39.0,70.0,2023-10
4814,eastern_opl,2023-10-28 03:30:00+00:00,29.0,70.0,2023-10
4817,port_core,2023-10-02 02:00:00+00:00,11.5,70.0,2023-10
4821,port_core,2023-10-16 10:00:00+00:00,16.0,75.0,2023-10
4823,port_core,2023-10-04 04:30:00+00:00,63.5,80.0,2023-10
4823,port_core,2023-10-08 17:30:00+00:00,134.0,80.0,2023-10
4823,port_core,2023-10-25 08:30:00+00:00,53.5,80.0,2023-10
4824,eastern_opl,2023-10-12 12:30:00+00:00,45.0,80.0,2023-10
4824,port_core,2023-10-03 08:30:00+00:00,38.0,80.0,2023-10
4825,eastern_opl,2023-10-09 19:00:00+00:00,8.5,70.0,2023-10
4825,port_core,2023-10-10 04:00:00+00:00,0.0,70.0,2023-10
4825,western_opl,2023-10-10 05:00:00+00:00,0.5,70.0,2023-10
4826,eastern_opl,2023-10-29 10:30:00+00:00,0.0,70.0,2023-10
4826,port_core,2023-10-29 04:30:00+00:00,5.5,70.0,2023-10
4828,eastern_opl,2023-10-14 00:30:00+00:00,16.5,70.0,2023-10
4833,eastern_opl,2023-10-04 03:00:00+00:00,65.0,80.0,2023-10
4833,eastern_opl,2023-10-08 17:30:00+00:00,0.5,80.0,2023-10
4833,eastern_opl,2023-10-11 10:00:00+00:00,12.0,80.0,2023-10
4833,port_core,2023-10-21 02:30:00+00:00,11.0,80.0,2023-10
4834,port_core,2023-10-04 17:30:00+00:00,48.5,80.0,2023-10
4835,port_core,2023-10-09 12:00:00+00:00,2.5,80.0,2023-10
4835,port_core,2023-10-10 15:30:00+00:00,30.0,80.0,2023-10
4836,port_core,2023-10-17 15:30:00+00:00,6.0,70.0,2023-10
4837,port_core,2023-10-19 02:30:00+00:00,1.5,80.0,2023-10
4837,western_opl,2023-10-19 01:30:00+00:00,3.5,80.0,2023-10
4838,port_core,2023-10-21 06:00:00+00:00,16.0,81.0,2023-10
4839,western_opl,2023-10-28 23:00:00+00:00,8.0,80.0,2023-10
4844,port_core,2023-10-25 09:30:00+00:00,4.0,80.0,2023-10
4846,port_core,2023-10-21 08:00:00+00:00,14.0,81.0,2023-10
4847,port_core,2023-10-11 08:30:00+00:00,4.5,80.0,2023-10
4848,western_opl,2023-10-13 23:30:00+00:00,13.0,80.0,2023-10
4848,western_opl,2023-10-25 08:30:00+00:00,37.0,80.0,2023-10
4849,eastern_opl,2023-10-13 16:30:00+00:00,157.0,89.0,2023-10
4850,port_core,2023-10-30 08:00:00+00:00,16.0,80.0,2023-10
4852,eastern_opl,2023-10-20 18:30:00+00:00,14.0,70.0,2023-10
4856,port_core,2023-10-01 18:30:00+00:00,10.0,70.0,2023-10
4859,western_opl,2023-10-01 11:30:00+00:00,85.5,80.0,2023-10
4862,port_core,2023-10-30 10:30:00+00:00,13.0,79.0,2023-10
4863,port_core,2023-10-15 08:30:00+00:00,1.0,70.0,2023-10
4864,port_core,2023-10-21 17:00:00+00:00,23.0,89.0,2023-10
4864,western_opl,2023-10-20 02:30:00+00:00,14.0,89.0,2023-10
4865,port_core,2023-10-02 13:30:00+00:00,1.0,81.0,2023-10
4867,eastern_opl,2023-10-13 11:00:00+00:00,45.0,80.0,2023-10
4867,eastern_opl,2023-10-16 13:00:00+00:00,15.5,80.0,2023-10
4867,port_core,2023-10-09 06:30:00+00:00,78.5,80.0,2023-10
4867,port_core,2023-10-17 09:30:00+00:00,3.0,80.0,2023-10
4868,port_core,2023-10-27 07:30:00+00:00,5.0,80.0,2023-10
4869,port_core,2023-10-13 03:30:00+00:00,24.5,80.0,2023-10
4869,port_core,2023-10-21 05:30:00+00:00,16.5,80.0,2023-10
4870,port_core,2023-10-16 09:00:00+00:00,44.5,80.0,2023-10
4871,port_core,2023-10-27 16:30:00+00:00,6.5,70.0,2023-10
4872,port_core,2023-10-21 18:30:00+00:00,4.0,86.0,2023-10
4873,port_core,2023-10-19 05:00:00+00:00,0.0,70.0,2023-10
4876,western_opl,2023-10-12 11:00:00+00:00,227.0,80.0,2023-10
4876,western_opl,2023-10-25 08:30:00+00:00,30.5,80.0,2023-10
4877,eastern_opl,2023-10-09 08:00:00+00:00,55.0,89.0,2023-10
4877,eastern_opl,2023-10-13 07:00:00+00:00,11.5,89.0,2023-10
4877,eastern_opl,2023-10-16 09:00:00+00:00,20.5,89.0,2023-10
4878,eastern_opl,2023-10-03 16:00:00+00:00,65.5,70.0,2023-10
4880,port_core,2023-10-08 17:30:00+00:00,32.0,80.0,2023-10
4883,eastern_opl,2023-10-06 09:30:00+00:00,10.0,81.0,2023-10
4883,eastern_opl,2023-10-08 17:30:00+00:00,215.5,81.0,2023-10
4887,eastern_opl,2023-10-28 01:00:00+00:00,70.5,77.0,2023-10
4888,port_core,2023-10-20 05:30:00+00:00,15.0,70.0,2023-10
4890,port_core,2023-10-19 17:00:00+00:00,11.5,80.0,2023-10
4890,port_core,2023-10-21 16:00:00+00:00,6.5,80.0,2023-10
4891,port_core,2023-10-12 07:30:00+00:00,0.5,80.0,2023-10
4891,port_core,2023-10-19 16:30:00+00:00,26.5,80.0,2023-10
4893,eastern_opl,2023-10-29 21:30:00+00:00,0.0,80.0,2023-10
4893,port_core,2023-10-05 10:00:00+00:00,11.0,80.0,2023-10
4893,western_opl,2023-10-08 17:30:00+00:00,213.5,80.0,2023-10
4895,port_core,2023-10-01 00:00:00+00:00,7.5,70.0,2023-10
4897,port_core,2023-10-01 05:00:00+00:00,2.0,80.0,2023-10
4897,port_core,2023-10-28 00:30:00+00:00,71.5,80.0,2023-10
4899,port_core,2023-10-30 23:00:00+00:00,0.0,70.0,2023-10
4901,port_core,2023-10-06 08:30:00+00:00,11.5,80.0,2023-10
4901,port_core,2023-10-11 08:30:00+00:00,23.0,80.0,2023-10
4901,port_core,2023-10-13 20:00:00+00:00,160.0,80.0,2023-10
4901,port_core,2023-10-29 04:00:00+00:00,14.0,80.0,2023-10
4901,western_opl,2023-10-10 06:00:00+00:00,1.5,80.0,2023-10
4905,port_core,2023-10-25 09:00:00+00:00,93.5,80.0,2023-10
4907,port_core,2023-10-25 08:30:00+00:00,13.0,80.0,2023-10
4907,western_opl,2023-10-21 17:30:00+00:00,5.0,80.0,2023-10
4918,eastern_opl,2023-10-01 01:00:00+00:00,138.0,70.0,2023-10
4918,eastern_opl,2023-10-08 20:00:00+00:00,157.5,70.0,2023-10
4918,eastern_opl,2023-10-16 10:30:00+00:00,2.0,70.0,2023-10
4918,eastern_opl,2023-10-19 02:00:00+00:00,35.5,70.0,2023-10
4918,port_core,2023-10-20 14:00:00+00:00,1.5,70.0,2023-10
4918,western_opl,2023-10-20 16:30:00+00:00,2.0,70.0,2023-10
4920,port_core,2023-10-12 23:30:00+00:00,15.5,70.0,2023-10
4921,port_core,2023-10-01 00:00:00+00:00,26.5,70.0,2023-10
4921,port_core,2023-10-20 14:30:00+00:00,18.0,70.0,2023-10
4922,port_core,2023-10-26 06:30:00+00:00,61.5,71.0,2023-10
4923,western_opl,2023-10-09 10:00:00+00:00,9.0,83.0,2023-10
4925,port_core,2023-10-18 19:30:00+00:00,9.0,89.0,2023-10
4929,port_core,2023-10-04 12:30:00+00:00,8.5,70.0,2023-10
4930,port_core,2023-10-08 17:30:00+00:00,29.5,70.0,2023-10
4931,port_core,2023-10-25 09:00:00+00:00,42.0,70.0,2023-10
4934,port_core,2023-10-06 11:00:00+00:00,9.0,80.0,2023-10
4934,port_core,2023-10-13 10:00:00+00:00,12.5,80.0,2023-10
4934,port_core,2023-10-16 09:00:00+00:00,3.0,80.0,2023-10
4934,port_core,2023-10-26 08:00:00+00:00,56.5,80.0,2023-10
4938,western_opl,2023-10-26 14:30:00+00:00,21.5,82.0,2023-10
4941,western_opl,2023-10-01 00:00:00+00:00,16.0,80.0,2023-10
4945,port_core,2023-10-26 05:30:00+00:00,8.0,89.0,2023-10
4946,port_core,2023-10-11 08:30:00+00:00,5.0,89.0,2023-10
4947,western_opl,2023-10-08 18:00:00+00:00,8.0,89.0,2023-10
4950,port_core,2023-10-29 16:00:00+00:00,5.5,89.0,2023-10
4951,western_opl,2023-10-30 08:00:00+00:00,13.5,80.0,2023-10
4953,port_core,2023-10-11 10:00:00+00:00,22.0,89.0,2023-10
4956,port_core,2023-10-28 14:30:00+00:00,57.0,70.0,2023-10
4957,eastern_opl,2023-10-30 12:00:00+00:00,12.0,70.0,2023-10
4958,port_core,2023-10-21 14:00:00+00:00,8.5,80.0,2023-10
4962,western_opl,2023-10-09 17:30:00+00:00,10.0,89.0,2023-10
4963,port_core,2023-10-06 07:00:00+00:00,13.0,80.0,2023-10
4963,port_core,2023-10-08 17:30:00+00:00,19.5,80.0,2023-10
4964,port_core,2023-10-15 03:30:00+00:00,6.0,80.0,2023-10
4965,port_core,2023-10-12 15:00:00+00:00,10.0,70.0,2023-10
4966,port_core,2023-10-04 08:30:00+00:00,6.5,80.0,2023-10
4967,port_core,2023-10-06 18:00:00+00:00,2.0,79.0,2023-10
4970,port_core,2023-10-25 08:30:00+00:00,37.0,80.0,2023-10
4973,eastern_opl,2023-10-28 07:30:00+00:00,20.5,70.0,2023-10
4975,eastern_opl,2023-10-20 07:30:00+00:00,9.0,70.0,2023-10
4975,port_core,2023-10-20 01:00:00+00:00,16.0,70.0,2023-10
4976,port_core,2023-10-16 15:30:00+00:00,8.5,80.0,2023-10
4977,western_opl,2023-10-18 18:00:00+00:00,56.0,89.0,2023-10
4978,eastern_opl,2023-10-05 17:30:00+00:00,17.0,80.0,2023-10
4979,port_core,2023-10-02 18:30:00+00:00,97.5,80.0,2023-10
4979,port_core,2023-10-08 17:30:00+00:00,33.0,80.0,2023-10
4979,western_opl,2023-10-01 00:00:00+00:00,20.5,80.0,2023-10
4979,western_opl,2023-10-12 22:30:00+00:00,150.5,80.0,2023-10
4979,western_opl,2023-10-21 00:30:00+00:00,0.5,80.0,2023-10
4979,western_opl,2023-10-25 09:30:00+00:00,15.5,80.0,2023-10
4979,western_opl,2023-10-27 06:00:00+00:00,29.5,80.0,2023-10
4981,port_core,2023-10-18 01:30:00+00:00,23.5,80.0,2023-10
4982,port_core,2023-10-17 02:30:00+00:00,8.5,70.0,2023-10
4983,eastern_opl,2023-10-08 18:30:00+00:00,14.5,79.0,2023-10
4985,port_core,2023-10-08 18:00:00+00:00,0.0,80.0,2023-10
4987,port_core,2023-10-17 15:00:00+00:00,38.0,70.0,2023-10
4988,port_core,2023-10-19 16:30:00+00:00,25.0,80.0,2023-10
4990,port_core,2023-10-21 02:30:00+00:00,13.5,80.0,2023-10
4991,port_core,2023-10-29 16:30:00+00:00,8.5,80.0,2023-10
4995,port_core,2023-10-03 23:30:00+00:00,11.0,70.0,2023-10
4998,port_core,2023-10-17 23:00:00+00:00,20.5,70.0,2023-10
4999,port_core,2023-10-28 04:30:00+00:00,67.0,71.0,2023-10
5003,port_core,2023-10-28 02:30:00+00:00,15.5,70.0,2023-10
5004,port_core,2023-10-01 00:00:00+00:00,140.0,89.0,2023-10
5004,port_core,2023-10-08 17:30:00+00:00,17.0,89.0,2023-10
5004,western_opl,2023-10-15 08:00:00+00:00,141.5,89.0,2023-10
5006,eastern_opl,2023-10-14 18:30:00+00:00,12.5,70.0,2023-10
5007,eastern_opl,2023-10-03 07:00:00+00:00,83.5,80.0,2023-10
5007,port_core,2023-10-01 00:00:00+00:00,3.5,80.0,2023-10
5008,port_core,2023-10-01 07:30:00+00:00,8.5,70.0,2023-10
5009,port_core,2023-10-18 12:00:00+00:00,3.0,70.0,2023-10
5010,eastern_opl,2023-10-04 22:00:00+00:00,15.5,70.0,2023-10
5012,port_core,2023-10-12 07:30:00+00:00,41.5,70.0,2023-10
5013,port_core,2023-10-05 21:00:00+00:00,22.0,70.0,2023-10
5015,port_core,2023-10-19 17:00:00+00:00,16.0,70.0,2023-10
5016,eastern_opl,2023-10-08 17:30:00+00:00,1.5,70.0,2023-10
5017,port_core,2023-10-05 20:00:00+00:00,8.5,80.0,2023-10
5018,port_core,2023-10-06 06:30:00+00:00,13.5,80.0,2023-10
5018,western_opl,2023-10-04 09:00:00+00:00,8.5,80.0,2023-10
5019,eastern_opl,2023-10-12 07:30:00+00:00,15.0,80.0,2023-10
5020,eastern_opl,2023-10-28 04:30:00+00:00,7.0,70.0,2023-10
5021,western_opl,2023-10-12 07:30:00+00:00,15.5,80.0,2023-10
5021,western_opl,2023-10-16 11:00:00+00:00,17.0,80.0,2023-10
5023,eastern_opl,2023-10-25 18:30:00+00:00,10.5,80.0,2023-10
5023,eastern_opl,2023-10-27 07:00:00+00:00,26.5,80.0,2023-10
5024,eastern_opl,2023-10-20 12:00:00+00:00,23.5,73.0,2023-10
5025,port_core,2023-10-10 07:30:00+00:00,213.5,89.0,2023-10
5025,port_core,2023-10-27 19:30:00+00:00,69.0,89.0,2023-10
5031,port_core,2023-10-12 07:30:00+00:00,10.5,80.0,2023-10
5032,port_core,2023-10-12 20:00:00+00:00,9.5,80.0,2023-10
5033,eastern_opl,2023-10-25 16:30:00+00:00,12.5,70.0,2023-10
5034,port_core,2023-10-18 05:00:00+00:00,24.0,79.0,2023-10
5035,port_core,2023-10-03 20:30:00+00:00,35.5,80.0,2023-10
5036,eastern_opl,2023-10-05 13:00:00+00:00,31.0,79.0,2023-10
5038,port_core,2023-10-30 16:00:00+00:00,7.5,70.0,2023-10
5040,eastern_opl,2023-10-17 00:30:00+00:00,17.0,70.0,2023-10
5041,eastern_opl,2023-10-12 11:00:00+00:00,12.5,70.0,2023-10
5042,port_core,2023-10-06 14:30:00+00:00,5.5,70.0,2023-10
5043,eastern_opl,2023-10-04 12:30:00+00:00,24.0,70.0,2023-10
5044,eastern_opl,2023-10-30 08:30:00+00:00,10.5,70.0,2023-10
5045,port_core,2023-10-09 22:30:00+00:00,13.5,70.0,2023-10
5046,eastern_opl,2023-10-16 09:00:00+00:00,22.0,70.0,2023-10
5047,eastern_opl,2023-10-26 11:30:00+00:00,14.5,70.0,2023-10
5048,port_core,2023-10-09 10:00:00+00:00,8.0,80.0,2023-10
5048,western_opl,2023-10-09 18:30:00+00:00,0.5,80.0,2023-10
5051,port_core,2023-10-01 17:00:00+00:00,21.0,70.0,2023-10
5052,port_core,2023-10-30 08:00:00+00:00,6.0,70.0,2023-10
5053,port_core,2023-10-05 14:30:00+00:00,10.0,70.0,2023-10
5054,port_core,2023-10-25 13:00:00+00:00,8.0,81.0,2023-10
5054,port_core,2023-10-27 16:00:00+00:00,40.5,81.0,2023-10
5055,eastern_opl,2023-10-29 19:00:00+00:00,23.0,70.0,2023-10
5057,port_core,2023-10-01 16:00:00+00:00,7.0,70.0,2023-10
5058,eastern_opl,2023-10-17 07:00:00+00:00,3.5,70.0,2023-10
5059,port_core,2023-10-11 16:00:00+00:00,6.5,70.0,2023-10
5060,port_core,2023-10-04 08:00:00+00:00,0.0,70.0,2023-10
5061,port_core,2023-10-26 09:00:00+00:00,29.0,70.0,2023-10
5062,port_core,2023-10-08 18:00:00+00:00,10.0,70.0,2023-10
5066,port_core,2023-10-05 00:00:00+00:00,15.0,79.0,2023-10
5069,western_opl,2023-10-29 22:00:00+00:00,26.0,82.0,2023-10
5070,western_opl,2023-10-19 17:00:00+00:00,4.0,82.0,2023-10
5072,port_core,2023-10-17 06:30:00+00:00,21.0,80.0,2023-10
5073,port_core,2023-10-13 16:30:00+00:00,10.5,70.0,2023-10
5075,port_core,2023-10-26 04:30:00+00:00,10.5,79.0,2023-10
5077,port_core,2023-10-05 06:30:00+00:00,37.5,80.0,2023-10
5077,port_core,2023-10-08 17:30:00+00:00,77.0,80.0,2023-10
5077,port_core,2023-10-14 04:00:00+00:00,23.0,80.0,2023-10
5077,western_opl,2023-10-02 14:30:00+00:00,1.5,80.0,2023-10
5077,western_opl,2023-10-04 22:00:00+00:00,32.0,80.0,2023-10
5079,port_core,2023-10-15 05:00:00+00:00,4.5,70.0,2023-10
5081,port_core,2023-10-16 15:30:00+00:00,9.5,70.0,2023-10
5082,port_core,2023-10-19 23:00:00+00:00,9.0,70.0,2023-10
5083,port_core,2023-10-01 00:00:00+00:00,10.5,79.0,2023-10
5084,port_core,2023-10-05 08:30:00+00:00,14.0,70.0,2023-10
5085,eastern_opl,2023-10-25 08:30:00+00:00,91.5,80.0,2023-10
5087,port_core,2023-10-14 04:30:00+00:00,19.0,80.0,2023-10
5088,port_core,2023-10-21 07:30:00+00:00,14.5,80.0,2023-10
5090,port_core,2023-10-11 09:00:00+00:00,5.0,70.0,2023-10
5092,port_core,2023-10-25 18:30:00+00:00,7.5,70.0,2023-10
5093,port_core,2023-10-30 08:30:00+00:00,15.5,70.0,2023-10
5097,port_core,2023-10-16 13:00:00+00:00,12.5,70.0,2023-10
5098,port_core,2023-10-29 03:00:00+00:00,14.5,70.0,2023-10
5099,port_core,2023-10-30 08:00:00+00:00,5.5,70.0,2023-10
5101,port_core,2023-10-08 17:30:00+00:00,15.5,79.0,2023-10
5102,eastern_opl,2023-10-04 03:30:00+00:00,12.0,79.0,2023-10
5102,port_core,2023-10-04 04:00:00+00:00,12.0,79.0,2023-10
5106,eastern_opl,2023-10-14 21:00:00+00:00,12.5,70.0,2023-10
5106,port_core,2023-10-14 23:00:00+00:00,5.5,70.0,2023-10
5107,eastern_opl,2023-10-20 01:00:00+00:00,13.0,70.0,2023-10
5109,port_core,2023-10-13 22:00:00+00:00,0.5,70.0,2023-10
5110,port_core,2023-10-11 18:00:00+00:00,4.5,70.0,2023-10
5112,port_core,2023-10-14 08:00:00+00:00,9.0,80.0,2023-10
5113,western_opl,2023-10-02 11:00:00+00:00,30.0,80.0,2023-10
5118,port_core,2023-10-13 09:30:00+00:00,29.5,70.0,2023-10
5119,port_core,2023-10-01 00:00:00+00:00,1.0,80.0,2023-10
5119,port_core,2023-10-10 13:30:00+00:00,32.0,80.0,2023-10
5119,port_core,2023-10-25 08:30:00+00:00,6.0,80.0,2023-10
5119,port_core,2023-10-29 04:00:00+00:00,1.5,80.0,2023-10
5119,port_core,2023-10-30 08:00:00+00:00,2.0,80.0,2023-10
5120,port_core,2023-10-01 14:30:00+00:00,2.0,80.0,2023-10
5120,port_core,2023-10-18 00:00:00+00:00,24.0,80.0,2023-10
5120,port_core,2023-10-27 00:00:00+00:00,95.5,80.0,2023-10
5121,port_core,2023-10-11 09:00:00+00:00,8.0,70.0,2023-10
5123,port_core,2023-10-28 14:00:00+00:00,48.0,80.0,2023-10
5124,eastern_opl,2023-10-19 16:30:00+00:00,10.5,80.0,2023-10
5125,port_core,2023-10-19 17:00:00+00:00,16.0,70.0,2023-10
5129,port_core,2023-10-08 18:00:00+00:00,4.5,70.0,2023-10
5130,port_core,2023-10-14 09:30:00+00:00,10.0,70.0,2023-10
5132,port_core,2023-10-27 04:00:00+00:00,14.5,70.0,2023-10
5133,port_core,2023-10-25 09:00:00+00:00,1.5,70.0,2023-10
5135,port_core,2023-10-12 11:00:00+00:00,10.0,70.0,2023-10
5136,port_core,2023-10-28 15:30:00+00:00,20.0,70.0,2023-10
5138,eastern_opl,2023-10-04 12:00:00+00:00,0.0,70.0,2023-10
5139,port_core,2023-10-16 09:00:00+00:00,6.5,70.0,2023-10
5140,eastern_opl,2023-10-13 19:30:00+00:00,22.5,70.0,2023-10
5144,port_core,2023-10-18 13:00:00+00:00,0.5,72.0,2023-10
5146,eastern_opl,2023-10-25 22:30:00+00:00,11.5,71.0,2023-10
5148,eastern_opl,2023-10-11 09:00:00+00:00,9.5,70.0,2023-10
5149,port_core,2023-10-20 09:30:00+00:00,12.0,70.0,2023-10
5150,port_core,2023-10-20 21:00:00+00:00,12.0,80.0,2023-10
5151,port_core,2023-10-25 17:00:00+00:00,37.0,79.0,2023-10
5154,eastern_opl,2023-10-05 00:00:00+00:00,23.0,70.0,2023-10
5155,eastern_opl,2023-10-09 23:30:00+00:00,21.0,70.0,2023-10
5157,port_core,2023-10-28 02:00:00+00:00,23.0,70.0,2023-10
5159,eastern_opl,2023-10-06 00:00:00+00:00,20.0,80.0,2023-10
5159,eastern_opl,2023-10-08 17:30:00+00:00,22.5,80.0,2023-10
5160,port_core,2023-10-28 03:00:00+00:00,19.0,70.0,2023-10
5161,port_core,2023-10-05 21:00:00+00:00,2.5,71.0,2023-10
5162,port_core,2023-10-09 00:30:00+00:00,79.5,70.0,2023-10
5163,eastern_opl,2023-10-30 08:00:00+00:00,15.0,70.0,2023-10
5164,western_opl,2023-10-29 11:30:00+00:00,13.0,80.0,2023-10
5165,port_core,2023-10-20 13:30:00+00:00,33.0,80.0,2023-10
5166,western_opl,2023-10-01 00:00:00+00:00,106.5,82.0,2023-10
5166,western_opl,2023-10-06 11:00:00+00:00,9.0,82.0,2023-10
5167,eastern_opl,2023-10-30 11:00:00+00:00,12.5,80.0,2023-10
5168,western_opl,2023-10-27 02:30:00+00:00,11.0,74.0,2023-10
5170,eastern_opl,2023-10-29 08:30:00+00:00,16.5,70.0,2023-10
5172,eastern_opl,2023-10-06 09:00:00+00:00,11.0,70.0,2023-10
5173,port_core,2023-10-08 17:30:00+00:00,51.0,80.0,2023-10
5174,eastern_opl,2023-10-28 00:30:00+00:00,17.0,79.0,2023-10
5175,port_core,2023-10-06 15:00:00+00:00,5.0,70.0,2023-10
5176,port_core,2023-10-25 12:30:00+00:00,1.0,79.0,2023-10
5178,port_core,2023-10-27 07:30:00+00:00,21.5,70.0,2023-10
5179,port_core,2023-10-18 18:00:00+00:00,11.0,70.0,2023-10
5180,port_core,2023-10-20 19:00:00+00:00,16.5,70.0,2023-10
5181,port_core,2023-10-05 07:00:00+00:00,8.5,70.0,2023-10
5182,port_core,2023-10-27 14:30:00+00:00,14.5,70.0,2023-10
5182,western_opl,2023-10-28 06:00:00+00:00,1.0,70.0,2023-10
5183,western_opl,2023-10-11 12:00:00+00:00,10.5,80.0,2023-10
5183,western_opl,2023-10-18 05:00:00+00:00,24.0,80.0,2023-10
5184,eastern_opl,2023-10-04 08:30:00+00:00,13.0,80.0,2023-10
5184,western_opl,2023-10-12 07:30:00+00:00,20.5,80.0,2023-10
5186,port_core,2023-10-21 07:30:00+00:00,15.0,79.0,2023-10
5188,port_core,2023-10-08 18:30:00+00:00,5.0,74.0,2023-10
5192,port_core,2023-10-01 00:00:00+00:00,39.0,70.0,2023-10
5193,port_core,2023-10-13 15:00:00+00:00,19.0,70.0,2023-10
5194,port_core,2023-10-10 20:30:00+00:00,0.0,70.0,2023-10
5195,eastern_opl,2023-10-19 17:00:00+00:00,29.0,89.0,2023-10
5196,port_core,2023-10-09 02:00:00+00:00,11.5,70.0,2023-10
5197,port_core,2023-10-01 00:30:00+00:00,9.0,80.0,2023-10
5198,port_core,2023-10-09 08:30:00+00:00,8.5,70.0,2023-10
5199,port_core,2023-10-28 21:00:00+00:00,0.5,70.0,2023-10
5199,western_opl,2023-10-28 22:30:00+00:00,0.5,70.0,2023-10
5201,port_core,2023-10-27 13:00:00+00:00,3.5,81.0,2023-10
5201,port_core,2023-10-28 17:30:00+00:00,44.5,81.0,2023-10
5205,port_core,2023-10-26 00:30:00+00:00,37.0,79.0,2023-10
5206,port_core,2023-10-08 17:30:00+00:00,3.0,80.0,2023-10
5206,western_opl,2023-10-08 21:00:00+00:00,3.0,80.0,2023-10
5209,eastern_opl,2023-10-18 16:00:00+00:00,11.5,70.0,2023-10
5210,eastern_opl,2023-10-01 00:30:00+00:00,139.5,86.0,2023-10
5210,eastern_opl,2023-10-08 18:00:00+00:00,31.0,86.0,2023-10
5211,port_core,2023-10-29 01:30:00+00:00,20.0,80.0,2023-10
5212,port_core,2023-10-13 04:00:00+00:00,21.0,70.0,2023-10
5213,eastern_opl,2023-10-06 11:00:00+00:00,9.0,70.0,2023-10
5214,eastern_opl,2023-10-08 17:30:00+00:00,2.0,70.0,2023-10
5214,port_core,2023-10-08 18:00:00+00:00,3.5,70.0,2023-10
5215,eastern_opl,2023-10-15 08:00:00+00:00,1.5,70.0,2023-10
5216,eastern_opl,2023-10-02 15:00:00+00:00,15.5,70.0,2023-10
5217,port_core,2023-10-25 09:30:00+00:00,3.0,70.0,2023-10
5221,port_core,2023-10-27 07:30:00+00:00,27.5,71.0,2023-10
5222,western_opl,2023-10-10 19:00:00+00:00,1.5,80.0,2023-10
5223,port_core,2023-10-15 02:00:00+00:00,99.0,70.0,2023-10
5225,eastern_opl,2023-10-14 20:00:00+00:00,3.0,80.0,2023-10
5225,port_core,2023-10-16 09:00:00+00:00,6.0,80.0,2023-10
5227,eastern_opl,2023-10-29 08:00:00+00:00,39.5,80.0,2023-10
5227,western_opl,2023-10-25 18:30:00+00:00,13.0,80.0,2023-10
5228,eastern_opl,2023-10-20 01:30:00+00:00,6.5,70.0,2023-10
5230,port_core,2023-10-17 19:30:00+00:00,33.0,70.0,2023-10
5231,eastern_opl,2023-10-21 01:00:00+00:00,17.5,70.0,2023-10
5232,eastern_opl,2023-10-11 15:00:00+00:00,7.0,70.0,2023-10
5233,eastern_opl,2023-10-28 17:00:00+00:00,15.5,70.0,2023-10
5235,port_core,2023-10-11 09:00:00+00:00,28.5,80.0,2023-10
5235,port_core,2023-10-14 17:00:00+00:00,87.0,80.0,2023-10
5236,port_core,2023-10-28 05:30:00+00:00,13.5,80.0,2023-10
5242,western_opl,2023-10-10 15:00:00+00:00,5.5,83.0,2023-10
5243,eastern_opl,2023-10-05 17:30:00+00:00,24.5,80.0,2023-10
5243,eastern_opl,2023-10-08 18:00:00+00:00,27.0,80.0,2023-10
5243,port_core,2023-10-14 01:30:00+00:00,21.5,80.0,2023-10
5244,port_core,2023-10-25 08:30:00+00:00,43.0,70.0,2023-10
5245,port_core,2023-10-20 08:30:00+00:00,18.0,70.0,2023-10
5249,eastern_opl,2023-10-17 10:00:00+00:00,21.0,80.0,2023-10
5250,eastern_opl,2023-10-28 19:30:00+00:00,15.0,80.0,2023-10
5251,western_opl,2023-10-08 17:30:00+00:00,26.5,80.0,2023-10
5252,port_core,2023-10-25 08:30:00+00:00,2.5,80.0,2023-10
5252,western_opl,2023-10-13 09:00:00+00:00,13.0,80.0,2023-10
5253,eastern_opl,2023-10-01 10:00:00+00:00,92.5,89.0,2023-10
5254,port_core,2023-10-10 01:30:00+00:00,8.5,70.0,2023-10
5256,port_core,2023-10-10 20:30:00+00:00,0.0,70.0,2023-10
5258,port_core,2023-10-29 02:00:00+00:00,13.5,80.0,2023-10
5260,eastern_opl,2023-10-14 07:30:00+00:00,21.0,70.0,2023-10
5261,port_core,2023-10-06 01:30:00+00:00,7.0,70.0,2023-10
5264,port_core,2023-10-25 10:30:00+00:00,59.5,80.0,2023-10
5265,port_core,2023-10-11 08:30:00+00:00,1.0,70.0,2023-10
5266,western_opl,2023-10-15 05:30:00+00:00,4.0,80.0,2023-10
5267,port_core,2023-10-25 15:00:00+00:00,122.5,71.0,2023-10
5270,eastern_opl,2023-10-13 12:00:00+00:00,21.0,70.0,2023-10
5271,eastern_opl,2023-10-21 01:30:00+00:00,12.5,70.0,2023-10
5272,port_core,2023-10-27 12:30:00+00:00,11.0,79.0,2023-10
5273,eastern_opl,2023-10-29 16:00:00+00:00,8.0,70.0,2023-10
5274,port_core,2023-10-28 01:30:00+00:00,8.5,70.0,2023-10
5275,port_core,2023-10-27 03:00:00+00:00,35.0,70.0,2023-10
5278,port_core,2023-10-17 01:30:00+00:00,9.0,79.0,2023-10
5279,port_core,2023-10-14 02:30:00+00:00,31.0,80.0,2023-10
5279,port_core,2023-10-18 03:00:00+00:00,13.5,80.0,2023-10
5280,port_core,2023-10-06 03:30:00+00:00,11.0,70.0,2023-10
5281,port_core,2023-10-17 22:30:00+00:00,6.0,70.0,2023-10
5283,port_core,2023-10-18 23:00:00+00:00,51.5,70.0,2023-10
5284,western_opl,2023-10-02 11:00:00+00:00,12.5,80.0,2023-10
5285,western_opl,2023-10-25 14:00:00+00:00,6.0,82.0,2023-10
5285,western_opl,2023-10-27 16:00:00+00:00,64.0,82.0,2023-10
5286,eastern_opl,2023-10-01 07:30:00+00:00,9.5,70.0,2023-10
5287,port_core,2023-10-18 08:00:00+00:00,9.0,70.0,2023-10
5288,western_opl,2023-10-17 10:00:00+00:00,27.5,82.0,2023-10
5290,eastern_opl,2023-10-02 23:00:00+00:00,31.5,80.0,2023-10
5292,eastern_opl,2023-10-26 15:00:00+00:00,6.5,79.0,2023-10
5292,port_core,2023-10-26 22:00:00+00:00,2.0,79.0,2023-10
5294,port_core,2023-10-19 03:00:00+00:00,2.0,70.0,2023-10
5296,port_core,2023-10-11 09:00:00+00:00,13.5,80.0,2023-10
5297,eastern_opl,2023-10-02 21:00:00+00:00,14.5,70.0,2023-10
5298,eastern_opl,2023-10-03 23:30:00+00:00,68.5,80.0,2023-10
5299,port_core,2023-10-02 14:30:00+00:00,11.0,70.0,2023-10
5300,eastern_opl,2023-10-29 20:00:00+00:00,5.0,80.0,2023-10
5301,port_core,2023-10-20 04:30:00+00:00,13.0,70.0,2023-10
5303,port_core,2023-10-01 00:00:00+00:00,8.0,79.0,2023-10
5304,port_core,2023-10-28 10:30:00+00:00,19.5,70.0,2023-10
5305,port_core,2023-10-26 16:00:00+00:00,10.5,79.0,2023-10
5306,port_core,2023-10-04 08:30:00+00:00,59.5,89.0,2023-10
5309,port_core,2023-10-14 08:30:00+00:00,21.0,70.0,2023-10
5312,port_core,2023-10-04 19:00:00+00:00,10.5,80.0,2023-10
5313,eastern_opl,2023-10-11 08:30:00+00:00,6.5,80.0,2023-10
5314,eastern_opl,2023-10-30 08:00:00+00:00,15.5,80.0,2023-10
5315,port_core,2023-10-21 04:00:00+00:00,36.0,70.0,2023-10
5318,port_core,2023-10-02 10:30:00+00:00,11.0,70.0,2023-10
5320,port_core,2023-10-08 19:00:00+00:00,19.5,70.0,2023-10
5321,port_core,2023-10-25 17:30:00+00:00,23.0,70.0,2023-10
5322,port_core,2023-10-27 21:30:00+00:00,32.5,70.0,2023-10
5324,eastern_opl,2023-10-14 08:00:00+00:00,0.0,77.0,2023-10
5324,port_core,2023-10-13 05:30:00+00:00,28.5,77.0,2023-10
5328,port_core,2023-10-01 00:00:00+00:00,6.5,80.0,2023-10
5329,eastern_opl,2023-10-08 17:30:00+00:00,24.0,70.0,2023-10
5330,eastern_opl,2023-10-25 08:30:00+00:00,28.5,89.0,2023-10
5335,port_core,2023-10-16 09:00:00+00:00,66.0,70.0,2023-10
5336,port_core,2023-10-28 17:30:00+00:00,12.0,70.0,2023-10
5337,port_core,2023-10-21 19:30:00+00:00,2.5,70.0,2023-10
5345,eastern_opl,2023-10-28 14:00:00+00:00,15.5,71.0,2023-10
5346,eastern_opl,2023-10-17 01:00:00+00:00,22.0,80.0,2023-10
5347,eastern_opl,2023-10-13 18:00:00+00:00,3.5,70.0,2023-10
5347,port_core,2023-10-13 11:00:00+00:00,6.5,70.0,2023-10
5349,port_core,2023-10-03 00:30:00+00:00,7.0,70.0,2023-10
5350,port_core,2023-10-11 09:00:00+00:00,12.5,70.0,2023-10
5352,port_core,2023-10-02 22:00:00+00:00,47.5,80.0,2023-10
5352,western_opl,2023-10-08 17:30:00+00:00,111.5,80.0,2023-10
5353,port_core,2023-10-25 08:30:00+00:00,24.5,89.0,2023-10
5354,eastern_opl,2023-10-01 00:00:00+00:00,67.0,89.0,2023-10
5355,western_opl,2023-10-17 08:30:00+00:00,105.0,80.0,2023-10
5356,port_core,2023-10-16 09:00:00+00:00,6.5,79.0,2023-10
5357,western_opl,2023-10-09 12:30:00+00:00,32.0,80.0,2023-10
5357,western_opl,2023-10-13 06:00:00+00:00,21.5,80.0,2023-10
5358,port_core,2023-10-12 07:30:00+00:00,7.5,70.0,2023-10
5360,port_core,2023-10-10 04:00:00+00:00,10.0,70.0,2023-10
5361,port_core,2023-10-09 22:30:00+00:00,13.0,70.0,2023-10
5362,eastern_opl,2023-10-01 00:00:00+00:00,5.5,80.0,2023-10
5363,port_core,2023-10-10 07:30:00+00:00,29.5,70.0,2023-10
5364,eastern_opl,2023-10-08 21:00:00+00:00,13.5,70.0,2023-10
5365,eastern_opl,2023-10-15 02:00:00+00:00,7.5,70.0,2023-10
5367,port_core,2023-10-05 06:30:00+00:00,9.5,70.0,2023-10
5368,port_core,2023-10-11 08:30:00+00:00,4.0,70.0,2023-10
5370,port_core,2023-10-14 15:30:00+00:00,14.5,70.0,2023-10
5372,port_core,2023-10-20 03:30:00+00:00,12.0,70.0,2023-10
5374,port_core,2023-10-17 11:00:00+00:00,10.5,82.0,2023-10
5375,port_core,2023-10-10 04:00:00+00:00,16.5,79.0,2023-10
5377,port_core,2023-10-27 03:30:00+00:00,12.0,70.0,2023-10
5379,port_core,2023-10-10 18:00:00+00:00,2.5,70.0,2023-10
5381,port_core,2023-10-12 14:30:00+00:00,10.5,70.0,2023-10
5382,port_core,2023-10-06 19:00:00+00:00,1.0,70.0,2023-10
5383,eastern_opl,2023-10-11 21:00:00+00:00,21.0,70.0,2023-10
5384,eastern_opl,2023-10-18 11:00:00+00:00,9.5,70.0,2023-10
5386,eastern_opl,2023-10-27 15:00:00+00:00,12.0,70.0,2023-10
5387,port_core,2023-10-30 21:00:00+00:00,1.0,70.0,2023-10
5392,port_core,2023-10-11 15:00:00+00:00,7.5,82.0,2023-10
5393,port_core,2023-10-19 16:30:00+00:00,13.0,80.0,2023-10
5393,port_core,2023-10-21 07:30:00+00:00,15.0,80.0,2023-10
5393,port_core,2023-10-25 08:30:00+00:00,19.5,80.0,2023-10
5394,port_core,2023-10-29 11:30:00+00:00,23.0,80.0,2023-10
5398,port_core,2023-10-18 06:30:00+00:00,7.0,70.0,2023-10
5399,western_opl,2023-10-29 16:00:00+00:00,31.5,80.0,2023-10
5400,port_core,2023-10-17 03:00:00+00:00,11.0,70.0,2023-10
5401,port_core,2023-10-28 08:00:00+00:00,51.5,80.0,2023-10
5402,western_opl,2023-10-05 11:30:00+00:00,11.5,82.0,2023-10
5403,eastern_opl,2023-10-13 03:30:00+00:00,12.5,70.0,2023-10
5404,eastern_opl,2023-10-03 16:30:00+00:00,9.0,70.0,2023-10
5406,port_core,2023-10-19 22:30:00+00:00,18.5,79.0,2023-10
5407,eastern_opl,2023-10-05 00:00:00+00:00,29.5,89.0,2023-10
5408,eastern_opl,2023-10-01 00:00:00+00:00,21.5,80.0,2023-10
5410,eastern_opl,2023-10-21 18:30:00+00:00,4.0,70.0,2023-10
5411,port_core,2023-10-25 18:30:00+00:00,22.0,70.0,2023-10
5413,port_core,2023-10-02 17:00:00+00:00,66.0,70.0,2023-10
5415,port_core,2023-10-09 23:30:00+00:00,7.5,70.0,2023-10
5417,port_core,2023-10-21 00:30:00+00:00,9.5,70.0,2023-10
5418,port_core,2023-10-21 09:00:00+00:00,13.5,70.0,2023-10
5420,port_core,2023-10-27 12:30:00+00:00,77.5,74.0,2023-10
5422,port_core,2023-10-13 02:00:00+00:00,43.5,81.0,2023-10
5423,port_core,2023-10-18 00:00:00+00:00,29.0,80.0,2023-10
5425,port_core,2023-10-17 01:00:00+00:00,20.0,70.0,2023-10
5427,eastern_opl,2023-10-06 10:30:00+00:00,9.5,79.0,2023-10
5428,port_core,2023-10-06 06:30:00+00:00,13.5,89.0,2023-10
5428,port_core,2023-10-08 17:30:00+00:00,126.5,89.0,2023-10
5431,port_core,2023-10-09 07:00:00+00:00,18.0,70.0,2023-10
5435,port_core,2023-10-12 07:30:00+00:00,7.0,70.0,2023-10
5437,port_core,2023-10-25 09:00:00+00:00,30.0,79.0,2023-10
5440,port_core,2023-10-11 08:30:00+00:00,14.0,80.0,2023-10
5441,port_core,2023-10-01 05:00:00+00:00,5.5,70.0,2023-10
5443,eastern_opl,2023-10-05 13:00:00+00:00,31.0,89.0,2023-10
5444,eastern_opl,2023-10-14 17:00:00+00:00,9.5,70.0,2023-10
5446,eastern_opl,2023-10-16 09:30:00+00:00,7.5,70.0,2023-10
5447,eastern_opl,2023-10-09 16:30:00+00:00,15.5,80.0,2023-10
5448,eastern_opl,2023-10-20 04:00:00+00:00,42.5,80.0,2023-10
5448,eastern_opl,2023-10-25 13:30:00+00:00,25.0,80.0,2023-10
5448,port_core,2023-10-28 05:30:00+00:00,66.0,80.0,2023-10
5451,port_core,2023-10-30 14:30:00+00:00,7.0,70.0,2023-10
5452,eastern_opl,2023-10-11 17:00:00+00:00,5.0,70.0,2023-10
5453,eastern_opl,2023-10-05 02:00:00+00:00,21.5,89.0,2023-10
5454,port_core,2023-10-17 00:00:00+00:00,19.5,70.0,2023-10
5456,port_core,2023-10-13 00:30:00+00:00,8.5,70.0,2023-10
5458,eastern_opl,2023-10-06 19:30:00+00:00,0.5,80.0,2023-10
5459,port_core,2023-10-25 08:30:00+00:00,1.0,80.0,2023-10
5460,eastern_opl,2023-10-30 09:00:00+00:00,10.5,80.0,2023-10
5462,eastern_opl,2023-10-10 15:00:00+00:00,18.5,70.0,2023-10
5463,port_core,2023-10-21 04:30:00+00:00,12.5,71.0,2023-10
5465,port_core,2023-10-21 13:00:00+00:00,9.5,70.0,2023-10
5466,eastern_opl,2023-10-25 08:30:00+00:00,3.0,89.0,2023-10
5469,port_core,2023-10-01 00:00:00+00:00,24.5,70.0,2023-10
5471,eastern_opl,2023-10-17 09:30:00+00:00,43.0,89.0,2023-10
5474,port_core,2023-10-03 06:30:00+00:00,8.5,70.0,2023-10
5476,port_core,2023-10-09 03:00:00+00:00,13.0,79.0,2023-10
5483,port_core,2023-10-04 03:00:00+00:00,19.5,80.0,2023-10
5484,eastern_opl,2023-10-05 16:30:00+00:00,27.5,89.0,2023-10
5489,port_core,2023-10-19 16:30:00+00:00,5.0,70.0,2023-10
5490,eastern_opl,2023-10-08 17:30:00+00:00,6.5,80.0,2023-10
5491,port_core,2023-10-06 16:00:00+00:00,4.0,70.0,2023-10
5492,port_core,2023-10-02 07:00:00+00:00,18.5,70.0,2023-10
5493,port_core,2023-10-02 10:00:00+00:00,104.0,70.0,2023-10
5494,port_core,2023-10-01 00:00:00+00:00,6.0,70.0,2023-10
5495,western_opl,2023-10-11 08:30:00+00:00,37.5,80.0,2023-10
5497,western_opl,2023-10-19 18:30:00+00:00,47.0,80.0,2023-10
5499,western_opl,2023-10-01 00:00:00+00:00,0.5,70.0,2023-10
5504,port_core,2023-10-09 19:30:00+00:00,213.5,80.0,2023-10
5505,western_opl,2023-10-25 08:30:00+00:00,8.5,80.0,2023-10
5510,eastern_opl,2023-10-02 06:00:00+00:00,12.5,70.0,2023-10
5510,port_core,2023-10-02 05:00:00+00:00,13.0,70.0,2023-10
5512,port_core,2023-10-14 06:30:00+00:00,26.0,70.0,2023-10
5514,port_core,2023-10-14 09:30:00+00:00,7.5,70.0,2023-10
5515,port_core,2023-10-10 01:30:00+00:00,9.5,70.0,2023-10
5516,port_core,2023-10-03 01:00:00+00:00,12.5,70.0,2023-10
5517,eastern_opl,2023-10-02 14:00:00+00:00,101.5,80.0,2023-10
5518,port_core,2023-10-17 04:30:00+00:00,11.0,70.0,2023-10
5520,eastern_opl,2023-10-16 12:30:00+00:00,128.5,80.0,2023-10
5520,port_core,2023-10-10 10:30:00+00:00,119.0,80.0,2023-10
5521,western_opl,2023-10-19 16:30:00+00:00,54.0,80.0,2023-10
5523,port_core,2023-10-17 23:00:00+00:00,11.0,70.0,2023-10
5524,eastern_opl,2023-10-01 00:00:00+00:00,72.5,82.0,2023-10
5524,port_core,2023-10-13 15:30:00+00:00,7.5,82.0,2023-10
5524,port_core,2023-10-15 03:30:00+00:00,6.0,82.0,2023-10
5527,port_core,2023-10-29 06:30:00+00:00,18.5,80.0,2023-10
5528,port_core,2023-10-18 08:30:00+00:00,16.0,80.0,2023-10
5529,eastern_opl,2023-10-10 10:30:00+00:00,10.0,70.0,2023-10
5530,eastern_opl,2023-10-14 16:00:00+00:00,8.5,70.0,2023-10
5531,port_core,2023-10-01 03:30:00+00:00,10.0,70.0,2023-10
5532,eastern_opl,2023-10-27 05:30:00+00:00,12.0,70.0,2023-10
5536,port_core,2023-10-19 16:30:00+00:00,8.5,89.0,2023-10
5537,port_core,2023-10-20 16:30:00+00:00,15.5,80.0,2023-10
5540,eastern_opl,2023-10-20 21:00:00+00:00,25.0,80.0,2023-10
5541,port_core,2023-10-25 18:30:00+00:00,10.5,70.0,2023-10
5542,port_core,2023-10-12 07:30:00+00:00,22.5,70.0,2023-10
5543,port_core,2023-10-01 03:00:00+00:00,12.0,70.0,2023-10
5544,port_core,2023-10-16 13:00:00+00:00,12.0,70.0,2023-10
5548,eastern_opl,2023-10-27 01:30:00+00:00,7.5,80.0,2023-10
5548,port_core,2023-10-26 11:00:00+00:00,11.5,80.0,2023-10
5550,port_core,2023-10-20 17:00:00+00:00,10.0,70.0,2023-10
5555,western_opl,2023-10-27 00:00:00+00:00,6.5,80.0,2023-10
5557,port_core,2023-10-01 21:30:00+00:00,28.0,80.0,2023-10
5559,port_core,2023-10-14 06:00:00+00:00,21.0,70.0,2023-10
5560,port_core,2023-10-29 08:30:00+00:00,39.5,80.0,2023-10
5560,western_opl,2023-10-04 03:30:00+00:00,44.5,80.0,2023-10
5561,eastern_opl,2023-10-09 21:00:00+00:00,0.0,70.0,2023-10
5561,port_core,2023-10-10 11:30:00+00:00,8.0,70.0,2023-10
5563,port_core,2023-10-25 08:30:00+00:00,91.0,89.0,2023-10
5564,eastern_opl,2023-10-11 09:00:00+00:00,7.5,70.0,2023-10
5568,port_core,2023-10-15 03:30:00+00:00,6.0,70.0,2023-10
5570,port_core,2023-10-30 11:00:00+00:00,13.0,70.0,2023-10
5571,port_core,2023-10-03 11:30:00+00:00,77.5,70.0,2023-10
5572,eastern_opl,2023-10-29 03:30:00+00:00,20.5,80.0,2023-10
5574,eastern_opl,2023-10-15 06:30:00+00:00,3.0,70.0,2023-10
5575,eastern_opl,2023-10-18 02:00:00+00:00,17.0,70.0,2023-10
5579,eastern_opl,2023-10-27 13:00:00+00:00,9.5,70.0,2023-10
5581,western_opl,2023-10-11 08:30:00+00:00,37.5,80.0,2023-10
5582,port_core,2023-10-02 15:00:00+00:00,9.5,79.0,2023-10
5582,port_core,2023-10-25 09:00:00+00:00,28.0,79.0,2023-10
5583,port_core,2023-10-20 15:30:00+00:00,3.0,89.0,2023-10
5583,western_opl,2023-10-09 15:00:00+00:00,5.5,89.0,2023-10
5583,western_opl,2023-10-11 08:30:00+00:00,188.5,89.0,2023-10
5583,western_opl,2023-10-20 09:30:00+00:00,34.0,89.0,2023-10
5583,western_opl,2023-10-28 23:30:00+00:00,5.5,89.0,2023-10
5583,western_opl,2023-10-30 16:30:00+00:00,7.5,89.0,2023-10
5584,port_core,2023-10-03 11:30:00+00:00,73.5,80.0,2023-10
5585,eastern_opl,2023-10-26 20:30:00+00:00,32.0,80.0,2023-10
5585,eastern_opl,2023-10-29 20:30:00+00:00,27.5,80.0,2023-10
5586,western_opl,2023-10-05 11:00:00+00:00,33.0,80.0,2023-10
5590,port_core,2023-10-25 09:00:00+00:00,4.5,70.0,2023-10
5593,western_opl,2023-10-08 18:00:00+00:00,31.5,80.0,2023-10
5594,port_core,2023-10-02 07:30:00+00:00,51.5,70.0,2023-10
5596,western_opl,2023-10-30 08:00:00+00:00,6.5,80.0,2023-10
5597,port_core,2023-10-09 02:00:00+00:00,42.5,80.0,2023-10
5599,port_core,2023-10-30 08:30:00+00:00,11.0,89.0,2023-10
5600,port_core,2023-10-01 14:00:00+00:00,13.0,70.0,2023-10
5602,port_core,2023-10-30 08:00:00+00:00,15.5,81.0,2023-10
5603,port_core,2023-10-17 04:00:00+00:00,31.0,70.0,2023-10
5604,eastern_opl,2023-10-01 12:00:00+00:00,4.0,70.0,2023-10
5608,port_core,2023-10-17 00:00:00+00:00,15.0,80.0,2023-10
5609,western_opl,2023-10-29 07:00:00+00:00,12.0,89.0,2023-10
5610,port_core,2023-10-26 02:00:00+00:00,45.0,80.0,2023-10
5610,western_opl,2023-10-16 09:30:00+00:00,133.0,80.0,2023-10
5611,port_core,2023-10-25 08:30:00+00:00,11.5,89.0,2023-10
5612,port_core,2023-10-05 10:30:00+00:00,13.0,70.0,2023-10
5612,port_core,2023-10-25 08:30:00+00:00,5.0,70.0,2023-10
5615,port_core,2023-10-19 03:00:00+00:00,15.0,70.0,2023-10
5616,port_core,2023-10-29 20:30:00+00:00,17.5,70.0,2023-10
5622,port_core,2023-10-06 17:00:00+00:00,2.5,79.0,2023-10
5623,eastern_opl,2023-10-12 15:00:00+00:00,14.0,70.0,2023-10
5625,port_core,2023-10-12 07:30:00+00:00,28.5,89.0,2023-10
5626,western_opl,2023-10-12 07:30:00+00:00,0.5,80.0,2023-10
5627,eastern_opl,2023-10-01 17:00:00+00:00,30.5,80.0,2023-10
5629,western_opl,2023-10-15 00:30:00+00:00,9.0,80.0,2023-10
5630,port_core,2023-10-19 02:30:00+00:00,15.0,70.0,2023-10
5631,port_core,2023-10-30 11:00:00+00:00,12.0,82.0,2023-10
5632,western_opl,2023-10-28 14:30:00+00:00,21.5,80.0,2023-10
5633,port_core,2023-10-30 17:00:00+00:00,7.0,80.0,2023-10
5636,port_core,2023-10-17 17:00:00+00:00,8.0,80.0,2023-10
5637,port_core,2023-10-29 04:30:00+00:00,31.0,82.0,2023-10
5638,port_core,2023-10-25 10:30:00+00:00,11.5,70.0,2023-10
5639,port_core,2023-10-01 16:30:00+00:00,16.0,70.0,2023-10
5641,port_core,2023-10-11 08:30:00+00:00,30.0,70.0,2023-10
5642,port_core,2023-10-12 15:30:00+00:00,15.5,70.0,2023-10
5643,port_core,2023-10-20 11:30:00+00:00,27.5,70.0,2023-10
5650,western_opl,2023-10-26 10:00:00+00:00,25.0,70.0,2023-10
5655,port_core,2023-10-01 00:00:00+00:00,3.0,70.0,2023-10
5656,port_core,2023-10-03 22:30:00+00:00,33.0,70.0,2023-10
5657,port_core,2023-10-09 10:00:00+00:00,7.5,82.0,2023-10
5663,port_core,2023-10-12 18:30:00+00:00,13.0,70.0,2023-10
5664,port_core,2023-10-14 13:30:00+00:00,1.5,70.0,2023-10
5667,western_opl,2023-10-08 20:00:00+00:00,11.0,70.0,2023-10
5668,port_core,2023-10-13 01:00:00+00:00,11.0,70.0,2023-10
5669,port_core,2023-10-30 17:30:00+00:00,6.5,70.0,2023-10
5675,port_core,2023-10-16 20:00:00+00:00,72.5,70.0,2023-10
5680,port_core,2023-10-16 12:30:00+00:00,63.0,83.0,2023-10
5680,port_core,2023-10-25 08:30:00+00:00,6.0,80.0,2023-10
5681,eastern_opl,2023-10-17 08:30:00+00:00,35.0,70.0,2023-10
5684,eastern_opl,2023-10-29 01:00:00+00:00,24.0,74.0,2023-10
5685,port_core,2023-10-13 20:30:00+00:00,10.0,70.0,2023-10
5686,port_core,2023-10-04 03:30:00+00:00,12.5,70.0,2023-10
5687,port_core,2023-10-25 09:00:00+00:00,4.5,70.0,2023-10
5688,port_core,2023-10-25 10:30:00+00:00,11.5,70.0,2023-10
5690,port_core,2023-10-19 20:00:00+00:00,6.5,70.0,2023-10
5691,port_core,2023-10-25 12:30:00+00:00,11.5,70.0,2023-10
5692,eastern_opl,2023-10-10 03:00:00+00:00,60.5,80.0,2023-10
5693,eastern_opl,2023-10-08 17:30:00+00:00,45.5,80.0,2023-10
5693,port_core,2023-10-05 19:30:00+00:00,7.5,80.0,2023-10
5694,port_core,2023-10-18 06:30:00+00:00,9.0,80.0,2023-10
5695,port_core,2023-10-01 23:00:00+00:00,68.5,89.0,2023-10
5696,eastern_opl,2023-10-04 17:30:00+00:00,49.5,81.0,2023-10
5697,eastern_opl,2023-10-26 10:00:00+00:00,18.0,70.0,2023-10
5698,eastern_opl,2023-10-27 13:00:00+00:00,6.5,70.0,2023-10
5699,port_core,2023-10-06 04:00:00+00:00,13.0,70.0,2023-10
5703,port_core,2023-10-01 05:00:00+00:00,26.0,80.0,2023-10
5705,eastern_opl,2023-10-05 10:00:00+00:00,8.5,80.0,2023-10
5705,western_opl,2023-10-02 11:00:00+00:00,64.0,80.0,2023-10
5707,port_core,2023-10-13 13:00:00+00:00,9.0,70.0,2023-10
5708,eastern_opl,2023-10-01 09:00:00+00:00,33.5,70.0,2023-10
5712,port_core,2023-10-26 18:00:00+00:00,46.5,89.0,2023-10
5712,port_core,2023-10-30 21:00:00+00:00,3.0,89.0,2023-10
5713,western_opl,2023-10-17 16:00:00+00:00,32.5,82.0,2023-10
5715,port_core,2023-10-17 00:00:00+00:00,2.0,70.0,2023-10
5717,eastern_opl,2023-10-01 00:30:00+00:00,37.5,80.0,2023-10
5717,port_core,2023-10-13 13:00:00+00:00,25.0,80.0,2023-10
5718,eastern_opl,2023-10-29 10:00:00+00:00,13.0,80.0,2023-10
5718,western_opl,2023-10-25 09:00:00+00:00,6.5,80.0,2023-10
5718,western_opl,2023-10-27 19:00:00+00:00,9.0,80.0,2023-10
5720,port_core,2023-10-01 00:00:00+00:00,13.5,80.0,2023-10
5720,port_core,2023-10-13 23:30:00+00:00,34.0,80.0,2023-10
5722,eastern_opl,2023-10-25 09:30:00+00:00,7.0,70.0,2023-10
5723,port_core,2023-10-11 09:00:00+00:00,10.0,70.0,2023-10
5725,western_opl,2023-10-18 03:00:00+00:00,91.5,83.0,2023-10
5727,port_core,2023-10-04 05:30:00+00:00,4.0,70.0,2023-10
5728,port_core,2023-10-19 16:30:00+00:00,53.5,70.0,2023-10
5729,eastern_opl,2023-10-28 05:00:00+00:00,17.5,70.0,2023-10
5734,port_core,2023-10-17 19:30:00+00:00,18.0,79.0,2023-10
5735,eastern_opl,2023-10-14 02:30:00+00:00,19.5,89.0,2023-10
5738,eastern_opl,2023-10-21 03:30:00+00:00,12.0,70.0,2023-10
5739,port_core,2023-10-04 03:30:00+00:00,8.0,70.0,2023-10
5740,eastern_opl,2023-10-06 02:00:00+00:00,14.0,70.0,2023-10
5740,port_core,2023-10-06 03:00:00+00:00,3.5,70.0,2023-10
5741,port_core,2023-10-04 10:30:00+00:00,7.5,70.0,2023-10
5742,port_core,2023-10-12 07:30:00+00:00,105.5,80.0,2023-10
5745,port_core,2023-10-06 01:30:00+00:00,13.5,70.0,2023-10
5746,port_core,2023-10-22 16:00:00+00:00,0.0,79.0,2023-10
5746,port_core,2023-10-27 02:30:00+00:00,4.0,79.0,2023-10
5748,port_core,2023-10-01 21:00:00+00:00,8.0,70.0,2023-10
5750,port_core,2023-10-01 00:00:00+00:00,14.5,89.0,2023-10
5752,port_core,2023-10-16 09:00:00+00:00,12.5,89.0,2023-10
5754,port_core,2023-10-01 00:00:00+00:00,136.5,70.0,2023-10
5756,eastern_opl,2023-10-18 20:00:00+00:00,9.0,70.0,2023-10
5758,port_core,2023-10-01 00:00:00+00:00,103.0,70.0,2023-10
5760,port_core,2023-10-18 04:00:00+00:00,90.0,70.0,2023-10
5760,port_core,2023-10-25 08:30:00+00:00,90.0,70.0,2023-10
5761,port_core,2023-10-17 10:30:00+00:00,108.0,70.0,2023-10
5761,port_core,2023-10-25 08:30:00+00:00,88.0,70.0,2023-10
5763,port_core,2023-10-27 11:00:00+00:00,84.5,80.0,2023-10
5765,port_core,2023-10-30 14:30:00+00:00,9.5,70.0,2023-10
5766,port_core,2023-10-29 09:00:00+00:00,14.5,89.0,2023-10
5771,port_core,2023-10-06 05:30:00+00:00,14.5,89.0,2023-10
5771,port_core,2023-10-08 17:30:00+00:00,68.5,89.0,2023-10
5773,eastern_opl,2023-10-25 19:00:00+00:00,13.0,71.0,2023-10
5777,port_core,2023-10-09 09:30:00+00:00,3.0,89.0,2023-10
5779,port_core,2023-10-05 01:00:00+00:00,13.0,79.0,2023-10
5780,port_core,2023-10-01 07:00:00+00:00,15.5,70.0,2023-10
5782,port_core,2023-10-25 09:00:00+00:00,5.5,70.0,2023-10
5786,port_core,2023-10-16 13:00:00+00:00,16.5,70.0,2023-10
5787,port_core,2023-10-16 09:00:00+00:00,37.0,70.0,2023-10
5790,port_core,2023-10-26 04:00:00+00:00,1.0,70.0,2023-10
5790,port_core,2023-10-30 08:00:00+00:00,15.5,70.0,2023-10
5791,port_core,2023-10-16 09:00:00+00:00,7.5,79.0,2023-10
5794,eastern_opl,2023-10-01 23:00:00+00:00,9.5,79.0,2023-10
5795,port_core,2023-10-25 08:30:00+00:00,122.5,70.0,2023-10
5804,port_core,2023-10-05 16:30:00+00:00,15.0,70.0,2023-10
5805,eastern_opl,2023-10-14 17:30:00+00:00,1.0,70.0,2023-10
5806,eastern_opl,2023-10-27 04:30:00+00:00,57.5,80.0,2023-10
5806,port_core,2023-10-04 12:30:00+00:00,9.0,80.0,2023-10
5806,port_core,2023-10-08 17:30:00+00:00,22.5,80.0,2023-10
5807,port_core,2023-10-27 15:00:00+00:00,81.0,80.0,2023-10
5808,port_core,2023-10-12 15:30:00+00:00,14.5,70.0,2023-10
5809,port_core,2023-10-27 03:00:00+00:00,47.0,79.0,2023-10
5817,port_core,2023-10-15 08:00:00+00:00,32.5,70.0,2023-10
5819,port_core,2023-10-02 06:30:00+00:00,7.0,70.0,2023-10
5822,western_opl,2023-10-09 00:30:00+00:00,82.5,89.0,2023-10
5823,port_core,2023-10-04 01:30:00+00:00,12.0,70.0,2023-10
5824,port_core,2023-10-02 08:30:00+00:00,13.0,70.0,2023-10
5826,eastern_opl,2023-10-12 22:30:00+00:00,59.0,80.0,2023-10
5826,eastern_opl,2023-10-21 00:30:00+00:00,21.5,80.0,2023-10
5826,port_core,2023-10-25 14:00:00+00:00,118.5,80.0,2023-10
5829,port_core,2023-10-21 04:00:00+00:00,18.5,80.0,2023-10
5832,port_core,2023-10-27 23:00:00+00:00,12.5,70.0,2023-10
5833,port_core,2023-10-06 09:30:00+00:00,10.5,70.0,2023-10
5835,port_core,2023-10-16 09:30:00+00:00,132.5,80.0,2023-10
5835,port_core,2023-10-25 08:30:00+00:00,23.0,80.0,2023-10
5836,port_core,2023-10-17 08:00:00+00:00,1.5,70.0,2023-10
5841,western_opl,2023-10-03 08:30:00+00:00,0.0,70.0,2023-10
5843,port_core,2023-10-16 20:00:00+00:00,1.5,70.0,2023-10
5843,port_core,2023-10-18 21:30:00+00:00,7.0,70.0,2023-10
5844,port_core,2023-10-27 01:30:00+00:00,94.5,70.0,2023-10
5845,port_core,2023-10-25 17:30:00+00:00,63.5,72.0,2023-10
5853,port_core,2023-10-01 05:30:00+00:00,2.5,80.0,2023-10
5856,eastern_opl,2023-10-08 17:30:00+00:00,67.0,80.0,2023-10
5857,port_core,2023-10-12 11:00:00+00:00,13.5,89.0,2023-10
5859,eastern_opl,2023-10-14 07:30:00+00:00,68.0,80.0,2023-10
5870,port_core,2023-10-03 02:00:00+00:00,26.0,80.0,2023-10
5872,eastern_opl,2023-10-13 07:30:00+00:00,27.0,70.0,2023-10
5872,port_core,2023-10-14 11:00:00+00:00,16.0,70.0,2023-10
5876,eastern_opl,2023-10-02 06:00:00+00:00,0.0,80.0,2023-10
5876,eastern_opl,2023-10-05 01:30:00+00:00,23.0,80.0,2023-10
5877,eastern_opl,2023-10-30 08:00:00+00:00,15.0,80.0,2023-10
