{"type": "FeatureCollection", "features": [{"type": "Feature", "geometry": {"type": "Point", "coordinates": [104.02706, 1.52706]}, "properties": {"date": "202509", "npix": 3, "peak_db": 5.3, "zone": "strait_other"}}, {"type": "Feature", "geometry": {"type": "Point", "coordinates": [104.02936, 1.52336]}, "properties": {"date": "202509", "npix": 7, "peak_db": 2.0, "zone": "strait_other"}}, {"type": "Feature", "geometry": {"type": "Point", "coordinates": [104.0298, 1.51102]}, "properties": {"date": "202509", "npix": 9, "peak_db": 16.2, "zone": "strait_other"}}, {"type": "Feature", "geometry": {"type": "Point", "coordinates": [104.025, 1.51067]}, "properties": {"date": "202509", "npix": 4, "peak_db": 11.0, "zone": "strait_other"}}, {"type": "Feature", "geometry": {"type": "Point", "coordinates": [103.83117, 1.47892]}, "properties": {"date": "202509", "npix": 4, "peak_db": 1.4, "zone": "strait_other"}}, {"type": "Feature", "geometry": {"type": "Point", "coordinates": [104.03345, 1.46402]}, "properties": {"date": "202509", "npix": 7, "peak_db": 13.2, "zone": "strait_other"}}, {"type": "Feature", "geometry": {"type": "Point", "coordinates": [104.01417, 1.46183]}, "properties": {"date": "202509", "npix": 3, "peak_db": 5.5, "zone": "strait_other"}}, {"type": "Feature", "geometry": {"type": "Point", "coordinates": [104.01283, 1.461]}, "properties": {"date": "202509", "npix": 4, "peak_db": -2.1, "zone": "strait_other"}}, {"type": "Feature", "geometry": {"type": "Point", "coordinates": [104.02037, 1.45287]}, "properties": {"date": "202509", "npix": 10, "peak_db": 12.4, "zone": "strait_other"}}, {"type": "Feature", "geometry": {"type": "Point", "coordinates": [103.76328, 1.44822]}, "properties": {"date": "202509", "npix": 6, "peak_db": 1.3, "zone": "strait_other"}}, {"type": "Feature", "geometry": {"type": "Point", "coordinates": [103.89978, 1.42994]}, "properties": {"date": "202509", "npix": 12, "peak_db": -7.0, "zone": "strait_other"}}, {"type": "Feature", "geometry": {"type": "Point", "coordinates": [103.919, 1.41883]}, "properties": {"date": "202509", "npix": 4, "peak_db": 3.2, "zone": "strait_other"}}, {"type": "Feature", "geometry": {"type": "Point", "coordinates": [104.00317, 1.41717]}, "properties": {"date": "202509", "npix": 3, "peak_db": -4.2, "zone": "strait_other"}}, {"type": "Feature", "geometry": {"type": "Point", "coordinates": [103.92007, 1.41679]}, "properties": {"date": "202509", "npix": 7, "peak_db": 2.9, "zone": "strait_other"}}, {"type": "Feature", "geometry": {"type": "Point", "coordinates": [104.08906, 1.41306]}, "properties": {"date": "202509", "npix": 3, "peak_db": 4.4, "zone": "strait_other"}}, {"type": "Feature", "geometry": {"type": "Point", "coordinates": [103.92639, 1.41139]}, "properties": {"date": "202509", "npix": 3, "peak_db": 3.7, "zone": "strait_other"}}, {"type": "Feature", "geometry": {"type": "Point", "coordinates": [103.99639, 1.39772]}, "properties": {"date": "202509", "npix": 3, "peak_db": 5.8, "zone": "strait_other"}}, {"type": "Feature", "geometry": {"type": "Point", "coordinates": [104.09698, 1.39498]}, "properties": {"date": "202509", "npix": 7, "peak_db": 2.4, "zone": "strait_other"}}, {"type": "Feature", "geometry": {"type": "Point", "coordinates": [104.00306, 1.38694]}, "properties": {"date": "202509", "npix": 3, "peak_db": 1.3, "zone": "strait_other"}}, {"type": "Feature", "geometry": {"type": "Point", "coordinates": [104.07467, 1.37817]}, "properties": {"date": "202509", "npix": 4, "peak_db": -0.8, "zone": "strait_other"}}, {"type": "Feature", "geometry": {"type": "Point", "coordinates": [104.06328, 1.35828]}, "properties": {"date": "202509", "npix": 3, "peak_db": 2.1, "zone": "strait_other"}}, {"type": "Feature", "geometry": {"type": "Point", "coordinates": [104.084, 1.358]}, "properties": {"date": "202509", "npix": 6, "peak_db": 0.5, "zone": "strait_other"}}, {"type": "Feature", "geometry": {"type": "Point", "coordinates": [104.26473, 1.35413]}, "properties": {"date": "202509", "npix": 10, "peak_db": 13.4, "zone": "strait_other"}}, {"type": "Feature", "geometry": {"type": "Point", "coordinates": [104.26957, 1.3527]}, "properties": {"date": "202509", "npix": 5, "peak_db": 13.6, "zone": "strait_other"}}, {"type": "Feature", "geometry": {"type": "Point", "coordinates": [104.03692, 1.35075]}, "properties": {"date": "202509", "npix": 4, "peak_db": 2.9, "zone": "strait_other"}}, {"type": "Feature", "geometry": {"type": "Point", "coordinates": [104.07483, 1.34983]}, "properties": {"date": "202509", "npix": 3, "peak_db": 3.4, "zone": "strait_other"}}, {"type": "Feature", "geometry": {"type": "Point", "coordinates": [103.61517, 1.34681]}, "properties": {"date": "202509", "npix": 12, "peak_db": 16.5, "zone": "strait_other"}}, {"type": "Feature", "geometry": {"type": "Point", "coordinates": [104.06928, 1.34528]}, "properties": {"date": "202509", "npix": 3, "peak_db": -4.8, "zone": "strait_other"}}, {"type": "Feature", "geometry": {"type": "Point", "coordinates": [104.09128, 1.34472]}, "properties": {"date": "202509", "npix": 3, "peak_db": 5.8, "zone": "strait_other"}}, {"type": "Feature", "geometry": {"type": "Point", "coordinates": [104.04744, 1.34222]}, "properties": {"date": "202509", "npix": 6, "peak_db": 3.8, "zone": "strait_other"}}, {"type": "Feature", "geometry": {"type": "Point", "coordinates": [104.09911, 1.34117]}, "properties": {"date": "202509", "npix": 6, "peak_db": 8.2, "zone": "strait_other"}}, {"type": "Feature", "geometry": {"type": "Point", "coordinates": [103.56339, 1.34089]}, "properties": {"date": "202509", "npix": 6, "peak_db": -4.0, "zone": "strait_other"}}, {"type": "Feature", "geometry": {"type": "Point", "coordinates": [104.08728, 1.34056]}, "properties": {"date": "202509", "npix": 6, "peak_db": 9.6, "zone": "strait_other"}}, {"type": "Feature", "geometry": {"type": "Point", "coordinates": [104.11561, 1.34094]}, "properties": {"date": "202509", "npix": 3, "peak_db": 2.7, "zone": "strait_other"}}, {"type": "Feature", "geometry": {"type": "Point", "coordinates": [104.09192, 1.34058]}, "properties": {"date": "202509", "npix": 4, "peak_db": 9.6, "zone": "strait_other"}}, {"type": "Feature", "geometry": {"type": "Point", "coordinates": [103.5654, 1.3404]}, "properties": {"date": "202509", "npix": 7, "peak_db": -5.4, "zone": "strait_other"}}, {"type": "Feature", "geometry": {"type": "Point", "coordinates": [103.56737, 1.34003]}, "properties": {"date": "202509", "npix": 5, "peak_db": -6.6, "zone": "strait_other"}}, {"type": "Feature", "geometry": {"type": "Point", "coordinates": [104.09872, 1.33828]}, "properties": {"date": "202509", "npix": 3, "peak_db": 10.9, "zone": "strait_other"}}, {"type": "Feature", "geometry": {"type": "Point", "coordinates": [103.5504, 1.33626]}, "properties": {"date": "202509", "npix": 17, "peak_db": 0.6, "zone": "strait_other"}}, {"type": "Feature", "geometry": {"type": "Point", "coordinates": [104.26061, 1.33761]}, "properties": {"date": "202509", "npix": 3, "peak_db": 2.1, "zone": "strait_other"}}, {"type": "Feature", "geometry": {"type": "Point", "coordinates": [104.26842, 1.33725]}, "properties": {"date": "202509", "npix": 4, "peak_db": 12.0, "zone": "strait_other"}}, {"type": "Feature", "geometry": {"type": "Point", "coordinates": [104.09333, 1.3365]}, "properties": {"date": "202509", "npix": 6, "peak_db": 12.4, "zone": "strait_other"}}, {"type": "Feature", "geometry": {"type": "Point", "coordinates": [104.11294, 1.33694]}, "properties": {"date": "202509", "npix": 3, "peak_db": 0.8, "zone": "strait_other"}}, {"type": "Feature", "geometry": {"type": "Point", "coordinates": [104.27208, 1.33658]}, "properties": {"date": "202509", "npix": 4, "peak_db": 9.0, "zone": "strait_other"}}, {"type": "Feature", "geometry": {"type": "Point", "coordinates": [104.13583, 1.33583]}, "properties": {"date": "202509", "npix": 7, "peak_db": 3.2, "zone": "strait_other"}}, {"type": "Feature", "geometry": {"type": "Point", "coordinates": [104.27239, 1.33561]}, "properties": {"date": "202509", "npix": 3, "peak_db": 8.6, "zone": "strait_other"}}, {"type": "Feature", "geometry": {"type": "Point", "coordinates": [104.09917, 1.33483]}, "properties": {"date": "202509", "npix": 3, "peak_db": 13.3, "zone": "strait_other"}}, {"type": "Feature", "geometry": {"type": "Point", "coordinates": [104.03011, 1.33272]}, "properties": {"date": "202509", "npix": 6, "peak_db": 6.8, "zone": "strait_other"}}, {"type": "Feature", "geometry": {"type": "Point", "coordinates": [104.10528, 1.33206]}, "properties": {"date": "202509", "npix": 3, "peak_db": 12.8, "zone": "strait_other"}}, {"type": "Feature", "geometry": {"type": "Point", "coordinates": [104.24774, 1.33069]}, "properties": {"date": "202509", "npix": 7, "peak_db": 9.8, "zone": "strait_other"}}, {"type": "Feature", "geometry": {"type": "Point", "coordinates": [104.1159, 1.3299]}, "properties": {"date": "202509", "npix": 5, "peak_db": 4.9, "zone": "strait_other"}}, {"type": "Feature", "geometry": {"type": "Point", "coordinates": [104.05167, 1.32917]}, "properties": {"date": "202509", "npix": 4, "peak_db": 3.6, "zone": "strait_other"}}, {"type": "Feature", "geometry": {"type": "Point", "coordinates": [104.054, 1.32817]}, "properties": {"date": "202509", "npix": 4, "peak_db": 2.7, "zone": "strait_other"}}, {"type": "Feature", "geometry": {"type": "Point", "coordinates": [104.26307, 1.32798]}, "properties": {"date": "202509", "npix": 7, "peak_db": 10.3, "zone": "strait_other"}}, {"type": "Feature", "geometry": {"type": "Point", "coordinates": [104.27307, 1.32798]}, "properties": {"date": "202509", "npix": 7, "peak_db": 12.5, "zone": "strait_other"}}, {"type": "Feature", "geometry": {"type": "Point", "coordinates": [104.11128, 1.32794]}, "properties": {"date": "202509", "npix": 3, "peak_db": 13.2, "zone": "strait_other"}}, {"type": "Feature", "geometry": {"type": "Point", "coordinates": [104.33097, 1.32743]}, "properties": {"date": "202509", "npix": 10, "peak_db": 12.1, "zone": "strait_other"}}, {"type": "Feature", "geometry": {"type": "Point", "coordinates": [104.08506, 1.32706]}, "properties": {"date": "202509", "npix": 3, "peak_db": -1.5, "zone": "strait_other"}}, {"type": "Feature", "geometry": {"type": "Point", "coordinates": [104.26339, 1.32661]}, "properties": {"date": "202509", "npix": 3, "peak_db": 11.4, "zone": "strait_other"}}, {"type": "Feature", "geometry": {"type": "Point", "coordinates": [104.08561, 1.32628]}, "properties": {"date": "202509", "npix": 3, "peak_db": 12.8, "zone": "strait_other"}}, {"type": "Feature", "geometry": {"type": "Point", "coordinates": [104.23756, 1.325]}, "properties": {"date": "202509", "npix": 12, "peak_db": 10.7, "zone": "strait_other"}}, {"type": "Feature", "geometry": {"type": "Point", "coordinates": [104.25433, 1.325]}, "properties": {"date": "202509", "npix": 6, "peak_db": 15.7, "zone": "strait_other"}}, {"type": "Feature", "geometry": {"type": "Point", "coordinates": [104.10167, 1.32327]}, "properties": {"date": "202509", "npix": 10, "peak_db": 12.1, "zone": "strait_other"}}, {"type": "Feature", "geometry": {"type": "Point", "coordinates": [104.25461, 1.32372]}, "properties": {"date": "202509", "npix": 3, "peak_db": 6.1, "zone": "strait_other"}}, {"type": "Feature", "geometry": {"type": "Point", "coordinates": [104.06725, 1.32317]}, "properties": {"date": "202509", "npix": 4, "peak_db": 6.5, "zone": "strait_other"}}, {"type": "Feature", "geometry": {"type": "Point", "coordinates": [104.11528, 1.32311]}, "properties": {"date": "202509", "npix": 6, "peak_db": 10.8, "zone": "strait_other"}}, {"type": "Feature", "geometry": {"type": "Point", "coordinates": [104.05194, 1.32171]}, "properties": {"date": "202509", "npix": 13, "peak_db": 12.4, "zone": "strait_other"}}, {"type": "Feature", "geometry": {"type": "Point", "coordinates": [104.06639, 1.3218]}, "properties": {"date": "202509", "npix": 9, "peak_db": 13.6, "zone": "strait_other"}}, {"type": "Feature", "geometry": {"type": "Point", "coordinates": [103.55494, 1.32078]}, "properties": {"date": "202509", "npix": 13, "peak_db": 8.2, "zone": "strait_other"}}, {"type": "Feature", "geometry": {"type": "Point", "coordinates": [104.12617, 1.32189]}, "properties": {"date": "202509", "npix": 6, "peak_db": 6.2, "zone": "strait_other"}}, {"type": "Feature", "geometry": {"type": "Point", "coordinates": [104.24178, 1.32019]}, "properties": {"date": "202509", "npix": 13, "peak_db": 9.8, "zone": "strait_other"}}, {"type": "Feature", "geometry": {"type": "Point", "coordinates": [104.10394, 1.31969]}, "properties": {"date": "202509", "npix": 12, "peak_db": 11.3, "zone": "strait_other"}}, {"type": "Feature", "geometry": {"type": "Point", "coordinates": [104.11894, 1.31961]}, "properties": {"date": "202509", "npix": 3, "peak_db": 5.9, "zone": "strait_other"}}, {"type": "Feature", "geometry": {"type": "Point", "coordinates": [104.32025, 1.31738]}, "properties": {"date": "202509", "npix": 8, "peak_db": 9.8, "zone": "strait_other"}}, {"type": "Feature", "geometry": {"type": "Point", "coordinates": [104.12672, 1.31656]}, "properties": {"date": "202509", "npix": 6, "peak_db": 12.8, "zone": "strait_other"}}, {"type": "Feature", "geometry": {"type": "Point", "coordinates": [104.14483, 1.31633]}, "properties": {"date": "202509", "npix": 4, "peak_db": 3.2, "zone": "strait_other"}}, {"type": "Feature", "geometry": {"type": "Point", "coordinates": [104.07128, 1.31528]}, "properties": {"date": "202509", "npix": 3, "peak_db": 5.5, "zone": "strait_other"}}, {"type": "Feature", "geometry": {"type": "Point", "coordinates": [104.07261, 1.31472]}, "properties": {"date": "202509", "npix": 3, "peak_db": 6.1, "zone": "strait_other"}}, {"type": "Feature", "geometry": {"type": "Point", "coordinates": [104.11717, 1.31433]}, "properties": {"date": "202509", "npix": 6, "peak_db": 18.0, "zone": "strait_other"}}, {"type": "Feature", "geometry": {"type": "Point", "coordinates": [104.07155, 1.31374]}, "properties": {"date": "202509", "npix": 7, "peak_db": 20.0, "zone": "strait_other"}}, {"type": "Feature", "geometry": {"type": "Point", "coordinates": [104.14202, 1.31069]}, "properties": {"date": "202509", "npix": 7, "peak_db": 9.7, "zone": "strait_other"}}, {"type": "Feature", "geometry": {"type": "Point", "coordinates": [104.18592, 1.30973]}, "properties": {"date": "202509", "npix": 16, "peak_db": 12.5, "zone": "strait_other"}}, {"type": "Feature", "geometry": {"type": "Point", "coordinates": [104.17185, 1.30769]}, "properties": {"date": "202509", "npix": 23, "peak_db": 13.6, "zone": "strait_other"}}, {"type": "Feature", "geometry": {"type": "Point", "coordinates": [104.11979, 1.30864]}, "properties": {"date": "202509", "npix": 7, "peak_db": 14.0, "zone": "strait_other"}}, {"type": "Feature", "geometry": {"type": "Point", "coordinates": [104.18467, 1.30833]}, "properties": {"date": "202509", "npix": 4, "peak_db": 1.5, "zone": "strait_other"}}, {"type": "Feature", "geometry": {"type": "Point", "coordinates": [104.10417, 1.30783]}, "properties": {"date": "202509", "npix": 5, "peak_db": 12.2, "zone": "strait_other"}}, {"type": "Feature", "geometry": {"type": "Point", "coordinates": [104.13806, 1.30756]}, "properties": {"date": "202509", "npix": 6, "peak_db": 11.1, "zone": "strait_other"}}, {"type": "Feature", "geometry": {"type": "Point", "coordinates": [104.0705, 1.30683]}, "properties": {"date": "202509", "npix": 3, "peak_db": 14.3, "zone": "strait_other"}}, {"type": "Feature", "geometry": {"type": "Point", "coordinates": [104.05694, 1.30589]}, "properties": {"date": "202509", "npix": 6, "peak_db": 15.8, "zone": "strait_other"}}, {"type": "Feature", "geometry": {"type": "Point", "coordinates": [104.05887, 1.30537]}, "properties": {"date": "202509", "npix": 10, "peak_db": 22.9, "zone": "strait_other"}}, {"type": "Feature", "geometry": {"type": "Point", "coordinates": [104.04753, 1.30483]}, "properties": {"date": "202509", "npix": 13, "peak_db": 13.7, "zone": "strait_other"}}, {"type": "Feature", "geometry": {"type": "Point", "coordinates": [104.2503, 1.30406]}, "properties": {"date": "202509", "npix": 18, "peak_db": 11.3, "zone": "strait_other"}}, {"type": "Feature", "geometry": {"type": "Point", "coordinates": [104.31161, 1.30439]}, "properties": {"date": "202509", "npix": 3, "peak_db": 4.4, "zone": "strait_other"}}, {"type": "Feature", "geometry": {"type": "Point", "coordinates": [103.99683, 1.304]}, "properties": {"date": "202509", "npix": 4, "peak_db": 10.1, "zone": "port_core"}}, {"type": "Feature", "geometry": {"type": "Point", "coordinates": [103.96117, 1.30217]}, "properties": {"date": "202509", "npix": 3, "peak_db": 22.0, "zone": "port_core"}}, {"type": "Feature", "geometry": {"type": "Point", "coordinates": [103.9945, 1.30167]}, "properties": {"date": "202509", "npix": 4, "peak_db": 15.4, "zone": "port_core"}}, {"type": "Feature", "geometry": {"type": "Point", "coordinates": [103.94461, 1.30139]}, "properties": {"date": "202509", "npix": 3, "peak_db": 18.0, "zone": "port_core"}}, {"type": "Feature", "geometry": {"type": "Point", "coordinates": [104.10042, 1.2995]}, "properties": {"date": "202509", "npix": 4, "peak_db": 7.3, "zone": "strait_other"}}, {"type": "Feature", "geometry": {"type": "Point", "coordinates": [104.22165, 1.29968]}, "properties": {"date": "202509", "npix": 11, "peak_db": 10.1, "zone": "strait_other"}}, {"type": "Feature", "geometry": {"type": "Point", "coordinates": [104.06439, 1.29939]}, "properties": {"date": "202509", "npix": 3, "peak_db": 10.5, "zone": "strait_other"}}, {"type": "Feature", "geometry": {"type": "Point", "coordinates": [104.22545, 1.2985]}, "properties": {"date": "202509", "npix": 7, "peak_db": 13.0, "zone": "strait_other"}}, {"type": "Feature", "geometry": {"type": "Point", "coordinates": [104.08838, 1.29818]}, "properties": {"date": "202509", "npix": 23, "peak_db": 25.3, "zone": "strait_other"}}, {"type": "Feature", "geometry": {"type": "Point", "coordinates": [104.00523, 1.29803]}, "properties": {"date": "202509", "npix": 5, "peak_db": 14.3, "zone": "port_core"}}, {"type": "Feature", "geometry": {"type": "Point", "coordinates": [104.09906, 1.29739]}, "properties": {"date": "202509", "npix": 3, "peak_db": 10.7, "zone": "strait_other"}}, {"type": "Feature", "geometry": {"type": "Point", "coordinates": [104.14242, 1.29567]}, "properties": {"date": "202509", "npix": 16, "peak_db": 13.8, "zone": "strait_other"}}, {"type": "Feature", "geometry": {"type": "Point", "coordinates": [104.15417, 1.29667]}, "properties": {"date": "202509", "npix": 8, "peak_db": 6.9, "zone": "strait_other"}}, {"type": "Feature", "geometry": {"type": "Point", "coordinates": [103.93261, 1.29661]}, "properties": {"date": "202509", "npix": 3, "peak_db": 12.5, "zone": "port_core"}}, {"type": "Feature", "geometry": {"type": "Point", "coordinates": [104.05023, 1.29597]}, "properties": {"date": "202509", "npix": 5, "peak_db": 16.3, "zone": "strait_other"}}, {"type": "Feature", "geometry": {"type": "Point", "coordinates": [103.648, 1.2955]}, "properties": {"date": "202509", "npix": 4, "peak_db": -8.1, "zone": "western_opl"}}, {"type": "Feature", "geometry": {"type": "Point", "coordinates": [103.65158, 1.29558]}, "properties": {"date": "202509", "npix": 4, "peak_db": -7.7, "zone": "western_opl"}}, {"type": "Feature", "geometry": {"type": "Point", "coordinates": [104.07606, 1.29492]}, "properties": {"date": "202509", "npix": 16, "peak_db": 22.3, "zone": "strait_other"}}, {"type": "Feature", "geometry": {"type": "Point", "coordinates": [104.13059, 1.29477]}, "properties": {"date": "202509", "npix": 11, "peak_db": 10.3, "zone": "strait_other"}}, {"type": "Feature", "geometry": {"type": "Point", "coordinates": [103.72536, 1.29407]}, "properties": {"date": "202509", "npix": 7, "peak_db": 12.2, "zone": "port_core"}}, {"type": "Feature", "geometry": {"type": "Point", "coordinates": [103.73158, 1.29379]}, "properties": {"date": "202509", "npix": 8, "peak_db": 7.7, "zone": "port_core"}}, {"type": "Feature", "geometry": {"type": "Point", "coordinates": [104.10767, 1.29356]}, "properties": {"date": "202509", "npix": 12, "peak_db": 15.1, "zone": "strait_other"}}, {"type": "Feature", "geometry": {"type": "Point", "coordinates": [104.10606, 1.29294]}, "properties": {"date": "202509", "npix": 3, "peak_db": 6.6, "zone": "strait_other"}}, {"type": "Feature", "geometry": {"type": "Point", "coordinates": [104.01354, 1.29167]}, "properties": {"date": "202509", "npix": 8, "peak_db": 10.7, "zone": "port_core"}}, {"type": "Feature", "geometry": {"type": "Point", "coordinates": [104.21113, 1.29183]}, "properties": {"date": "202509", "npix": 9, "peak_db": 6.1, "zone": "strait_other"}}, {"type": "Feature", "geometry": {"type": "Point", "coordinates": [103.99802, 1.29126]}, "properties": {"date": "202509", "npix": 7, "peak_db": 14.9, "zone": "port_core"}}, {"type": "Feature", "geometry": {"type": "Point", "coordinates": [103.95422, 1.29011]}, "properties": {"date": "202509", "npix": 6, "peak_db": 17.1, "zone": "port_core"}}, {"type": "Feature", "geometry": {"type": "Point", "coordinates": [104.13781, 1.29004]}, "properties": {"date": "202509", "npix": 13, "peak_db": 15.0, "zone": "strait_other"}}, {"type": "Feature", "geometry": {"type": "Point", "coordinates": [104.17022, 1.28956]}, "properties": {"date": "202509", "npix": 6, "peak_db": 7.6, "zone": "strait_other"}}, {"type": "Feature", "geometry": {"type": "Point", "coordinates": [104.06412, 1.28876]}, "properties": {"date": "202509", "npix": 13, "peak_db": 12.7, "zone": "strait_other"}}, {"type": "Feature", "geometry": {"type": "Point", "coordinates": [104.01944, 1.28856]}, "properties": {"date": "202509", "npix": 6, "peak_db": 12.6, "zone": "port_core"}}, {"type": "Feature", "geometry": {"type": "Point", "coordinates": [103.69817, 1.28793]}, "properties": {"date": "202509", "npix": 7, "peak_db": 7.8, "zone": "port_core"}}, {"type": "Feature", "geometry": {"type": "Point", "coordinates": [103.92294, 1.28628]}, "properties": {"date": "202509", "npix": 3, "peak_db": 10.9, "zone": "port_core"}}, {"type": "Feature", "geometry": {"type": "Point", "coordinates": [103.9395, 1.28583]}, "properties": {"date": "202509", "npix": 5, "peak_db": 18.6, "zone": "port_core"}}, {"type": "Feature", "geometry": {"type": "Point", "coordinates": [104.17607, 1.28547]}, "properties": {"date": "202509", "npix": 10, "peak_db": 8.2, "zone": "strait_other"}}, {"type": "Feature", "geometry": {"type": "Point", "coordinates": [104.10794, 1.28506]}, "properties": {"date": "202509", "npix": 3, "peak_db": 7.7, "zone": "strait_other"}}, {"type": "Feature", "geometry": {"type": "Point", "coordinates": [103.59828, 1.28406]}, "properties": {"date": "202509", "npix": 3, "peak_db": -1.4, "zone": "western_opl"}}, {"type": "Feature", "geometry": {"type": "Point", "coordinates": [104.05672, 1.28361]}, "properties": {"date": "202509", "npix": 3, "peak_db": 9.0, "zone": "strait_other"}}, {"type": "Feature", "geometry": {"type": "Point", "coordinates": [103.74588, 1.28273]}, "properties": {"date": "202509", "npix": 13, "peak_db": 16.1, "zone": "port_core"}}, {"type": "Feature", "geometry": {"type": "Point", "coordinates": [103.9745, 1.28317]}, "properties": {"date": "202509", "npix": 3, "peak_db": 13.8, "zone": "port_core"}}, {"type": "Feature", "geometry": {"type": "Point", "coordinates": [103.99112, 1.28298]}, "properties": {"date": "202509", "npix": 7, "peak_db": 23.2, "zone": "port_core"}}, {"type": "Feature", "geometry": {"type": "Point", "coordinates": [103.90877, 1.2823]}, "properties": {"date": "202509", "npix": 10, "peak_db": 9.5, "zone": "port_core"}}, {"type": "Feature", "geometry": {"type": "Point", "coordinates": [103.69228, 1.28161]}, "properties": {"date": "202509", "npix": 3, "peak_db": 8.5, "zone": "port_core"}}, {"type": "Feature", "geometry": {"type": "Point", "coordinates": [103.90178, 1.28156]}, "properties": {"date": "202509", "npix": 6, "peak_db": 12.6, "zone": "port_core"}}, {"type": "Feature", "geometry": {"type": "Point", "coordinates": [103.94191, 1.28165]}, "properties": {"date": "202509", "npix": 9, "peak_db": 38.3, "zone": "port_core"}}, {"type": "Feature", "geometry": {"type": "Point", "coordinates": [103.92317, 1.28133]}, "properties": {"date": "202509", "npix": 6, "peak_db": 12.3, "zone": "port_core"}}, {"type": "Feature", "geometry": {"type": "Point", "coordinates": [104.07925, 1.28125]}, "properties": {"date": "202509", "npix": 12, "peak_db": 10.6, "zone": "strait_other"}}, {"type": "Feature", "geometry": {"type": "Point", "coordinates": [104.17142, 1.28117]}, "properties": {"date": "202509", "npix": 4, "peak_db": 9.4, "zone": "strait_other"}}, {"type": "Feature", "geometry": {"type": "Point", "coordinates": [104.01074, 1.28031]}, "properties": {"date": "202509", "npix": 7, "peak_db": 10.0, "zone": "port_core"}}, {"type": "Feature", "geometry": {"type": "Point", "coordinates": [104.30738, 1.28062]}, "properties": {"date": "202509", "npix": 14, "peak_db": 9.4, "zone": "strait_other"}}, {"type": "Feature", "geometry": {"type": "Point", "coordinates": [103.96817, 1.28017]}, "properties": {"date": "202509", "npix": 3, "peak_db": 12.8, "zone": "port_core"}}, {"type": "Feature", "geometry": {"type": "Point", "coordinates": [104.15067, 1.27907]}, "properties": {"date": "202509", "npix": 10, "peak_db": 8.8, "zone": "strait_other"}}, {"type": "Feature", "geometry": {"type": "Point", "coordinates": [103.92931, 1.27876]}, "properties": {"date": "202509", "npix": 9, "peak_db": 17.2, "zone": "port_core"}}, {"type": "Feature", "geometry": {"type": "Point", "coordinates": [104.01111, 1.27878]}, "properties": {"date": "202509", "npix": 6, "peak_db": 14.0, "zone": "port_core"}}, {"type": "Feature", "geometry": {"type": "Point", "coordinates": [103.89567, 1.27883]}, "properties": {"date": "202509", "npix": 4, "peak_db": 9.8, "zone": "port_core"}}, {"type": "Feature", "geometry": {"type": "Point", "coordinates": [103.65172, 1.27761]}, "properties": {"date": "202509", "npix": 3, "peak_db": -4.4, "zone": "western_opl"}}, {"type": "Feature", "geometry": {"type": "Point", "coordinates": [103.88669, 1.2774]}, "properties": {"date": "202509", "npix": 7, "peak_db": 13.6, "zone": "port_core"}}, {"type": "Feature", "geometry": {"type": "Point", "coordinates": [104.00177, 1.27763]}, "properties": {"date": "202509", "npix": 5, "peak_db": 24.6, "zone": "port_core"}}, {"type": "Feature", "geometry": {"type": "Point", "coordinates": [103.98767, 1.27706]}, "properties": {"date": "202509", "npix": 12, "peak_db": 14.8, "zone": "port_core"}}, {"type": "Feature", "geometry": {"type": "Point", "coordinates": [104.31207, 1.27702]}, "properties": {"date": "202509", "npix": 7, "peak_db": 12.3, "zone": "strait_other"}}, {"type": "Feature", "geometry": {"type": "Point", "coordinates": [104.31417, 1.27717]}, "properties": {"date": "202509", "npix": 3, "peak_db": 2.1, "zone": "strait_other"}}, {"type": "Feature", "geometry": {"type": "Point", "coordinates": [104.0965, 1.27644]}, "properties": {"date": "202509", "npix": 6, "peak_db": 7.2, "zone": "strait_other"}}, {"type": "Feature", "geometry": {"type": "Point", "coordinates": [104.06098, 1.27589]}, "properties": {"date": "202509", "npix": 11, "peak_db": 11.1, "zone": "strait_other"}}, {"type": "Feature", "geometry": {"type": "Point", "coordinates": [103.64583, 1.2755]}, "properties": {"date": "202509", "npix": 3, "peak_db": -10.1, "zone": "western_opl"}}, {"type": "Feature", "geometry": {"type": "Point", "coordinates": [103.90094, 1.27561]}, "properties": {"date": "202509", "npix": 3, "peak_db": 14.7, "zone": "port_core"}}, {"type": "Feature", "geometry": {"type": "Point", "coordinates": [103.59183, 1.27533]}, "properties": {"date": "202509", "npix": 4, "peak_db": 7.7, "zone": "western_opl"}}, {"type": "Feature", "geometry": {"type": "Point", "coordinates": [104.04806, 1.27339]}, "properties": {"date": "202509", "npix": 3, "peak_db": 2.1, "zone": "strait_other"}}, {"type": "Feature", "geometry": {"type": "Point", "coordinates": [104.04906, 1.27339]}, "properties": {"date": "202509", "npix": 3, "peak_db": 8.9, "zone": "strait_other"}}, {"type": "Feature", "geometry": {"type": "Point", "coordinates": [103.89383, 1.27283]}, "properties": {"date": "202509", "npix": 3, "peak_db": 10.1, "zone": "port_core"}}, {"type": "Feature", "geometry": {"type": "Point", "coordinates": [103.58222, 1.27161]}, "properties": {"date": "202509", "npix": 6, "peak_db": 9.4, "zone": "western_opl"}}, {"type": "Feature", "geometry": {"type": "Point", "coordinates": [103.75728, 1.27161]}, "properties": {"date": "202509", "npix": 3, "peak_db": 6.7, "zone": "port_core"}}, {"type": "Feature", "geometry": {"type": "Point", "coordinates": [103.8849, 1.2713]}, "properties": {"date": "202509", "npix": 5, "peak_db": 4.7, "zone": "port_core"}}, {"type": "Feature", "geometry": {"type": "Point", "coordinates": [103.59302, 1.27028]}, "properties": {"date": "202509", "npix": 9, "peak_db": 13.7, "zone": "western_opl"}}, {"type": "Feature", "geometry": {"type": "Point", "coordinates": [103.92321, 1.27029]}, "properties": {"date": "202509", "npix": 8, "peak_db": 13.7, "zone": "port_core"}}, {"type": "Feature", "geometry": {"type": "Point", "coordinates": [103.87439, 1.26961]}, "properties": {"date": "202509", "npix": 3, "peak_db": 12.0, "zone": "port_core"}}, {"type": "Feature", "geometry": {"type": "Point", "coordinates": [104.09629, 1.26942]}, "properties": {"date": "202509", "npix": 8, "peak_db": 14.9, "zone": "strait_other"}}, {"type": "Feature", "geometry": {"type": "Point", "coordinates": [103.99972, 1.26894]}, "properties": {"date": "202509", "npix": 3, "peak_db": 7.9, "zone": "port_core"}}, {"type": "Feature", "geometry": {"type": "Point", "coordinates": [104.0135, 1.26917]}, "properties": {"date": "202509", "npix": 3, "peak_db": 2.0, "zone": "port_core"}}, {"type": "Feature", "geometry": {"type": "Point", "coordinates": [104.04764, 1.26867]}, "properties": {"date": "202509", "npix": 14, "peak_db": 20.8, "zone": "strait_other"}}, {"type": "Feature", "geometry": {"type": "Point", "coordinates": [103.8805, 1.2685]}, "properties": {"date": "202509", "npix": 3, "peak_db": 6.2, "zone": "port_core"}}, {"type": "Feature", "geometry": {"type": "Point", "coordinates": [104.09522, 1.26722]}, "properties": {"date": "202509", "npix": 6, "peak_db": 2.4, "zone": "strait_other"}}, {"type": "Feature", "geometry": {"type": "Point", "coordinates": [103.98231, 1.26657]}, "properties": {"date": "202509", "npix": 9, "peak_db": 9.8, "zone": "port_core"}}, {"type": "Feature", "geometry": {"type": "Point", "coordinates": [103.87117, 1.26544]}, "properties": {"date": "202509", "npix": 6, "peak_db": 7.0, "zone": "port_core"}}, {"type": "Feature", "geometry": {"type": "Point", "coordinates": [104.281, 1.26583]}, "properties": {"date": "202509", "npix": 4, "peak_db": 7.8, "zone": "strait_other"}}, {"type": "Feature", "geometry": {"type": "Point", "coordinates": [103.87583, 1.26517]}, "properties": {"date": "202509", "npix": 5, "peak_db": 7.6, "zone": "port_core"}}, {"type": "Feature", "geometry": {"type": "Point", "coordinates": [104.04697, 1.2653]}, "properties": {"date": "202509", "npix": 5, "peak_db": 14.5, "zone": "strait_other"}}, {"type": "Feature", "geometry": {"type": "Point", "coordinates": [103.64983, 1.26377]}, "properties": {"date": "202509", "npix": 10, "peak_db": 12.7, "zone": "western_opl"}}, {"type": "Feature", "geometry": {"type": "Point", "coordinates": [103.90494, 1.26394]}, "properties": {"date": "202509", "npix": 6, "peak_db": 11.6, "zone": "port_core"}}, {"type": "Feature", "geometry": {"type": "Point", "coordinates": [103.73433, 1.26307]}, "properties": {"date": "202509", "npix": 14, "peak_db": 15.9, "zone": "port_core"}}, {"type": "Feature", "geometry": {"type": "Point", "coordinates": [103.8989, 1.26363]}, "properties": {"date": "202509", "npix": 10, "peak_db": 12.0, "zone": "port_core"}}, {"type": "Feature", "geometry": {"type": "Point", "coordinates": [103.87843, 1.2629]}, "properties": {"date": "202509", "npix": 5, "peak_db": 11.5, "zone": "port_core"}}, {"type": "Feature", "geometry": {"type": "Point", "coordinates": [103.98983, 1.26258]}, "properties": {"date": "202509", "npix": 4, "peak_db": 7.6, "zone": "port_core"}}, {"type": "Feature", "geometry": {"type": "Point", "coordinates": [103.56988, 1.26171]}, "properties": {"date": "202509", "npix": 8, "peak_db": 19.7, "zone": "strait_other"}}, {"type": "Feature", "geometry": {"type": "Point", "coordinates": [104.03917, 1.26175]}, "properties": {"date": "202509", "npix": 4, "peak_db": 6.5, "zone": "strait_other"}}, {"type": "Feature", "geometry": {"type": "Point", "coordinates": [103.58394, 1.26014]}, "properties": {"date": "202509", "npix": 15, "peak_db": 18.9, "zone": "western_opl"}}, {"type": "Feature", "geometry": {"type": "Point", "coordinates": [104.03974, 1.26064]}, "properties": {"date": "202509", "npix": 7, "peak_db": 7.5, "zone": "strait_other"}}, {"type": "Feature", "geometry": {"type": "Point", "coordinates": [103.92339, 1.26028]}, "properties": {"date": "202509", "npix": 3, "peak_db": 21.7, "zone": "port_core"}}, {"type": "Feature", "geometry": {"type": "Point", "coordinates": [103.90767, 1.25883]}, "properties": {"date": "202509", "npix": 4, "peak_db": 21.2, "zone": "port_core"}}, {"type": "Feature", "geometry": {"type": "Point", "coordinates": [103.63439, 1.25815]}, "properties": {"date": "202509", "npix": 19, "peak_db": -7.7, "zone": "western_opl"}}, {"type": "Feature", "geometry": {"type": "Point", "coordinates": [103.8825, 1.25825]}, "properties": {"date": "202509", "npix": 4, "peak_db": 15.0, "zone": "port_core"}}, {"type": "Feature", "geometry": {"type": "Point", "coordinates": [103.76861, 1.25806]}, "properties": {"date": "202509", "npix": 3, "peak_db": 6.8, "zone": "port_core"}}, {"type": "Feature", "geometry": {"type": "Point", "coordinates": [103.87075, 1.25775]}, "properties": {"date": "202509", "npix": 4, "peak_db": 5.7, "zone": "port_core"}}, {"type": "Feature", "geometry": {"type": "Point", "coordinates": [103.93028, 1.25583]}, "properties": {"date": "202509", "npix": 9, "peak_db": 12.1, "zone": "port_core"}}, {"type": "Feature", "geometry": {"type": "Point", "coordinates": [104.1512, 1.25631]}, "properties": {"date": "202509", "npix": 9, "peak_db": 9.3, "zone": "strait_other"}}, {"type": "Feature", "geometry": {"type": "Point", "coordinates": [103.88906, 1.25594]}, "properties": {"date": "202509", "npix": 3, "peak_db": 9.7, "zone": "port_core"}}, {"type": "Feature", "geometry": {"type": "Point", "coordinates": [103.91008, 1.25525]}, "properties": {"date": "202509", "npix": 4, "peak_db": 18.9, "zone": "port_core"}}, {"type": "Feature", "geometry": {"type": "Point", "coordinates": [103.57317, 1.25458]}, "properties": {"date": "202509", "npix": 8, "peak_db": 25.7, "zone": "strait_other"}}, {"type": "Feature", "geometry": {"type": "Point", "coordinates": [103.93161, 1.25461]}, "properties": {"date": "202509", "npix": 3, "peak_db": 6.0, "zone": "port_core"}}, {"type": "Feature", "geometry": {"type": "Point", "coordinates": [103.55489, 1.25278]}, "properties": {"date": "202509", "npix": 6, "peak_db": 25.9, "zone": "strait_other"}}, {"type": "Feature", "geometry": {"type": "Point", "coordinates": [103.87475, 1.25254]}, "properties": {"date": "202509", "npix": 8, "peak_db": 11.5, "zone": "port_core"}}, {"type": "Feature", "geometry": {"type": "Point", "coordinates": [103.79869, 1.25165]}, "properties": {"date": "202509", "npix": 9, "peak_db": 12.7, "zone": "port_core"}}, {"type": "Feature", "geometry": {"type": "Point", "coordinates": [103.90239, 1.25172]}, "properties": {"date": "202509", "npix": 3, "peak_db": 15.6, "zone": "port_core"}}, {"type": "Feature", "geometry": {"type": "Point", "coordinates": [103.88808, 1.25108]}, "properties": {"date": "202509", "npix": 4, "peak_db": 10.6, "zone": "port_core"}}, {"type": "Feature", "geometry": {"type": "Point", "coordinates": [103.80317, 1.25083]}, "properties": {"date": "202509", "npix": 3, "peak_db": 11.3, "zone": "port_core"}}, {"type": "Feature", "geometry": {"type": "Point", "coordinates": [103.91635, 1.25002]}, "properties": {"date": "202509", "npix": 9, "peak_db": 18.7, "zone": "port_core"}}, {"type": "Feature", "geometry": {"type": "Point", "coordinates": [103.92917, 1.24944]}, "properties": {"date": "202509", "npix": 11, "peak_db": 6.1, "zone": "port_core"}}, {"type": "Feature", "geometry": {"type": "Point", "coordinates": [103.8797, 1.24897]}, "properties": {"date": "202509", "npix": 5, "peak_db": 11.7, "zone": "port_core"}}, {"type": "Feature", "geometry": {"type": "Point", "coordinates": [103.90893, 1.24874]}, "properties": {"date": "202509", "npix": 7, "peak_db": 14.9, "zone": "port_core"}}, {"type": "Feature", "geometry": {"type": "Point", "coordinates": [103.88461, 1.24772]}, "properties": {"date": "202509", "npix": 3, "peak_db": 11.4, "zone": "port_core"}}, {"type": "Feature", "geometry": {"type": "Point", "coordinates": [103.6925, 1.2465]}, "properties": {"date": "202509", "npix": 3, "peak_db": -0.8, "zone": "port_core"}}, {"type": "Feature", "geometry": {"type": "Point", "coordinates": [103.86303, 1.24623]}, "properties": {"date": "202509", "npix": 5, "peak_db": 4.5, "zone": "port_core"}}, {"type": "Feature", "geometry": {"type": "Point", "coordinates": [103.57367, 1.24617]}, "properties": {"date": "202509", "npix": 4, "peak_db": 18.2, "zone": "strait_other"}}, {"type": "Feature", "geometry": {"type": "Point", "coordinates": [103.81339, 1.24606]}, "properties": {"date": "202509", "npix": 3, "peak_db": 3.9, "zone": "port_core"}}, {"type": "Feature", "geometry": {"type": "Point", "coordinates": [103.87461, 1.24594]}, "properties": {"date": "202509", "npix": 6, "peak_db": 10.5, "zone": "port_core"}}, {"type": "Feature", "geometry": {"type": "Point", "coordinates": [103.92244, 1.24506]}, "properties": {"date": "202509", "npix": 6, "peak_db": 10.4, "zone": "port_core"}}, {"type": "Feature", "geometry": {"type": "Point", "coordinates": [103.94746, 1.24368]}, "properties": {"date": "202509", "npix": 15, "peak_db": 15.2, "zone": "port_core"}}, {"type": "Feature", "geometry": {"type": "Point", "coordinates": [104.01998, 1.24347]}, "properties": {"date": "202509", "npix": 11, "peak_db": 7.5, "zone": "port_core"}}, {"type": "Feature", "geometry": {"type": "Point", "coordinates": [104.0355, 1.24283]}, "properties": {"date": "202509", "npix": 7, "peak_db": 14.3, "zone": "strait_other"}}, {"type": "Feature", "geometry": {"type": "Point", "coordinates": [103.70409, 1.24165]}, "properties": {"date": "202509", "npix": 18, "peak_db": 22.9, "zone": "port_core"}}, {"type": "Feature", "geometry": {"type": "Point", "coordinates": [103.81683, 1.24283]}, "properties": {"date": "202509", "npix": 3, "peak_db": 6.1, "zone": "port_core"}}, {"type": "Feature", "geometry": {"type": "Point", "coordinates": [103.80475, 1.24192]}, "properties": {"date": "202509", "npix": 4, "peak_db": 23.7, "zone": "port_core"}}, {"type": "Feature", "geometry": {"type": "Point", "coordinates": [103.98964, 1.24132]}, "properties": {"date": "202509", "npix": 17, "peak_db": 9.1, "zone": "port_core"}}, {"type": "Feature", "geometry": {"type": "Point", "coordinates": [103.87425, 1.24083]}, "properties": {"date": "202509", "npix": 4, "peak_db": 7.6, "zone": "port_core"}}, {"type": "Feature", "geometry": {"type": "Point", "coordinates": [103.75431, 1.24004]}, "properties": {"date": "202509", "npix": 18, "peak_db": 17.6, "zone": "port_core"}}, {"type": "Feature", "geometry": {"type": "Point", "coordinates": [103.89538, 1.23983]}, "properties": {"date": "202509", "npix": 11, "peak_db": 35.7, "zone": "port_core"}}, {"type": "Feature", "geometry": {"type": "Point", "coordinates": [103.897, 1.2395]}, "properties": {"date": "202509", "npix": 4, "peak_db": 10.9, "zone": "port_core"}}, {"type": "Feature", "geometry": {"type": "Point", "coordinates": [104.10357, 1.23898]}, "properties": {"date": "202509", "npix": 9, "peak_db": 8.5, "zone": "eastern_opl"}}, {"type": "Feature", "geometry": {"type": "Point", "coordinates": [103.57172, 1.23739]}, "properties": {"date": "202509", "npix": 6, "peak_db": 19.2, "zone": "strait_other"}}, {"type": "Feature", "geometry": {"type": "Point", "coordinates": [103.71917, 1.23742]}, "properties": {"date": "202509", "npix": 4, "peak_db": 3.3, "zone": "port_core"}}, {"type": "Feature", "geometry": {"type": "Point", "coordinates": [103.81094, 1.23628]}, "properties": {"date": "202509", "npix": 3, "peak_db": 11.9, "zone": "port_core"}}, {"type": "Feature", "geometry": {"type": "Point", "coordinates": [103.99767, 1.23633]}, "properties": {"date": "202509", "npix": 8, "peak_db": 12.6, "zone": "port_core"}}, {"type": "Feature", "geometry": {"type": "Point", "coordinates": [103.70806, 1.23483]}, "properties": {"date": "202509", "npix": 6, "peak_db": 4.5, "zone": "port_core"}}, {"type": "Feature", "geometry": {"type": "Point", "coordinates": [103.61883, 1.23467]}, "properties": {"date": "202509", "npix": 4, "peak_db": 7.5, "zone": "western_opl"}}, {"type": "Feature", "geometry": {"type": "Point", "coordinates": [103.69217, 1.2336]}, "properties": {"date": "202509", "npix": 7, "peak_db": 9.5, "zone": "port_core"}}, {"type": "Feature", "geometry": {"type": "Point", "coordinates": [103.65793, 1.23202]}, "properties": {"date": "202509", "npix": 7, "peak_db": 14.9, "zone": "western_opl"}}, {"type": "Feature", "geometry": {"type": "Point", "coordinates": [103.81377, 1.22943]}, "properties": {"date": "202509", "npix": 5, "peak_db": 18.7, "zone": "port_core"}}, {"type": "Feature", "geometry": {"type": "Point", "coordinates": [103.91273, 1.22933]}, "properties": {"date": "202509", "npix": 10, "peak_db": 15.3, "zone": "port_core"}}, {"type": "Feature", "geometry": {"type": "Point", "coordinates": [103.79563, 1.22843]}, "properties": {"date": "202509", "npix": 5, "peak_db": 22.9, "zone": "port_core"}}, {"type": "Feature", "geometry": {"type": "Point", "coordinates": [103.55733, 1.22683]}, "properties": {"date": "202509", "npix": 8, "peak_db": 35.2, "zone": "strait_other"}}, {"type": "Feature", "geometry": {"type": "Point", "coordinates": [103.61943, 1.22663]}, "properties": {"date": "202509", "npix": 5, "peak_db": -7.4, "zone": "western_opl"}}, {"type": "Feature", "geometry": {"type": "Point", "coordinates": [103.55863, 1.22657]}, "properties": {"date": "202509", "npix": 5, "peak_db": 23.9, "zone": "strait_other"}}, {"type": "Feature", "geometry": {"type": "Point", "coordinates": [103.88403, 1.22583]}, "properties": {"date": "202509", "npix": 19, "peak_db": 28.0, "zone": "port_core"}}, {"type": "Feature", "geometry": {"type": "Point", "coordinates": [103.92944, 1.2255]}, "properties": {"date": "202509", "npix": 16, "peak_db": 14.8, "zone": "port_core"}}, {"type": "Feature", "geometry": {"type": "Point", "coordinates": [103.97347, 1.22575]}, "properties": {"date": "202509", "npix": 12, "peak_db": 10.4, "zone": "port_core"}}, {"type": "Feature", "geometry": {"type": "Point", "coordinates": [103.56733, 1.22527]}, "properties": {"date": "202509", "npix": 10, "peak_db": 28.4, "zone": "strait_other"}}, {"type": "Feature", "geometry": {"type": "Point", "coordinates": [103.79961, 1.22472]}, "properties": {"date": "202509", "npix": 3, "peak_db": 13.0, "zone": "port_core"}}, {"type": "Feature", "geometry": {"type": "Point", "coordinates": [103.72983, 1.2235]}, "properties": {"date": "202509", "npix": 3, "peak_db": 12.7, "zone": "port_core"}}, {"type": "Feature", "geometry": {"type": "Point", "coordinates": [103.75861, 1.22339]}, "properties": {"date": "202509", "npix": 3, "peak_db": -2.8, "zone": "port_core"}}, {"type": "Feature", "geometry": {"type": "Point", "coordinates": [103.82079, 1.22321]}, "properties": {"date": "202509", "npix": 8, "peak_db": 17.1, "zone": "port_core"}}, {"type": "Feature", "geometry": {"type": "Point", "coordinates": [103.65072, 1.22244]}, "properties": {"date": "202509", "npix": 6, "peak_db": 8.9, "zone": "western_opl"}}, {"type": "Feature", "geometry": {"type": "Point", "coordinates": [103.80617, 1.2225]}, "properties": {"date": "202509", "npix": 3, "peak_db": 20.2, "zone": "port_core"}}, {"type": "Feature", "geometry": {"type": "Point", "coordinates": [103.7225, 1.22083]}, "properties": {"date": "202509", "npix": 3, "peak_db": 12.5, "zone": "port_core"}}, {"type": "Feature", "geometry": {"type": "Point", "coordinates": [103.74017, 1.2205]}, "properties": {"date": "202509", "npix": 3, "peak_db": 3.1, "zone": "port_core"}}, {"type": "Feature", "geometry": {"type": "Point", "coordinates": [103.64503, 1.21943]}, "properties": {"date": "202509", "npix": 5, "peak_db": 5.4, "zone": "western_opl"}}, {"type": "Feature", "geometry": {"type": "Point", "coordinates": [103.71317, 1.2195]}, "properties": {"date": "202509", "npix": 3, "peak_db": 11.8, "zone": "port_core"}}, {"type": "Feature", "geometry": {"type": "Point", "coordinates": [103.65311, 1.21878]}, "properties": {"date": "202509", "npix": 6, "peak_db": 5.8, "zone": "western_opl"}}, {"type": "Feature", "geometry": {"type": "Point", "coordinates": [103.8035, 1.21817]}, "properties": {"date": "202509", "npix": 9, "peak_db": 21.0, "zone": "port_core"}}, {"type": "Feature", "geometry": {"type": "Point", "coordinates": [103.73994, 1.21728]}, "properties": {"date": "202509", "npix": 3, "peak_db": 1.5, "zone": "port_core"}}, {"type": "Feature", "geometry": {"type": "Point", "coordinates": [103.74656, 1.21678]}, "properties": {"date": "202509", "npix": 6, "peak_db": 0.1, "zone": "port_core"}}, {"type": "Feature", "geometry": {"type": "Point", "coordinates": [103.81031, 1.21707]}, "properties": {"date": "202509", "npix": 7, "peak_db": 19.6, "zone": "port_core"}}, {"type": "Feature", "geometry": {"type": "Point", "coordinates": [103.82331, 1.21672]}, "properties": {"date": "202509", "npix": 9, "peak_db": 18.2, "zone": "port_core"}}, {"type": "Feature", "geometry": {"type": "Point", "coordinates": [103.719, 1.21667]}, "properties": {"date": "202509", "npix": 4, "peak_db": 2.5, "zone": "port_core"}}, {"type": "Feature", "geometry": {"type": "Point", "coordinates": [103.73458, 1.21642]}, "properties": {"date": "202509", "npix": 4, "peak_db": 7.2, "zone": "port_core"}}, {"type": "Feature", "geometry": {"type": "Point", "coordinates": [103.74558, 1.21575]}, "properties": {"date": "202509", "npix": 4, "peak_db": 0.8, "zone": "port_core"}}, {"type": "Feature", "geometry": {"type": "Point", "coordinates": [103.64875, 1.21517]}, "properties": {"date": "202509", "npix": 4, "peak_db": 6.6, "zone": "western_opl"}}, {"type": "Feature", "geometry": {"type": "Point", "coordinates": [103.85842, 1.21442]}, "properties": {"date": "202509", "npix": 4, "peak_db": 2.2, "zone": "port_core"}}, {"type": "Feature", "geometry": {"type": "Point", "coordinates": [103.6825, 1.21333]}, "properties": {"date": "202509", "npix": 4, "peak_db": 10.6, "zone": "port_core"}}, {"type": "Feature", "geometry": {"type": "Point", "coordinates": [103.66708, 1.21212]}, "properties": {"date": "202509", "npix": 20, "peak_db": 24.5, "zone": "western_opl"}}, {"type": "Feature", "geometry": {"type": "Point", "coordinates": [103.87271, 1.21213]}, "properties": {"date": "202509", "npix": 8, "peak_db": 7.5, "zone": "port_core"}}, {"type": "Feature", "geometry": {"type": "Point", "coordinates": [103.56697, 1.20963]}, "properties": {"date": "202509", "npix": 5, "peak_db": 19.7, "zone": "strait_other"}}, {"type": "Feature", "geometry": {"type": "Point", "coordinates": [103.67872, 1.20939]}, "properties": {"date": "202509", "npix": 3, "peak_db": 7.4, "zone": "western_opl"}}, {"type": "Feature", "geometry": {"type": "Point", "coordinates": [103.68572, 1.20928]}, "properties": {"date": "202509", "npix": 3, "peak_db": -2.5, "zone": "port_core"}}, {"type": "Feature", "geometry": {"type": "Point", "coordinates": [103.67239, 1.20594]}, "properties": {"date": "202509", "npix": 3, "peak_db": 10.5, "zone": "western_opl"}}, {"type": "Feature", "geometry": {"type": "Point", "coordinates": [103.56068, 1.20547]}, "properties": {"date": "202509", "npix": 11, "peak_db": 16.5, "zone": "strait_other"}}, {"type": "Feature", "geometry": {"type": "Point", "coordinates": [103.59201, 1.20514]}, "properties": {"date": "202509", "npix": 13, "peak_db": 15.3, "zone": "western_opl"}}, {"type": "Feature", "geometry": {"type": "Point", "coordinates": [103.80308, 1.20492]}, "properties": {"date": "202509", "npix": 4, "peak_db": 9.1, "zone": "port_core"}}, {"type": "Feature", "geometry": {"type": "Point", "coordinates": [103.561, 1.2035]}, "properties": {"date": "202509", "npix": 10, "peak_db": 20.4, "zone": "strait_other"}}, {"type": "Feature", "geometry": {"type": "Point", "coordinates": [103.81239, 1.20339]}, "properties": {"date": "202509", "npix": 3, "peak_db": 9.2, "zone": "port_core"}}, {"type": "Feature", "geometry": {"type": "Point", "coordinates": [104.25739, 1.20294]}, "properties": {"date": "202509", "npix": 3, "peak_db": -2.6, "zone": "eastern_opl"}}, {"type": "Feature", "geometry": {"type": "Point", "coordinates": [103.64392, 1.20235]}, "properties": {"date": "202509", "npix": 11, "peak_db": 15.9, "zone": "western_opl"}}, {"type": "Feature", "geometry": {"type": "Point", "coordinates": [103.74039, 1.20206]}, "properties": {"date": "202509", "npix": 3, "peak_db": 5.7, "zone": "port_core"}}, {"type": "Feature", "geometry": {"type": "Point", "coordinates": [103.67961, 1.19894]}, "properties": {"date": "202509", "npix": 3, "peak_db": 6.4, "zone": "western_opl"}}, {"type": "Feature", "geometry": {"type": "Point", "coordinates": [103.655, 1.19839]}, "properties": {"date": "202509", "npix": 6, "peak_db": 7.5, "zone": "western_opl"}}, {"type": "Feature", "geometry": {"type": "Point", "coordinates": [103.66674, 1.19832]}, "properties": {"date": "202509", "npix": 15, "peak_db": 11.0, "zone": "western_opl"}}, {"type": "Feature", "geometry": {"type": "Point", "coordinates": [103.97631, 1.19712]}, "properties": {"date": "202509", "npix": 14, "peak_db": 17.7, "zone": "strait_other"}}, {"type": "Feature", "geometry": {"type": "Point", "coordinates": [103.88388, 1.19631]}, "properties": {"date": "202509", "npix": 7, "peak_db": 8.3, "zone": "strait_other"}}, {"type": "Feature", "geometry": {"type": "Point", "coordinates": [103.99154, 1.19592]}, "properties": {"date": "202509", "npix": 15, "peak_db": 11.1, "zone": "strait_other"}}, {"type": "Feature", "geometry": {"type": "Point", "coordinates": [103.68817, 1.1955]}, "properties": {"date": "202509", "npix": 3, "peak_db": 11.5, "zone": "western_opl"}}, {"type": "Feature", "geometry": {"type": "Point", "coordinates": [103.98322, 1.19522]}, "properties": {"date": "202509", "npix": 6, "peak_db": 7.6, "zone": "strait_other"}}, {"type": "Feature", "geometry": {"type": "Point", "coordinates": [103.68346, 1.19443]}, "properties": {"date": "202509", "npix": 9, "peak_db": 9.3, "zone": "western_opl"}}, {"type": "Feature", "geometry": {"type": "Point", "coordinates": [103.69117, 1.19483]}, "properties": {"date": "202509", "npix": 3, "peak_db": 8.2, "zone": "western_opl"}}, {"type": "Feature", "geometry": {"type": "Point", "coordinates": [103.69758, 1.1945]}, "properties": {"date": "202509", "npix": 8, "peak_db": 17.2, "zone": "western_opl"}}, {"type": "Feature", "geometry": {"type": "Point", "coordinates": [103.96417, 1.19447]}, "properties": {"date": "202509", "npix": 12, "peak_db": 13.2, "zone": "strait_other"}}, {"type": "Feature", "geometry": {"type": "Point", "coordinates": [103.82601, 1.19132]}, "properties": {"date": "202509", "npix": 15, "peak_db": 18.6, "zone": "strait_other"}}, {"type": "Feature", "geometry": {"type": "Point", "coordinates": [103.95456, 1.19066]}, "properties": {"date": "202509", "npix": 17, "peak_db": 12.3, "zone": "strait_other"}}, {"type": "Feature", "geometry": {"type": "Point", "coordinates": [104.00369, 1.1884]}, "properties": {"date": "202509", "npix": 7, "peak_db": 11.9, "zone": "eastern_opl"}}, {"type": "Feature", "geometry": {"type": "Point", "coordinates": [103.69243, 1.18843]}, "properties": {"date": "202509", "npix": 5, "peak_db": 10.8, "zone": "western_opl"}}, {"type": "Feature", "geometry": {"type": "Point", "coordinates": [103.70383, 1.18767]}, "properties": {"date": "202509", "npix": 4, "peak_db": 9.0, "zone": "western_opl"}}, {"type": "Feature", "geometry": {"type": "Point", "coordinates": [103.70003, 1.18703]}, "properties": {"date": "202509", "npix": 5, "peak_db": 8.7, "zone": "western_opl"}}, {"type": "Feature", "geometry": {"type": "Point", "coordinates": [103.76158, 1.18575]}, "properties": {"date": "202509", "npix": 4, "peak_db": 8.8, "zone": "western_opl"}}, {"type": "Feature", "geometry": {"type": "Point", "coordinates": [103.94176, 1.18428]}, "properties": {"date": "202509", "npix": 9, "peak_db": 11.2, "zone": "strait_other"}}, {"type": "Feature", "geometry": {"type": "Point", "coordinates": [103.97107, 1.18279]}, "properties": {"date": "202509", "npix": 14, "peak_db": 19.4, "zone": "strait_other"}}, {"type": "Feature", "geometry": {"type": "Point", "coordinates": [103.77328, 1.18294]}, "properties": {"date": "202509", "npix": 3, "peak_db": 11.3, "zone": "western_opl"}}, {"type": "Feature", "geometry": {"type": "Point", "coordinates": [103.90594, 1.18261]}, "properties": {"date": "202509", "npix": 3, "peak_db": 9.4, "zone": "strait_other"}}, {"type": "Feature", "geometry": {"type": "Point", "coordinates": [103.75058, 1.18208]}, "properties": {"date": "202509", "npix": 4, "peak_db": 22.7, "zone": "western_opl"}}, {"type": "Feature", "geometry": {"type": "Point", "coordinates": [103.74583, 1.18158]}, "properties": {"date": "202509", "npix": 4, "peak_db": 13.1, "zone": "western_opl"}}, {"type": "Feature", "geometry": {"type": "Point", "coordinates": [103.99306, 1.18028]}, "properties": {"date": "202509", "npix": 3, "peak_db": -0.0, "zone": "strait_other"}}, {"type": "Feature", "geometry": {"type": "Point", "coordinates": [103.7025, 1.17864]}, "properties": {"date": "202509", "npix": 7, "peak_db": 18.0, "zone": "western_opl"}}, {"type": "Feature", "geometry": {"type": "Point", "coordinates": [103.74894, 1.17839]}, "properties": {"date": "202509", "npix": 3, "peak_db": 19.3, "zone": "western_opl"}}, {"type": "Feature", "geometry": {"type": "Point", "coordinates": [103.94272, 1.17828]}, "properties": {"date": "202509", "npix": 3, "peak_db": 4.9, "zone": "strait_other"}}, {"type": "Feature", "geometry": {"type": "Point", "coordinates": [103.92308, 1.17558]}, "properties": {"date": "202509", "npix": 4, "peak_db": 15.1, "zone": "strait_other"}}, {"type": "Feature", "geometry": {"type": "Point", "coordinates": [103.99017, 1.17483]}, "properties": {"date": "202509", "npix": 3, "peak_db": 3.8, "zone": "strait_other"}}, {"type": "Feature", "geometry": {"type": "Point", "coordinates": [103.76617, 1.17307]}, "properties": {"date": "202509", "npix": 7, "peak_db": 8.7, "zone": "western_opl"}}, {"type": "Feature", "geometry": {"type": "Point", "coordinates": [103.71425, 1.17308]}, "properties": {"date": "202509", "npix": 4, "peak_db": 14.3, "zone": "western_opl"}}, {"type": "Feature", "geometry": {"type": "Point", "coordinates": [103.70365, 1.17219]}, "properties": {"date": "202509", "npix": 16, "peak_db": 31.0, "zone": "western_opl"}}, {"type": "Feature", "geometry": {"type": "Point", "coordinates": [103.6581, 1.1709]}, "properties": {"date": "202509", "npix": 5, "peak_db": -3.2, "zone": "western_opl"}}, {"type": "Feature", "geometry": {"type": "Point", "coordinates": [103.81928, 1.16994]}, "properties": {"date": "202509", "npix": 3, "peak_db": 11.1, "zone": "strait_other"}}, {"type": "Feature", "geometry": {"type": "Point", "coordinates": [103.78611, 1.16926]}, "properties": {"date": "202509", "npix": 11, "peak_db": 21.7, "zone": "strait_other"}}, {"type": "Feature", "geometry": {"type": "Point", "coordinates": [103.82826, 1.16826]}, "properties": {"date": "202509", "npix": 7, "peak_db": 19.2, "zone": "strait_other"}}, {"type": "Feature", "geometry": {"type": "Point", "coordinates": [103.715, 1.1675]}, "properties": {"date": "202509", "npix": 6, "peak_db": 20.2, "zone": "western_opl"}}, {"type": "Feature", "geometry": {"type": "Point", "coordinates": [103.75194, 1.16744]}, "properties": {"date": "202509", "npix": 6, "peak_db": 10.6, "zone": "western_opl"}}, {"type": "Feature", "geometry": {"type": "Point", "coordinates": [103.98539, 1.16572]}, "properties": {"date": "202509", "npix": 3, "peak_db": 7.7, "zone": "strait_other"}}, {"type": "Feature", "geometry": {"type": "Point", "coordinates": [103.71161, 1.16461]}, "properties": {"date": "202509", "npix": 3, "peak_db": 11.9, "zone": "western_opl"}}, {"type": "Feature", "geometry": {"type": "Point", "coordinates": [103.55217, 1.1635]}, "properties": {"date": "202509", "npix": 5, "peak_db": 12.9, "zone": "strait_other"}}, {"type": "Feature", "geometry": {"type": "Point", "coordinates": [103.68928, 1.16239]}, "properties": {"date": "202509", "npix": 9, "peak_db": 12.4, "zone": "western_opl"}}, {"type": "Feature", "geometry": {"type": "Point", "coordinates": [103.62313, 1.16188]}, "properties": {"date": "202509", "npix": 20, "peak_db": 29.6, "zone": "western_opl"}}, {"type": "Feature", "geometry": {"type": "Point", "coordinates": [103.72006, 1.16168]}, "properties": {"date": "202509", "npix": 13, "peak_db": 12.4, "zone": "western_opl"}}, {"type": "Feature", "geometry": {"type": "Point", "coordinates": [103.95177, 1.16137]}, "properties": {"date": "202509", "npix": 5, "peak_db": 9.6, "zone": "strait_other"}}, {"type": "Feature", "geometry": {"type": "Point", "coordinates": [103.76917, 1.16117]}, "properties": {"date": "202509", "npix": 3, "peak_db": 5.4, "zone": "western_opl"}}, {"type": "Feature", "geometry": {"type": "Point", "coordinates": [103.96039, 1.15772]}, "properties": {"date": "202509", "npix": 3, "peak_db": 10.9, "zone": "strait_other"}}, {"type": "Feature", "geometry": {"type": "Point", "coordinates": [103.97517, 1.15683]}, "properties": {"date": "202509", "npix": 3, "peak_db": 4.5, "zone": "strait_other"}}, {"type": "Feature", "geometry": {"type": "Point", "coordinates": [103.73512, 1.15279]}, "properties": {"date": "202509", "npix": 8, "peak_db": 13.2, "zone": "western_opl"}}, {"type": "Feature", "geometry": {"type": "Point", "coordinates": [103.72248, 1.14985]}, "properties": {"date": "202509", "npix": 17, "peak_db": 15.0, "zone": "western_opl"}}, {"type": "Feature", "geometry": {"type": "Point", "coordinates": [103.74667, 1.14733]}, "properties": {"date": "202509", "npix": 4, "peak_db": 11.4, "zone": "western_opl"}}, {"type": "Feature", "geometry": {"type": "Point", "coordinates": [103.7534, 1.14683]}, "properties": {"date": "202509", "npix": 7, "peak_db": 12.1, "zone": "western_opl"}}, {"type": "Feature", "geometry": {"type": "Point", "coordinates": [103.78689, 1.1455]}, "properties": {"date": "202509", "npix": 12, "peak_db": 12.7, "zone": "strait_other"}}, {"type": "Feature", "geometry": {"type": "Point", "coordinates": [104.17928, 1.13806]}, "properties": {"date": "202509", "npix": 3, "peak_db": -2.9, "zone": "eastern_opl"}}, {"type": "Feature", "geometry": {"type": "Point", "coordinates": [103.69408, 1.13108]}, "properties": {"date": "202509", "npix": 4, "peak_db": 1.3, "zone": "western_opl"}}, {"type": "Feature", "geometry": {"type": "Point", "coordinates": [103.77739, 1.12828]}, "properties": {"date": "202509", "npix": 3, "peak_db": -4.6, "zone": "western_opl"}}, {"type": "Feature", "geometry": {"type": "Point", "coordinates": [104.18792, 1.12711]}, "properties": {"date": "202509", "npix": 11, "peak_db": 12.4, "zone": "eastern_opl"}}, {"type": "Feature", "geometry": {"type": "Point", "coordinates": [103.76269, 1.12644]}, "properties": {"date": "202509", "npix": 12, "peak_db": 6.4, "zone": "western_opl"}}, {"type": "Feature", "geometry": {"type": "Point", "coordinates": [103.90311, 1.12256]}, "properties": {"date": "202509", "npix": 6, "peak_db": 27.0, "zone": "strait_other"}}, {"type": "Feature", "geometry": {"type": "Point", "coordinates": [103.75176, 1.12109]}, "properties": {"date": "202509", "npix": 18, "peak_db": 17.6, "zone": "western_opl"}}, {"type": "Feature", "geometry": {"type": "Point", "coordinates": [104.18379, 1.1165]}, "properties": {"date": "202509", "npix": 7, "peak_db": 12.2, "zone": "eastern_opl"}}, {"type": "Feature", "geometry": {"type": "Point", "coordinates": [104.18993, 1.11336]}, "properties": {"date": "202509", "npix": 7, "peak_db": 13.3, "zone": "eastern_opl"}}, {"type": "Feature", "geometry": {"type": "Point", "coordinates": [104.1793, 1.11143]}, "properties": {"date": "202509", "npix": 5, "peak_db": 7.9, "zone": "eastern_opl"}}, {"type": "Feature", "geometry": {"type": "Point", "coordinates": [104.18279, 1.1046]}, "properties": {"date": "202509", "npix": 7, "peak_db": 9.4, "zone": "eastern_opl"}}, {"type": "Feature", "geometry": {"type": "Point", "coordinates": [104.18406, 1.10472]}, "properties": {"date": "202509", "npix": 3, "peak_db": 9.2, "zone": "eastern_opl"}}, {"type": "Feature", "geometry": {"type": "Point", "coordinates": [104.191, 1.1029]}, "properties": {"date": "202509", "npix": 10, "peak_db": 9.2, "zone": "eastern_opl"}}, {"type": "Feature", "geometry": {"type": "Point", "coordinates": [104.17594, 1.09906]}, "properties": {"date": "202509", "npix": 3, "peak_db": 7.0, "zone": "eastern_opl"}}, {"type": "Feature", "geometry": {"type": "Point", "coordinates": [103.92288, 1.09569]}, "properties": {"date": "202509", "npix": 7, "peak_db": 19.5, "zone": "strait_other"}}, {"type": "Feature", "geometry": {"type": "Point", "coordinates": [103.57033, 1.09567]}, "properties": {"date": "202509", "npix": 4, "peak_db": 7.9, "zone": "strait_other"}}, {"type": "Feature", "geometry": {"type": "Point", "coordinates": [103.57117, 1.095]}, "properties": {"date": "202509", "npix": 4, "peak_db": 9.7, "zone": "strait_other"}}, {"type": "Feature", "geometry": {"type": "Point", "coordinates": [103.63639, 1.09428]}, "properties": {"date": "202509", "npix": 3, "peak_db": -5.7, "zone": "strait_other"}}, {"type": "Feature", "geometry": {"type": "Point", "coordinates": [103.63833, 1.09433]}, "properties": {"date": "202509", "npix": 4, "peak_db": -2.2, "zone": "strait_other"}}, {"type": "Feature", "geometry": {"type": "Point", "coordinates": [104.14708, 1.09417]}, "properties": {"date": "202509", "npix": 4, "peak_db": 7.2, "zone": "eastern_opl"}}, {"type": "Feature", "geometry": {"type": "Point", "coordinates": [104.18843, 1.09223]}, "properties": {"date": "202509", "npix": 5, "peak_db": 10.8, "zone": "eastern_opl"}}, {"type": "Feature", "geometry": {"type": "Point", "coordinates": [103.56242, 1.09058]}, "properties": {"date": "202509", "npix": 8, "peak_db": 7.5, "zone": "strait_other"}}, {"type": "Feature", "geometry": {"type": "Point", "coordinates": [103.68517, 1.08983]}, "properties": {"date": "202509", "npix": 3, "peak_db": -2.1, "zone": "strait_other"}}, {"type": "Feature", "geometry": {"type": "Point", "coordinates": [104.14394, 1.08372]}, "properties": {"date": "202509", "npix": 3, "peak_db": 2.7, "zone": "eastern_opl"}}, {"type": "Feature", "geometry": {"type": "Point", "coordinates": [103.73857, 1.08263]}, "properties": {"date": "202509", "npix": 5, "peak_db": -2.8, "zone": "strait_other"}}, {"type": "Feature", "geometry": {"type": "Point", "coordinates": [103.88561, 1.08261]}, "properties": {"date": "202509", "npix": 3, "peak_db": 8.6, "zone": "strait_other"}}, {"type": "Feature", "geometry": {"type": "Point", "coordinates": [104.18832, 1.08168]}, "properties": {"date": "202509", "npix": 15, "peak_db": 23.5, "zone": "eastern_opl"}}, {"type": "Feature", "geometry": {"type": "Point", "coordinates": [104.1483, 1.0677]}, "properties": {"date": "202509", "npix": 5, "peak_db": 10.7, "zone": "strait_other"}}, {"type": "Feature", "geometry": {"type": "Point", "coordinates": [104.18283, 1.06217]}, "properties": {"date": "202509", "npix": 3, "peak_db": 4.2, "zone": "strait_other"}}, {"type": "Feature", "geometry": {"type": "Point", "coordinates": [103.67167, 1.06167]}, "properties": {"date": "202509", "npix": 4, "peak_db": 6.7, "zone": "strait_other"}}, {"type": "Feature", "geometry": {"type": "Point", "coordinates": [104.18833, 1.06133]}, "properties": {"date": "202509", "npix": 6, "peak_db": 6.4, "zone": "strait_other"}}, {"type": "Feature", "geometry": {"type": "Point", "coordinates": [103.67027, 1.06088]}, "properties": {"date": "202509", "npix": 16, "peak_db": 10.0, "zone": "strait_other"}}, {"type": "Feature", "geometry": {"type": "Point", "coordinates": [103.68483, 1.06017]}, "properties": {"date": "202509", "npix": 5, "peak_db": 6.5, "zone": "strait_other"}}, {"type": "Feature", "geometry": {"type": "Point", "coordinates": [104.18539, 1.05972]}, "properties": {"date": "202509", "npix": 3, "peak_db": 0.3, "zone": "strait_other"}}, {"type": "Feature", "geometry": {"type": "Point", "coordinates": [103.61063, 1.05897]}, "properties": {"date": "202509", "npix": 5, "peak_db": 10.1, "zone": "strait_other"}}, {"type": "Feature", "geometry": {"type": "Point", "coordinates": [103.58372, 1.05861]}, "properties": {"date": "202509", "npix": 3, "peak_db": -4.1, "zone": "strait_other"}}, {"type": "Feature", "geometry": {"type": "Point", "coordinates": [104.18661, 1.05439]}, "properties": {"date": "202509", "npix": 3, "peak_db": 3.2, "zone": "strait_other"}}, {"type": "Feature", "geometry": {"type": "Point", "coordinates": [103.62888, 1.05286]}, "properties": {"date": "202509", "npix": 14, "peak_db": 25.1, "zone": "strait_other"}}, {"type": "Feature", "geometry": {"type": "Point", "coordinates": [103.90433, 1.0525]}, "properties": {"date": "202509", "npix": 4, "peak_db": -10.3, "zone": "strait_other"}}, {"type": "Feature", "geometry": {"type": "Point", "coordinates": [103.6775, 1.051]}, "properties": {"date": "202509", "npix": 4, "peak_db": 10.0, "zone": "strait_other"}}, {"type": "Feature", "geometry": {"type": "Point", "coordinates": [104.15217, 1.05067]}, "properties": {"date": "202509", "npix": 4, "peak_db": 3.5, "zone": "strait_other"}}, {"type": "Feature", "geometry": {"type": "Point", "coordinates": [104.02658, 1.52817]}, "properties": {"date": "202510", "npix": 4, "peak_db": 10.6, "zone": "strait_other"}}, {"type": "Feature", "geometry": {"type": "Point", "coordinates": [104.02856, 1.52439]}, "properties": {"date": "202510", "npix": 6, "peak_db": 7.4, "zone": "strait_other"}}, {"type": "Feature", "geometry": {"type": "Point", "coordinates": [104.0293, 1.51207]}, "properties": {"date": "202510", "npix": 10, "peak_db": 10.9, "zone": "strait_other"}}, {"type": "Feature", "geometry": {"type": "Point", "coordinates": [104.02461, 1.49022]}, "properties": {"date": "202510", "npix": 6, "peak_db": 7.1, "zone": "strait_other"}}, {"type": "Feature", "geometry": {"type": "Point", "coordinates": [104.03368, 1.46462]}, "properties": {"date": "202510", "npix": 17, "peak_db": 31.5, "zone": "strait_other"}}, {"type": "Feature", "geometry": {"type": "Point", "coordinates": [103.71494, 1.45461]}, "properties": {"date": "202510", "npix": 3, "peak_db": 0.5, "zone": "strait_other"}}, {"type": "Feature", "geometry": {"type": "Point", "coordinates": [104.01989, 1.45286]}, "properties": {"date": "202510", "npix": 12, "peak_db": 12.5, "zone": "strait_other"}}, {"type": "Feature", "geometry": {"type": "Point", "coordinates": [103.75572, 1.44206]}, "properties": {"date": "202510", "npix": 3, "peak_db": -8.2, "zone": "strait_other"}}, {"type": "Feature", "geometry": {"type": "Point", "coordinates": [104.06572, 1.44139]}, "properties": {"date": "202510", "npix": 3, "peak_db": -5.8, "zone": "strait_other"}}, {"type": "Feature", "geometry": {"type": "Point", "coordinates": [103.92658, 1.43117]}, "properties": {"date": "202510", "npix": 4, "peak_db": 9.0, "zone": "strait_other"}}, {"type": "Feature", "geometry": {"type": "Point", "coordinates": [103.97883, 1.4211]}, "properties": {"date": "202510", "npix": 10, "peak_db": 14.8, "zone": "strait_other"}}, {"type": "Feature", "geometry": {"type": "Point", "coordinates": [103.93272, 1.41472]}, "properties": {"date": "202510", "npix": 3, "peak_db": 1.7, "zone": "strait_other"}}, {"type": "Feature", "geometry": {"type": "Point", "coordinates": [103.80262, 1.40008]}, "properties": {"date": "202510", "npix": 8, "peak_db": -0.6, "zone": "strait_other"}}, {"type": "Feature", "geometry": {"type": "Point", "coordinates": [104.00539, 1.39102]}, "properties": {"date": "202510", "npix": 9, "peak_db": 5.9, "zone": "strait_other"}}, {"type": "Feature", "geometry": {"type": "Point", "coordinates": [104.004, 1.38733]}, "properties": {"date": "202510", "npix": 4, "peak_db": 7.4, "zone": "strait_other"}}, {"type": "Feature", "geometry": {"type": "Point", "coordinates": [104.06757, 1.3667]}, "properties": {"date": "202510", "npix": 5, "peak_db": 2.6, "zone": "strait_other"}}, {"type": "Feature", "geometry": {"type": "Point", "coordinates": [104.0705, 1.35622]}, "properties": {"date": "202510", "npix": 6, "peak_db": 17.6, "zone": "strait_other"}}, {"type": "Feature", "geometry": {"type": "Point", "coordinates": [103.623, 1.35467]}, "properties": {"date": "202510", "npix": 6, "peak_db": -4.4, "zone": "strait_other"}}, {"type": "Feature", "geometry": {"type": "Point", "coordinates": [103.6265, 1.35217]}, "properties": {"date": "202510", "npix": 3, "peak_db": -5.7, "zone": "strait_other"}}, {"type": "Feature", "geometry": {"type": "Point", "coordinates": [104.0577, 1.34703]}, "properties": {"date": "202510", "npix": 5, "peak_db": 5.7, "zone": "strait_other"}}, {"type": "Feature", "geometry": {"type": "Point", "coordinates": [104.052, 1.345]}, "properties": {"date": "202510", "npix": 6, "peak_db": 2.6, "zone": "strait_other"}}, {"type": "Feature", "geometry": {"type": "Point", "coordinates": [104.04906, 1.34339]}, "properties": {"date": "202510", "npix": 3, "peak_db": 2.4, "zone": "strait_other"}}, {"type": "Feature", "geometry": {"type": "Point", "coordinates": [104.03075, 1.34283]}, "properties": {"date": "202510", "npix": 4, "peak_db": 5.4, "zone": "strait_other"}}, {"type": "Feature", "geometry": {"type": "Point", "coordinates": [104.03428, 1.34094]}, "properties": {"date": "202510", "npix": 3, "peak_db": 6.9, "zone": "strait_other"}}, {"type": "Feature", "geometry": {"type": "Point", "coordinates": [104.10894, 1.33994]}, "properties": {"date": "202510", "npix": 3, "peak_db": -0.3, "zone": "strait_other"}}, {"type": "Feature", "geometry": {"type": "Point", "coordinates": [104.09858, 1.33958]}, "properties": {"date": "202510", "npix": 4, "peak_db": 7.6, "zone": "strait_other"}}, {"type": "Feature", "geometry": {"type": "Point", "coordinates": [104.09239, 1.3382]}, "properties": {"date": "202510", "npix": 9, "peak_db": 11.6, "zone": "strait_other"}}, {"type": "Feature", "geometry": {"type": "Point", "coordinates": [104.11158, 1.33642]}, "properties": {"date": "202510", "npix": 4, "peak_db": 5.0, "zone": "strait_other"}}, {"type": "Feature", "geometry": {"type": "Point", "coordinates": [104.23977, 1.33303]}, "properties": {"date": "202510", "npix": 5, "peak_db": 17.5, "zone": "strait_other"}}, {"type": "Feature", "geometry": {"type": "Point", "coordinates": [104.10783, 1.33156]}, "properties": {"date": "202510", "npix": 6, "peak_db": 8.1, "zone": "strait_other"}}, {"type": "Feature", "geometry": {"type": "Point", "coordinates": [104.06603, 1.32986]}, "properties": {"date": "202510", "npix": 15, "peak_db": 19.7, "zone": "strait_other"}}, {"type": "Feature", "geometry": {"type": "Point", "coordinates": [104.09717, 1.33083]}, "properties": {"date": "202510", "npix": 5, "peak_db": 6.8, "zone": "strait_other"}}, {"type": "Feature", "geometry": {"type": "Point", "coordinates": [104.1405, 1.33]}, "properties": {"date": "202510", "npix": 6, "peak_db": 1.1, "zone": "strait_other"}}, {"type": "Feature", "geometry": {"type": "Point", "coordinates": [104.11617, 1.32889]}, "properties": {"date": "202510", "npix": 6, "peak_db": 8.3, "zone": "strait_other"}}, {"type": "Feature", "geometry": {"type": "Point", "coordinates": [104.10967, 1.3275]}, "properties": {"date": "202510", "npix": 4, "peak_db": 12.0, "zone": "strait_other"}}, {"type": "Feature", "geometry": {"type": "Point", "coordinates": [104.22294, 1.32622]}, "properties": {"date": "202510", "npix": 6, "peak_db": 7.6, "zone": "strait_other"}}, {"type": "Feature", "geometry": {"type": "Point", "coordinates": [104.2475, 1.32617]}, "properties": {"date": "202510", "npix": 7, "peak_db": 9.2, "zone": "strait_other"}}, {"type": "Feature", "geometry": {"type": "Point", "coordinates": [104.23706, 1.32461]}, "properties": {"date": "202510", "npix": 3, "peak_db": 4.6, "zone": "strait_other"}}, {"type": "Feature", "geometry": {"type": "Point", "coordinates": [104.07014, 1.32306]}, "properties": {"date": "202510", "npix": 15, "peak_db": 17.0, "zone": "strait_other"}}, {"type": "Feature", "geometry": {"type": "Point", "coordinates": [104.09443, 1.3225]}, "properties": {"date": "202510", "npix": 5, "peak_db": -1.4, "zone": "strait_other"}}, {"type": "Feature", "geometry": {"type": "Point", "coordinates": [104.11483, 1.3205]}, "properties": {"date": "202510", "npix": 7, "peak_db": 13.7, "zone": "strait_other"}}, {"type": "Feature", "geometry": {"type": "Point", "coordinates": [104.1075, 1.3195]}, "properties": {"date": "202510", "npix": 7, "peak_db": 8.1, "zone": "strait_other"}}, {"type": "Feature", "geometry": {"type": "Point", "coordinates": [104.12128, 1.31928]}, "properties": {"date": "202510", "npix": 3, "peak_db": 9.4, "zone": "strait_other"}}, {"type": "Feature", "geometry": {"type": "Point", "coordinates": [104.12897, 1.3177]}, "properties": {"date": "202510", "npix": 5, "peak_db": 11.1, "zone": "strait_other"}}, {"type": "Feature", "geometry": {"type": "Point", "coordinates": [104.13372, 1.31694]}, "properties": {"date": "202510", "npix": 3, "peak_db": 8.7, "zone": "strait_other"}}, {"type": "Feature", "geometry": {"type": "Point", "coordinates": [104.14291, 1.31413]}, "properties": {"date": "202510", "npix": 9, "peak_db": 10.1, "zone": "strait_other"}}, {"type": "Feature", "geometry": {"type": "Point", "coordinates": [104.07303, 1.31377]}, "properties": {"date": "202510", "npix": 5, "peak_db": 23.4, "zone": "strait_other"}}, {"type": "Feature", "geometry": {"type": "Point", "coordinates": [104.1315, 1.31217]}, "properties": {"date": "202510", "npix": 5, "peak_db": 12.3, "zone": "strait_other"}}, {"type": "Feature", "geometry": {"type": "Point", "coordinates": [104.1373, 1.31237]}, "properties": {"date": "202510", "npix": 5, "peak_db": 12.2, "zone": "strait_other"}}, {"type": "Feature", "geometry": {"type": "Point", "coordinates": [104.11739, 1.31206]}, "properties": {"date": "202510", "npix": 3, "peak_db": 13.6, "zone": "strait_other"}}, {"type": "Feature", "geometry": {"type": "Point", "coordinates": [103.64088, 1.30945]}, "properties": {"date": "202510", "npix": 7, "peak_db": -7.9, "zone": "western_opl"}}, {"type": "Feature", "geometry": {"type": "Point", "coordinates": [104.0775, 1.30925]}, "properties": {"date": "202510", "npix": 4, "peak_db": 14.2, "zone": "strait_other"}}, {"type": "Feature", "geometry": {"type": "Point", "coordinates": [104.12324, 1.30846]}, "properties": {"date": "202510", "npix": 9, "peak_db": 15.3, "zone": "strait_other"}}, {"type": "Feature", "geometry": {"type": "Point", "coordinates": [104.08617, 1.30825]}, "properties": {"date": "202510", "npix": 4, "peak_db": 16.5, "zone": "strait_other"}}, {"type": "Feature", "geometry": {"type": "Point", "coordinates": [104.14339, 1.30739]}, "properties": {"date": "202510", "npix": 3, "peak_db": 8.1, "zone": "strait_other"}}, {"type": "Feature", "geometry": {"type": "Point", "coordinates": [104.14272, 1.30694]}, "properties": {"date": "202510", "npix": 3, "peak_db": 7.2, "zone": "strait_other"}}, {"type": "Feature", "geometry": {"type": "Point", "coordinates": [104.06883, 1.30675]}, "properties": {"date": "202510", "npix": 4, "peak_db": 15.0, "zone": "strait_other"}}, {"type": "Feature", "geometry": {"type": "Point", "coordinates": [104.06803, 1.30577]}, "properties": {"date": "202510", "npix": 5, "peak_db": 14.8, "zone": "strait_other"}}, {"type": "Feature", "geometry": {"type": "Point", "coordinates": [104.11731, 1.30494]}, "properties": {"date": "202510", "npix": 9, "peak_db": 12.8, "zone": "strait_other"}}, {"type": "Feature", "geometry": {"type": "Point", "coordinates": [104.15885, 1.3049]}, "properties": {"date": "202510", "npix": 20, "peak_db": 27.7, "zone": "strait_other"}}, {"type": "Feature", "geometry": {"type": "Point", "coordinates": [104.18229, 1.30483]}, "properties": {"date": "202510", "npix": 19, "peak_db": 9.8, "zone": "strait_other"}}, {"type": "Feature", "geometry": {"type": "Point", "coordinates": [103.99072, 1.30428]}, "properties": {"date": "202510", "npix": 3, "peak_db": 8.5, "zone": "port_core"}}, {"type": "Feature", "geometry": {"type": "Point", "coordinates": [103.99758, 1.30425]}, "properties": {"date": "202510", "npix": 4, "peak_db": 9.0, "zone": "port_core"}}, {"type": "Feature", "geometry": {"type": "Point", "coordinates": [104.13303, 1.3037]}, "properties": {"date": "202510", "npix": 5, "peak_db": 14.3, "zone": "strait_other"}}, {"type": "Feature", "geometry": {"type": "Point", "coordinates": [103.979, 1.3035]}, "properties": {"date": "202510", "npix": 4, "peak_db": 6.2, "zone": "port_core"}}, {"type": "Feature", "geometry": {"type": "Point", "coordinates": [104.09204, 1.30292]}, "properties": {"date": "202510", "npix": 16, "peak_db": 17.9, "zone": "strait_other"}}, {"type": "Feature", "geometry": {"type": "Point", "coordinates": [104.17117, 1.30367]}, "properties": {"date": "202510", "npix": 4, "peak_db": 18.8, "zone": "strait_other"}}, {"type": "Feature", "geometry": {"type": "Point", "coordinates": [103.96394, 1.30339]}, "properties": {"date": "202510", "npix": 3, "peak_db": 3.8, "zone": "port_core"}}, {"type": "Feature", "geometry": {"type": "Point", "coordinates": [104.17003, 1.30297]}, "properties": {"date": "202510", "npix": 5, "peak_db": 7.8, "zone": "strait_other"}}, {"type": "Feature", "geometry": {"type": "Point", "coordinates": [103.99406, 1.30261]}, "properties": {"date": "202510", "npix": 3, "peak_db": 9.6, "zone": "port_core"}}, {"type": "Feature", "geometry": {"type": "Point", "coordinates": [104.13367, 1.3025]}, "properties": {"date": "202510", "npix": 4, "peak_db": 14.5, "zone": "strait_other"}}, {"type": "Feature", "geometry": {"type": "Point", "coordinates": [103.96733, 1.30233]}, "properties": {"date": "202510", "npix": 4, "peak_db": 7.9, "zone": "port_core"}}, {"type": "Feature", "geometry": {"type": "Point", "coordinates": [104.05909, 1.3002]}, "properties": {"date": "202510", "npix": 9, "peak_db": 13.7, "zone": "strait_other"}}, {"type": "Feature", "geometry": {"type": "Point", "coordinates": [104.06017, 1.30083]}, "properties": {"date": "202510", "npix": 3, "peak_db": 10.9, "zone": "strait_other"}}, {"type": "Feature", "geometry": {"type": "Point", "coordinates": [104.00361, 1.30039]}, "properties": {"date": "202510", "npix": 3, "peak_db": 4.4, "zone": "port_core"}}, {"type": "Feature", "geometry": {"type": "Point", "coordinates": [104.23245, 1.29855]}, "properties": {"date": "202510", "npix": 13, "peak_db": 27.9, "zone": "strait_other"}}, {"type": "Feature", "geometry": {"type": "Point", "coordinates": [104.08983, 1.29772]}, "properties": {"date": "202510", "npix": 9, "peak_db": 21.6, "zone": "strait_other"}}, {"type": "Feature", "geometry": {"type": "Point", "coordinates": [104.12721, 1.29674]}, "properties": {"date": "202510", "npix": 7, "peak_db": 9.5, "zone": "strait_other"}}, {"type": "Feature", "geometry": {"type": "Point", "coordinates": [103.70132, 1.29594]}, "properties": {"date": "202510", "npix": 13, "peak_db": 8.4, "zone": "port_core"}}, {"type": "Feature", "geometry": {"type": "Point", "coordinates": [104.34183, 1.2965]}, "properties": {"date": "202510", "npix": 3, "peak_db": 21.2, "zone": "strait_other"}}, {"type": "Feature", "geometry": {"type": "Point", "coordinates": [103.69192, 1.29583]}, "properties": {"date": "202510", "npix": 4, "peak_db": -8.6, "zone": "port_core"}}, {"type": "Feature", "geometry": {"type": "Point", "coordinates": [103.69275, 1.29575]}, "properties": {"date": "202510", "npix": 4, "peak_db": -7.8, "zone": "port_core"}}, {"type": "Feature", "geometry": {"type": "Point", "coordinates": [104.18094, 1.29319]}, "properties": {"date": "202510", "npix": 15, "peak_db": 22.6, "zone": "strait_other"}}, {"type": "Feature", "geometry": {"type": "Point", "coordinates": [103.92958, 1.29325]}, "properties": {"date": "202510", "npix": 4, "peak_db": 11.1, "zone": "port_core"}}, {"type": "Feature", "geometry": {"type": "Point", "coordinates": [104.0144, 1.29226]}, "properties": {"date": "202510", "npix": 7, "peak_db": 12.8, "zone": "port_core"}}, {"type": "Feature", "geometry": {"type": "Point", "coordinates": [104.05353, 1.2915]}, "properties": {"date": "202510", "npix": 10, "peak_db": 15.4, "zone": "strait_other"}}, {"type": "Feature", "geometry": {"type": "Point", "coordinates": [104.16061, 1.29169]}, "properties": {"date": "202510", "npix": 9, "peak_db": 21.5, "zone": "strait_other"}}, {"type": "Feature", "geometry": {"type": "Point", "coordinates": [104.02062, 1.29096]}, "properties": {"date": "202510", "npix": 8, "peak_db": 16.5, "zone": "strait_other"}}, {"type": "Feature", "geometry": {"type": "Point", "coordinates": [104.17823, 1.29044]}, "properties": {"date": "202510", "npix": 11, "peak_db": 15.1, "zone": "strait_other"}}, {"type": "Feature", "geometry": {"type": "Point", "coordinates": [104.06291, 1.28772]}, "properties": {"date": "202510", "npix": 21, "peak_db": 10.9, "zone": "strait_other"}}, {"type": "Feature", "geometry": {"type": "Point", "coordinates": [104.00908, 1.2865]}, "properties": {"date": "202510", "npix": 4, "peak_db": 8.5, "zone": "port_core"}}, {"type": "Feature", "geometry": {"type": "Point", "coordinates": [104.01761, 1.28561]}, "properties": {"date": "202510", "npix": 3, "peak_db": 19.3, "zone": "port_core"}}, {"type": "Feature", "geometry": {"type": "Point", "coordinates": [103.91231, 1.28502]}, "properties": {"date": "202510", "npix": 9, "peak_db": 17.4, "zone": "port_core"}}, {"type": "Feature", "geometry": {"type": "Point", "coordinates": [103.97694, 1.28522]}, "properties": {"date": "202510", "npix": 6, "peak_db": 15.8, "zone": "port_core"}}, {"type": "Feature", "geometry": {"type": "Point", "coordinates": [104.00087, 1.28524]}, "properties": {"date": "202510", "npix": 9, "peak_db": 21.3, "zone": "port_core"}}, {"type": "Feature", "geometry": {"type": "Point", "coordinates": [104.15458, 1.28521]}, "properties": {"date": "202510", "npix": 8, "peak_db": 10.6, "zone": "strait_other"}}, {"type": "Feature", "geometry": {"type": "Point", "coordinates": [104.01839, 1.28472]}, "properties": {"date": "202510", "npix": 3, "peak_db": 7.6, "zone": "port_core"}}, {"type": "Feature", "geometry": {"type": "Point", "coordinates": [103.99561, 1.28394]}, "properties": {"date": "202510", "npix": 3, "peak_db": 12.9, "zone": "port_core"}}, {"type": "Feature", "geometry": {"type": "Point", "coordinates": [103.90606, 1.28294]}, "properties": {"date": "202510", "npix": 3, "peak_db": 9.3, "zone": "port_core"}}, {"type": "Feature", "geometry": {"type": "Point", "coordinates": [104.02835, 1.28283]}, "properties": {"date": "202510", "npix": 18, "peak_db": 12.6, "zone": "strait_other"}}, {"type": "Feature", "geometry": {"type": "Point", "coordinates": [103.91772, 1.28078]}, "properties": {"date": "202510", "npix": 6, "peak_db": 12.1, "zone": "port_core"}}, {"type": "Feature", "geometry": {"type": "Point", "coordinates": [103.96328, 1.28094]}, "properties": {"date": "202510", "npix": 3, "peak_db": 19.8, "zone": "port_core"}}, {"type": "Feature", "geometry": {"type": "Point", "coordinates": [104.00572, 1.28006]}, "properties": {"date": "202510", "npix": 3, "peak_db": 8.2, "zone": "port_core"}}, {"type": "Feature", "geometry": {"type": "Point", "coordinates": [104.08874, 1.27986]}, "properties": {"date": "202510", "npix": 15, "peak_db": 13.8, "zone": "strait_other"}}, {"type": "Feature", "geometry": {"type": "Point", "coordinates": [103.91628, 1.27972]}, "properties": {"date": "202510", "npix": 3, "peak_db": 9.8, "zone": "port_core"}}, {"type": "Feature", "geometry": {"type": "Point", "coordinates": [103.89977, 1.27897]}, "properties": {"date": "202510", "npix": 5, "peak_db": 8.6, "zone": "port_core"}}, {"type": "Feature", "geometry": {"type": "Point", "coordinates": [103.93483, 1.27883]}, "properties": {"date": "202510", "npix": 7, "peak_db": 15.1, "zone": "port_core"}}, {"type": "Feature", "geometry": {"type": "Point", "coordinates": [103.98479, 1.27779]}, "properties": {"date": "202510", "npix": 8, "peak_db": 12.5, "zone": "port_core"}}, {"type": "Feature", "geometry": {"type": "Point", "coordinates": [103.99355, 1.27721]}, "properties": {"date": "202510", "npix": 7, "peak_db": 10.6, "zone": "port_core"}}, {"type": "Feature", "geometry": {"type": "Point", "coordinates": [104.07648, 1.27672]}, "properties": {"date": "202510", "npix": 17, "peak_db": 14.7, "zone": "strait_other"}}, {"type": "Feature", "geometry": {"type": "Point", "coordinates": [103.93017, 1.27517]}, "properties": {"date": "202510", "npix": 3, "peak_db": 11.3, "zone": "port_core"}}, {"type": "Feature", "geometry": {"type": "Point", "coordinates": [104.04276, 1.27371]}, "properties": {"date": "202510", "npix": 13, "peak_db": 19.3, "zone": "strait_other"}}, {"type": "Feature", "geometry": {"type": "Point", "coordinates": [103.97533, 1.2735]}, "properties": {"date": "202510", "npix": 4, "peak_db": 12.4, "zone": "port_core"}}, {"type": "Feature", "geometry": {"type": "Point", "coordinates": [103.94817, 1.2735]}, "properties": {"date": "202510", "npix": 3, "peak_db": 9.0, "zone": "port_core"}}, {"type": "Feature", "geometry": {"type": "Point", "coordinates": [103.94917, 1.27317]}, "properties": {"date": "202510", "npix": 3, "peak_db": 13.9, "zone": "port_core"}}, {"type": "Feature", "geometry": {"type": "Point", "coordinates": [103.88021, 1.27175]}, "properties": {"date": "202510", "npix": 8, "peak_db": 25.9, "zone": "port_core"}}, {"type": "Feature", "geometry": {"type": "Point", "coordinates": [103.89406, 1.27011]}, "properties": {"date": "202510", "npix": 6, "peak_db": 17.4, "zone": "port_core"}}, {"type": "Feature", "geometry": {"type": "Point", "coordinates": [103.95077, 1.2688]}, "properties": {"date": "202510", "npix": 11, "peak_db": 11.8, "zone": "port_core"}}, {"type": "Feature", "geometry": {"type": "Point", "coordinates": [103.93465, 1.26799]}, "properties": {"date": "202510", "npix": 13, "peak_db": 8.4, "zone": "port_core"}}, {"type": "Feature", "geometry": {"type": "Point", "coordinates": [103.94928, 1.26806]}, "properties": {"date": "202510", "npix": 3, "peak_db": 6.0, "zone": "port_core"}}, {"type": "Feature", "geometry": {"type": "Point", "coordinates": [103.88239, 1.26694]}, "properties": {"date": "202510", "npix": 3, "peak_db": 24.6, "zone": "port_core"}}, {"type": "Feature", "geometry": {"type": "Point", "coordinates": [104.0015, 1.26633]}, "properties": {"date": "202510", "npix": 6, "peak_db": 7.7, "zone": "port_core"}}, {"type": "Feature", "geometry": {"type": "Point", "coordinates": [104.0165, 1.26483]}, "properties": {"date": "202510", "npix": 26, "peak_db": 34.3, "zone": "port_core"}}, {"type": "Feature", "geometry": {"type": "Point", "coordinates": [104.0145, 1.26417]}, "properties": {"date": "202510", "npix": 26, "peak_db": 34.3, "zone": "port_core"}}, {"type": "Feature", "geometry": {"type": "Point", "coordinates": [103.92006, 1.26339]}, "properties": {"date": "202510", "npix": 3, "peak_db": 11.9, "zone": "port_core"}}, {"type": "Feature", "geometry": {"type": "Point", "coordinates": [103.687, 1.26067]}, "properties": {"date": "202510", "npix": 4, "peak_db": -0.9, "zone": "port_core"}}, {"type": "Feature", "geometry": {"type": "Point", "coordinates": [104.13656, 1.2595]}, "properties": {"date": "202510", "npix": 6, "peak_db": 11.4, "zone": "strait_other"}}, {"type": "Feature", "geometry": {"type": "Point", "coordinates": [104.19742, 1.25968]}, "properties": {"date": "202510", "npix": 13, "peak_db": 8.8, "zone": "strait_other"}}, {"type": "Feature", "geometry": {"type": "Point", "coordinates": [103.64633, 1.25917]}, "properties": {"date": "202510", "npix": 4, "peak_db": -2.0, "zone": "western_opl"}}, {"type": "Feature", "geometry": {"type": "Point", "coordinates": [103.90535, 1.25906]}, "properties": {"date": "202510", "npix": 9, "peak_db": 13.4, "zone": "port_core"}}, {"type": "Feature", "geometry": {"type": "Point", "coordinates": [103.87006, 1.25894]}, "properties": {"date": "202510", "npix": 3, "peak_db": 8.4, "zone": "port_core"}}, {"type": "Feature", "geometry": {"type": "Point", "coordinates": [103.92356, 1.25906]}, "properties": {"date": "202510", "npix": 6, "peak_db": 11.1, "zone": "port_core"}}, {"type": "Feature", "geometry": {"type": "Point", "coordinates": [103.94911, 1.25626]}, "properties": {"date": "202510", "npix": 11, "peak_db": 14.7, "zone": "port_core"}}, {"type": "Feature", "geometry": {"type": "Point", "coordinates": [103.98123, 1.2567]}, "properties": {"date": "202510", "npix": 5, "peak_db": 8.2, "zone": "port_core"}}, {"type": "Feature", "geometry": {"type": "Point", "coordinates": [103.86333, 1.25533]}, "properties": {"date": "202510", "npix": 4, "peak_db": 19.8, "zone": "port_core"}}, {"type": "Feature", "geometry": {"type": "Point", "coordinates": [103.76328, 1.25494]}, "properties": {"date": "202510", "npix": 3, "peak_db": -0.5, "zone": "port_core"}}, {"type": "Feature", "geometry": {"type": "Point", "coordinates": [103.93198, 1.25463]}, "properties": {"date": "202510", "npix": 16, "peak_db": 17.0, "zone": "port_core"}}, {"type": "Feature", "geometry": {"type": "Point", "coordinates": [103.69078, 1.25328]}, "properties": {"date": "202510", "npix": 12, "peak_db": -2.1, "zone": "port_core"}}, {"type": "Feature", "geometry": {"type": "Point", "coordinates": [103.90206, 1.25406]}, "properties": {"date": "202510", "npix": 3, "peak_db": 15.2, "zone": "port_core"}}, {"type": "Feature", "geometry": {"type": "Point", "coordinates": [103.88243, 1.25283]}, "properties": {"date": "202510", "npix": 5, "peak_db": 12.2, "zone": "port_core"}}, {"type": "Feature", "geometry": {"type": "Point", "coordinates": [103.69328, 1.25194]}, "properties": {"date": "202510", "npix": 3, "peak_db": -3.2, "zone": "port_core"}}, {"type": "Feature", "geometry": {"type": "Point", "coordinates": [103.8598, 1.25083]}, "properties": {"date": "202510", "npix": 10, "peak_db": 16.4, "zone": "port_core"}}, {"type": "Feature", "geometry": {"type": "Point", "coordinates": [104.13137, 1.2515]}, "properties": {"date": "202510", "npix": 10, "peak_db": 11.4, "zone": "strait_other"}}, {"type": "Feature", "geometry": {"type": "Point", "coordinates": [103.89467, 1.25117]}, "properties": {"date": "202510", "npix": 4, "peak_db": 8.6, "zone": "port_core"}}, {"type": "Feature", "geometry": {"type": "Point", "coordinates": [103.9685, 1.2505]}, "properties": {"date": "202510", "npix": 13, "peak_db": 8.8, "zone": "port_core"}}, {"type": "Feature", "geometry": {"type": "Point", "coordinates": [103.8776, 1.24969]}, "properties": {"date": "202510", "npix": 7, "peak_db": 13.0, "zone": "port_core"}}, {"type": "Feature", "geometry": {"type": "Point", "coordinates": [103.93089, 1.24894]}, "properties": {"date": "202510", "npix": 6, "peak_db": 12.8, "zone": "port_core"}}, {"type": "Feature", "geometry": {"type": "Point", "coordinates": [104.15221, 1.24848]}, "properties": {"date": "202510", "npix": 16, "peak_db": 16.8, "zone": "strait_other"}}, {"type": "Feature", "geometry": {"type": "Point", "coordinates": [103.86994, 1.24806]}, "properties": {"date": "202510", "npix": 3, "peak_db": 9.8, "zone": "port_core"}}, {"type": "Feature", "geometry": {"type": "Point", "coordinates": [103.87275, 1.24717]}, "properties": {"date": "202510", "npix": 4, "peak_db": 11.1, "zone": "port_core"}}, {"type": "Feature", "geometry": {"type": "Point", "coordinates": [103.78839, 1.24639]}, "properties": {"date": "202510", "npix": 3, "peak_db": 1.7, "zone": "port_core"}}, {"type": "Feature", "geometry": {"type": "Point", "coordinates": [103.81206, 1.24539]}, "properties": {"date": "202510", "npix": 3, "peak_db": 12.7, "zone": "port_core"}}, {"type": "Feature", "geometry": {"type": "Point", "coordinates": [104.09397, 1.24463]}, "properties": {"date": "202510", "npix": 10, "peak_db": 12.0, "zone": "strait_other"}}, {"type": "Feature", "geometry": {"type": "Point", "coordinates": [103.94708, 1.24392]}, "properties": {"date": "202510", "npix": 4, "peak_db": 3.7, "zone": "port_core"}}, {"type": "Feature", "geometry": {"type": "Point", "coordinates": [103.94817, 1.24117]}, "properties": {"date": "202510", "npix": 3, "peak_db": 0.5, "zone": "port_core"}}, {"type": "Feature", "geometry": {"type": "Point", "coordinates": [104.10583, 1.24017]}, "properties": {"date": "202510", "npix": 3, "peak_db": -7.5, "zone": "strait_other"}}, {"type": "Feature", "geometry": {"type": "Point", "coordinates": [103.7711, 1.2399]}, "properties": {"date": "202510", "npix": 5, "peak_db": 9.4, "zone": "port_core"}}, {"type": "Feature", "geometry": {"type": "Point", "coordinates": [103.8888, 1.23835]}, "properties": {"date": "202510", "npix": 11, "peak_db": 21.6, "zone": "port_core"}}, {"type": "Feature", "geometry": {"type": "Point", "coordinates": [103.9285, 1.23908]}, "properties": {"date": "202510", "npix": 4, "peak_db": 11.1, "zone": "port_core"}}, {"type": "Feature", "geometry": {"type": "Point", "coordinates": [104.0935, 1.23883]}, "properties": {"date": "202510", "npix": 3, "peak_db": -2.6, "zone": "eastern_opl"}}, {"type": "Feature", "geometry": {"type": "Point", "coordinates": [103.87826, 1.23636]}, "properties": {"date": "202510", "npix": 7, "peak_db": 13.9, "zone": "port_core"}}, {"type": "Feature", "geometry": {"type": "Point", "coordinates": [103.61997, 1.2361]}, "properties": {"date": "202510", "npix": 5, "peak_db": -10.9, "zone": "western_opl"}}, {"type": "Feature", "geometry": {"type": "Point", "coordinates": [103.86375, 1.23558]}, "properties": {"date": "202510", "npix": 4, "peak_db": 12.3, "zone": "port_core"}}, {"type": "Feature", "geometry": {"type": "Point", "coordinates": [103.8945, 1.23517]}, "properties": {"date": "202510", "npix": 5, "peak_db": 12.3, "zone": "port_core"}}, {"type": "Feature", "geometry": {"type": "Point", "coordinates": [103.84058, 1.23342]}, "properties": {"date": "202510", "npix": 4, "peak_db": 1.0, "zone": "port_core"}}, {"type": "Feature", "geometry": {"type": "Point", "coordinates": [103.99995, 1.23348]}, "properties": {"date": "202510", "npix": 14, "peak_db": 14.7, "zone": "port_core"}}, {"type": "Feature", "geometry": {"type": "Point", "coordinates": [103.80075, 1.23258]}, "properties": {"date": "202510", "npix": 4, "peak_db": 15.1, "zone": "port_core"}}, {"type": "Feature", "geometry": {"type": "Point", "coordinates": [103.79039, 1.23128]}, "properties": {"date": "202510", "npix": 3, "peak_db": 8.2, "zone": "port_core"}}, {"type": "Feature", "geometry": {"type": "Point", "coordinates": [103.79603, 1.23097]}, "properties": {"date": "202510", "npix": 5, "peak_db": 17.4, "zone": "port_core"}}, {"type": "Feature", "geometry": {"type": "Point", "coordinates": [103.82261, 1.23128]}, "properties": {"date": "202510", "npix": 3, "peak_db": 8.0, "zone": "port_core"}}, {"type": "Feature", "geometry": {"type": "Point", "coordinates": [103.86183, 1.2295]}, "properties": {"date": "202510", "npix": 3, "peak_db": 6.6, "zone": "port_core"}}, {"type": "Feature", "geometry": {"type": "Point", "coordinates": [103.91155, 1.22853]}, "properties": {"date": "202510", "npix": 13, "peak_db": 16.8, "zone": "port_core"}}, {"type": "Feature", "geometry": {"type": "Point", "coordinates": [103.81606, 1.22872]}, "properties": {"date": "202510", "npix": 3, "peak_db": 8.4, "zone": "port_core"}}, {"type": "Feature", "geometry": {"type": "Point", "coordinates": [103.87375, 1.22842]}, "properties": {"date": "202510", "npix": 4, "peak_db": 7.3, "zone": "port_core"}}, {"type": "Feature", "geometry": {"type": "Point", "coordinates": [103.68617, 1.228]}, "properties": {"date": "202510", "npix": 4, "peak_db": 0.1, "zone": "port_core"}}, {"type": "Feature", "geometry": {"type": "Point", "coordinates": [103.84494, 1.22772]}, "properties": {"date": "202510", "npix": 3, "peak_db": -9.4, "zone": "port_core"}}, {"type": "Feature", "geometry": {"type": "Point", "coordinates": [103.7107, 1.22557]}, "properties": {"date": "202510", "npix": 5, "peak_db": 4.6, "zone": "port_core"}}, {"type": "Feature", "geometry": {"type": "Point", "coordinates": [103.71626, 1.22398]}, "properties": {"date": "202510", "npix": 7, "peak_db": 14.0, "zone": "port_core"}}, {"type": "Feature", "geometry": {"type": "Point", "coordinates": [103.73117, 1.22317]}, "properties": {"date": "202510", "npix": 3, "peak_db": 15.7, "zone": "port_core"}}, {"type": "Feature", "geometry": {"type": "Point", "coordinates": [103.61783, 1.2225]}, "properties": {"date": "202510", "npix": 3, "peak_db": -10.6, "zone": "western_opl"}}, {"type": "Feature", "geometry": {"type": "Point", "coordinates": [103.65083, 1.22233]}, "properties": {"date": "202510", "npix": 4, "peak_db": 8.9, "zone": "western_opl"}}, {"type": "Feature", "geometry": {"type": "Point", "coordinates": [103.64772, 1.22194]}, "properties": {"date": "202510", "npix": 6, "peak_db": 7.1, "zone": "western_opl"}}, {"type": "Feature", "geometry": {"type": "Point", "coordinates": [103.71339, 1.22072]}, "properties": {"date": "202510", "npix": 3, "peak_db": 5.5, "zone": "port_core"}}, {"type": "Feature", "geometry": {"type": "Point", "coordinates": [103.64467, 1.22017]}, "properties": {"date": "202510", "npix": 6, "peak_db": 11.0, "zone": "western_opl"}}, {"type": "Feature", "geometry": {"type": "Point", "coordinates": [103.80945, 1.21993]}, "properties": {"date": "202510", "npix": 7, "peak_db": 17.0, "zone": "port_core"}}, {"type": "Feature", "geometry": {"type": "Point", "coordinates": [103.74633, 1.21983]}, "properties": {"date": "202510", "npix": 4, "peak_db": 3.9, "zone": "port_core"}}, {"type": "Feature", "geometry": {"type": "Point", "coordinates": [103.78172, 1.21939]}, "properties": {"date": "202510", "npix": 3, "peak_db": -1.5, "zone": "port_core"}}, {"type": "Feature", "geometry": {"type": "Point", "coordinates": [103.73567, 1.21867]}, "properties": {"date": "202510", "npix": 4, "peak_db": 13.9, "zone": "port_core"}}, {"type": "Feature", "geometry": {"type": "Point", "coordinates": [103.80367, 1.2185]}, "properties": {"date": "202510", "npix": 4, "peak_db": 13.5, "zone": "port_core"}}, {"type": "Feature", "geometry": {"type": "Point", "coordinates": [103.71894, 1.21772]}, "properties": {"date": "202510", "npix": 3, "peak_db": 1.0, "zone": "port_core"}}, {"type": "Feature", "geometry": {"type": "Point", "coordinates": [103.7415, 1.21742]}, "properties": {"date": "202510", "npix": 4, "peak_db": 8.4, "zone": "port_core"}}, {"type": "Feature", "geometry": {"type": "Point", "coordinates": [103.64461, 1.21661]}, "properties": {"date": "202510", "npix": 3, "peak_db": 8.6, "zone": "western_opl"}}, {"type": "Feature", "geometry": {"type": "Point", "coordinates": [103.82678, 1.21561]}, "properties": {"date": "202510", "npix": 6, "peak_db": 12.5, "zone": "port_core"}}, {"type": "Feature", "geometry": {"type": "Point", "coordinates": [103.87817, 1.2155]}, "properties": {"date": "202510", "npix": 3, "peak_db": 6.1, "zone": "port_core"}}, {"type": "Feature", "geometry": {"type": "Point", "coordinates": [103.81994, 1.21528]}, "properties": {"date": "202510", "npix": 3, "peak_db": 14.6, "zone": "port_core"}}, {"type": "Feature", "geometry": {"type": "Point", "coordinates": [103.6485, 1.21517]}, "properties": {"date": "202510", "npix": 3, "peak_db": 13.6, "zone": "western_opl"}}, {"type": "Feature", "geometry": {"type": "Point", "coordinates": [103.82072, 1.21472]}, "properties": {"date": "202510", "npix": 3, "peak_db": 15.1, "zone": "port_core"}}, {"type": "Feature", "geometry": {"type": "Point", "coordinates": [103.8077, 1.21443]}, "properties": {"date": "202510", "npix": 5, "peak_db": 12.8, "zone": "port_core"}}, {"type": "Feature", "geometry": {"type": "Point", "coordinates": [103.81308, 1.21421]}, "properties": {"date": "202510", "npix": 8, "peak_db": 13.8, "zone": "port_core"}}, {"type": "Feature", "geometry": {"type": "Point", "coordinates": [103.64628, 1.21406]}, "properties": {"date": "202510", "npix": 3, "peak_db": 5.8, "zone": "western_opl"}}, {"type": "Feature", "geometry": {"type": "Point", "coordinates": [103.9085, 1.214]}, "properties": {"date": "202510", "npix": 6, "peak_db": 7.1, "zone": "port_core"}}, {"type": "Feature", "geometry": {"type": "Point", "coordinates": [103.64528, 1.21361]}, "properties": {"date": "202510", "npix": 3, "peak_db": 8.1, "zone": "western_opl"}}, {"type": "Feature", "geometry": {"type": "Point", "coordinates": [104.02497, 1.21343]}, "properties": {"date": "202510", "npix": 5, "peak_db": 0.1, "zone": "eastern_opl"}}, {"type": "Feature", "geometry": {"type": "Point", "coordinates": [103.7325, 1.21317]}, "properties": {"date": "202510", "npix": 3, "peak_db": 1.8, "zone": "port_core"}}, {"type": "Feature", "geometry": {"type": "Point", "coordinates": [103.85517, 1.21317]}, "properties": {"date": "202510", "npix": 3, "peak_db": 0.3, "zone": "port_core"}}, {"type": "Feature", "geometry": {"type": "Point", "coordinates": [103.87509, 1.21121]}, "properties": {"date": "202510", "npix": 17, "peak_db": 29.9, "zone": "port_core"}}, {"type": "Feature", "geometry": {"type": "Point", "coordinates": [103.70258, 1.2065]}, "properties": {"date": "202510", "npix": 4, "peak_db": 8.2, "zone": "port_core"}}, {"type": "Feature", "geometry": {"type": "Point", "coordinates": [103.86223, 1.20643]}, "properties": {"date": "202510", "npix": 5, "peak_db": 13.2, "zone": "port_core"}}, {"type": "Feature", "geometry": {"type": "Point", "coordinates": [103.64517, 1.20333]}, "properties": {"date": "202510", "npix": 10, "peak_db": 11.8, "zone": "western_opl"}}, {"type": "Feature", "geometry": {"type": "Point", "coordinates": [103.86144, 1.20261]}, "properties": {"date": "202510", "npix": 6, "peak_db": 11.9, "zone": "port_core"}}, {"type": "Feature", "geometry": {"type": "Point", "coordinates": [103.99743, 1.20197]}, "properties": {"date": "202510", "npix": 5, "peak_db": 7.9, "zone": "port_core"}}, {"type": "Feature", "geometry": {"type": "Point", "coordinates": [103.6831, 1.20123]}, "properties": {"date": "202510", "npix": 5, "peak_db": 12.1, "zone": "port_core"}}, {"type": "Feature", "geometry": {"type": "Point", "coordinates": [103.67733, 1.2]}, "properties": {"date": "202510", "npix": 4, "peak_db": 10.3, "zone": "western_opl"}}, {"type": "Feature", "geometry": {"type": "Point", "coordinates": [103.90717, 1.19911]}, "properties": {"date": "202510", "npix": 6, "peak_db": 9.0, "zone": "strait_other"}}, {"type": "Feature", "geometry": {"type": "Point", "coordinates": [103.875, 1.19745]}, "properties": {"date": "202510", "npix": 20, "peak_db": 13.3, "zone": "strait_other"}}, {"type": "Feature", "geometry": {"type": "Point", "coordinates": [103.9948, 1.19732]}, "properties": {"date": "202510", "npix": 11, "peak_db": 11.1, "zone": "strait_other"}}, {"type": "Feature", "geometry": {"type": "Point", "coordinates": [103.84717, 1.19767]}, "properties": {"date": "202510", "npix": 6, "peak_db": 6.6, "zone": "strait_other"}}, {"type": "Feature", "geometry": {"type": "Point", "coordinates": [103.84867, 1.19667]}, "properties": {"date": "202510", "npix": 6, "peak_db": 5.5, "zone": "strait_other"}}, {"type": "Feature", "geometry": {"type": "Point", "coordinates": [103.89437, 1.19597]}, "properties": {"date": "202510", "npix": 5, "peak_db": 6.4, "zone": "strait_other"}}, {"type": "Feature", "geometry": {"type": "Point", "coordinates": [103.98393, 1.1952]}, "properties": {"date": "202510", "npix": 10, "peak_db": 15.2, "zone": "strait_other"}}, {"type": "Feature", "geometry": {"type": "Point", "coordinates": [104.14677, 1.19597]}, "properties": {"date": "202510", "npix": 5, "peak_db": 0.6, "zone": "eastern_opl"}}, {"type": "Feature", "geometry": {"type": "Point", "coordinates": [103.7417, 1.19557]}, "properties": {"date": "202510", "npix": 5, "peak_db": 21.3, "zone": "western_opl"}}, {"type": "Feature", "geometry": {"type": "Point", "coordinates": [103.9785, 1.19583]}, "properties": {"date": "202510", "npix": 3, "peak_db": 13.8, "zone": "strait_other"}}, {"type": "Feature", "geometry": {"type": "Point", "coordinates": [103.98292, 1.19517]}, "properties": {"date": "202510", "npix": 4, "peak_db": 10.1, "zone": "strait_other"}}, {"type": "Feature", "geometry": {"type": "Point", "coordinates": [103.67806, 1.19494]}, "properties": {"date": "202510", "npix": 6, "peak_db": 13.3, "zone": "western_opl"}}, {"type": "Feature", "geometry": {"type": "Point", "coordinates": [103.75306, 1.19494]}, "properties": {"date": "202510", "npix": 3, "peak_db": 21.6, "zone": "western_opl"}}, {"type": "Feature", "geometry": {"type": "Point", "coordinates": [103.968, 1.19367]}, "properties": {"date": "202510", "npix": 4, "peak_db": 21.1, "zone": "strait_other"}}, {"type": "Feature", "geometry": {"type": "Point", "coordinates": [103.6907, 1.1933]}, "properties": {"date": "202510", "npix": 5, "peak_db": 19.2, "zone": "western_opl"}}, {"type": "Feature", "geometry": {"type": "Point", "coordinates": [103.68183, 1.19283]}, "properties": {"date": "202510", "npix": 3, "peak_db": 13.3, "zone": "western_opl"}}, {"type": "Feature", "geometry": {"type": "Point", "coordinates": [103.80533, 1.19167]}, "properties": {"date": "202510", "npix": 4, "peak_db": 8.6, "zone": "strait_other"}}, {"type": "Feature", "geometry": {"type": "Point", "coordinates": [103.94333, 1.19087]}, "properties": {"date": "202510", "npix": 10, "peak_db": 14.7, "zone": "strait_other"}}, {"type": "Feature", "geometry": {"type": "Point", "coordinates": [103.95817, 1.19067]}, "properties": {"date": "202510", "npix": 12, "peak_db": 34.7, "zone": "strait_other"}}, {"type": "Feature", "geometry": {"type": "Point", "coordinates": [103.69723, 1.1903]}, "properties": {"date": "202510", "npix": 5, "peak_db": 25.5, "zone": "western_opl"}}, {"type": "Feature", "geometry": {"type": "Point", "coordinates": [103.75956, 1.18872]}, "properties": {"date": "202510", "npix": 6, "peak_db": 16.1, "zone": "western_opl"}}, {"type": "Feature", "geometry": {"type": "Point", "coordinates": [103.86017, 1.18908]}, "properties": {"date": "202510", "npix": 4, "peak_db": 17.4, "zone": "strait_other"}}, {"type": "Feature", "geometry": {"type": "Point", "coordinates": [103.62869, 1.18862]}, "properties": {"date": "202510", "npix": 16, "peak_db": 8.6, "zone": "western_opl"}}, {"type": "Feature", "geometry": {"type": "Point", "coordinates": [103.6861, 1.18877]}, "properties": {"date": "202510", "npix": 5, "peak_db": 12.5, "zone": "western_opl"}}, {"type": "Feature", "geometry": {"type": "Point", "coordinates": [103.8591, 1.1887]}, "properties": {"date": "202510", "npix": 5, "peak_db": 9.7, "zone": "strait_other"}}, {"type": "Feature", "geometry": {"type": "Point", "coordinates": [103.70208, 1.18842]}, "properties": {"date": "202510", "npix": 4, "peak_db": 15.9, "zone": "western_opl"}}, {"type": "Feature", "geometry": {"type": "Point", "coordinates": [103.7051, 1.1879]}, "properties": {"date": "202510", "npix": 5, "peak_db": 10.7, "zone": "western_opl"}}, {"type": "Feature", "geometry": {"type": "Point", "coordinates": [103.97639, 1.18694]}, "properties": {"date": "202510", "npix": 3, "peak_db": 13.1, "zone": "strait_other"}}, {"type": "Feature", "geometry": {"type": "Point", "coordinates": [103.69272, 1.18261]}, "properties": {"date": "202510", "npix": 3, "peak_db": 13.5, "zone": "western_opl"}}, {"type": "Feature", "geometry": {"type": "Point", "coordinates": [103.94183, 1.18267]}, "properties": {"date": "202510", "npix": 4, "peak_db": 14.1, "zone": "strait_other"}}, {"type": "Feature", "geometry": {"type": "Point", "coordinates": [103.69428, 1.18228]}, "properties": {"date": "202510", "npix": 3, "peak_db": 12.5, "zone": "western_opl"}}, {"type": "Feature", "geometry": {"type": "Point", "coordinates": [103.66457, 1.18169]}, "properties": {"date": "202510", "npix": 14, "peak_db": 10.9, "zone": "western_opl"}}, {"type": "Feature", "geometry": {"type": "Point", "coordinates": [103.74858, 1.18092]}, "properties": {"date": "202510", "npix": 4, "peak_db": 14.5, "zone": "western_opl"}}, {"type": "Feature", "geometry": {"type": "Point", "coordinates": [103.76983, 1.18083]}, "properties": {"date": "202510", "npix": 3, "peak_db": 9.2, "zone": "western_opl"}}, {"type": "Feature", "geometry": {"type": "Point", "coordinates": [103.8415, 1.17953]}, "properties": {"date": "202510", "npix": 10, "peak_db": 6.9, "zone": "strait_other"}}, {"type": "Feature", "geometry": {"type": "Point", "coordinates": [103.8573, 1.17977]}, "properties": {"date": "202510", "npix": 5, "peak_db": 14.2, "zone": "strait_other"}}, {"type": "Feature", "geometry": {"type": "Point", "coordinates": [103.67914, 1.17685]}, "properties": {"date": "202510", "npix": 25, "peak_db": 20.4, "zone": "western_opl"}}, {"type": "Feature", "geometry": {"type": "Point", "coordinates": [103.96602, 1.17688]}, "properties": {"date": "202510", "npix": 7, "peak_db": 9.5, "zone": "strait_other"}}, {"type": "Feature", "geometry": {"type": "Point", "coordinates": [103.95733, 1.17594]}, "properties": {"date": "202510", "npix": 6, "peak_db": 10.4, "zone": "strait_other"}}, {"type": "Feature", "geometry": {"type": "Point", "coordinates": [103.71333, 1.1755]}, "properties": {"date": "202510", "npix": 6, "peak_db": 8.2, "zone": "western_opl"}}, {"type": "Feature", "geometry": {"type": "Point", "coordinates": [103.93733, 1.17513]}, "properties": {"date": "202510", "npix": 18, "peak_db": 20.3, "zone": "strait_other"}}, {"type": "Feature", "geometry": {"type": "Point", "coordinates": [103.98968, 1.17395]}, "properties": {"date": "202510", "npix": 11, "peak_db": 7.6, "zone": "strait_other"}}, {"type": "Feature", "geometry": {"type": "Point", "coordinates": [103.76142, 1.17229]}, "properties": {"date": "202510", "npix": 13, "peak_db": 19.6, "zone": "western_opl"}}, {"type": "Feature", "geometry": {"type": "Point", "coordinates": [103.98961, 1.17228]}, "properties": {"date": "202510", "npix": 3, "peak_db": 0.5, "zone": "strait_other"}}, {"type": "Feature", "geometry": {"type": "Point", "coordinates": [104.05933, 1.17017]}, "properties": {"date": "202510", "npix": 4, "peak_db": 0.0, "zone": "eastern_opl"}}, {"type": "Feature", "geometry": {"type": "Point", "coordinates": [103.9065, 1.16883]}, "properties": {"date": "202510", "npix": 3, "peak_db": -2.4, "zone": "strait_other"}}, {"type": "Feature", "geometry": {"type": "Point", "coordinates": [103.71401, 1.16758]}, "properties": {"date": "202510", "npix": 13, "peak_db": 15.2, "zone": "western_opl"}}, {"type": "Feature", "geometry": {"type": "Point", "coordinates": [104.14361, 1.16728]}, "properties": {"date": "202510", "npix": 3, "peak_db": -5.7, "zone": "eastern_opl"}}, {"type": "Feature", "geometry": {"type": "Point", "coordinates": [103.98861, 1.16494]}, "properties": {"date": "202510", "npix": 3, "peak_db": 8.1, "zone": "strait_other"}}, {"type": "Feature", "geometry": {"type": "Point", "coordinates": [103.94117, 1.16422]}, "properties": {"date": "202510", "npix": 6, "peak_db": 7.6, "zone": "strait_other"}}, {"type": "Feature", "geometry": {"type": "Point", "coordinates": [103.97761, 1.16439]}, "properties": {"date": "202510", "npix": 3, "peak_db": 1.3, "zone": "strait_other"}}, {"type": "Feature", "geometry": {"type": "Point", "coordinates": [103.93389, 1.16317]}, "properties": {"date": "202510", "npix": 6, "peak_db": 7.5, "zone": "strait_other"}}, {"type": "Feature", "geometry": {"type": "Point", "coordinates": [103.72356, 1.16236]}, "properties": {"date": "202510", "npix": 12, "peak_db": 16.6, "zone": "western_opl"}}, {"type": "Feature", "geometry": {"type": "Point", "coordinates": [103.95374, 1.16211]}, "properties": {"date": "202510", "npix": 11, "peak_db": 13.0, "zone": "strait_other"}}, {"type": "Feature", "geometry": {"type": "Point", "coordinates": [103.96469, 1.16226]}, "properties": {"date": "202510", "npix": 7, "peak_db": 11.4, "zone": "strait_other"}}, {"type": "Feature", "geometry": {"type": "Point", "coordinates": [103.72506, 1.16172]}, "properties": {"date": "202510", "npix": 3, "peak_db": 10.3, "zone": "western_opl"}}, {"type": "Feature", "geometry": {"type": "Point", "coordinates": [103.99003, 1.16023]}, "properties": {"date": "202510", "npix": 5, "peak_db": 0.6, "zone": "strait_other"}}, {"type": "Feature", "geometry": {"type": "Point", "coordinates": [103.93161, 1.15906]}, "properties": {"date": "202510", "npix": 6, "peak_db": 5.7, "zone": "strait_other"}}, {"type": "Feature", "geometry": {"type": "Point", "coordinates": [103.94863, 1.1589]}, "properties": {"date": "202510", "npix": 5, "peak_db": 4.9, "zone": "strait_other"}}, {"type": "Feature", "geometry": {"type": "Point", "coordinates": [103.99131, 1.15855]}, "properties": {"date": "202510", "npix": 7, "peak_db": 4.7, "zone": "strait_other"}}, {"type": "Feature", "geometry": {"type": "Point", "coordinates": [103.936, 1.15683]}, "properties": {"date": "202510", "npix": 4, "peak_db": 18.6, "zone": "strait_other"}}, {"type": "Feature", "geometry": {"type": "Point", "coordinates": [104.1549, 1.15617]}, "properties": {"date": "202510", "npix": 5, "peak_db": 5.1, "zone": "eastern_opl"}}, {"type": "Feature", "geometry": {"type": "Point", "coordinates": [103.94267, 1.156]}, "properties": {"date": "202510", "npix": 4, "peak_db": 5.4, "zone": "strait_other"}}, {"type": "Feature", "geometry": {"type": "Point", "coordinates": [103.97939, 1.15494]}, "properties": {"date": "202510", "npix": 3, "peak_db": 1.6, "zone": "strait_other"}}, {"type": "Feature", "geometry": {"type": "Point", "coordinates": [103.94937, 1.15443]}, "properties": {"date": "202510", "npix": 5, "peak_db": 5.9, "zone": "strait_other"}}, {"type": "Feature", "geometry": {"type": "Point", "coordinates": [103.96988, 1.14045]}, "properties": {"date": "202510", "npix": 7, "peak_db": -5.0, "zone": "strait_other"}}, {"type": "Feature", "geometry": {"type": "Point", "coordinates": [103.9685, 1.14017]}, "properties": {"date": "202510", "npix": 3, "peak_db": -7.6, "zone": "strait_other"}}, {"type": "Feature", "geometry": {"type": "Point", "coordinates": [104.1899, 1.13007]}, "properties": {"date": "202510", "npix": 10, "peak_db": 19.1, "zone": "eastern_opl"}}, {"type": "Feature", "geometry": {"type": "Point", "coordinates": [103.75694, 1.12072]}, "properties": {"date": "202510", "npix": 3, "peak_db": 12.4, "zone": "western_opl"}}, {"type": "Feature", "geometry": {"type": "Point", "coordinates": [104.17894, 1.12022]}, "properties": {"date": "202510", "npix": 6, "peak_db": 13.3, "zone": "eastern_opl"}}, {"type": "Feature", "geometry": {"type": "Point", "coordinates": [103.76039, 1.11761]}, "properties": {"date": "202510", "npix": 3, "peak_db": 7.8, "zone": "western_opl"}}, {"type": "Feature", "geometry": {"type": "Point", "coordinates": [104.18217, 1.11217]}, "properties": {"date": "202510", "npix": 3, "peak_db": 6.4, "zone": "eastern_opl"}}, {"type": "Feature", "geometry": {"type": "Point", "coordinates": [104.17342, 1.1105]}, "properties": {"date": "202510", "npix": 4, "peak_db": 6.6, "zone": "eastern_opl"}}, {"type": "Feature", "geometry": {"type": "Point", "coordinates": [104.16694, 1.10978]}, "properties": {"date": "202510", "npix": 6, "peak_db": 9.1, "zone": "eastern_opl"}}, {"type": "Feature", "geometry": {"type": "Point", "coordinates": [104.18494, 1.1066]}, "properties": {"date": "202510", "npix": 13, "peak_db": 9.7, "zone": "eastern_opl"}}, {"type": "Feature", "geometry": {"type": "Point", "coordinates": [103.75006, 1.10572]}, "properties": {"date": "202510", "npix": 3, "peak_db": 5.0, "zone": "western_opl"}}, {"type": "Feature", "geometry": {"type": "Point", "coordinates": [103.92406, 1.09572]}, "properties": {"date": "202510", "npix": 3, "peak_db": 5.3, "zone": "strait_other"}}, {"type": "Feature", "geometry": {"type": "Point", "coordinates": [103.73512, 1.09362]}, "properties": {"date": "202510", "npix": 14, "peak_db": 20.0, "zone": "strait_other"}}, {"type": "Feature", "geometry": {"type": "Point", "coordinates": [104.1473, 1.0939]}, "properties": {"date": "202510", "npix": 5, "peak_db": 4.8, "zone": "eastern_opl"}}, {"type": "Feature", "geometry": {"type": "Point", "coordinates": [104.17992, 1.0895]}, "properties": {"date": "202510", "npix": 4, "peak_db": 14.6, "zone": "eastern_opl"}}, {"type": "Feature", "geometry": {"type": "Point", "coordinates": [104.14628, 1.08872]}, "properties": {"date": "202510", "npix": 3, "peak_db": 8.3, "zone": "eastern_opl"}}, {"type": "Feature", "geometry": {"type": "Point", "coordinates": [104.18017, 1.0885]}, "properties": {"date": "202510", "npix": 3, "peak_db": 13.0, "zone": "eastern_opl"}}, {"type": "Feature", "geometry": {"type": "Point", "coordinates": [104.15828, 1.08506]}, "properties": {"date": "202510", "npix": 3, "peak_db": -0.8, "zone": "eastern_opl"}}, {"type": "Feature", "geometry": {"type": "Point", "coordinates": [104.14533, 1.08017]}, "properties": {"date": "202510", "npix": 10, "peak_db": 19.7, "zone": "eastern_opl"}}, {"type": "Feature", "geometry": {"type": "Point", "coordinates": [104.18806, 1.07778]}, "properties": {"date": "202510", "npix": 6, "peak_db": 20.5, "zone": "strait_other"}}, {"type": "Feature", "geometry": {"type": "Point", "coordinates": [104.15442, 1.07458]}, "properties": {"date": "202510", "npix": 4, "peak_db": 1.3, "zone": "strait_other"}}, {"type": "Feature", "geometry": {"type": "Point", "coordinates": [104.15161, 1.07261]}, "properties": {"date": "202510", "npix": 3, "peak_db": 5.0, "zone": "strait_other"}}, {"type": "Feature", "geometry": {"type": "Point", "coordinates": [103.70864, 1.07208]}, "properties": {"date": "202510", "npix": 12, "peak_db": 14.1, "zone": "strait_other"}}, {"type": "Feature", "geometry": {"type": "Point", "coordinates": [104.15372, 1.06833]}, "properties": {"date": "202510", "npix": 6, "peak_db": 8.4, "zone": "strait_other"}}, {"type": "Feature", "geometry": {"type": "Point", "coordinates": [104.14972, 1.06606]}, "properties": {"date": "202510", "npix": 3, "peak_db": 5.8, "zone": "strait_other"}}, {"type": "Feature", "geometry": {"type": "Point", "coordinates": [104.08812, 1.06512]}, "properties": {"date": "202510", "npix": 7, "peak_db": -6.4, "zone": "strait_other"}}, {"type": "Feature", "geometry": {"type": "Point", "coordinates": [104.19217, 1.06117]}, "properties": {"date": "202510", "npix": 3, "peak_db": 6.6, "zone": "strait_other"}}, {"type": "Feature", "geometry": {"type": "Point", "coordinates": [104.15592, 1.05792]}, "properties": {"date": "202510", "npix": 4, "peak_db": 4.9, "zone": "strait_other"}}, {"type": "Feature", "geometry": {"type": "Point", "coordinates": [104.18525, 1.05792]}, "properties": {"date": "202510", "npix": 4, "peak_db": 8.8, "zone": "strait_other"}}, {"type": "Feature", "geometry": {"type": "Point", "coordinates": [104.1915, 1.0565]}, "properties": {"date": "202510", "npix": 3, "peak_db": 19.7, "zone": "strait_other"}}, {"type": "Feature", "geometry": {"type": "Point", "coordinates": [103.62994, 1.05572]}, "properties": {"date": "202510", "npix": 3, "peak_db": 20.7, "zone": "strait_other"}}, {"type": "Feature", "geometry": {"type": "Point", "coordinates": [104.18628, 1.05428]}, "properties": {"date": "202510", "npix": 3, "peak_db": 11.3, "zone": "strait_other"}}, {"type": "Feature", "geometry": {"type": "Point", "coordinates": [104.15623, 1.0527]}, "properties": {"date": "202510", "npix": 5, "peak_db": 17.9, "zone": "strait_other"}}, {"type": "Feature", "geometry": {"type": "Point", "coordinates": [103.6735, 1.05117]}, "properties": {"date": "202510", "npix": 7, "peak_db": 13.4, "zone": "strait_other"}}, {"type": "Feature", "geometry": {"type": "Point", "coordinates": [104.02733, 1.52733]}, "properties": {"date": "202511", "npix": 4, "peak_db": -0.4, "zone": "strait_other"}}, {"type": "Feature", "geometry": {"type": "Point", "coordinates": [104.02942, 1.52367]}, "properties": {"date": "202511", "npix": 8, "peak_db": 4.0, "zone": "strait_other"}}, {"type": "Feature", "geometry": {"type": "Point", "coordinates": [103.78894, 1.47106]}, "properties": {"date": "202511", "npix": 3, "peak_db": 1.1, "zone": "strait_other"}}, {"type": "Feature", "geometry": {"type": "Point", "coordinates": [104.03407, 1.4635]}, "properties": {"date": "202511", "npix": 7, "peak_db": 8.6, "zone": "strait_other"}}, {"type": "Feature", "geometry": {"type": "Point", "coordinates": [104.02029, 1.4528]}, "properties": {"date": "202511", "npix": 11, "peak_db": 12.6, "zone": "strait_other"}}, {"type": "Feature", "geometry": {"type": "Point", "coordinates": [103.92406, 1.43106]}, "properties": {"date": "202511", "npix": 3, "peak_db": 4.0, "zone": "strait_other"}}, {"type": "Feature", "geometry": {"type": "Point", "coordinates": [103.88713, 1.42902]}, "properties": {"date": "202511", "npix": 9, "peak_db": 11.3, "zone": "strait_other"}}, {"type": "Feature", "geometry": {"type": "Point", "coordinates": [103.86733, 1.42867]}, "properties": {"date": "202511", "npix": 4, "peak_db": -3.4, "zone": "strait_other"}}, {"type": "Feature", "geometry": {"type": "Point", "coordinates": [104.00194, 1.42728]}, "properties": {"date": "202511", "npix": 3, "peak_db": -3.6, "zone": "strait_other"}}, {"type": "Feature", "geometry": {"type": "Point", "coordinates": [103.8945, 1.42517]}, "properties": {"date": "202511", "npix": 3, "peak_db": -0.9, "zone": "strait_other"}}, {"type": "Feature", "geometry": {"type": "Point", "coordinates": [103.9065, 1.425]}, "properties": {"date": "202511", "npix": 4, "peak_db": 3.1, "zone": "strait_other"}}, {"type": "Feature", "geometry": {"type": "Point", "coordinates": [103.96717, 1.42492]}, "properties": {"date": "202511", "npix": 4, "peak_db": -9.9, "zone": "strait_other"}}, {"type": "Feature", "geometry": {"type": "Point", "coordinates": [103.90333, 1.424]}, "properties": {"date": "202511", "npix": 4, "peak_db": 2.8, "zone": "strait_other"}}, {"type": "Feature", "geometry": {"type": "Point", "coordinates": [103.90708, 1.42392]}, "properties": {"date": "202511", "npix": 4, "peak_db": 3.6, "zone": "strait_other"}}, {"type": "Feature", "geometry": {"type": "Point", "coordinates": [103.9055, 1.42383]}, "properties": {"date": "202511", "npix": 3, "peak_db": 2.8, "zone": "strait_other"}}, {"type": "Feature", "geometry": {"type": "Point", "coordinates": [103.925, 1.41483]}, "properties": {"date": "202511", "npix": 4, "peak_db": 0.6, "zone": "strait_other"}}, {"type": "Feature", "geometry": {"type": "Point", "coordinates": [104.00243, 1.41463]}, "properties": {"date": "202511", "npix": 5, "peak_db": -2.9, "zone": "strait_other"}}, {"type": "Feature", "geometry": {"type": "Point", "coordinates": [103.9237, 1.4139]}, "properties": {"date": "202511", "npix": 5, "peak_db": 4.6, "zone": "strait_other"}}, {"type": "Feature", "geometry": {"type": "Point", "coordinates": [103.97167, 1.39967]}, "properties": {"date": "202511", "npix": 4, "peak_db": -1.1, "zone": "strait_other"}}, {"type": "Feature", "geometry": {"type": "Point", "coordinates": [103.96872, 1.39628]}, "properties": {"date": "202511", "npix": 3, "peak_db": 2.1, "zone": "strait_other"}}, {"type": "Feature", "geometry": {"type": "Point", "coordinates": [103.96794, 1.39594]}, "properties": {"date": "202511", "npix": 3, "peak_db": -3.1, "zone": "strait_other"}}, {"type": "Feature", "geometry": {"type": "Point", "coordinates": [104.00417, 1.38726]}, "properties": {"date": "202511", "npix": 7, "peak_db": 12.5, "zone": "strait_other"}}, {"type": "Feature", "geometry": {"type": "Point", "coordinates": [104.02429, 1.38288]}, "properties": {"date": "202511", "npix": 8, "peak_db": 2.1, "zone": "strait_other"}}, {"type": "Feature", "geometry": {"type": "Point", "coordinates": [104.07633, 1.38033]}, "properties": {"date": "202511", "npix": 4, "peak_db": 0.2, "zone": "strait_other"}}, {"type": "Feature", "geometry": {"type": "Point", "coordinates": [104.08383, 1.37017]}, "properties": {"date": "202511", "npix": 3, "peak_db": 7.0, "zone": "strait_other"}}, {"type": "Feature", "geometry": {"type": "Point", "coordinates": [104.08361, 1.36906]}, "properties": {"date": "202511", "npix": 3, "peak_db": 4.9, "zone": "strait_other"}}, {"type": "Feature", "geometry": {"type": "Point", "coordinates": [104.02609, 1.3682]}, "properties": {"date": "202511", "npix": 9, "peak_db": 7.1, "zone": "strait_other"}}, {"type": "Feature", "geometry": {"type": "Point", "coordinates": [104.05808, 1.36008]}, "properties": {"date": "202511", "npix": 4, "peak_db": 5.6, "zone": "strait_other"}}, {"type": "Feature", "geometry": {"type": "Point", "coordinates": [104.05123, 1.35863]}, "properties": {"date": "202511", "npix": 5, "peak_db": 6.4, "zone": "strait_other"}}, {"type": "Feature", "geometry": {"type": "Point", "coordinates": [104.04783, 1.35817]}, "properties": {"date": "202511", "npix": 3, "peak_db": 6.3, "zone": "strait_other"}}, {"type": "Feature", "geometry": {"type": "Point", "coordinates": [104.08492, 1.35775]}, "properties": {"date": "202511", "npix": 4, "peak_db": 2.0, "zone": "strait_other"}}, {"type": "Feature", "geometry": {"type": "Point", "coordinates": [104.06823, 1.35763]}, "properties": {"date": "202511", "npix": 5, "peak_db": 7.7, "zone": "strait_other"}}, {"type": "Feature", "geometry": {"type": "Point", "coordinates": [104.04006, 1.35228]}, "properties": {"date": "202511", "npix": 3, "peak_db": 5.2, "zone": "strait_other"}}, {"type": "Feature", "geometry": {"type": "Point", "coordinates": [104.03861, 1.35028]}, "properties": {"date": "202511", "npix": 3, "peak_db": -4.6, "zone": "strait_other"}}, {"type": "Feature", "geometry": {"type": "Point", "coordinates": [104.09567, 1.34217]}, "properties": {"date": "202511", "npix": 4, "peak_db": 7.7, "zone": "strait_other"}}, {"type": "Feature", "geometry": {"type": "Point", "coordinates": [104.03361, 1.34206]}, "properties": {"date": "202511", "npix": 3, "peak_db": 2.6, "zone": "strait_other"}}, {"type": "Feature", "geometry": {"type": "Point", "coordinates": [104.03539, 1.33872]}, "properties": {"date": "202511", "npix": 3, "peak_db": -0.1, "zone": "strait_other"}}, {"type": "Feature", "geometry": {"type": "Point", "coordinates": [104.09357, 1.3369]}, "properties": {"date": "202511", "npix": 5, "peak_db": 13.6, "zone": "strait_other"}}, {"type": "Feature", "geometry": {"type": "Point", "coordinates": [104.03017, 1.33633]}, "properties": {"date": "202511", "npix": 4, "peak_db": 3.1, "zone": "strait_other"}}, {"type": "Feature", "geometry": {"type": "Point", "coordinates": [104.23858, 1.33458]}, "properties": {"date": "202511", "npix": 4, "peak_db": 14.2, "zone": "strait_other"}}, {"type": "Feature", "geometry": {"type": "Point", "coordinates": [104.24428, 1.33239]}, "properties": {"date": "202511", "npix": 3, "peak_db": 6.0, "zone": "strait_other"}}, {"type": "Feature", "geometry": {"type": "Point", "coordinates": [104.23217, 1.33217]}, "properties": {"date": "202511", "npix": 3, "peak_db": 9.3, "zone": "strait_other"}}, {"type": "Feature", "geometry": {"type": "Point", "coordinates": [104.05394, 1.33061]}, "properties": {"date": "202511", "npix": 3, "peak_db": -0.1, "zone": "strait_other"}}, {"type": "Feature", "geometry": {"type": "Point", "coordinates": [104.1405, 1.3295]}, "properties": {"date": "202511", "npix": 3, "peak_db": 9.9, "zone": "strait_other"}}, {"type": "Feature", "geometry": {"type": "Point", "coordinates": [103.55662, 1.32679]}, "properties": {"date": "202511", "npix": 17, "peak_db": 20.4, "zone": "strait_other"}}, {"type": "Feature", "geometry": {"type": "Point", "coordinates": [104.06428, 1.32744]}, "properties": {"date": "202511", "npix": 6, "peak_db": 17.6, "zone": "strait_other"}}, {"type": "Feature", "geometry": {"type": "Point", "coordinates": [104.06375, 1.32583]}, "properties": {"date": "202511", "npix": 4, "peak_db": 13.7, "zone": "strait_other"}}, {"type": "Feature", "geometry": {"type": "Point", "coordinates": [103.62008, 1.32408]}, "properties": {"date": "202511", "npix": 4, "peak_db": 4.4, "zone": "strait_other"}}, {"type": "Feature", "geometry": {"type": "Point", "coordinates": [104.26461, 1.32339]}, "properties": {"date": "202511", "npix": 3, "peak_db": 13.6, "zone": "strait_other"}}, {"type": "Feature", "geometry": {"type": "Point", "coordinates": [103.61872, 1.32106]}, "properties": {"date": "202511", "npix": 3, "peak_db": 7.3, "zone": "strait_other"}}, {"type": "Feature", "geometry": {"type": "Point", "coordinates": [104.06676, 1.32087]}, "properties": {"date": "202511", "npix": 9, "peak_db": 16.4, "zone": "strait_other"}}, {"type": "Feature", "geometry": {"type": "Point", "coordinates": [104.12417, 1.31817]}, "properties": {"date": "202511", "npix": 3, "peak_db": 12.0, "zone": "strait_other"}}, {"type": "Feature", "geometry": {"type": "Point", "coordinates": [104.13433, 1.31383]}, "properties": {"date": "202511", "npix": 4, "peak_db": 11.6, "zone": "strait_other"}}, {"type": "Feature", "geometry": {"type": "Point", "coordinates": [104.121, 1.3125]}, "properties": {"date": "202511", "npix": 4, "peak_db": 9.8, "zone": "strait_other"}}, {"type": "Feature", "geometry": {"type": "Point", "coordinates": [104.16563, 1.30903]}, "properties": {"date": "202511", "npix": 5, "peak_db": 10.3, "zone": "strait_other"}}, {"type": "Feature", "geometry": {"type": "Point", "coordinates": [104.05294, 1.30481]}, "properties": {"date": "202511", "npix": 12, "peak_db": 8.5, "zone": "strait_other"}}, {"type": "Feature", "geometry": {"type": "Point", "coordinates": [103.99394, 1.30439]}, "properties": {"date": "202511", "npix": 3, "peak_db": 16.2, "zone": "port_core"}}, {"type": "Feature", "geometry": {"type": "Point", "coordinates": [104.17806, 1.30428]}, "properties": {"date": "202511", "npix": 3, "peak_db": 10.0, "zone": "strait_other"}}, {"type": "Feature", "geometry": {"type": "Point", "coordinates": [104.07074, 1.30174]}, "properties": {"date": "202511", "npix": 7, "peak_db": 7.6, "zone": "strait_other"}}, {"type": "Feature", "geometry": {"type": "Point", "coordinates": [104.06892, 1.30098]}, "properties": {"date": "202511", "npix": 11, "peak_db": 12.1, "zone": "strait_other"}}, {"type": "Feature", "geometry": {"type": "Point", "coordinates": [104.19433, 1.30083]}, "properties": {"date": "202511", "npix": 4, "peak_db": 6.0, "zone": "strait_other"}}, {"type": "Feature", "geometry": {"type": "Point", "coordinates": [104.04443, 1.29783]}, "properties": {"date": "202511", "npix": 5, "peak_db": 11.9, "zone": "strait_other"}}, {"type": "Feature", "geometry": {"type": "Point", "coordinates": [104.05494, 1.29739]}, "properties": {"date": "202511", "npix": 3, "peak_db": 5.6, "zone": "strait_other"}}, {"type": "Feature", "geometry": {"type": "Point", "coordinates": [104.15863, 1.29743]}, "properties": {"date": "202511", "npix": 5, "peak_db": 17.0, "zone": "strait_other"}}, {"type": "Feature", "geometry": {"type": "Point", "coordinates": [104.05325, 1.29692]}, "properties": {"date": "202511", "npix": 4, "peak_db": 4.5, "zone": "strait_other"}}, {"type": "Feature", "geometry": {"type": "Point", "coordinates": [104.12523, 1.29677]}, "properties": {"date": "202511", "npix": 5, "peak_db": 8.4, "zone": "strait_other"}}, {"type": "Feature", "geometry": {"type": "Point", "coordinates": [104.00906, 1.29439]}, "properties": {"date": "202511", "npix": 3, "peak_db": 9.2, "zone": "port_core"}}, {"type": "Feature", "geometry": {"type": "Point", "coordinates": [104.0891, 1.29357]}, "properties": {"date": "202511", "npix": 5, "peak_db": 6.5, "zone": "strait_other"}}, {"type": "Feature", "geometry": {"type": "Point", "coordinates": [104.08763, 1.2931]}, "properties": {"date": "202511", "npix": 5, "peak_db": 17.8, "zone": "strait_other"}}, {"type": "Feature", "geometry": {"type": "Point", "coordinates": [104.14543, 1.2933]}, "properties": {"date": "202511", "npix": 5, "peak_db": 8.4, "zone": "strait_other"}}, {"type": "Feature", "geometry": {"type": "Point", "coordinates": [104.13217, 1.29302]}, "properties": {"date": "202511", "npix": 9, "peak_db": 11.0, "zone": "strait_other"}}, {"type": "Feature", "geometry": {"type": "Point", "coordinates": [103.92225, 1.29258]}, "properties": {"date": "202511", "npix": 4, "peak_db": 15.9, "zone": "port_core"}}, {"type": "Feature", "geometry": {"type": "Point", "coordinates": [104.21123, 1.29203]}, "properties": {"date": "202511", "npix": 5, "peak_db": 20.9, "zone": "strait_other"}}, {"type": "Feature", "geometry": {"type": "Point", "coordinates": [104.10228, 1.29172]}, "properties": {"date": "202511", "npix": 3, "peak_db": 4.0, "zone": "strait_other"}}, {"type": "Feature", "geometry": {"type": "Point", "coordinates": [104.06761, 1.28872]}, "properties": {"date": "202511", "npix": 3, "peak_db": 10.1, "zone": "strait_other"}}, {"type": "Feature", "geometry": {"type": "Point", "coordinates": [104.01223, 1.28843]}, "properties": {"date": "202511", "npix": 5, "peak_db": 14.3, "zone": "port_core"}}, {"type": "Feature", "geometry": {"type": "Point", "coordinates": [104.01928, 1.28761]}, "properties": {"date": "202511", "npix": 3, "peak_db": 6.8, "zone": "port_core"}}, {"type": "Feature", "geometry": {"type": "Point", "coordinates": [103.74442, 1.28675]}, "properties": {"date": "202511", "npix": 4, "peak_db": 11.8, "zone": "port_core"}}, {"type": "Feature", "geometry": {"type": "Point", "coordinates": [103.74967, 1.28517]}, "properties": {"date": "202511", "npix": 4, "peak_db": 17.7, "zone": "port_core"}}, {"type": "Feature", "geometry": {"type": "Point", "coordinates": [103.74872, 1.28428]}, "properties": {"date": "202511", "npix": 3, "peak_db": 10.4, "zone": "port_core"}}, {"type": "Feature", "geometry": {"type": "Point", "coordinates": [103.9907, 1.28423]}, "properties": {"date": "202511", "npix": 5, "peak_db": 12.0, "zone": "port_core"}}, {"type": "Feature", "geometry": {"type": "Point", "coordinates": [103.8895, 1.28375]}, "properties": {"date": "202511", "npix": 4, "peak_db": 13.1, "zone": "port_core"}}, {"type": "Feature", "geometry": {"type": "Point", "coordinates": [103.93306, 1.28328]}, "properties": {"date": "202511", "npix": 3, "peak_db": 14.9, "zone": "port_core"}}, {"type": "Feature", "geometry": {"type": "Point", "coordinates": [103.97861, 1.28239]}, "properties": {"date": "202511", "npix": 3, "peak_db": 8.6, "zone": "port_core"}}, {"type": "Feature", "geometry": {"type": "Point", "coordinates": [104.00767, 1.2825]}, "properties": {"date": "202511", "npix": 4, "peak_db": 6.4, "zone": "port_core"}}, {"type": "Feature", "geometry": {"type": "Point", "coordinates": [104.00643, 1.28203]}, "properties": {"date": "202511", "npix": 5, "peak_db": 14.0, "zone": "port_core"}}, {"type": "Feature", "geometry": {"type": "Point", "coordinates": [103.66428, 1.28072]}, "properties": {"date": "202511", "npix": 3, "peak_db": 6.7, "zone": "western_opl"}}, {"type": "Feature", "geometry": {"type": "Point", "coordinates": [103.8845, 1.28017]}, "properties": {"date": "202511", "npix": 3, "peak_db": 9.1, "zone": "port_core"}}, {"type": "Feature", "geometry": {"type": "Point", "coordinates": [103.66254, 1.27871]}, "properties": {"date": "202511", "npix": 8, "peak_db": 6.2, "zone": "western_opl"}}, {"type": "Feature", "geometry": {"type": "Point", "coordinates": [103.99243, 1.2783]}, "properties": {"date": "202511", "npix": 5, "peak_db": 12.5, "zone": "port_core"}}, {"type": "Feature", "geometry": {"type": "Point", "coordinates": [103.91431, 1.27779]}, "properties": {"date": "202511", "npix": 7, "peak_db": 16.7, "zone": "port_core"}}, {"type": "Feature", "geometry": {"type": "Point", "coordinates": [103.905, 1.27667]}, "properties": {"date": "202511", "npix": 8, "peak_db": 25.9, "zone": "port_core"}}, {"type": "Feature", "geometry": {"type": "Point", "coordinates": [103.58775, 1.27608]}, "properties": {"date": "202511", "npix": 4, "peak_db": 12.5, "zone": "western_opl"}}, {"type": "Feature", "geometry": {"type": "Point", "coordinates": [103.88728, 1.27339]}, "properties": {"date": "202511", "npix": 3, "peak_db": 11.7, "zone": "port_core"}}, {"type": "Feature", "geometry": {"type": "Point", "coordinates": [103.88633, 1.2725]}, "properties": {"date": "202511", "npix": 6, "peak_db": 11.9, "zone": "port_core"}}, {"type": "Feature", "geometry": {"type": "Point", "coordinates": [103.90058, 1.27208]}, "properties": {"date": "202511", "npix": 4, "peak_db": 19.3, "zone": "port_core"}}, {"type": "Feature", "geometry": {"type": "Point", "coordinates": [104.01133, 1.27183]}, "properties": {"date": "202511", "npix": 6, "peak_db": 4.5, "zone": "port_core"}}, {"type": "Feature", "geometry": {"type": "Point", "coordinates": [103.59608, 1.2715]}, "properties": {"date": "202511", "npix": 4, "peak_db": 3.3, "zone": "western_opl"}}, {"type": "Feature", "geometry": {"type": "Point", "coordinates": [103.97194, 1.27161]}, "properties": {"date": "202511", "npix": 3, "peak_db": 11.4, "zone": "port_core"}}, {"type": "Feature", "geometry": {"type": "Point", "coordinates": [103.589, 1.2715]}, "properties": {"date": "202511", "npix": 4, "peak_db": 6.1, "zone": "western_opl"}}, {"type": "Feature", "geometry": {"type": "Point", "coordinates": [103.59528, 1.27128]}, "properties": {"date": "202511", "npix": 3, "peak_db": 13.4, "zone": "western_opl"}}, {"type": "Feature", "geometry": {"type": "Point", "coordinates": [103.92961, 1.27135]}, "properties": {"date": "202511", "npix": 9, "peak_db": 25.7, "zone": "port_core"}}, {"type": "Feature", "geometry": {"type": "Point", "coordinates": [103.96361, 1.27094]}, "properties": {"date": "202511", "npix": 3, "peak_db": 13.4, "zone": "port_core"}}, {"type": "Feature", "geometry": {"type": "Point", "coordinates": [103.58117, 1.2705]}, "properties": {"date": "202511", "npix": 5, "peak_db": 15.3, "zone": "western_opl"}}, {"type": "Feature", "geometry": {"type": "Point", "coordinates": [103.7539, 1.27063]}, "properties": {"date": "202511", "npix": 5, "peak_db": 6.6, "zone": "port_core"}}, {"type": "Feature", "geometry": {"type": "Point", "coordinates": [104.00807, 1.26926]}, "properties": {"date": "202511", "npix": 7, "peak_db": 9.0, "zone": "port_core"}}, {"type": "Feature", "geometry": {"type": "Point", "coordinates": [104.03307, 1.26674]}, "properties": {"date": "202511", "npix": 7, "peak_db": 9.8, "zone": "strait_other"}}, {"type": "Feature", "geometry": {"type": "Point", "coordinates": [103.94658, 1.26658]}, "properties": {"date": "202511", "npix": 4, "peak_db": 9.0, "zone": "port_core"}}, {"type": "Feature", "geometry": {"type": "Point", "coordinates": [103.94492, 1.26608]}, "properties": {"date": "202511", "npix": 8, "peak_db": 15.8, "zone": "port_core"}}, {"type": "Feature", "geometry": {"type": "Point", "coordinates": [103.88439, 1.26394]}, "properties": {"date": "202511", "npix": 3, "peak_db": 9.2, "zone": "port_core"}}, {"type": "Feature", "geometry": {"type": "Point", "coordinates": [103.97583, 1.2635]}, "properties": {"date": "202511", "npix": 3, "peak_db": 10.2, "zone": "port_core"}}, {"type": "Feature", "geometry": {"type": "Point", "coordinates": [103.87275, 1.26242]}, "properties": {"date": "202511", "npix": 4, "peak_db": 10.0, "zone": "port_core"}}, {"type": "Feature", "geometry": {"type": "Point", "coordinates": [103.98383, 1.26217]}, "properties": {"date": "202511", "npix": 5, "peak_db": 13.1, "zone": "port_core"}}, {"type": "Feature", "geometry": {"type": "Point", "coordinates": [103.56536, 1.26112]}, "properties": {"date": "202511", "npix": 7, "peak_db": 18.7, "zone": "strait_other"}}, {"type": "Feature", "geometry": {"type": "Point", "coordinates": [103.5843, 1.26083]}, "properties": {"date": "202511", "npix": 10, "peak_db": 24.9, "zone": "western_opl"}}, {"type": "Feature", "geometry": {"type": "Point", "coordinates": [104.002, 1.26083]}, "properties": {"date": "202511", "npix": 6, "peak_db": 8.1, "zone": "port_core"}}, {"type": "Feature", "geometry": {"type": "Point", "coordinates": [103.89228, 1.25861]}, "properties": {"date": "202511", "npix": 6, "peak_db": 15.0, "zone": "port_core"}}, {"type": "Feature", "geometry": {"type": "Point", "coordinates": [103.63564, 1.25831]}, "properties": {"date": "202511", "npix": 7, "peak_db": -10.0, "zone": "western_opl"}}, {"type": "Feature", "geometry": {"type": "Point", "coordinates": [103.86811, 1.25667]}, "properties": {"date": "202511", "npix": 6, "peak_db": 7.7, "zone": "port_core"}}, {"type": "Feature", "geometry": {"type": "Point", "coordinates": [103.97887, 1.25627]}, "properties": {"date": "202511", "npix": 10, "peak_db": 21.7, "zone": "port_core"}}, {"type": "Feature", "geometry": {"type": "Point", "coordinates": [103.86739, 1.25572]}, "properties": {"date": "202511", "npix": 3, "peak_db": 7.3, "zone": "port_core"}}, {"type": "Feature", "geometry": {"type": "Point", "coordinates": [103.92417, 1.25563]}, "properties": {"date": "202511", "npix": 5, "peak_db": 10.0, "zone": "port_core"}}, {"type": "Feature", "geometry": {"type": "Point", "coordinates": [103.80421, 1.25412]}, "properties": {"date": "202511", "npix": 7, "peak_db": 18.7, "zone": "port_core"}}, {"type": "Feature", "geometry": {"type": "Point", "coordinates": [103.90617, 1.25417]}, "properties": {"date": "202511", "npix": 3, "peak_db": 9.9, "zone": "port_core"}}, {"type": "Feature", "geometry": {"type": "Point", "coordinates": [103.64983, 1.2535]}, "properties": {"date": "202511", "npix": 5, "peak_db": 12.0, "zone": "western_opl"}}, {"type": "Feature", "geometry": {"type": "Point", "coordinates": [103.9837, 1.25297]}, "properties": {"date": "202511", "npix": 5, "peak_db": 7.2, "zone": "port_core"}}, {"type": "Feature", "geometry": {"type": "Point", "coordinates": [103.79983, 1.2525]}, "properties": {"date": "202511", "npix": 3, "peak_db": 11.3, "zone": "port_core"}}, {"type": "Feature", "geometry": {"type": "Point", "coordinates": [103.92925, 1.25117]}, "properties": {"date": "202511", "npix": 4, "peak_db": 6.6, "zone": "port_core"}}, {"type": "Feature", "geometry": {"type": "Point", "coordinates": [103.92825, 1.25083]}, "properties": {"date": "202511", "npix": 4, "peak_db": 12.5, "zone": "port_core"}}, {"type": "Feature", "geometry": {"type": "Point", "coordinates": [103.91788, 1.25031]}, "properties": {"date": "202511", "npix": 7, "peak_db": 16.2, "zone": "port_core"}}, {"type": "Feature", "geometry": {"type": "Point", "coordinates": [103.94261, 1.24972]}, "properties": {"date": "202511", "npix": 3, "peak_db": 7.0, "zone": "port_core"}}, {"type": "Feature", "geometry": {"type": "Point", "coordinates": [103.88533, 1.24917]}, "properties": {"date": "202511", "npix": 4, "peak_db": 14.6, "zone": "port_core"}}, {"type": "Feature", "geometry": {"type": "Point", "coordinates": [103.86928, 1.24806]}, "properties": {"date": "202511", "npix": 3, "peak_db": 9.2, "zone": "port_core"}}, {"type": "Feature", "geometry": {"type": "Point", "coordinates": [103.89143, 1.24666]}, "properties": {"date": "202511", "npix": 19, "peak_db": 14.2, "zone": "port_core"}}, {"type": "Feature", "geometry": {"type": "Point", "coordinates": [103.87369, 1.24531]}, "properties": {"date": "202511", "npix": 7, "peak_db": 12.8, "zone": "port_core"}}, {"type": "Feature", "geometry": {"type": "Point", "coordinates": [103.64923, 1.24503]}, "properties": {"date": "202511", "npix": 5, "peak_db": 6.9, "zone": "western_opl"}}, {"type": "Feature", "geometry": {"type": "Point", "coordinates": [103.94569, 1.24335]}, "properties": {"date": "202511", "npix": 9, "peak_db": 23.2, "zone": "port_core"}}, {"type": "Feature", "geometry": {"type": "Point", "coordinates": [103.6945, 1.24288]}, "properties": {"date": "202511", "npix": 7, "peak_db": 9.5, "zone": "port_core"}}, {"type": "Feature", "geometry": {"type": "Point", "coordinates": [103.80072, 1.24128]}, "properties": {"date": "202511", "npix": 3, "peak_db": 18.2, "zone": "port_core"}}, {"type": "Feature", "geometry": {"type": "Point", "coordinates": [103.91683, 1.24033]}, "properties": {"date": "202511", "npix": 4, "peak_db": 15.7, "zone": "port_core"}}, {"type": "Feature", "geometry": {"type": "Point", "coordinates": [103.916, 1.23967]}, "properties": {"date": "202511", "npix": 4, "peak_db": 21.9, "zone": "port_core"}}, {"type": "Feature", "geometry": {"type": "Point", "coordinates": [103.915, 1.23933]}, "properties": {"date": "202511", "npix": 4, "peak_db": 21.4, "zone": "port_core"}}, {"type": "Feature", "geometry": {"type": "Point", "coordinates": [103.85856, 1.23839]}, "properties": {"date": "202511", "npix": 6, "peak_db": 8.4, "zone": "port_core"}}, {"type": "Feature", "geometry": {"type": "Point", "coordinates": [103.80017, 1.2375]}, "properties": {"date": "202511", "npix": 3, "peak_db": 12.8, "zone": "port_core"}}, {"type": "Feature", "geometry": {"type": "Point", "coordinates": [103.64725, 1.23642]}, "properties": {"date": "202511", "npix": 4, "peak_db": 1.9, "zone": "western_opl"}}, {"type": "Feature", "geometry": {"type": "Point", "coordinates": [103.87967, 1.2365]}, "properties": {"date": "202511", "npix": 6, "peak_db": 7.6, "zone": "port_core"}}, {"type": "Feature", "geometry": {"type": "Point", "coordinates": [103.71439, 1.23606]}, "properties": {"date": "202511", "npix": 3, "peak_db": -0.9, "zone": "port_core"}}, {"type": "Feature", "geometry": {"type": "Point", "coordinates": [103.89058, 1.23492]}, "properties": {"date": "202511", "npix": 4, "peak_db": 10.2, "zone": "port_core"}}, {"type": "Feature", "geometry": {"type": "Point", "coordinates": [103.88983, 1.23383]}, "properties": {"date": "202511", "npix": 5, "peak_db": 9.1, "zone": "port_core"}}, {"type": "Feature", "geometry": {"type": "Point", "coordinates": [103.81257, 1.23023]}, "properties": {"date": "202511", "npix": 5, "peak_db": 17.5, "zone": "port_core"}}, {"type": "Feature", "geometry": {"type": "Point", "coordinates": [103.78392, 1.22867]}, "properties": {"date": "202511", "npix": 8, "peak_db": 24.2, "zone": "port_core"}}, {"type": "Feature", "geometry": {"type": "Point", "coordinates": [103.8165, 1.22917]}, "properties": {"date": "202511", "npix": 3, "peak_db": 10.7, "zone": "port_core"}}, {"type": "Feature", "geometry": {"type": "Point", "coordinates": [103.71128, 1.22706]}, "properties": {"date": "202511", "npix": 3, "peak_db": 5.4, "zone": "port_core"}}, {"type": "Feature", "geometry": {"type": "Point", "coordinates": [103.71833, 1.22517]}, "properties": {"date": "202511", "npix": 4, "peak_db": 11.7, "zone": "port_core"}}, {"type": "Feature", "geometry": {"type": "Point", "coordinates": [103.70761, 1.22439]}, "properties": {"date": "202511", "npix": 3, "peak_db": 10.8, "zone": "port_core"}}, {"type": "Feature", "geometry": {"type": "Point", "coordinates": [103.80033, 1.22283]}, "properties": {"date": "202511", "npix": 6, "peak_db": 13.5, "zone": "port_core"}}, {"type": "Feature", "geometry": {"type": "Point", "coordinates": [103.61988, 1.22202]}, "properties": {"date": "202511", "npix": 7, "peak_db": 14.0, "zone": "western_opl"}}, {"type": "Feature", "geometry": {"type": "Point", "coordinates": [103.65067, 1.22233]}, "properties": {"date": "202511", "npix": 4, "peak_db": 10.2, "zone": "western_opl"}}, {"type": "Feature", "geometry": {"type": "Point", "coordinates": [103.71617, 1.2225]}, "properties": {"date": "202511", "npix": 3, "peak_db": 13.7, "zone": "port_core"}}, {"type": "Feature", "geometry": {"type": "Point", "coordinates": [103.64757, 1.22197]}, "properties": {"date": "202511", "npix": 5, "peak_db": 7.1, "zone": "western_opl"}}, {"type": "Feature", "geometry": {"type": "Point", "coordinates": [103.74294, 1.22172]}, "properties": {"date": "202511", "npix": 3, "peak_db": -0.6, "zone": "port_core"}}, {"type": "Feature", "geometry": {"type": "Point", "coordinates": [103.69906, 1.22128]}, "properties": {"date": "202511", "npix": 3, "peak_db": 9.6, "zone": "port_core"}}, {"type": "Feature", "geometry": {"type": "Point", "coordinates": [103.81117, 1.22117]}, "properties": {"date": "202511", "npix": 3, "peak_db": 13.2, "zone": "port_core"}}, {"type": "Feature", "geometry": {"type": "Point", "coordinates": [103.64761, 1.21961]}, "properties": {"date": "202511", "npix": 3, "peak_db": 3.3, "zone": "western_opl"}}, {"type": "Feature", "geometry": {"type": "Point", "coordinates": [103.65294, 1.21972]}, "properties": {"date": "202511", "npix": 3, "peak_db": 3.8, "zone": "western_opl"}}, {"type": "Feature", "geometry": {"type": "Point", "coordinates": [103.738, 1.21967]}, "properties": {"date": "202511", "npix": 4, "peak_db": 8.0, "zone": "port_core"}}, {"type": "Feature", "geometry": {"type": "Point", "coordinates": [103.73117, 1.21917]}, "properties": {"date": "202511", "npix": 3, "peak_db": 0.1, "zone": "port_core"}}, {"type": "Feature", "geometry": {"type": "Point", "coordinates": [103.74667, 1.21683]}, "properties": {"date": "202511", "npix": 4, "peak_db": 4.3, "zone": "port_core"}}, {"type": "Feature", "geometry": {"type": "Point", "coordinates": [103.67238, 1.21653]}, "properties": {"date": "202511", "npix": 11, "peak_db": 20.7, "zone": "western_opl"}}, {"type": "Feature", "geometry": {"type": "Point", "coordinates": [103.79532, 1.21638]}, "properties": {"date": "202511", "npix": 11, "peak_db": 12.8, "zone": "port_core"}}, {"type": "Feature", "geometry": {"type": "Point", "coordinates": [103.73729, 1.21625]}, "properties": {"date": "202511", "npix": 8, "peak_db": 22.5, "zone": "port_core"}}, {"type": "Feature", "geometry": {"type": "Point", "coordinates": [103.79675, 1.21517]}, "properties": {"date": "202511", "npix": 8, "peak_db": 11.3, "zone": "port_core"}}, {"type": "Feature", "geometry": {"type": "Point", "coordinates": [103.81212, 1.21507]}, "properties": {"date": "202511", "npix": 7, "peak_db": 6.9, "zone": "port_core"}}, {"type": "Feature", "geometry": {"type": "Point", "coordinates": [103.82417, 1.21462]}, "properties": {"date": "202511", "npix": 8, "peak_db": 15.6, "zone": "port_core"}}, {"type": "Feature", "geometry": {"type": "Point", "coordinates": [103.69017, 1.21483]}, "properties": {"date": "202511", "npix": 3, "peak_db": 4.4, "zone": "port_core"}}, {"type": "Feature", "geometry": {"type": "Point", "coordinates": [103.77528, 1.21372]}, "properties": {"date": "202511", "npix": 3, "peak_db": -7.5, "zone": "port_core"}}, {"type": "Feature", "geometry": {"type": "Point", "coordinates": [103.83917, 1.20917]}, "properties": {"date": "202511", "npix": 3, "peak_db": 9.6, "zone": "port_core"}}, {"type": "Feature", "geometry": {"type": "Point", "coordinates": [103.87056, 1.20689]}, "properties": {"date": "202511", "npix": 6, "peak_db": 21.1, "zone": "port_core"}}, {"type": "Feature", "geometry": {"type": "Point", "coordinates": [103.61875, 1.20325]}, "properties": {"date": "202511", "npix": 4, "peak_db": 11.4, "zone": "western_opl"}}, {"type": "Feature", "geometry": {"type": "Point", "coordinates": [103.73972, 1.20339]}, "properties": {"date": "202511", "npix": 3, "peak_db": 1.9, "zone": "port_core"}}, {"type": "Feature", "geometry": {"type": "Point", "coordinates": [103.65196, 1.20296]}, "properties": {"date": "202511", "npix": 8, "peak_db": 13.8, "zone": "western_opl"}}, {"type": "Feature", "geometry": {"type": "Point", "coordinates": [103.86606, 1.20272]}, "properties": {"date": "202511", "npix": 3, "peak_db": 21.8, "zone": "port_core"}}, {"type": "Feature", "geometry": {"type": "Point", "coordinates": [103.6505, 1.20242]}, "properties": {"date": "202511", "npix": 4, "peak_db": 12.8, "zone": "western_opl"}}, {"type": "Feature", "geometry": {"type": "Point", "coordinates": [103.89539, 1.20176]}, "properties": {"date": "202511", "npix": 9, "peak_db": 11.8, "zone": "port_core"}}, {"type": "Feature", "geometry": {"type": "Point", "coordinates": [103.81233, 1.20144]}, "properties": {"date": "202511", "npix": 12, "peak_db": 17.2, "zone": "port_core"}}, {"type": "Feature", "geometry": {"type": "Point", "coordinates": [103.66861, 1.20139]}, "properties": {"date": "202511", "npix": 3, "peak_db": 7.1, "zone": "western_opl"}}, {"type": "Feature", "geometry": {"type": "Point", "coordinates": [103.65972, 1.20094]}, "properties": {"date": "202511", "npix": 3, "peak_db": 14.2, "zone": "western_opl"}}, {"type": "Feature", "geometry": {"type": "Point", "coordinates": [103.6035, 1.20083]}, "properties": {"date": "202511", "npix": 3, "peak_db": 11.5, "zone": "western_opl"}}, {"type": "Feature", "geometry": {"type": "Point", "coordinates": [103.65728, 1.19994]}, "properties": {"date": "202511", "npix": 3, "peak_db": 13.4, "zone": "western_opl"}}, {"type": "Feature", "geometry": {"type": "Point", "coordinates": [103.83083, 1.2]}, "properties": {"date": "202511", "npix": 6, "peak_db": 8.4, "zone": "port_core"}}, {"type": "Feature", "geometry": {"type": "Point", "coordinates": [103.82392, 1.19975]}, "properties": {"date": "202511", "npix": 4, "peak_db": 3.9, "zone": "strait_other"}}, {"type": "Feature", "geometry": {"type": "Point", "coordinates": [103.89917, 1.19955]}, "properties": {"date": "202511", "npix": 7, "peak_db": 13.6, "zone": "strait_other"}}, {"type": "Feature", "geometry": {"type": "Point", "coordinates": [103.85008, 1.19883]}, "properties": {"date": "202511", "npix": 8, "peak_db": 14.9, "zone": "strait_other"}}, {"type": "Feature", "geometry": {"type": "Point", "coordinates": [103.67475, 1.19825]}, "properties": {"date": "202511", "npix": 4, "peak_db": 14.8, "zone": "western_opl"}}, {"type": "Feature", "geometry": {"type": "Point", "coordinates": [103.99058, 1.19425]}, "properties": {"date": "202511", "npix": 4, "peak_db": 10.6, "zone": "strait_other"}}, {"type": "Feature", "geometry": {"type": "Point", "coordinates": [103.98917, 1.19367]}, "properties": {"date": "202511", "npix": 8, "peak_db": 10.3, "zone": "strait_other"}}, {"type": "Feature", "geometry": {"type": "Point", "coordinates": [103.96617, 1.19217]}, "properties": {"date": "202511", "npix": 3, "peak_db": 11.7, "zone": "strait_other"}}, {"type": "Feature", "geometry": {"type": "Point", "coordinates": [103.69217, 1.19183]}, "properties": {"date": "202511", "npix": 3, "peak_db": 10.8, "zone": "western_opl"}}, {"type": "Feature", "geometry": {"type": "Point", "coordinates": [103.9649, 1.19177]}, "properties": {"date": "202511", "npix": 5, "peak_db": 10.1, "zone": "strait_other"}}, {"type": "Feature", "geometry": {"type": "Point", "coordinates": [103.67874, 1.19098]}, "properties": {"date": "202511", "npix": 7, "peak_db": 22.6, "zone": "western_opl"}}, {"type": "Feature", "geometry": {"type": "Point", "coordinates": [103.80408, 1.18942]}, "properties": {"date": "202511", "npix": 4, "peak_db": 4.0, "zone": "strait_other"}}, {"type": "Feature", "geometry": {"type": "Point", "coordinates": [103.95512, 1.18909]}, "properties": {"date": "202511", "npix": 13, "peak_db": 10.8, "zone": "strait_other"}}, {"type": "Feature", "geometry": {"type": "Point", "coordinates": [103.85526, 1.18817]}, "properties": {"date": "202511", "npix": 7, "peak_db": 10.3, "zone": "strait_other"}}, {"type": "Feature", "geometry": {"type": "Point", "coordinates": [103.92083, 1.18667]}, "properties": {"date": "202511", "npix": 4, "peak_db": 8.9, "zone": "strait_other"}}, {"type": "Feature", "geometry": {"type": "Point", "coordinates": [103.78071, 1.18567]}, "properties": {"date": "202511", "npix": 8, "peak_db": 20.7, "zone": "strait_other"}}, {"type": "Feature", "geometry": {"type": "Point", "coordinates": [103.96906, 1.18506]}, "properties": {"date": "202511", "npix": 3, "peak_db": 8.9, "zone": "strait_other"}}, {"type": "Feature", "geometry": {"type": "Point", "coordinates": [103.98343, 1.18503]}, "properties": {"date": "202511", "npix": 5, "peak_db": 9.4, "zone": "strait_other"}}, {"type": "Feature", "geometry": {"type": "Point", "coordinates": [103.76583, 1.18283]}, "properties": {"date": "202511", "npix": 3, "peak_db": 12.0, "zone": "western_opl"}}, {"type": "Feature", "geometry": {"type": "Point", "coordinates": [103.93802, 1.18107]}, "properties": {"date": "202511", "npix": 7, "peak_db": 10.5, "zone": "strait_other"}}, {"type": "Feature", "geometry": {"type": "Point", "coordinates": [103.70733, 1.18017]}, "properties": {"date": "202511", "npix": 4, "peak_db": 17.4, "zone": "western_opl"}}, {"type": "Feature", "geometry": {"type": "Point", "coordinates": [103.75917, 1.17983]}, "properties": {"date": "202511", "npix": 3, "peak_db": 16.0, "zone": "western_opl"}}, {"type": "Feature", "geometry": {"type": "Point", "coordinates": [103.704, 1.179]}, "properties": {"date": "202511", "npix": 6, "peak_db": 23.7, "zone": "western_opl"}}, {"type": "Feature", "geometry": {"type": "Point", "coordinates": [103.84672, 1.17611]}, "properties": {"date": "202511", "npix": 6, "peak_db": 6.4, "zone": "strait_other"}}, {"type": "Feature", "geometry": {"type": "Point", "coordinates": [103.81528, 1.17594]}, "properties": {"date": "202511", "npix": 3, "peak_db": 5.3, "zone": "strait_other"}}, {"type": "Feature", "geometry": {"type": "Point", "coordinates": [103.82286, 1.17581]}, "properties": {"date": "202511", "npix": 13, "peak_db": 7.6, "zone": "strait_other"}}, {"type": "Feature", "geometry": {"type": "Point", "coordinates": [103.83845, 1.17537]}, "properties": {"date": "202511", "npix": 13, "peak_db": 16.3, "zone": "strait_other"}}, {"type": "Feature", "geometry": {"type": "Point", "coordinates": [103.79217, 1.17542]}, "properties": {"date": "202511", "npix": 4, "peak_db": 8.7, "zone": "strait_other"}}, {"type": "Feature", "geometry": {"type": "Point", "coordinates": [103.76431, 1.17483]}, "properties": {"date": "202511", "npix": 9, "peak_db": 10.2, "zone": "western_opl"}}, {"type": "Feature", "geometry": {"type": "Point", "coordinates": [103.95593, 1.17502]}, "properties": {"date": "202511", "npix": 7, "peak_db": 12.0, "zone": "strait_other"}}, {"type": "Feature", "geometry": {"type": "Point", "coordinates": [103.96528, 1.17506]}, "properties": {"date": "202511", "npix": 3, "peak_db": 5.7, "zone": "strait_other"}}, {"type": "Feature", "geometry": {"type": "Point", "coordinates": [103.93372, 1.17444]}, "properties": {"date": "202511", "npix": 6, "peak_db": 8.7, "zone": "strait_other"}}, {"type": "Feature", "geometry": {"type": "Point", "coordinates": [103.94706, 1.1735]}, "properties": {"date": "202511", "npix": 6, "peak_db": 13.2, "zone": "strait_other"}}, {"type": "Feature", "geometry": {"type": "Point", "coordinates": [103.81675, 1.16417]}, "properties": {"date": "202511", "npix": 8, "peak_db": 2.8, "zone": "strait_other"}}, {"type": "Feature", "geometry": {"type": "Point", "coordinates": [103.7535, 1.16279]}, "properties": {"date": "202511", "npix": 16, "peak_db": 27.6, "zone": "western_opl"}}, {"type": "Feature", "geometry": {"type": "Point", "coordinates": [103.98057, 1.1633]}, "properties": {"date": "202511", "npix": 5, "peak_db": 9.9, "zone": "strait_other"}}, {"type": "Feature", "geometry": {"type": "Point", "coordinates": [103.97623, 1.16237]}, "properties": {"date": "202511", "npix": 5, "peak_db": 11.7, "zone": "strait_other"}}, {"type": "Feature", "geometry": {"type": "Point", "coordinates": [103.9375, 1.16167]}, "properties": {"date": "202511", "npix": 8, "peak_db": 20.3, "zone": "strait_other"}}, {"type": "Feature", "geometry": {"type": "Point", "coordinates": [103.94839, 1.16172]}, "properties": {"date": "202511", "npix": 3, "peak_db": 5.0, "zone": "strait_other"}}, {"type": "Feature", "geometry": {"type": "Point", "coordinates": [103.95217, 1.16067]}, "properties": {"date": "202511", "npix": 8, "peak_db": 11.8, "zone": "strait_other"}}, {"type": "Feature", "geometry": {"type": "Point", "coordinates": [103.76593, 1.15887]}, "properties": {"date": "202511", "npix": 10, "peak_db": 12.5, "zone": "western_opl"}}, {"type": "Feature", "geometry": {"type": "Point", "coordinates": [103.98992, 1.15883]}, "properties": {"date": "202511", "npix": 4, "peak_db": 10.0, "zone": "strait_other"}}, {"type": "Feature", "geometry": {"type": "Point", "coordinates": [103.7697, 1.15723]}, "properties": {"date": "202511", "npix": 5, "peak_db": 21.9, "zone": "western_opl"}}, {"type": "Feature", "geometry": {"type": "Point", "coordinates": [103.76883, 1.15656]}, "properties": {"date": "202511", "npix": 6, "peak_db": 8.6, "zone": "western_opl"}}, {"type": "Feature", "geometry": {"type": "Point", "coordinates": [103.96464, 1.15321]}, "properties": {"date": "202511", "npix": 7, "peak_db": 12.6, "zone": "strait_other"}}, {"type": "Feature", "geometry": {"type": "Point", "coordinates": [103.95475, 1.15125]}, "properties": {"date": "202511", "npix": 4, "peak_db": 15.2, "zone": "strait_other"}}, {"type": "Feature", "geometry": {"type": "Point", "coordinates": [103.78241, 1.14602]}, "properties": {"date": "202511", "npix": 11, "peak_db": 14.2, "zone": "strait_other"}}, {"type": "Feature", "geometry": {"type": "Point", "coordinates": [103.90306, 1.12228]}, "properties": {"date": "202511", "npix": 3, "peak_db": 6.2, "zone": "strait_other"}}, {"type": "Feature", "geometry": {"type": "Point", "coordinates": [103.75528, 1.11839]}, "properties": {"date": "202511", "npix": 3, "peak_db": 9.3, "zone": "western_opl"}}, {"type": "Feature", "geometry": {"type": "Point", "coordinates": [104.18736, 1.11679]}, "properties": {"date": "202511", "npix": 7, "peak_db": 32.5, "zone": "eastern_opl"}}, {"type": "Feature", "geometry": {"type": "Point", "coordinates": [103.89803, 1.1151]}, "properties": {"date": "202511", "npix": 5, "peak_db": -1.3, "zone": "strait_other"}}, {"type": "Feature", "geometry": {"type": "Point", "coordinates": [104.15793, 1.11486]}, "properties": {"date": "202511", "npix": 14, "peak_db": 26.8, "zone": "eastern_opl"}}, {"type": "Feature", "geometry": {"type": "Point", "coordinates": [104.18174, 1.10779]}, "properties": {"date": "202511", "npix": 7, "peak_db": 23.9, "zone": "eastern_opl"}}, {"type": "Feature", "geometry": {"type": "Point", "coordinates": [104.19607, 1.1024]}, "properties": {"date": "202511", "npix": 7, "peak_db": 11.7, "zone": "eastern_opl"}}, {"type": "Feature", "geometry": {"type": "Point", "coordinates": [104.18477, 1.1019]}, "properties": {"date": "202511", "npix": 5, "peak_db": 12.3, "zone": "eastern_opl"}}, {"type": "Feature", "geometry": {"type": "Point", "coordinates": [103.92472, 1.09539]}, "properties": {"date": "202511", "npix": 3, "peak_db": 4.6, "zone": "strait_other"}}, {"type": "Feature", "geometry": {"type": "Point", "coordinates": [104.18061, 1.09106]}, "properties": {"date": "202511", "npix": 3, "peak_db": 6.6, "zone": "eastern_opl"}}, {"type": "Feature", "geometry": {"type": "Point", "coordinates": [104.18083, 1.09025]}, "properties": {"date": "202511", "npix": 4, "peak_db": 15.7, "zone": "eastern_opl"}}, {"type": "Feature", "geometry": {"type": "Point", "coordinates": [104.14503, 1.08377]}, "properties": {"date": "202511", "npix": 5, "peak_db": 20.7, "zone": "eastern_opl"}}, {"type": "Feature", "geometry": {"type": "Point", "coordinates": [103.72072, 1.07994]}, "properties": {"date": "202511", "npix": 3, "peak_db": 31.2, "zone": "strait_other"}}, {"type": "Feature", "geometry": {"type": "Point", "coordinates": [103.926, 1.07817]}, "properties": {"date": "202511", "npix": 6, "peak_db": -7.8, "zone": "strait_other"}}, {"type": "Feature", "geometry": {"type": "Point", "coordinates": [104.14661, 1.06806]}, "properties": {"date": "202511", "npix": 3, "peak_db": 8.7, "zone": "strait_other"}}, {"type": "Feature", "geometry": {"type": "Point", "coordinates": [104.10156, 1.0662]}, "properties": {"date": "202511", "npix": 28, "peak_db": -5.2, "zone": "strait_other"}}, {"type": "Feature", "geometry": {"type": "Point", "coordinates": [104.18308, 1.05983]}, "properties": {"date": "202511", "npix": 4, "peak_db": 4.6, "zone": "strait_other"}}, {"type": "Feature", "geometry": {"type": "Point", "coordinates": [103.90357, 1.05237]}, "properties": {"date": "202511", "npix": 5, "peak_db": 10.3, "zone": "strait_other"}}, {"type": "Feature", "geometry": {"type": "Point", "coordinates": [104.02694, 1.52728]}, "properties": {"date": "202512", "npix": 3, "peak_db": 9.9, "zone": "strait_other"}}, {"type": "Feature", "geometry": {"type": "Point", "coordinates": [104.02737, 1.5231]}, "properties": {"date": "202512", "npix": 5, "peak_db": -3.2, "zone": "strait_other"}}, {"type": "Feature", "geometry": {"type": "Point", "coordinates": [103.82063, 1.47877]}, "properties": {"date": "202512", "npix": 10, "peak_db": 5.6, "zone": "strait_other"}}, {"type": "Feature", "geometry": {"type": "Point", "coordinates": [103.7905, 1.4735]}, "properties": {"date": "202512", "npix": 3, "peak_db": 2.6, "zone": "strait_other"}}, {"type": "Feature", "geometry": {"type": "Point", "coordinates": [103.79072, 1.47206]}, "properties": {"date": "202512", "npix": 3, "peak_db": -9.1, "zone": "strait_other"}}, {"type": "Feature", "geometry": {"type": "Point", "coordinates": [103.83339, 1.47172]}, "properties": {"date": "202512", "npix": 3, "peak_db": 2.0, "zone": "strait_other"}}, {"type": "Feature", "geometry": {"type": "Point", "coordinates": [103.88721, 1.42908]}, "properties": {"date": "202512", "npix": 16, "peak_db": 13.3, "zone": "strait_other"}}, {"type": "Feature", "geometry": {"type": "Point", "coordinates": [103.90033, 1.426]}, "properties": {"date": "202512", "npix": 4, "peak_db": -1.8, "zone": "strait_other"}}, {"type": "Feature", "geometry": {"type": "Point", "coordinates": [103.9209, 1.41637]}, "properties": {"date": "202512", "npix": 5, "peak_db": 2.9, "zone": "strait_other"}}, {"type": "Feature", "geometry": {"type": "Point", "coordinates": [104.00733, 1.39456]}, "properties": {"date": "202512", "npix": 6, "peak_db": 12.0, "zone": "strait_other"}}, {"type": "Feature", "geometry": {"type": "Point", "coordinates": [104.09492, 1.39158]}, "properties": {"date": "202512", "npix": 4, "peak_db": 13.1, "zone": "strait_other"}}, {"type": "Feature", "geometry": {"type": "Point", "coordinates": [104.00428, 1.38711]}, "properties": {"date": "202512", "npix": 6, "peak_db": 6.2, "zone": "strait_other"}}, {"type": "Feature", "geometry": {"type": "Point", "coordinates": [104.06256, 1.35822]}, "properties": {"date": "202512", "npix": 6, "peak_db": 9.1, "zone": "strait_other"}}, {"type": "Feature", "geometry": {"type": "Point", "coordinates": [104.07222, 1.35256]}, "properties": {"date": "202512", "npix": 6, "peak_db": 8.7, "zone": "strait_other"}}, {"type": "Feature", "geometry": {"type": "Point", "coordinates": [104.03617, 1.3445]}, "properties": {"date": "202512", "npix": 3, "peak_db": 15.0, "zone": "strait_other"}}, {"type": "Feature", "geometry": {"type": "Point", "coordinates": [104.03567, 1.343]}, "properties": {"date": "202512", "npix": 4, "peak_db": 4.3, "zone": "strait_other"}}, {"type": "Feature", "geometry": {"type": "Point", "coordinates": [104.08667, 1.34294]}, "properties": {"date": "202512", "npix": 6, "peak_db": 11.7, "zone": "strait_other"}}, {"type": "Feature", "geometry": {"type": "Point", "coordinates": [104.09483, 1.34183]}, "properties": {"date": "202512", "npix": 5, "peak_db": 7.3, "zone": "strait_other"}}, {"type": "Feature", "geometry": {"type": "Point", "coordinates": [104.09003, 1.33763]}, "properties": {"date": "202512", "npix": 5, "peak_db": 14.5, "zone": "strait_other"}}, {"type": "Feature", "geometry": {"type": "Point", "coordinates": [104.1353, 1.33457]}, "properties": {"date": "202512", "npix": 5, "peak_db": 4.4, "zone": "strait_other"}}, {"type": "Feature", "geometry": {"type": "Point", "coordinates": [104.11294, 1.33339]}, "properties": {"date": "202512", "npix": 3, "peak_db": 9.2, "zone": "strait_other"}}, {"type": "Feature", "geometry": {"type": "Point", "coordinates": [104.26733, 1.33233]}, "properties": {"date": "202512", "npix": 8, "peak_db": 13.9, "zone": "strait_other"}}, {"type": "Feature", "geometry": {"type": "Point", "coordinates": [104.05633, 1.3325]}, "properties": {"date": "202512", "npix": 4, "peak_db": 6.6, "zone": "strait_other"}}, {"type": "Feature", "geometry": {"type": "Point", "coordinates": [104.1165, 1.3325]}, "properties": {"date": "202512", "npix": 3, "peak_db": 9.4, "zone": "strait_other"}}, {"type": "Feature", "geometry": {"type": "Point", "coordinates": [104.10883, 1.33117]}, "properties": {"date": "202512", "npix": 3, "peak_db": 10.6, "zone": "strait_other"}}, {"type": "Feature", "geometry": {"type": "Point", "coordinates": [104.34891, 1.32913]}, "properties": {"date": "202512", "npix": 9, "peak_db": 17.2, "zone": "strait_other"}}, {"type": "Feature", "geometry": {"type": "Point", "coordinates": [104.11361, 1.32828]}, "properties": {"date": "202512", "npix": 3, "peak_db": 7.9, "zone": "strait_other"}}, {"type": "Feature", "geometry": {"type": "Point", "coordinates": [104.09639, 1.32794]}, "properties": {"date": "202512", "npix": 3, "peak_db": 2.6, "zone": "strait_other"}}, {"type": "Feature", "geometry": {"type": "Point", "coordinates": [104.10908, 1.32708]}, "properties": {"date": "202512", "npix": 4, "peak_db": 6.9, "zone": "strait_other"}}, {"type": "Feature", "geometry": {"type": "Point", "coordinates": [104.05383, 1.32625]}, "properties": {"date": "202512", "npix": 4, "peak_db": 1.3, "zone": "strait_other"}}, {"type": "Feature", "geometry": {"type": "Point", "coordinates": [104.26246, 1.32596]}, "properties": {"date": "202512", "npix": 8, "peak_db": 13.1, "zone": "strait_other"}}, {"type": "Feature", "geometry": {"type": "Point", "coordinates": [104.06743, 1.3259]}, "properties": {"date": "202512", "npix": 5, "peak_db": 4.6, "zone": "strait_other"}}, {"type": "Feature", "geometry": {"type": "Point", "coordinates": [104.06617, 1.32558]}, "properties": {"date": "202512", "npix": 4, "peak_db": 7.1, "zone": "strait_other"}}, {"type": "Feature", "geometry": {"type": "Point", "coordinates": [104.23142, 1.32575]}, "properties": {"date": "202512", "npix": 4, "peak_db": 12.0, "zone": "strait_other"}}, {"type": "Feature", "geometry": {"type": "Point", "coordinates": [104.25292, 1.3245]}, "properties": {"date": "202512", "npix": 4, "peak_db": 0.5, "zone": "strait_other"}}, {"type": "Feature", "geometry": {"type": "Point", "coordinates": [104.1161, 1.32337]}, "properties": {"date": "202512", "npix": 5, "peak_db": 11.7, "zone": "strait_other"}}, {"type": "Feature", "geometry": {"type": "Point", "coordinates": [104.2189, 1.3233]}, "properties": {"date": "202512", "npix": 5, "peak_db": 15.4, "zone": "strait_other"}}, {"type": "Feature", "geometry": {"type": "Point", "coordinates": [104.25239, 1.32339]}, "properties": {"date": "202512", "npix": 3, "peak_db": 9.4, "zone": "strait_other"}}, {"type": "Feature", "geometry": {"type": "Point", "coordinates": [104.14112, 1.32226]}, "properties": {"date": "202512", "npix": 7, "peak_db": 10.3, "zone": "strait_other"}}, {"type": "Feature", "geometry": {"type": "Point", "coordinates": [104.14606, 1.31972]}, "properties": {"date": "202512", "npix": 3, "peak_db": 8.2, "zone": "strait_other"}}, {"type": "Feature", "geometry": {"type": "Point", "coordinates": [104.06441, 1.31859]}, "properties": {"date": "202512", "npix": 15, "peak_db": 18.2, "zone": "strait_other"}}, {"type": "Feature", "geometry": {"type": "Point", "coordinates": [104.31992, 1.31858]}, "properties": {"date": "202512", "npix": 4, "peak_db": 17.0, "zone": "strait_other"}}, {"type": "Feature", "geometry": {"type": "Point", "coordinates": [104.31863, 1.31803]}, "properties": {"date": "202512", "npix": 5, "peak_db": 3.2, "zone": "strait_other"}}, {"type": "Feature", "geometry": {"type": "Point", "coordinates": [104.22161, 1.31772]}, "properties": {"date": "202512", "npix": 3, "peak_db": 6.2, "zone": "strait_other"}}, {"type": "Feature", "geometry": {"type": "Point", "coordinates": [104.285, 1.31692]}, "properties": {"date": "202512", "npix": 12, "peak_db": 16.6, "zone": "strait_other"}}, {"type": "Feature", "geometry": {"type": "Point", "coordinates": [104.10498, 1.3165]}, "properties": {"date": "202512", "npix": 7, "peak_db": 9.0, "zone": "strait_other"}}, {"type": "Feature", "geometry": {"type": "Point", "coordinates": [104.1445, 1.31517]}, "properties": {"date": "202512", "npix": 5, "peak_db": 13.6, "zone": "strait_other"}}, {"type": "Feature", "geometry": {"type": "Point", "coordinates": [104.11294, 1.31372]}, "properties": {"date": "202512", "npix": 3, "peak_db": 6.7, "zone": "strait_other"}}, {"type": "Feature", "geometry": {"type": "Point", "coordinates": [103.55632, 1.31138]}, "properties": {"date": "202512", "npix": 11, "peak_db": 17.7, "zone": "strait_other"}}, {"type": "Feature", "geometry": {"type": "Point", "coordinates": [104.13283, 1.31217]}, "properties": {"date": "202512", "npix": 3, "peak_db": 8.7, "zone": "strait_other"}}, {"type": "Feature", "geometry": {"type": "Point", "coordinates": [104.28713, 1.31206]}, "properties": {"date": "202512", "npix": 9, "peak_db": 11.6, "zone": "strait_other"}}, {"type": "Feature", "geometry": {"type": "Point", "coordinates": [104.1187, 1.31077]}, "properties": {"date": "202512", "npix": 5, "peak_db": 13.3, "zone": "strait_other"}}, {"type": "Feature", "geometry": {"type": "Point", "coordinates": [104.17923, 1.30743]}, "properties": {"date": "202512", "npix": 5, "peak_db": 8.4, "zone": "strait_other"}}, {"type": "Feature", "geometry": {"type": "Point", "coordinates": [104.11317, 1.30708]}, "properties": {"date": "202512", "npix": 4, "peak_db": 12.9, "zone": "strait_other"}}, {"type": "Feature", "geometry": {"type": "Point", "coordinates": [104.13043, 1.30603]}, "properties": {"date": "202512", "npix": 5, "peak_db": 12.7, "zone": "strait_other"}}, {"type": "Feature", "geometry": {"type": "Point", "coordinates": [104.16883, 1.30562]}, "properties": {"date": "202512", "npix": 11, "peak_db": 14.1, "zone": "strait_other"}}, {"type": "Feature", "geometry": {"type": "Point", "coordinates": [104.06975, 1.30525]}, "properties": {"date": "202512", "npix": 4, "peak_db": 11.9, "zone": "strait_other"}}, {"type": "Feature", "geometry": {"type": "Point", "coordinates": [104.07083, 1.3055]}, "properties": {"date": "202512", "npix": 3, "peak_db": 8.5, "zone": "strait_other"}}, {"type": "Feature", "geometry": {"type": "Point", "coordinates": [104.0475, 1.30477]}, "properties": {"date": "202512", "npix": 5, "peak_db": 8.3, "zone": "strait_other"}}, {"type": "Feature", "geometry": {"type": "Point", "coordinates": [104.11783, 1.305]}, "properties": {"date": "202512", "npix": 8, "peak_db": 11.9, "zone": "strait_other"}}, {"type": "Feature", "geometry": {"type": "Point", "coordinates": [104.28473, 1.30478]}, "properties": {"date": "202512", "npix": 13, "peak_db": 17.1, "zone": "strait_other"}}, {"type": "Feature", "geometry": {"type": "Point", "coordinates": [104.05377, 1.3047]}, "properties": {"date": "202512", "npix": 5, "peak_db": 16.0, "zone": "strait_other"}}, {"type": "Feature", "geometry": {"type": "Point", "coordinates": [104.24905, 1.30405]}, "properties": {"date": "202512", "npix": 14, "peak_db": 14.5, "zone": "strait_other"}}, {"type": "Feature", "geometry": {"type": "Point", "coordinates": [103.99375, 1.30375]}, "properties": {"date": "202512", "npix": 4, "peak_db": 12.7, "zone": "port_core"}}, {"type": "Feature", "geometry": {"type": "Point", "coordinates": [104.1458, 1.30387]}, "properties": {"date": "202512", "npix": 10, "peak_db": 16.5, "zone": "strait_other"}}, {"type": "Feature", "geometry": {"type": "Point", "coordinates": [104.04623, 1.30363]}, "properties": {"date": "202512", "npix": 5, "peak_db": 13.8, "zone": "strait_other"}}, {"type": "Feature", "geometry": {"type": "Point", "coordinates": [103.9905, 1.3025]}, "properties": {"date": "202512", "npix": 3, "peak_db": 13.7, "zone": "port_core"}}, {"type": "Feature", "geometry": {"type": "Point", "coordinates": [104.0923, 1.30237]}, "properties": {"date": "202512", "npix": 5, "peak_db": 11.9, "zone": "strait_other"}}, {"type": "Feature", "geometry": {"type": "Point", "coordinates": [103.97672, 1.30228]}, "properties": {"date": "202512", "npix": 3, "peak_db": 12.8, "zone": "port_core"}}, {"type": "Feature", "geometry": {"type": "Point", "coordinates": [104.22764, 1.30202]}, "properties": {"date": "202512", "npix": 7, "peak_db": 12.7, "zone": "strait_other"}}, {"type": "Feature", "geometry": {"type": "Point", "coordinates": [103.70897, 1.3007]}, "properties": {"date": "202512", "npix": 5, "peak_db": -4.0, "zone": "port_core"}}, {"type": "Feature", "geometry": {"type": "Point", "coordinates": [103.86972, 1.30078]}, "properties": {"date": "202512", "npix": 6, "peak_db": -1.8, "zone": "port_core"}}, {"type": "Feature", "geometry": {"type": "Point", "coordinates": [104.15667, 1.30083]}, "properties": {"date": "202512", "npix": 6, "peak_db": 9.5, "zone": "strait_other"}}, {"type": "Feature", "geometry": {"type": "Point", "coordinates": [104.112, 1.29967]}, "properties": {"date": "202512", "npix": 4, "peak_db": 10.9, "zone": "strait_other"}}, {"type": "Feature", "geometry": {"type": "Point", "coordinates": [104.06367, 1.29733]}, "properties": {"date": "202512", "npix": 4, "peak_db": 21.1, "zone": "strait_other"}}, {"type": "Feature", "geometry": {"type": "Point", "coordinates": [104.25929, 1.29688]}, "properties": {"date": "202512", "npix": 8, "peak_db": 10.6, "zone": "strait_other"}}, {"type": "Feature", "geometry": {"type": "Point", "coordinates": [104.00906, 1.29639]}, "properties": {"date": "202512", "npix": 3, "peak_db": 11.0, "zone": "port_core"}}, {"type": "Feature", "geometry": {"type": "Point", "coordinates": [103.64777, 1.29577]}, "properties": {"date": "202512", "npix": 5, "peak_db": -2.6, "zone": "western_opl"}}, {"type": "Feature", "geometry": {"type": "Point", "coordinates": [104.19472, 1.29494]}, "properties": {"date": "202512", "npix": 3, "peak_db": 5.6, "zone": "strait_other"}}, {"type": "Feature", "geometry": {"type": "Point", "coordinates": [104.07239, 1.29361]}, "properties": {"date": "202512", "npix": 3, "peak_db": 2.9, "zone": "strait_other"}}, {"type": "Feature", "geometry": {"type": "Point", "coordinates": [104.13161, 1.29361]}, "properties": {"date": "202512", "npix": 3, "peak_db": 13.5, "zone": "strait_other"}}, {"type": "Feature", "geometry": {"type": "Point", "coordinates": [104.08717, 1.2935]}, "properties": {"date": "202512", "npix": 26, "peak_db": 21.0, "zone": "strait_other"}}, {"type": "Feature", "geometry": {"type": "Point", "coordinates": [104.08483, 1.29217]}, "properties": {"date": "202512", "npix": 26, "peak_db": 21.0, "zone": "strait_other"}}, {"type": "Feature", "geometry": {"type": "Point", "coordinates": [104.0705, 1.29258]}, "properties": {"date": "202512", "npix": 4, "peak_db": 12.7, "zone": "strait_other"}}, {"type": "Feature", "geometry": {"type": "Point", "coordinates": [103.73617, 1.291]}, "properties": {"date": "202512", "npix": 10, "peak_db": 11.2, "zone": "port_core"}}, {"type": "Feature", "geometry": {"type": "Point", "coordinates": [104.04481, 1.29091]}, "properties": {"date": "202512", "npix": 18, "peak_db": 19.8, "zone": "strait_other"}}, {"type": "Feature", "geometry": {"type": "Point", "coordinates": [104.17655, 1.29083]}, "properties": {"date": "202512", "npix": 14, "peak_db": 11.5, "zone": "strait_other"}}, {"type": "Feature", "geometry": {"type": "Point", "coordinates": [104.01617, 1.29083]}, "properties": {"date": "202512", "npix": 3, "peak_db": 12.0, "zone": "port_core"}}, {"type": "Feature", "geometry": {"type": "Point", "coordinates": [103.75783, 1.2896]}, "properties": {"date": "202512", "npix": 7, "peak_db": 1.1, "zone": "port_core"}}, {"type": "Feature", "geometry": {"type": "Point", "coordinates": [104.13461, 1.28917]}, "properties": {"date": "202512", "npix": 9, "peak_db": 15.3, "zone": "strait_other"}}, {"type": "Feature", "geometry": {"type": "Point", "coordinates": [103.91867, 1.28817]}, "properties": {"date": "202512", "npix": 4, "peak_db": 9.6, "zone": "port_core"}}, {"type": "Feature", "geometry": {"type": "Point", "coordinates": [104.01642, 1.28792]}, "properties": {"date": "202512", "npix": 4, "peak_db": 11.9, "zone": "port_core"}}, {"type": "Feature", "geometry": {"type": "Point", "coordinates": [103.92272, 1.28661]}, "properties": {"date": "202512", "npix": 3, "peak_db": 10.0, "zone": "port_core"}}, {"type": "Feature", "geometry": {"type": "Point", "coordinates": [103.912, 1.28583]}, "properties": {"date": "202512", "npix": 6, "peak_db": 9.6, "zone": "port_core"}}, {"type": "Feature", "geometry": {"type": "Point", "coordinates": [103.98772, 1.28572]}, "properties": {"date": "202512", "npix": 3, "peak_db": 6.9, "zone": "port_core"}}, {"type": "Feature", "geometry": {"type": "Point", "coordinates": [104.11624, 1.28498]}, "properties": {"date": "202512", "npix": 9, "peak_db": 18.2, "zone": "strait_other"}}, {"type": "Feature", "geometry": {"type": "Point", "coordinates": [104.17794, 1.28489]}, "properties": {"date": "202512", "npix": 6, "peak_db": 11.5, "zone": "strait_other"}}, {"type": "Feature", "geometry": {"type": "Point", "coordinates": [103.61128, 1.28394]}, "properties": {"date": "202512", "npix": 3, "peak_db": 0.7, "zone": "western_opl"}}, {"type": "Feature", "geometry": {"type": "Point", "coordinates": [104.1515, 1.283]}, "properties": {"date": "202512", "npix": 4, "peak_db": 21.7, "zone": "strait_other"}}, {"type": "Feature", "geometry": {"type": "Point", "coordinates": [104.15228, 1.28306]}, "properties": {"date": "202512", "npix": 3, "peak_db": 12.5, "zone": "strait_other"}}, {"type": "Feature", "geometry": {"type": "Point", "coordinates": [103.61594, 1.28272]}, "properties": {"date": "202512", "npix": 3, "peak_db": -7.1, "zone": "western_opl"}}, {"type": "Feature", "geometry": {"type": "Point", "coordinates": [103.91739, 1.28261]}, "properties": {"date": "202512", "npix": 3, "peak_db": 10.8, "zone": "port_core"}}, {"type": "Feature", "geometry": {"type": "Point", "coordinates": [104.02801, 1.28232]}, "properties": {"date": "202512", "npix": 13, "peak_db": 9.6, "zone": "strait_other"}}, {"type": "Feature", "geometry": {"type": "Point", "coordinates": [104.01767, 1.28183]}, "properties": {"date": "202512", "npix": 6, "peak_db": 9.2, "zone": "port_core"}}, {"type": "Feature", "geometry": {"type": "Point", "coordinates": [103.92528, 1.28172]}, "properties": {"date": "202512", "npix": 3, "peak_db": 6.7, "zone": "port_core"}}, {"type": "Feature", "geometry": {"type": "Point", "coordinates": [104.1176, 1.2812]}, "properties": {"date": "202512", "npix": 10, "peak_db": 17.8, "zone": "strait_other"}}, {"type": "Feature", "geometry": {"type": "Point", "coordinates": [103.91257, 1.28043]}, "properties": {"date": "202512", "npix": 5, "peak_db": 9.8, "zone": "port_core"}}, {"type": "Feature", "geometry": {"type": "Point", "coordinates": [103.89654, 1.27829]}, "properties": {"date": "202512", "npix": 8, "peak_db": 12.2, "zone": "port_core"}}, {"type": "Feature", "geometry": {"type": "Point", "coordinates": [103.97083, 1.27833]}, "properties": {"date": "202512", "npix": 4, "peak_db": 6.2, "zone": "port_core"}}, {"type": "Feature", "geometry": {"type": "Point", "coordinates": [103.99221, 1.27825]}, "properties": {"date": "202512", "npix": 8, "peak_db": 11.0, "zone": "port_core"}}, {"type": "Feature", "geometry": {"type": "Point", "coordinates": [103.96917, 1.27742]}, "properties": {"date": "202512", "npix": 4, "peak_db": 8.8, "zone": "port_core"}}, {"type": "Feature", "geometry": {"type": "Point", "coordinates": [103.99144, 1.27689]}, "properties": {"date": "202512", "npix": 6, "peak_db": 9.3, "zone": "port_core"}}, {"type": "Feature", "geometry": {"type": "Point", "coordinates": [103.9925, 1.27717]}, "properties": {"date": "202512", "npix": 3, "peak_db": 6.7, "zone": "port_core"}}, {"type": "Feature", "geometry": {"type": "Point", "coordinates": [103.97158, 1.27658]}, "properties": {"date": "202512", "npix": 4, "peak_db": 10.8, "zone": "port_core"}}, {"type": "Feature", "geometry": {"type": "Point", "coordinates": [103.58733, 1.2765]}, "properties": {"date": "202512", "npix": 4, "peak_db": 5.9, "zone": "western_opl"}}, {"type": "Feature", "geometry": {"type": "Point", "coordinates": [103.95644, 1.27544]}, "properties": {"date": "202512", "npix": 11, "peak_db": 25.6, "zone": "port_core"}}, {"type": "Feature", "geometry": {"type": "Point", "coordinates": [103.9815, 1.27475]}, "properties": {"date": "202512", "npix": 4, "peak_db": 8.8, "zone": "port_core"}}, {"type": "Feature", "geometry": {"type": "Point", "coordinates": [104.2765, 1.27372]}, "properties": {"date": "202512", "npix": 9, "peak_db": 10.4, "zone": "strait_other"}}, {"type": "Feature", "geometry": {"type": "Point", "coordinates": [103.88808, 1.27308]}, "properties": {"date": "202512", "npix": 4, "peak_db": 9.1, "zone": "port_core"}}, {"type": "Feature", "geometry": {"type": "Point", "coordinates": [104.0591, 1.27207]}, "properties": {"date": "202512", "npix": 21, "peak_db": 16.8, "zone": "strait_other"}}, {"type": "Feature", "geometry": {"type": "Point", "coordinates": [103.59845, 1.27115]}, "properties": {"date": "202512", "npix": 21, "peak_db": 24.2, "zone": "western_opl"}}, {"type": "Feature", "geometry": {"type": "Point", "coordinates": [103.97406, 1.27128]}, "properties": {"date": "202512", "npix": 3, "peak_db": 6.4, "zone": "port_core"}}, {"type": "Feature", "geometry": {"type": "Point", "coordinates": [103.56606, 1.27028]}, "properties": {"date": "202512", "npix": 3, "peak_db": 9.0, "zone": "strait_other"}}, {"type": "Feature", "geometry": {"type": "Point", "coordinates": [103.93028, 1.27006]}, "properties": {"date": "202512", "npix": 3, "peak_db": 10.3, "zone": "port_core"}}, {"type": "Feature", "geometry": {"type": "Point", "coordinates": [103.97217, 1.27008]}, "properties": {"date": "202512", "npix": 4, "peak_db": 10.5, "zone": "port_core"}}, {"type": "Feature", "geometry": {"type": "Point", "coordinates": [103.99903, 1.2691]}, "properties": {"date": "202512", "npix": 5, "peak_db": 15.5, "zone": "port_core"}}, {"type": "Feature", "geometry": {"type": "Point", "coordinates": [103.57933, 1.268]}, "properties": {"date": "202512", "npix": 4, "peak_db": 22.1, "zone": "strait_other"}}, {"type": "Feature", "geometry": {"type": "Point", "coordinates": [103.90267, 1.26758]}, "properties": {"date": "202512", "npix": 8, "peak_db": 21.7, "zone": "port_core"}}, {"type": "Feature", "geometry": {"type": "Point", "coordinates": [103.57861, 1.26739]}, "properties": {"date": "202512", "npix": 3, "peak_db": 16.0, "zone": "strait_other"}}, {"type": "Feature", "geometry": {"type": "Point", "coordinates": [103.95472, 1.26706]}, "properties": {"date": "202512", "npix": 3, "peak_db": 13.7, "zone": "port_core"}}, {"type": "Feature", "geometry": {"type": "Point", "coordinates": [104.2537, 1.26657]}, "properties": {"date": "202512", "npix": 5, "peak_db": 8.7, "zone": "strait_other"}}, {"type": "Feature", "geometry": {"type": "Point", "coordinates": [103.94354, 1.26557]}, "properties": {"date": "202512", "npix": 9, "peak_db": 13.0, "zone": "port_core"}}, {"type": "Feature", "geometry": {"type": "Point", "coordinates": [103.75307, 1.2644]}, "properties": {"date": "202512", "npix": 10, "peak_db": 10.8, "zone": "port_core"}}, {"type": "Feature", "geometry": {"type": "Point", "coordinates": [103.57206, 1.26406]}, "properties": {"date": "202512", "npix": 3, "peak_db": 24.8, "zone": "strait_other"}}, {"type": "Feature", "geometry": {"type": "Point", "coordinates": [103.86937, 1.26377]}, "properties": {"date": "202512", "npix": 5, "peak_db": 10.4, "zone": "port_core"}}, {"type": "Feature", "geometry": {"type": "Point", "coordinates": [103.99334, 1.26306]}, "properties": {"date": "202512", "npix": 15, "peak_db": 18.9, "zone": "port_core"}}, {"type": "Feature", "geometry": {"type": "Point", "coordinates": [103.92283, 1.263]}, "properties": {"date": "202512", "npix": 4, "peak_db": 11.9, "zone": "port_core"}}, {"type": "Feature", "geometry": {"type": "Point", "coordinates": [103.7685, 1.262]}, "properties": {"date": "202512", "npix": 6, "peak_db": 6.8, "zone": "port_core"}}, {"type": "Feature", "geometry": {"type": "Point", "coordinates": [103.9219, 1.2623]}, "properties": {"date": "202512", "npix": 5, "peak_db": 20.0, "zone": "port_core"}}, {"type": "Feature", "geometry": {"type": "Point", "coordinates": [103.935, 1.26183]}, "properties": {"date": "202512", "npix": 4, "peak_db": 10.6, "zone": "port_core"}}, {"type": "Feature", "geometry": {"type": "Point", "coordinates": [104.20072, 1.26194]}, "properties": {"date": "202512", "npix": 3, "peak_db": 4.4, "zone": "strait_other"}}, {"type": "Feature", "geometry": {"type": "Point", "coordinates": [103.65358, 1.26029]}, "properties": {"date": "202512", "npix": 8, "peak_db": 17.5, "zone": "western_opl"}}, {"type": "Feature", "geometry": {"type": "Point", "coordinates": [103.93367, 1.25983]}, "properties": {"date": "202512", "npix": 4, "peak_db": 9.2, "zone": "port_core"}}, {"type": "Feature", "geometry": {"type": "Point", "coordinates": [103.98139, 1.25928]}, "properties": {"date": "202512", "npix": 3, "peak_db": 11.4, "zone": "port_core"}}, {"type": "Feature", "geometry": {"type": "Point", "coordinates": [104.15883, 1.25898]}, "properties": {"date": "202512", "npix": 9, "peak_db": 11.0, "zone": "strait_other"}}, {"type": "Feature", "geometry": {"type": "Point", "coordinates": [103.86612, 1.25721]}, "properties": {"date": "202512", "npix": 7, "peak_db": 9.6, "zone": "port_core"}}, {"type": "Feature", "geometry": {"type": "Point", "coordinates": [103.6505, 1.257]}, "properties": {"date": "202512", "npix": 4, "peak_db": 6.5, "zone": "western_opl"}}, {"type": "Feature", "geometry": {"type": "Point", "coordinates": [104.21212, 1.25669]}, "properties": {"date": "202512", "npix": 7, "peak_db": 12.4, "zone": "strait_other"}}, {"type": "Feature", "geometry": {"type": "Point", "coordinates": [103.6518, 1.25609]}, "properties": {"date": "202512", "npix": 9, "peak_db": 16.4, "zone": "western_opl"}}, {"type": "Feature", "geometry": {"type": "Point", "coordinates": [103.57794, 1.25572]}, "properties": {"date": "202512", "npix": 3, "peak_db": 18.0, "zone": "strait_other"}}, {"type": "Feature", "geometry": {"type": "Point", "coordinates": [103.55287, 1.25435]}, "properties": {"date": "202512", "npix": 9, "peak_db": 25.6, "zone": "strait_other"}}, {"type": "Feature", "geometry": {"type": "Point", "coordinates": [103.99799, 1.25468]}, "properties": {"date": "202512", "npix": 13, "peak_db": 11.3, "zone": "port_core"}}, {"type": "Feature", "geometry": {"type": "Point", "coordinates": [103.80383, 1.254]}, "properties": {"date": "202512", "npix": 4, "peak_db": 9.1, "zone": "port_core"}}, {"type": "Feature", "geometry": {"type": "Point", "coordinates": [103.92806, 1.25394]}, "properties": {"date": "202512", "npix": 3, "peak_db": 15.3, "zone": "port_core"}}, {"type": "Feature", "geometry": {"type": "Point", "coordinates": [103.80461, 1.25294]}, "properties": {"date": "202512", "npix": 3, "peak_db": 9.0, "zone": "port_core"}}, {"type": "Feature", "geometry": {"type": "Point", "coordinates": [103.77912, 1.25112]}, "properties": {"date": "202512", "npix": 14, "peak_db": 18.6, "zone": "port_core"}}, {"type": "Feature", "geometry": {"type": "Point", "coordinates": [103.97637, 1.2519]}, "properties": {"date": "202512", "npix": 5, "peak_db": 16.3, "zone": "port_core"}}, {"type": "Feature", "geometry": {"type": "Point", "coordinates": [103.71694, 1.25119]}, "properties": {"date": "202512", "npix": 13, "peak_db": 17.7, "zone": "port_core"}}, {"type": "Feature", "geometry": {"type": "Point", "coordinates": [103.86639, 1.25128]}, "properties": {"date": "202512", "npix": 3, "peak_db": 10.0, "zone": "port_core"}}, {"type": "Feature", "geometry": {"type": "Point", "coordinates": [103.56583, 1.24872]}, "properties": {"date": "202512", "npix": 12, "peak_db": 18.5, "zone": "strait_other"}}, {"type": "Feature", "geometry": {"type": "Point", "coordinates": [103.80172, 1.24939]}, "properties": {"date": "202512", "npix": 3, "peak_db": 11.5, "zone": "port_core"}}, {"type": "Feature", "geometry": {"type": "Point", "coordinates": [103.88172, 1.24928]}, "properties": {"date": "202512", "npix": 3, "peak_db": 9.2, "zone": "port_core"}}, {"type": "Feature", "geometry": {"type": "Point", "coordinates": [103.93261, 1.24939]}, "properties": {"date": "202512", "npix": 3, "peak_db": 22.5, "zone": "port_core"}}, {"type": "Feature", "geometry": {"type": "Point", "coordinates": [104.06283, 1.24933]}, "properties": {"date": "202512", "npix": 10, "peak_db": 8.1, "zone": "strait_other"}}, {"type": "Feature", "geometry": {"type": "Point", "coordinates": [103.5753, 1.24803]}, "properties": {"date": "202512", "npix": 5, "peak_db": 16.7, "zone": "strait_other"}}, {"type": "Feature", "geometry": {"type": "Point", "coordinates": [103.96339, 1.24756]}, "properties": {"date": "202512", "npix": 12, "peak_db": 15.1, "zone": "port_core"}}, {"type": "Feature", "geometry": {"type": "Point", "coordinates": [103.90283, 1.24717]}, "properties": {"date": "202512", "npix": 3, "peak_db": 21.4, "zone": "port_core"}}, {"type": "Feature", "geometry": {"type": "Point", "coordinates": [104.13657, 1.24645]}, "properties": {"date": "202512", "npix": 20, "peak_db": 12.5, "zone": "strait_other"}}, {"type": "Feature", "geometry": {"type": "Point", "coordinates": [103.81194, 1.24639]}, "properties": {"date": "202512", "npix": 3, "peak_db": 15.2, "zone": "port_core"}}, {"type": "Feature", "geometry": {"type": "Point", "coordinates": [103.92539, 1.24539]}, "properties": {"date": "202512", "npix": 3, "peak_db": 8.9, "zone": "port_core"}}, {"type": "Feature", "geometry": {"type": "Point", "coordinates": [104.07567, 1.24383]}, "properties": {"date": "202512", "npix": 4, "peak_db": 5.8, "zone": "strait_other"}}, {"type": "Feature", "geometry": {"type": "Point", "coordinates": [103.81625, 1.2415]}, "properties": {"date": "202512", "npix": 4, "peak_db": 15.9, "zone": "port_core"}}, {"type": "Feature", "geometry": {"type": "Point", "coordinates": [104.05529, 1.2415]}, "properties": {"date": "202512", "npix": 8, "peak_db": 9.7, "zone": "strait_other"}}, {"type": "Feature", "geometry": {"type": "Point", "coordinates": [103.93517, 1.241]}, "properties": {"date": "202512", "npix": 4, "peak_db": 9.1, "zone": "port_core"}}, {"type": "Feature", "geometry": {"type": "Point", "coordinates": [104.01744, 1.24086]}, "properties": {"date": "202512", "npix": 11, "peak_db": 4.5, "zone": "port_core"}}, {"type": "Feature", "geometry": {"type": "Point", "coordinates": [103.91562, 1.23939]}, "properties": {"date": "202512", "npix": 19, "peak_db": 17.6, "zone": "port_core"}}, {"type": "Feature", "geometry": {"type": "Point", "coordinates": [103.57133, 1.23933]}, "properties": {"date": "202512", "npix": 4, "peak_db": 10.3, "zone": "strait_other"}}, {"type": "Feature", "geometry": {"type": "Point", "coordinates": [103.77639, 1.23813]}, "properties": {"date": "202512", "npix": 9, "peak_db": 12.7, "zone": "port_core"}}, {"type": "Feature", "geometry": {"type": "Point", "coordinates": [104.02947, 1.23769]}, "properties": {"date": "202512", "npix": 12, "peak_db": 15.5, "zone": "eastern_opl"}}, {"type": "Feature", "geometry": {"type": "Point", "coordinates": [103.8735, 1.23758]}, "properties": {"date": "202512", "npix": 4, "peak_db": 12.2, "zone": "port_core"}}, {"type": "Feature", "geometry": {"type": "Point", "coordinates": [103.86033, 1.2365]}, "properties": {"date": "202512", "npix": 10, "peak_db": 14.4, "zone": "port_core"}}, {"type": "Feature", "geometry": {"type": "Point", "coordinates": [103.89494, 1.23694]}, "properties": {"date": "202512", "npix": 3, "peak_db": 13.4, "zone": "port_core"}}, {"type": "Feature", "geometry": {"type": "Point", "coordinates": [103.81658, 1.23658]}, "properties": {"date": "202512", "npix": 4, "peak_db": 14.1, "zone": "port_core"}}, {"type": "Feature", "geometry": {"type": "Point", "coordinates": [103.87025, 1.23642]}, "properties": {"date": "202512", "npix": 4, "peak_db": 9.6, "zone": "port_core"}}, {"type": "Feature", "geometry": {"type": "Point", "coordinates": [104.10046, 1.23487]}, "properties": {"date": "202512", "npix": 9, "peak_db": 31.4, "zone": "eastern_opl"}}, {"type": "Feature", "geometry": {"type": "Point", "coordinates": [103.78817, 1.23483]}, "properties": {"date": "202512", "npix": 7, "peak_db": 15.0, "zone": "port_core"}}, {"type": "Feature", "geometry": {"type": "Point", "coordinates": [103.79817, 1.23267]}, "properties": {"date": "202512", "npix": 4, "peak_db": 32.4, "zone": "port_core"}}, {"type": "Feature", "geometry": {"type": "Point", "coordinates": [103.55833, 1.23033]}, "properties": {"date": "202512", "npix": 4, "peak_db": 12.4, "zone": "strait_other"}}, {"type": "Feature", "geometry": {"type": "Point", "coordinates": [103.88656, 1.23022]}, "properties": {"date": "202512", "npix": 6, "peak_db": 15.3, "zone": "port_core"}}, {"type": "Feature", "geometry": {"type": "Point", "coordinates": [104.00697, 1.2301]}, "properties": {"date": "202512", "npix": 5, "peak_db": 1.1, "zone": "port_core"}}, {"type": "Feature", "geometry": {"type": "Point", "coordinates": [103.71428, 1.22894]}, "properties": {"date": "202512", "npix": 3, "peak_db": 5.8, "zone": "port_core"}}, {"type": "Feature", "geometry": {"type": "Point", "coordinates": [103.90494, 1.22839]}, "properties": {"date": "202512", "npix": 3, "peak_db": 8.7, "zone": "port_core"}}, {"type": "Feature", "geometry": {"type": "Point", "coordinates": [103.61872, 1.22806]}, "properties": {"date": "202512", "npix": 3, "peak_db": -7.1, "zone": "western_opl"}}, {"type": "Feature", "geometry": {"type": "Point", "coordinates": [103.68569, 1.22679]}, "properties": {"date": "202512", "npix": 7, "peak_db": 17.9, "zone": "port_core"}}, {"type": "Feature", "geometry": {"type": "Point", "coordinates": [103.90617, 1.226]}, "properties": {"date": "202512", "npix": 14, "peak_db": 19.2, "zone": "port_core"}}, {"type": "Feature", "geometry": {"type": "Point", "coordinates": [103.662, 1.225]}, "properties": {"date": "202512", "npix": 4, "peak_db": 6.3, "zone": "western_opl"}}, {"type": "Feature", "geometry": {"type": "Point", "coordinates": [103.64246, 1.22469]}, "properties": {"date": "202512", "npix": 9, "peak_db": 13.0, "zone": "western_opl"}}, {"type": "Feature", "geometry": {"type": "Point", "coordinates": [103.81939, 1.22406]}, "properties": {"date": "202512", "npix": 3, "peak_db": 10.3, "zone": "port_core"}}, {"type": "Feature", "geometry": {"type": "Point", "coordinates": [103.92672, 1.22294]}, "properties": {"date": "202512", "npix": 3, "peak_db": 10.9, "zone": "port_core"}}, {"type": "Feature", "geometry": {"type": "Point", "coordinates": [103.92583, 1.2225]}, "properties": {"date": "202512", "npix": 5, "peak_db": 13.7, "zone": "port_core"}}, {"type": "Feature", "geometry": {"type": "Point", "coordinates": [103.64767, 1.222]}, "properties": {"date": "202512", "npix": 4, "peak_db": 4.2, "zone": "western_opl"}}, {"type": "Feature", "geometry": {"type": "Point", "coordinates": [103.71033, 1.222]}, "properties": {"date": "202512", "npix": 4, "peak_db": 11.5, "zone": "port_core"}}, {"type": "Feature", "geometry": {"type": "Point", "coordinates": [103.95634, 1.22099]}, "properties": {"date": "202512", "npix": 17, "peak_db": 17.4, "zone": "port_core"}}, {"type": "Feature", "geometry": {"type": "Point", "coordinates": [103.6553, 1.2199]}, "properties": {"date": "202512", "npix": 5, "peak_db": 13.7, "zone": "western_opl"}}, {"type": "Feature", "geometry": {"type": "Point", "coordinates": [103.74417, 1.22017]}, "properties": {"date": "202512", "npix": 3, "peak_db": 1.9, "zone": "port_core"}}, {"type": "Feature", "geometry": {"type": "Point", "coordinates": [103.74972, 1.22006]}, "properties": {"date": "202512", "npix": 3, "peak_db": -0.4, "zone": "port_core"}}, {"type": "Feature", "geometry": {"type": "Point", "coordinates": [103.81683, 1.21933]}, "properties": {"date": "202512", "npix": 6, "peak_db": 11.9, "zone": "port_core"}}, {"type": "Feature", "geometry": {"type": "Point", "coordinates": [103.65067, 1.21967]}, "properties": {"date": "202512", "npix": 4, "peak_db": 4.7, "zone": "western_opl"}}, {"type": "Feature", "geometry": {"type": "Point", "coordinates": [103.64606, 1.21939]}, "properties": {"date": "202512", "npix": 3, "peak_db": 4.9, "zone": "western_opl"}}, {"type": "Feature", "geometry": {"type": "Point", "coordinates": [103.82642, 1.21908]}, "properties": {"date": "202512", "npix": 4, "peak_db": 6.4, "zone": "port_core"}}, {"type": "Feature", "geometry": {"type": "Point", "coordinates": [103.71917, 1.21867]}, "properties": {"date": "202512", "npix": 4, "peak_db": 3.1, "zone": "port_core"}}, {"type": "Feature", "geometry": {"type": "Point", "coordinates": [103.73606, 1.21839]}, "properties": {"date": "202512", "npix": 3, "peak_db": 6.5, "zone": "port_core"}}, {"type": "Feature", "geometry": {"type": "Point", "coordinates": [103.73917, 1.2185]}, "properties": {"date": "202512", "npix": 3, "peak_db": 11.0, "zone": "port_core"}}, {"type": "Feature", "geometry": {"type": "Point", "coordinates": [103.80303, 1.21843]}, "properties": {"date": "202512", "npix": 5, "peak_db": 13.1, "zone": "port_core"}}, {"type": "Feature", "geometry": {"type": "Point", "coordinates": [103.72517, 1.21817]}, "properties": {"date": "202512", "npix": 3, "peak_db": 8.3, "zone": "port_core"}}, {"type": "Feature", "geometry": {"type": "Point", "coordinates": [103.64706, 1.21761]}, "properties": {"date": "202512", "npix": 3, "peak_db": 7.2, "zone": "western_opl"}}, {"type": "Feature", "geometry": {"type": "Point", "coordinates": [103.8275, 1.2164]}, "properties": {"date": "202512", "npix": 7, "peak_db": 6.9, "zone": "port_core"}}, {"type": "Feature", "geometry": {"type": "Point", "coordinates": [103.87245, 1.21355]}, "properties": {"date": "202512", "npix": 7, "peak_db": 5.9, "zone": "port_core"}}, {"type": "Feature", "geometry": {"type": "Point", "coordinates": [104.02367, 1.21267]}, "properties": {"date": "202512", "npix": 4, "peak_db": 3.8, "zone": "eastern_opl"}}, {"type": "Feature", "geometry": {"type": "Point", "coordinates": [103.7975, 1.21178]}, "properties": {"date": "202512", "npix": 6, "peak_db": 3.6, "zone": "port_core"}}, {"type": "Feature", "geometry": {"type": "Point", "coordinates": [103.84497, 1.21177]}, "properties": {"date": "202512", "npix": 5, "peak_db": 10.7, "zone": "port_core"}}, {"type": "Feature", "geometry": {"type": "Point", "coordinates": [103.87717, 1.2115]}, "properties": {"date": "202512", "npix": 3, "peak_db": 8.8, "zone": "port_core"}}, {"type": "Feature", "geometry": {"type": "Point", "coordinates": [104.06099, 1.20883]}, "properties": {"date": "202512", "npix": 21, "peak_db": 18.4, "zone": "eastern_opl"}}, {"type": "Feature", "geometry": {"type": "Point", "coordinates": [103.73375, 1.2085]}, "properties": {"date": "202512", "npix": 4, "peak_db": 11.0, "zone": "port_core"}}, {"type": "Feature", "geometry": {"type": "Point", "coordinates": [103.97383, 1.20508]}, "properties": {"date": "202512", "npix": 4, "peak_db": 1.8, "zone": "port_core"}}, {"type": "Feature", "geometry": {"type": "Point", "coordinates": [103.83317, 1.20417]}, "properties": {"date": "202512", "npix": 3, "peak_db": 8.8, "zone": "port_core"}}, {"type": "Feature", "geometry": {"type": "Point", "coordinates": [103.59774, 1.2037]}, "properties": {"date": "202512", "npix": 15, "peak_db": 31.0, "zone": "western_opl"}}, {"type": "Feature", "geometry": {"type": "Point", "coordinates": [104.07437, 1.20317]}, "properties": {"date": "202512", "npix": 5, "peak_db": 13.1, "zone": "eastern_opl"}}, {"type": "Feature", "geometry": {"type": "Point", "coordinates": [103.82617, 1.20183]}, "properties": {"date": "202512", "npix": 3, "peak_db": 5.5, "zone": "port_core"}}, {"type": "Feature", "geometry": {"type": "Point", "coordinates": [103.73728, 1.20128]}, "properties": {"date": "202512", "npix": 3, "peak_db": 2.7, "zone": "port_core"}}, {"type": "Feature", "geometry": {"type": "Point", "coordinates": [103.81033, 1.20067]}, "properties": {"date": "202512", "npix": 6, "peak_db": 11.0, "zone": "port_core"}}, {"type": "Feature", "geometry": {"type": "Point", "coordinates": [103.89128, 1.20072]}, "properties": {"date": "202512", "npix": 3, "peak_db": 9.7, "zone": "port_core"}}, {"type": "Feature", "geometry": {"type": "Point", "coordinates": [103.66605, 1.19871]}, "properties": {"date": "202512", "npix": 14, "peak_db": 23.2, "zone": "western_opl"}}, {"type": "Feature", "geometry": {"type": "Point", "coordinates": [103.81472, 1.19839]}, "properties": {"date": "202512", "npix": 3, "peak_db": 2.9, "zone": "strait_other"}}, {"type": "Feature", "geometry": {"type": "Point", "coordinates": [103.67876, 1.1962]}, "properties": {"date": "202512", "npix": 9, "peak_db": 20.5, "zone": "western_opl"}}, {"type": "Feature", "geometry": {"type": "Point", "coordinates": [103.69289, 1.19472]}, "properties": {"date": "202512", "npix": 6, "peak_db": 12.0, "zone": "western_opl"}}, {"type": "Feature", "geometry": {"type": "Point", "coordinates": [103.69677, 1.19443]}, "properties": {"date": "202512", "npix": 5, "peak_db": 13.1, "zone": "western_opl"}}, {"type": "Feature", "geometry": {"type": "Point", "coordinates": [103.991, 1.19467]}, "properties": {"date": "202512", "npix": 4, "peak_db": 10.4, "zone": "strait_other"}}, {"type": "Feature", "geometry": {"type": "Point", "coordinates": [103.89383, 1.19392]}, "properties": {"date": "202512", "npix": 4, "peak_db": 7.5, "zone": "strait_other"}}, {"type": "Feature", "geometry": {"type": "Point", "coordinates": [103.9898, 1.19369]}, "properties": {"date": "202512", "npix": 9, "peak_db": 7.8, "zone": "strait_other"}}, {"type": "Feature", "geometry": {"type": "Point", "coordinates": [103.96428, 1.19272]}, "properties": {"date": "202512", "npix": 3, "peak_db": 8.5, "zone": "strait_other"}}, {"type": "Feature", "geometry": {"type": "Point", "coordinates": [103.96317, 1.19167]}, "properties": {"date": "202512", "npix": 4, "peak_db": 10.4, "zone": "strait_other"}}, {"type": "Feature", "geometry": {"type": "Point", "coordinates": [103.748, 1.19117]}, "properties": {"date": "202512", "npix": 4, "peak_db": 14.7, "zone": "western_opl"}}, {"type": "Feature", "geometry": {"type": "Point", "coordinates": [103.98163, 1.19137]}, "properties": {"date": "202512", "npix": 5, "peak_db": 4.1, "zone": "strait_other"}}, {"type": "Feature", "geometry": {"type": "Point", "coordinates": [103.59517, 1.19083]}, "properties": {"date": "202512", "npix": 5, "peak_db": 24.3, "zone": "western_opl"}}, {"type": "Feature", "geometry": {"type": "Point", "coordinates": [103.95506, 1.18861]}, "properties": {"date": "202512", "npix": 3, "peak_db": 12.6, "zone": "strait_other"}}, {"type": "Feature", "geometry": {"type": "Point", "coordinates": [103.70483, 1.188]}, "properties": {"date": "202512", "npix": 4, "peak_db": 10.8, "zone": "western_opl"}}, {"type": "Feature", "geometry": {"type": "Point", "coordinates": [103.95398, 1.18769]}, "properties": {"date": "202512", "npix": 7, "peak_db": 9.2, "zone": "strait_other"}}, {"type": "Feature", "geometry": {"type": "Point", "coordinates": [103.74572, 1.18739]}, "properties": {"date": "202512", "npix": 3, "peak_db": 13.5, "zone": "western_opl"}}, {"type": "Feature", "geometry": {"type": "Point", "coordinates": [103.684, 1.18683]}, "properties": {"date": "202512", "npix": 4, "peak_db": 13.3, "zone": "western_opl"}}, {"type": "Feature", "geometry": {"type": "Point", "coordinates": [103.97061, 1.18639]}, "properties": {"date": "202512", "npix": 3, "peak_db": 5.3, "zone": "strait_other"}}, {"type": "Feature", "geometry": {"type": "Point", "coordinates": [103.96961, 1.18606]}, "properties": {"date": "202512", "npix": 3, "peak_db": 3.2, "zone": "strait_other"}}, {"type": "Feature", "geometry": {"type": "Point", "coordinates": [103.96867, 1.18567]}, "properties": {"date": "202512", "npix": 4, "peak_db": 10.6, "zone": "strait_other"}}, {"type": "Feature", "geometry": {"type": "Point", "coordinates": [103.74628, 1.18461]}, "properties": {"date": "202512", "npix": 3, "peak_db": 13.9, "zone": "western_opl"}}, {"type": "Feature", "geometry": {"type": "Point", "coordinates": [103.82, 1.18444]}, "properties": {"date": "202512", "npix": 6, "peak_db": 19.9, "zone": "strait_other"}}, {"type": "Feature", "geometry": {"type": "Point", "coordinates": [103.77506, 1.18439]}, "properties": {"date": "202512", "npix": 3, "peak_db": 11.8, "zone": "western_opl"}}, {"type": "Feature", "geometry": {"type": "Point", "coordinates": [103.98133, 1.18283]}, "properties": {"date": "202512", "npix": 4, "peak_db": 8.7, "zone": "strait_other"}}, {"type": "Feature", "geometry": {"type": "Point", "coordinates": [103.94272, 1.18261]}, "properties": {"date": "202512", "npix": 3, "peak_db": 9.4, "zone": "strait_other"}}, {"type": "Feature", "geometry": {"type": "Point", "coordinates": [103.7625, 1.18225]}, "properties": {"date": "202512", "npix": 4, "peak_db": 10.1, "zone": "western_opl"}}, {"type": "Feature", "geometry": {"type": "Point", "coordinates": [103.69994, 1.18128]}, "properties": {"date": "202512", "npix": 3, "peak_db": 11.4, "zone": "western_opl"}}, {"type": "Feature", "geometry": {"type": "Point", "coordinates": [103.75037, 1.18137]}, "properties": {"date": "202512", "npix": 5, "peak_db": 16.8, "zone": "western_opl"}}, {"type": "Feature", "geometry": {"type": "Point", "coordinates": [103.689, 1.1795]}, "properties": {"date": "202512", "npix": 4, "peak_db": 13.0, "zone": "western_opl"}}, {"type": "Feature", "geometry": {"type": "Point", "coordinates": [103.74772, 1.17789]}, "properties": {"date": "202512", "npix": 6, "peak_db": 14.3, "zone": "western_opl"}}, {"type": "Feature", "geometry": {"type": "Point", "coordinates": [103.7079, 1.17677]}, "properties": {"date": "202512", "npix": 5, "peak_db": 17.0, "zone": "western_opl"}}, {"type": "Feature", "geometry": {"type": "Point", "coordinates": [103.80017, 1.177]}, "properties": {"date": "202512", "npix": 4, "peak_db": 1.9, "zone": "strait_other"}}, {"type": "Feature", "geometry": {"type": "Point", "coordinates": [103.92792, 1.17683]}, "properties": {"date": "202512", "npix": 4, "peak_db": 7.1, "zone": "strait_other"}}, {"type": "Feature", "geometry": {"type": "Point", "coordinates": [103.96306, 1.17661]}, "properties": {"date": "202512", "npix": 3, "peak_db": 11.7, "zone": "strait_other"}}, {"type": "Feature", "geometry": {"type": "Point", "coordinates": [103.69906, 1.17589]}, "properties": {"date": "202512", "npix": 6, "peak_db": 12.5, "zone": "western_opl"}}, {"type": "Feature", "geometry": {"type": "Point", "coordinates": [103.97275, 1.17408]}, "properties": {"date": "202512", "npix": 4, "peak_db": 11.2, "zone": "strait_other"}}, {"type": "Feature", "geometry": {"type": "Point", "coordinates": [103.96264, 1.17107]}, "properties": {"date": "202512", "npix": 7, "peak_db": 20.8, "zone": "strait_other"}}, {"type": "Feature", "geometry": {"type": "Point", "coordinates": [103.75, 1.1695]}, "properties": {"date": "202512", "npix": 4, "peak_db": 11.2, "zone": "western_opl"}}, {"type": "Feature", "geometry": {"type": "Point", "coordinates": [103.74933, 1.16867]}, "properties": {"date": "202512", "npix": 4, "peak_db": 10.5, "zone": "western_opl"}}, {"type": "Feature", "geometry": {"type": "Point", "coordinates": [103.7816, 1.16726]}, "properties": {"date": "202512", "npix": 7, "peak_db": 24.9, "zone": "strait_other"}}, {"type": "Feature", "geometry": {"type": "Point", "coordinates": [103.78043, 1.16637]}, "properties": {"date": "202512", "npix": 5, "peak_db": 5.6, "zone": "strait_other"}}, {"type": "Feature", "geometry": {"type": "Point", "coordinates": [103.7541, 1.16457]}, "properties": {"date": "202512", "npix": 5, "peak_db": 14.0, "zone": "western_opl"}}, {"type": "Feature", "geometry": {"type": "Point", "coordinates": [103.71761, 1.16428]}, "properties": {"date": "202512", "npix": 3, "peak_db": 34.6, "zone": "western_opl"}}, {"type": "Feature", "geometry": {"type": "Point", "coordinates": [104.20657, 1.16361]}, "properties": {"date": "202512", "npix": 9, "peak_db": 16.1, "zone": "eastern_opl"}}, {"type": "Feature", "geometry": {"type": "Point", "coordinates": [103.75325, 1.16383]}, "properties": {"date": "202512", "npix": 4, "peak_db": 19.0, "zone": "western_opl"}}, {"type": "Feature", "geometry": {"type": "Point", "coordinates": [103.82992, 1.16383]}, "properties": {"date": "202512", "npix": 4, "peak_db": 9.3, "zone": "strait_other"}}, {"type": "Feature", "geometry": {"type": "Point", "coordinates": [103.95239, 1.16028]}, "properties": {"date": "202512", "npix": 3, "peak_db": 9.6, "zone": "strait_other"}}, {"type": "Feature", "geometry": {"type": "Point", "coordinates": [103.9795, 1.16017]}, "properties": {"date": "202512", "npix": 3, "peak_db": 7.3, "zone": "strait_other"}}, {"type": "Feature", "geometry": {"type": "Point", "coordinates": [103.9815, 1.1575]}, "properties": {"date": "202512", "npix": 3, "peak_db": 6.3, "zone": "strait_other"}}, {"type": "Feature", "geometry": {"type": "Point", "coordinates": [103.92928, 1.15739]}, "properties": {"date": "202512", "npix": 3, "peak_db": 7.9, "zone": "strait_other"}}, {"type": "Feature", "geometry": {"type": "Point", "coordinates": [104.16837, 1.15563]}, "properties": {"date": "202512", "npix": 5, "peak_db": 3.7, "zone": "eastern_opl"}}, {"type": "Feature", "geometry": {"type": "Point", "coordinates": [103.98306, 1.15539]}, "properties": {"date": "202512", "npix": 3, "peak_db": 4.6, "zone": "strait_other"}}, {"type": "Feature", "geometry": {"type": "Point", "coordinates": [103.9685, 1.15483]}, "properties": {"date": "202512", "npix": 3, "peak_db": 15.5, "zone": "strait_other"}}, {"type": "Feature", "geometry": {"type": "Point", "coordinates": [103.93092, 1.15354]}, "properties": {"date": "202512", "npix": 8, "peak_db": 10.9, "zone": "strait_other"}}, {"type": "Feature", "geometry": {"type": "Point", "coordinates": [103.98069, 1.1526]}, "properties": {"date": "202512", "npix": 7, "peak_db": 18.4, "zone": "strait_other"}}, {"type": "Feature", "geometry": {"type": "Point", "coordinates": [103.62875, 1.15242]}, "properties": {"date": "202512", "npix": 4, "peak_db": 14.9, "zone": "western_opl"}}, {"type": "Feature", "geometry": {"type": "Point", "coordinates": [103.79728, 1.15272]}, "properties": {"date": "202512", "npix": 3, "peak_db": 4.5, "zone": "strait_other"}}, {"type": "Feature", "geometry": {"type": "Point", "coordinates": [103.95594, 1.15239]}, "properties": {"date": "202512", "npix": 3, "peak_db": 5.7, "zone": "strait_other"}}, {"type": "Feature", "geometry": {"type": "Point", "coordinates": [103.77817, 1.15083]}, "properties": {"date": "202512", "npix": 3, "peak_db": 6.6, "zone": "western_opl"}}, {"type": "Feature", "geometry": {"type": "Point", "coordinates": [103.96661, 1.15072]}, "properties": {"date": "202512", "npix": 3, "peak_db": 14.8, "zone": "strait_other"}}, {"type": "Feature", "geometry": {"type": "Point", "coordinates": [103.77739, 1.15028]}, "properties": {"date": "202512", "npix": 3, "peak_db": 5.1, "zone": "western_opl"}}, {"type": "Feature", "geometry": {"type": "Point", "coordinates": [103.78037, 1.14263]}, "properties": {"date": "202512", "npix": 5, "peak_db": 12.9, "zone": "strait_other"}}, {"type": "Feature", "geometry": {"type": "Point", "coordinates": [103.73802, 1.14088]}, "properties": {"date": "202512", "npix": 7, "peak_db": 18.2, "zone": "western_opl"}}, {"type": "Feature", "geometry": {"type": "Point", "coordinates": [103.90706, 1.13094]}, "properties": {"date": "202512", "npix": 3, "peak_db": 2.7, "zone": "strait_other"}}, {"type": "Feature", "geometry": {"type": "Point", "coordinates": [104.1902, 1.12647]}, "properties": {"date": "202512", "npix": 10, "peak_db": 15.3, "zone": "eastern_opl"}}, {"type": "Feature", "geometry": {"type": "Point", "coordinates": [104.182, 1.1245]}, "properties": {"date": "202512", "npix": 8, "peak_db": 17.7, "zone": "eastern_opl"}}, {"type": "Feature", "geometry": {"type": "Point", "coordinates": [103.92128, 1.12461]}, "properties": {"date": "202512", "npix": 3, "peak_db": -8.9, "zone": "strait_other"}}, {"type": "Feature", "geometry": {"type": "Point", "coordinates": [103.90294, 1.12206]}, "properties": {"date": "202512", "npix": 3, "peak_db": -0.1, "zone": "strait_other"}}, {"type": "Feature", "geometry": {"type": "Point", "coordinates": [103.90367, 1.121]}, "properties": {"date": "202512", "npix": 4, "peak_db": 5.3, "zone": "strait_other"}}, {"type": "Feature", "geometry": {"type": "Point", "coordinates": [104.15933, 1.11783]}, "properties": {"date": "202512", "npix": 4, "peak_db": 10.9, "zone": "eastern_opl"}}, {"type": "Feature", "geometry": {"type": "Point", "coordinates": [104.16035, 1.11548]}, "properties": {"date": "202512", "npix": 20, "peak_db": 39.4, "zone": "eastern_opl"}}, {"type": "Feature", "geometry": {"type": "Point", "coordinates": [104.15758, 1.11558]}, "properties": {"date": "202512", "npix": 4, "peak_db": 16.9, "zone": "eastern_opl"}}, {"type": "Feature", "geometry": {"type": "Point", "coordinates": [104.17387, 1.11354]}, "properties": {"date": "202512", "npix": 9, "peak_db": 12.2, "zone": "eastern_opl"}}, {"type": "Feature", "geometry": {"type": "Point", "coordinates": [103.92828, 1.11306]}, "properties": {"date": "202512", "npix": 3, "peak_db": -8.2, "zone": "strait_other"}}, {"type": "Feature", "geometry": {"type": "Point", "coordinates": [104.18043, 1.10546]}, "properties": {"date": "202512", "npix": 9, "peak_db": 22.1, "zone": "eastern_opl"}}, {"type": "Feature", "geometry": {"type": "Point", "coordinates": [104.18512, 1.10214]}, "properties": {"date": "202512", "npix": 14, "peak_db": 16.4, "zone": "eastern_opl"}}, {"type": "Feature", "geometry": {"type": "Point", "coordinates": [104.16612, 1.10198]}, "properties": {"date": "202512", "npix": 7, "peak_db": 13.8, "zone": "eastern_opl"}}, {"type": "Feature", "geometry": {"type": "Point", "coordinates": [103.92283, 1.0949]}, "properties": {"date": "202512", "npix": 5, "peak_db": 3.4, "zone": "strait_other"}}, {"type": "Feature", "geometry": {"type": "Point", "coordinates": [104.14657, 1.09128]}, "properties": {"date": "202512", "npix": 9, "peak_db": 12.9, "zone": "eastern_opl"}}, {"type": "Feature", "geometry": {"type": "Point", "coordinates": [104.18288, 1.09112]}, "properties": {"date": "202512", "npix": 7, "peak_db": 21.3, "zone": "eastern_opl"}}, {"type": "Feature", "geometry": {"type": "Point", "coordinates": [104.14842, 1.08875]}, "properties": {"date": "202512", "npix": 4, "peak_db": 14.3, "zone": "eastern_opl"}}, {"type": "Feature", "geometry": {"type": "Point", "coordinates": [104.15978, 1.08744]}, "properties": {"date": "202512", "npix": 6, "peak_db": 9.9, "zone": "eastern_opl"}}, {"type": "Feature", "geometry": {"type": "Point", "coordinates": [104.16994, 1.08628]}, "properties": {"date": "202512", "npix": 3, "peak_db": 4.1, "zone": "eastern_opl"}}, {"type": "Feature", "geometry": {"type": "Point", "coordinates": [104.1489, 1.0851]}, "properties": {"date": "202512", "npix": 5, "peak_db": 8.1, "zone": "eastern_opl"}}, {"type": "Feature", "geometry": {"type": "Point", "coordinates": [104.19537, 1.08437]}, "properties": {"date": "202512", "npix": 5, "peak_db": 13.3, "zone": "eastern_opl"}}, {"type": "Feature", "geometry": {"type": "Point", "coordinates": [104.18474, 1.08336]}, "properties": {"date": "202512", "npix": 7, "peak_db": 13.3, "zone": "eastern_opl"}}, {"type": "Feature", "geometry": {"type": "Point", "coordinates": [104.14475, 1.08342]}, "properties": {"date": "202512", "npix": 4, "peak_db": 9.6, "zone": "eastern_opl"}}, {"type": "Feature", "geometry": {"type": "Point", "coordinates": [103.89061, 1.08131]}, "properties": {"date": "202512", "npix": 9, "peak_db": -6.9, "zone": "strait_other"}}, {"type": "Feature", "geometry": {"type": "Point", "coordinates": [103.92583, 1.07835]}, "properties": {"date": "202512", "npix": 11, "peak_db": -5.5, "zone": "strait_other"}}, {"type": "Feature", "geometry": {"type": "Point", "coordinates": [103.8935, 1.07483]}, "properties": {"date": "202512", "npix": 3, "peak_db": -7.2, "zone": "strait_other"}}, {"type": "Feature", "geometry": {"type": "Point", "coordinates": [104.18567, 1.07433]}, "properties": {"date": "202512", "npix": 6, "peak_db": 9.9, "zone": "strait_other"}}, {"type": "Feature", "geometry": {"type": "Point", "coordinates": [103.58194, 1.07378]}, "properties": {"date": "202512", "npix": 6, "peak_db": 10.8, "zone": "strait_other"}}, {"type": "Feature", "geometry": {"type": "Point", "coordinates": [103.59261, 1.07344]}, "properties": {"date": "202512", "npix": 6, "peak_db": 9.0, "zone": "strait_other"}}, {"type": "Feature", "geometry": {"type": "Point", "coordinates": [103.69858, 1.06625]}, "properties": {"date": "202512", "npix": 4, "peak_db": 10.7, "zone": "strait_other"}}, {"type": "Feature", "geometry": {"type": "Point", "coordinates": [104.15083, 1.06417]}, "properties": {"date": "202512", "npix": 3, "peak_db": 9.3, "zone": "strait_other"}}, {"type": "Feature", "geometry": {"type": "Point", "coordinates": [104.19017, 1.0615]}, "properties": {"date": "202512", "npix": 3, "peak_db": 6.7, "zone": "strait_other"}}, {"type": "Feature", "geometry": {"type": "Point", "coordinates": [103.61083, 1.06033]}, "properties": {"date": "202512", "npix": 4, "peak_db": 11.8, "zone": "strait_other"}}, {"type": "Feature", "geometry": {"type": "Point", "coordinates": [104.18258, 1.05925]}, "properties": {"date": "202512", "npix": 4, "peak_db": 11.0, "zone": "strait_other"}}, {"type": "Feature", "geometry": {"type": "Point", "coordinates": [104.18383, 1.05633]}, "properties": {"date": "202512", "npix": 4, "peak_db": 9.7, "zone": "strait_other"}}, {"type": "Feature", "geometry": {"type": "Point", "coordinates": [103.60105, 1.05583]}, "properties": {"date": "202512", "npix": 14, "peak_db": 19.7, "zone": "strait_other"}}, {"type": "Feature", "geometry": {"type": "Point", "coordinates": [103.71272, 1.05528]}, "properties": {"date": "202512", "npix": 3, "peak_db": 8.1, "zone": "strait_other"}}, {"type": "Feature", "geometry": {"type": "Point", "coordinates": [103.69372, 1.05128]}, "properties": {"date": "202512", "npix": 3, "peak_db": 7.0, "zone": "strait_other"}}, {"type": "Feature", "geometry": {"type": "Point", "coordinates": [103.69728, 1.05072]}, "properties": {"date": "202512", "npix": 3, "peak_db": 0.8, "zone": "strait_other"}}, {"type": "Feature", "geometry": {"type": "Point", "coordinates": [104.01639, 1.54939]}, "properties": {"date": "202601", "npix": 3, "peak_db": 8.0, "zone": "strait_other"}}, {"type": "Feature", "geometry": {"type": "Point", "coordinates": [104.02667, 1.52767]}, "properties": {"date": "202601", "npix": 4, "peak_db": 2.2, "zone": "strait_other"}}, {"type": "Feature", "geometry": {"type": "Point", "coordinates": [103.78872, 1.47094]}, "properties": {"date": "202601", "npix": 3, "peak_db": -0.9, "zone": "strait_other"}}, {"type": "Feature", "geometry": {"type": "Point", "coordinates": [103.77306, 1.45294]}, "properties": {"date": "202601", "npix": 3, "peak_db": -3.1, "zone": "strait_other"}}, {"type": "Feature", "geometry": {"type": "Point", "coordinates": [103.7649, 1.44803]}, "properties": {"date": "202601", "npix": 5, "peak_db": 4.1, "zone": "strait_other"}}, {"type": "Feature", "geometry": {"type": "Point", "coordinates": [103.89557, 1.42597]}, "properties": {"date": "202601", "npix": 5, "peak_db": 6.5, "zone": "strait_other"}}, {"type": "Feature", "geometry": {"type": "Point", "coordinates": [103.91283, 1.42333]}, "properties": {"date": "202601", "npix": 4, "peak_db": 0.5, "zone": "strait_other"}}, {"type": "Feature", "geometry": {"type": "Point", "coordinates": [103.85494, 1.41561]}, "properties": {"date": "202601", "npix": 3, "peak_db": -5.6, "zone": "strait_other"}}, {"type": "Feature", "geometry": {"type": "Point", "coordinates": [103.92272, 1.41572]}, "properties": {"date": "202601", "npix": 3, "peak_db": 1.0, "zone": "strait_other"}}, {"type": "Feature", "geometry": {"type": "Point", "coordinates": [104.0715, 1.36058]}, "properties": {"date": "202601", "npix": 4, "peak_db": 4.0, "zone": "strait_other"}}, {"type": "Feature", "geometry": {"type": "Point", "coordinates": [104.33928, 1.35772]}, "properties": {"date": "202601", "npix": 3, "peak_db": 2.8, "zone": "strait_other"}}, {"type": "Feature", "geometry": {"type": "Point", "coordinates": [104.0635, 1.35692]}, "properties": {"date": "202601", "npix": 4, "peak_db": 4.0, "zone": "strait_other"}}, {"type": "Feature", "geometry": {"type": "Point", "coordinates": [104.25612, 1.3514]}, "properties": {"date": "202601", "npix": 7, "peak_db": 14.0, "zone": "strait_other"}}, {"type": "Feature", "geometry": {"type": "Point", "coordinates": [104.08683, 1.34643]}, "properties": {"date": "202601", "npix": 5, "peak_db": 23.0, "zone": "strait_other"}}, {"type": "Feature", "geometry": {"type": "Point", "coordinates": [104.03567, 1.343]}, "properties": {"date": "202601", "npix": 4, "peak_db": 14.0, "zone": "strait_other"}}, {"type": "Feature", "geometry": {"type": "Point", "coordinates": [104.08628, 1.34228]}, "properties": {"date": "202601", "npix": 3, "peak_db": 9.2, "zone": "strait_other"}}, {"type": "Feature", "geometry": {"type": "Point", "coordinates": [104.09417, 1.34217]}, "properties": {"date": "202601", "npix": 3, "peak_db": 11.9, "zone": "strait_other"}}, {"type": "Feature", "geometry": {"type": "Point", "coordinates": [104.2675, 1.33925]}, "properties": {"date": "202601", "npix": 4, "peak_db": 15.3, "zone": "strait_other"}}, {"type": "Feature", "geometry": {"type": "Point", "coordinates": [104.11492, 1.33583]}, "properties": {"date": "202601", "npix": 4, "peak_db": 3.9, "zone": "strait_other"}}, {"type": "Feature", "geometry": {"type": "Point", "coordinates": [104.076, 1.33457]}, "properties": {"date": "202601", "npix": 10, "peak_db": 7.7, "zone": "strait_other"}}, {"type": "Feature", "geometry": {"type": "Point", "coordinates": [104.135, 1.33433]}, "properties": {"date": "202601", "npix": 4, "peak_db": -0.9, "zone": "strait_other"}}, {"type": "Feature", "geometry": {"type": "Point", "coordinates": [104.09683, 1.33346]}, "properties": {"date": "202601", "npix": 8, "peak_db": 22.3, "zone": "strait_other"}}, {"type": "Feature", "geometry": {"type": "Point", "coordinates": [104.11717, 1.33383]}, "properties": {"date": "202601", "npix": 3, "peak_db": 9.5, "zone": "strait_other"}}, {"type": "Feature", "geometry": {"type": "Point", "coordinates": [104.30339, 1.33194]}, "properties": {"date": "202601", "npix": 3, "peak_db": 3.1, "zone": "strait_other"}}, {"type": "Feature", "geometry": {"type": "Point", "coordinates": [104.0305, 1.33183]}, "properties": {"date": "202601", "npix": 3, "peak_db": -3.7, "zone": "strait_other"}}, {"type": "Feature", "geometry": {"type": "Point", "coordinates": [104.33793, 1.33112]}, "properties": {"date": "202601", "npix": 7, "peak_db": 6.7, "zone": "strait_other"}}, {"type": "Feature", "geometry": {"type": "Point", "coordinates": [104.22979, 1.33071]}, "properties": {"date": "202601", "npix": 8, "peak_db": 15.0, "zone": "strait_other"}}, {"type": "Feature", "geometry": {"type": "Point", "coordinates": [104.33683, 1.33011]}, "properties": {"date": "202601", "npix": 6, "peak_db": 10.7, "zone": "strait_other"}}, {"type": "Feature", "geometry": {"type": "Point", "coordinates": [104.34928, 1.32939]}, "properties": {"date": "202601", "npix": 3, "peak_db": 4.4, "zone": "strait_other"}}, {"type": "Feature", "geometry": {"type": "Point", "coordinates": [104.28206, 1.32835]}, "properties": {"date": "202601", "npix": 9, "peak_db": 6.5, "zone": "strait_other"}}, {"type": "Feature", "geometry": {"type": "Point", "coordinates": [104.11464, 1.32812]}, "properties": {"date": "202601", "npix": 7, "peak_db": 16.2, "zone": "strait_other"}}, {"type": "Feature", "geometry": {"type": "Point", "coordinates": [104.34772, 1.32839]}, "properties": {"date": "202601", "npix": 3, "peak_db": 4.5, "zone": "strait_other"}}, {"type": "Feature", "geometry": {"type": "Point", "coordinates": [104.27171, 1.32453]}, "properties": {"date": "202601", "npix": 11, "peak_db": 7.6, "zone": "strait_other"}}, {"type": "Feature", "geometry": {"type": "Point", "coordinates": [104.10297, 1.32403]}, "properties": {"date": "202601", "npix": 5, "peak_db": 14.9, "zone": "strait_other"}}, {"type": "Feature", "geometry": {"type": "Point", "coordinates": [104.05187, 1.3218]}, "properties": {"date": "202601", "npix": 10, "peak_db": 14.6, "zone": "strait_other"}}, {"type": "Feature", "geometry": {"type": "Point", "coordinates": [104.06709, 1.3224]}, "properties": {"date": "202601", "npix": 13, "peak_db": 34.6, "zone": "strait_other"}}, {"type": "Feature", "geometry": {"type": "Point", "coordinates": [104.06208, 1.32175]}, "properties": {"date": "202601", "npix": 4, "peak_db": 10.2, "zone": "strait_other"}}, {"type": "Feature", "geometry": {"type": "Point", "coordinates": [104.13317, 1.32033]}, "properties": {"date": "202601", "npix": 4, "peak_db": 6.7, "zone": "strait_other"}}, {"type": "Feature", "geometry": {"type": "Point", "coordinates": [104.1374, 1.31893]}, "properties": {"date": "202601", "npix": 7, "peak_db": 15.9, "zone": "strait_other"}}, {"type": "Feature", "geometry": {"type": "Point", "coordinates": [104.155, 1.31846]}, "properties": {"date": "202601", "npix": 8, "peak_db": 10.2, "zone": "strait_other"}}, {"type": "Feature", "geometry": {"type": "Point", "coordinates": [104.21657, 1.31713]}, "properties": {"date": "202601", "npix": 9, "peak_db": 14.5, "zone": "strait_other"}}, {"type": "Feature", "geometry": {"type": "Point", "coordinates": [104.14488, 1.31645]}, "properties": {"date": "202601", "npix": 7, "peak_db": 10.3, "zone": "strait_other"}}, {"type": "Feature", "geometry": {"type": "Point", "coordinates": [104.07325, 1.31617]}, "properties": {"date": "202601", "npix": 4, "peak_db": 15.8, "zone": "strait_other"}}, {"type": "Feature", "geometry": {"type": "Point", "coordinates": [104.07428, 1.31628]}, "properties": {"date": "202601", "npix": 3, "peak_db": 12.6, "zone": "strait_other"}}, {"type": "Feature", "geometry": {"type": "Point", "coordinates": [104.11092, 1.31625]}, "properties": {"date": "202601", "npix": 4, "peak_db": 11.7, "zone": "strait_other"}}, {"type": "Feature", "geometry": {"type": "Point", "coordinates": [104.12242, 1.31542]}, "properties": {"date": "202601", "npix": 4, "peak_db": 13.4, "zone": "strait_other"}}, {"type": "Feature", "geometry": {"type": "Point", "coordinates": [104.19747, 1.31237]}, "properties": {"date": "202601", "npix": 10, "peak_db": 14.9, "zone": "strait_other"}}, {"type": "Feature", "geometry": {"type": "Point", "coordinates": [104.11683, 1.31183]}, "properties": {"date": "202601", "npix": 7, "peak_db": 10.4, "zone": "strait_other"}}, {"type": "Feature", "geometry": {"type": "Point", "coordinates": [104.06606, 1.30994]}, "properties": {"date": "202601", "npix": 3, "peak_db": 11.6, "zone": "strait_other"}}, {"type": "Feature", "geometry": {"type": "Point", "coordinates": [104.11137, 1.30963]}, "properties": {"date": "202601", "npix": 5, "peak_db": 8.8, "zone": "strait_other"}}, {"type": "Feature", "geometry": {"type": "Point", "coordinates": [104.17594, 1.30972]}, "properties": {"date": "202601", "npix": 3, "peak_db": 10.3, "zone": "strait_other"}}, {"type": "Feature", "geometry": {"type": "Point", "coordinates": [104.14742, 1.30908]}, "properties": {"date": "202601", "npix": 4, "peak_db": 13.0, "zone": "strait_other"}}, {"type": "Feature", "geometry": {"type": "Point", "coordinates": [104.05806, 1.30806]}, "properties": {"date": "202601", "npix": 3, "peak_db": 10.5, "zone": "strait_other"}}, {"type": "Feature", "geometry": {"type": "Point", "coordinates": [104.16171, 1.30796]}, "properties": {"date": "202601", "npix": 8, "peak_db": 17.0, "zone": "strait_other"}}, {"type": "Feature", "geometry": {"type": "Point", "coordinates": [104.04854, 1.30671]}, "properties": {"date": "202601", "npix": 8, "peak_db": 8.8, "zone": "strait_other"}}, {"type": "Feature", "geometry": {"type": "Point", "coordinates": [104.18841, 1.30692]}, "properties": {"date": "202601", "npix": 11, "peak_db": 10.6, "zone": "strait_other"}}, {"type": "Feature", "geometry": {"type": "Point", "coordinates": [104.13494, 1.30328]}, "properties": {"date": "202601", "npix": 3, "peak_db": 9.9, "zone": "strait_other"}}, {"type": "Feature", "geometry": {"type": "Point", "coordinates": [104.1794, 1.30326]}, "properties": {"date": "202601", "npix": 7, "peak_db": 7.9, "zone": "strait_other"}}, {"type": "Feature", "geometry": {"type": "Point", "coordinates": [104.05172, 1.30294]}, "properties": {"date": "202601", "npix": 3, "peak_db": 9.5, "zone": "strait_other"}}, {"type": "Feature", "geometry": {"type": "Point", "coordinates": [104.07, 1.30283]}, "properties": {"date": "202601", "npix": 4, "peak_db": 18.0, "zone": "strait_other"}}, {"type": "Feature", "geometry": {"type": "Point", "coordinates": [104.26657, 1.30263]}, "properties": {"date": "202601", "npix": 5, "peak_db": 15.2, "zone": "strait_other"}}, {"type": "Feature", "geometry": {"type": "Point", "coordinates": [103.61717, 1.30144]}, "properties": {"date": "202601", "npix": 6, "peak_db": 17.3, "zone": "western_opl"}}, {"type": "Feature", "geometry": {"type": "Point", "coordinates": [103.9875, 1.30167]}, "properties": {"date": "202601", "npix": 4, "peak_db": 8.2, "zone": "port_core"}}, {"type": "Feature", "geometry": {"type": "Point", "coordinates": [104.1514, 1.3016]}, "properties": {"date": "202601", "npix": 7, "peak_db": 14.5, "zone": "strait_other"}}, {"type": "Feature", "geometry": {"type": "Point", "coordinates": [104.25508, 1.30175]}, "properties": {"date": "202601", "npix": 4, "peak_db": 7.1, "zone": "strait_other"}}, {"type": "Feature", "geometry": {"type": "Point", "coordinates": [104.13929, 1.30121]}, "properties": {"date": "202601", "npix": 8, "peak_db": 13.4, "zone": "strait_other"}}, {"type": "Feature", "geometry": {"type": "Point", "coordinates": [104.16943, 1.30103]}, "properties": {"date": "202601", "npix": 5, "peak_db": 10.3, "zone": "strait_other"}}, {"type": "Feature", "geometry": {"type": "Point", "coordinates": [104.00333, 1.30067]}, "properties": {"date": "202601", "npix": 4, "peak_db": 4.0, "zone": "port_core"}}, {"type": "Feature", "geometry": {"type": "Point", "coordinates": [104.16261, 1.30028]}, "properties": {"date": "202601", "npix": 3, "peak_db": 15.6, "zone": "strait_other"}}, {"type": "Feature", "geometry": {"type": "Point", "coordinates": [104.28164, 1.30036]}, "properties": {"date": "202601", "npix": 12, "peak_db": 6.0, "zone": "strait_other"}}, {"type": "Feature", "geometry": {"type": "Point", "coordinates": [104.01628, 1.29939]}, "properties": {"date": "202601", "npix": 3, "peak_db": 14.9, "zone": "port_core"}}, {"type": "Feature", "geometry": {"type": "Point", "coordinates": [104.02633, 1.29917]}, "properties": {"date": "202601", "npix": 4, "peak_db": 7.9, "zone": "strait_other"}}, {"type": "Feature", "geometry": {"type": "Point", "coordinates": [103.55233, 1.29783]}, "properties": {"date": "202601", "npix": 10, "peak_db": 30.7, "zone": "strait_other"}}, {"type": "Feature", "geometry": {"type": "Point", "coordinates": [104.00483, 1.29817]}, "properties": {"date": "202601", "npix": 3, "peak_db": 4.7, "zone": "port_core"}}, {"type": "Feature", "geometry": {"type": "Point", "coordinates": [104.26411, 1.29778]}, "properties": {"date": "202601", "npix": 6, "peak_db": 11.2, "zone": "strait_other"}}, {"type": "Feature", "geometry": {"type": "Point", "coordinates": [103.69426, 1.29698]}, "properties": {"date": "202601", "npix": 7, "peak_db": -3.9, "zone": "port_core"}}, {"type": "Feature", "geometry": {"type": "Point", "coordinates": [103.71997, 1.2967]}, "properties": {"date": "202601", "npix": 5, "peak_db": -10.7, "zone": "port_core"}}, {"type": "Feature", "geometry": {"type": "Point", "coordinates": [103.98806, 1.29672]}, "properties": {"date": "202601", "npix": 3, "peak_db": 9.4, "zone": "port_core"}}, {"type": "Feature", "geometry": {"type": "Point", "coordinates": [104.01083, 1.29517]}, "properties": {"date": "202601", "npix": 3, "peak_db": 9.3, "zone": "port_core"}}, {"type": "Feature", "geometry": {"type": "Point", "coordinates": [104.06239, 1.29494]}, "properties": {"date": "202601", "npix": 3, "peak_db": 15.2, "zone": "strait_other"}}, {"type": "Feature", "geometry": {"type": "Point", "coordinates": [104.08978, 1.29461]}, "properties": {"date": "202601", "npix": 6, "peak_db": 11.0, "zone": "strait_other"}}, {"type": "Feature", "geometry": {"type": "Point", "coordinates": [104.21365, 1.29398]}, "properties": {"date": "202601", "npix": 11, "peak_db": 24.2, "zone": "strait_other"}}, {"type": "Feature", "geometry": {"type": "Point", "coordinates": [104.08039, 1.29394]}, "properties": {"date": "202601", "npix": 3, "peak_db": 17.7, "zone": "strait_other"}}, {"type": "Feature", "geometry": {"type": "Point", "coordinates": [104.08826, 1.29393]}, "properties": {"date": "202601", "npix": 7, "peak_db": 16.6, "zone": "strait_other"}}, {"type": "Feature", "geometry": {"type": "Point", "coordinates": [104.33056, 1.29172]}, "properties": {"date": "202601", "npix": 12, "peak_db": 17.0, "zone": "strait_other"}}, {"type": "Feature", "geometry": {"type": "Point", "coordinates": [103.93628, 1.29206]}, "properties": {"date": "202601", "npix": 3, "peak_db": 9.5, "zone": "port_core"}}, {"type": "Feature", "geometry": {"type": "Point", "coordinates": [104.12483, 1.29208]}, "properties": {"date": "202601", "npix": 4, "peak_db": 7.5, "zone": "strait_other"}}, {"type": "Feature", "geometry": {"type": "Point", "coordinates": [104.13706, 1.29061]}, "properties": {"date": "202601", "npix": 3, "peak_db": 6.8, "zone": "strait_other"}}, {"type": "Feature", "geometry": {"type": "Point", "coordinates": [104.18867, 1.29067]}, "properties": {"date": "202601", "npix": 10, "peak_db": 12.2, "zone": "strait_other"}}, {"type": "Feature", "geometry": {"type": "Point", "coordinates": [103.75743, 1.29043]}, "properties": {"date": "202601", "npix": 5, "peak_db": -7.4, "zone": "port_core"}}, {"type": "Feature", "geometry": {"type": "Point", "coordinates": [103.9911, 1.2889]}, "properties": {"date": "202601", "npix": 5, "peak_db": 15.2, "zone": "port_core"}}, {"type": "Feature", "geometry": {"type": "Point", "coordinates": [104.01506, 1.28894]}, "properties": {"date": "202601", "npix": 3, "peak_db": 10.2, "zone": "port_core"}}, {"type": "Feature", "geometry": {"type": "Point", "coordinates": [103.734, 1.28867]}, "properties": {"date": "202601", "npix": 4, "peak_db": 14.4, "zone": "port_core"}}, {"type": "Feature", "geometry": {"type": "Point", "coordinates": [103.99872, 1.28828]}, "properties": {"date": "202601", "npix": 3, "peak_db": 11.0, "zone": "port_core"}}, {"type": "Feature", "geometry": {"type": "Point", "coordinates": [104.01383, 1.288]}, "properties": {"date": "202601", "npix": 6, "peak_db": 9.3, "zone": "port_core"}}, {"type": "Feature", "geometry": {"type": "Point", "coordinates": [103.9365, 1.28767]}, "properties": {"date": "202601", "npix": 4, "peak_db": 15.8, "zone": "port_core"}}, {"type": "Feature", "geometry": {"type": "Point", "coordinates": [103.99783, 1.28775]}, "properties": {"date": "202601", "npix": 4, "peak_db": 10.7, "zone": "port_core"}}, {"type": "Feature", "geometry": {"type": "Point", "coordinates": [103.95706, 1.28728]}, "properties": {"date": "202601", "npix": 3, "peak_db": 16.3, "zone": "port_core"}}, {"type": "Feature", "geometry": {"type": "Point", "coordinates": [103.59992, 1.28692]}, "properties": {"date": "202601", "npix": 4, "peak_db": -0.5, "zone": "western_opl"}}, {"type": "Feature", "geometry": {"type": "Point", "coordinates": [103.94128, 1.28706]}, "properties": {"date": "202601", "npix": 3, "peak_db": 13.2, "zone": "port_core"}}, {"type": "Feature", "geometry": {"type": "Point", "coordinates": [103.92272, 1.28661]}, "properties": {"date": "202601", "npix": 3, "peak_db": 8.6, "zone": "port_core"}}, {"type": "Feature", "geometry": {"type": "Point", "coordinates": [103.74019, 1.28499]}, "properties": {"date": "202601", "npix": 13, "peak_db": 19.6, "zone": "port_core"}}, {"type": "Feature", "geometry": {"type": "Point", "coordinates": [103.99117, 1.28567]}, "properties": {"date": "202601", "npix": 4, "peak_db": 7.9, "zone": "port_core"}}, {"type": "Feature", "geometry": {"type": "Point", "coordinates": [103.99025, 1.28492]}, "properties": {"date": "202601", "npix": 4, "peak_db": 12.8, "zone": "port_core"}}, {"type": "Feature", "geometry": {"type": "Point", "coordinates": [104.02613, 1.28377]}, "properties": {"date": "202601", "npix": 10, "peak_db": 8.1, "zone": "strait_other"}}, {"type": "Feature", "geometry": {"type": "Point", "coordinates": [103.98328, 1.28372]}, "properties": {"date": "202601", "npix": 3, "peak_db": 8.9, "zone": "port_core"}}, {"type": "Feature", "geometry": {"type": "Point", "coordinates": [104.02483, 1.2825]}, "properties": {"date": "202601", "npix": 7, "peak_db": 15.7, "zone": "strait_other"}}, {"type": "Feature", "geometry": {"type": "Point", "coordinates": [103.9215, 1.28217]}, "properties": {"date": "202601", "npix": 3, "peak_db": 10.4, "zone": "port_core"}}, {"type": "Feature", "geometry": {"type": "Point", "coordinates": [104.00317, 1.28213]}, "properties": {"date": "202601", "npix": 8, "peak_db": 8.8, "zone": "port_core"}}, {"type": "Feature", "geometry": {"type": "Point", "coordinates": [104.12198, 1.28245]}, "properties": {"date": "202601", "npix": 7, "peak_db": 5.4, "zone": "strait_other"}}, {"type": "Feature", "geometry": {"type": "Point", "coordinates": [104.01517, 1.28133]}, "properties": {"date": "202601", "npix": 4, "peak_db": 6.6, "zone": "port_core"}}, {"type": "Feature", "geometry": {"type": "Point", "coordinates": [103.55017, 1.28067]}, "properties": {"date": "202601", "npix": 4, "peak_db": 9.8, "zone": "strait_other"}}, {"type": "Feature", "geometry": {"type": "Point", "coordinates": [103.90706, 1.28094]}, "properties": {"date": "202601", "npix": 3, "peak_db": 11.4, "zone": "port_core"}}, {"type": "Feature", "geometry": {"type": "Point", "coordinates": [103.92706, 1.28078]}, "properties": {"date": "202601", "npix": 6, "peak_db": 16.6, "zone": "port_core"}}, {"type": "Feature", "geometry": {"type": "Point", "coordinates": [103.93261, 1.28094]}, "properties": {"date": "202601", "npix": 3, "peak_db": 10.2, "zone": "port_core"}}, {"type": "Feature", "geometry": {"type": "Point", "coordinates": [104.13242, 1.28108]}, "properties": {"date": "202601", "npix": 4, "peak_db": 15.7, "zone": "strait_other"}}, {"type": "Feature", "geometry": {"type": "Point", "coordinates": [104.01378, 1.28056]}, "properties": {"date": "202601", "npix": 6, "peak_db": 14.1, "zone": "port_core"}}, {"type": "Feature", "geometry": {"type": "Point", "coordinates": [104.04239, 1.28039]}, "properties": {"date": "202601", "npix": 3, "peak_db": 11.0, "zone": "strait_other"}}, {"type": "Feature", "geometry": {"type": "Point", "coordinates": [103.90072, 1.27994]}, "properties": {"date": "202601", "npix": 3, "peak_db": 11.9, "zone": "port_core"}}, {"type": "Feature", "geometry": {"type": "Point", "coordinates": [104.06189, 1.27989]}, "properties": {"date": "202601", "npix": 6, "peak_db": 8.5, "zone": "strait_other"}}, {"type": "Feature", "geometry": {"type": "Point", "coordinates": [103.90567, 1.2795]}, "properties": {"date": "202601", "npix": 4, "peak_db": 17.3, "zone": "port_core"}}, {"type": "Feature", "geometry": {"type": "Point", "coordinates": [103.92257, 1.27783]}, "properties": {"date": "202601", "npix": 5, "peak_db": 18.6, "zone": "port_core"}}, {"type": "Feature", "geometry": {"type": "Point", "coordinates": [103.74894, 1.27722]}, "properties": {"date": "202601", "npix": 6, "peak_db": 21.9, "zone": "port_core"}}, {"type": "Feature", "geometry": {"type": "Point", "coordinates": [103.65522, 1.2765]}, "properties": {"date": "202601", "npix": 6, "peak_db": 6.1, "zone": "western_opl"}}, {"type": "Feature", "geometry": {"type": "Point", "coordinates": [104.2876, 1.27669]}, "properties": {"date": "202601", "npix": 7, "peak_db": 21.9, "zone": "strait_other"}}, {"type": "Feature", "geometry": {"type": "Point", "coordinates": [103.95394, 1.27639]}, "properties": {"date": "202601", "npix": 3, "peak_db": 15.7, "zone": "port_core"}}, {"type": "Feature", "geometry": {"type": "Point", "coordinates": [103.95328, 1.27572]}, "properties": {"date": "202601", "npix": 3, "peak_db": 14.7, "zone": "port_core"}}, {"type": "Feature", "geometry": {"type": "Point", "coordinates": [103.896, 1.27517]}, "properties": {"date": "202601", "npix": 4, "peak_db": 12.4, "zone": "port_core"}}, {"type": "Feature", "geometry": {"type": "Point", "coordinates": [103.89057, 1.27477]}, "properties": {"date": "202601", "npix": 5, "peak_db": 13.3, "zone": "port_core"}}, {"type": "Feature", "geometry": {"type": "Point", "coordinates": [104.11517, 1.27483]}, "properties": {"date": "202601", "npix": 3, "peak_db": 7.3, "zone": "strait_other"}}, {"type": "Feature", "geometry": {"type": "Point", "coordinates": [103.59237, 1.2741]}, "properties": {"date": "202601", "npix": 5, "peak_db": 3.4, "zone": "western_opl"}}, {"type": "Feature", "geometry": {"type": "Point", "coordinates": [104.03483, 1.27328]}, "properties": {"date": "202601", "npix": 9, "peak_db": 14.0, "zone": "strait_other"}}, {"type": "Feature", "geometry": {"type": "Point", "coordinates": [103.98206, 1.27294]}, "properties": {"date": "202601", "npix": 3, "peak_db": 7.1, "zone": "port_core"}}, {"type": "Feature", "geometry": {"type": "Point", "coordinates": [103.59583, 1.2715]}, "properties": {"date": "202601", "npix": 7, "peak_db": 7.3, "zone": "western_opl"}}, {"type": "Feature", "geometry": {"type": "Point", "coordinates": [103.87797, 1.2719]}, "properties": {"date": "202601", "npix": 5, "peak_db": 18.6, "zone": "port_core"}}, {"type": "Feature", "geometry": {"type": "Point", "coordinates": [103.9805, 1.272]}, "properties": {"date": "202601", "npix": 4, "peak_db": 11.2, "zone": "port_core"}}, {"type": "Feature", "geometry": {"type": "Point", "coordinates": [103.97172, 1.27128]}, "properties": {"date": "202601", "npix": 3, "peak_db": 11.5, "zone": "port_core"}}, {"type": "Feature", "geometry": {"type": "Point", "coordinates": [103.93983, 1.27083]}, "properties": {"date": "202601", "npix": 5, "peak_db": 10.6, "zone": "port_core"}}, {"type": "Feature", "geometry": {"type": "Point", "coordinates": [104.05283, 1.27117]}, "properties": {"date": "202601", "npix": 5, "peak_db": 11.5, "zone": "strait_other"}}, {"type": "Feature", "geometry": {"type": "Point", "coordinates": [104.07367, 1.271]}, "properties": {"date": "202601", "npix": 4, "peak_db": 11.8, "zone": "strait_other"}}, {"type": "Feature", "geometry": {"type": "Point", "coordinates": [104.07272, 1.27061]}, "properties": {"date": "202601", "npix": 3, "peak_db": 4.6, "zone": "strait_other"}}, {"type": "Feature", "geometry": {"type": "Point", "coordinates": [103.595, 1.27033]}, "properties": {"date": "202601", "npix": 4, "peak_db": 14.0, "zone": "western_opl"}}, {"type": "Feature", "geometry": {"type": "Point", "coordinates": [103.92361, 1.27006]}, "properties": {"date": "202601", "npix": 3, "peak_db": 13.0, "zone": "port_core"}}, {"type": "Feature", "geometry": {"type": "Point", "coordinates": [103.8755, 1.2695]}, "properties": {"date": "202601", "npix": 5, "peak_db": 11.6, "zone": "port_core"}}, {"type": "Feature", "geometry": {"type": "Point", "coordinates": [103.87863, 1.26923]}, "properties": {"date": "202601", "npix": 5, "peak_db": 11.1, "zone": "port_core"}}, {"type": "Feature", "geometry": {"type": "Point", "coordinates": [103.58255, 1.26864]}, "properties": {"date": "202601", "npix": 7, "peak_db": 11.1, "zone": "western_opl"}}, {"type": "Feature", "geometry": {"type": "Point", "coordinates": [104.26469, 1.26844]}, "properties": {"date": "202601", "npix": 12, "peak_db": 10.3, "zone": "strait_other"}}, {"type": "Feature", "geometry": {"type": "Point", "coordinates": [103.566, 1.2677]}, "properties": {"date": "202601", "npix": 10, "peak_db": 9.8, "zone": "strait_other"}}, {"type": "Feature", "geometry": {"type": "Point", "coordinates": [103.90367, 1.268]}, "properties": {"date": "202601", "npix": 6, "peak_db": 9.5, "zone": "port_core"}}, {"type": "Feature", "geometry": {"type": "Point", "coordinates": [103.92206, 1.26828]}, "properties": {"date": "202601", "npix": 3, "peak_db": 16.0, "zone": "port_core"}}, {"type": "Feature", "geometry": {"type": "Point", "coordinates": [103.90906, 1.26794]}, "properties": {"date": "202601", "npix": 3, "peak_db": 11.7, "zone": "port_core"}}, {"type": "Feature", "geometry": {"type": "Point", "coordinates": [104.03007, 1.26783]}, "properties": {"date": "202601", "npix": 7, "peak_db": 9.5, "zone": "strait_other"}}, {"type": "Feature", "geometry": {"type": "Point", "coordinates": [103.93317, 1.26717]}, "properties": {"date": "202601", "npix": 3, "peak_db": 11.9, "zone": "port_core"}}, {"type": "Feature", "geometry": {"type": "Point", "coordinates": [103.95667, 1.267]}, "properties": {"date": "202601", "npix": 6, "peak_db": 11.8, "zone": "port_core"}}, {"type": "Feature", "geometry": {"type": "Point", "coordinates": [103.97261, 1.26694]}, "properties": {"date": "202601", "npix": 3, "peak_db": 15.8, "zone": "port_core"}}, {"type": "Feature", "geometry": {"type": "Point", "coordinates": [104.00426, 1.26659]}, "properties": {"date": "202601", "npix": 15, "peak_db": 14.7, "zone": "port_core"}}, {"type": "Feature", "geometry": {"type": "Point", "coordinates": [104.04691, 1.26599]}, "properties": {"date": "202601", "npix": 13, "peak_db": 7.6, "zone": "strait_other"}}, {"type": "Feature", "geometry": {"type": "Point", "coordinates": [104.06258, 1.26608]}, "properties": {"date": "202601", "npix": 4, "peak_db": 21.8, "zone": "strait_other"}}, {"type": "Feature", "geometry": {"type": "Point", "coordinates": [103.57555, 1.26404]}, "properties": {"date": "202601", "npix": 13, "peak_db": 13.8, "zone": "strait_other"}}, {"type": "Feature", "geometry": {"type": "Point", "coordinates": [103.94797, 1.2641]}, "properties": {"date": "202601", "npix": 5, "peak_db": 16.2, "zone": "port_core"}}, {"type": "Feature", "geometry": {"type": "Point", "coordinates": [103.89628, 1.2632]}, "properties": {"date": "202601", "npix": 9, "peak_db": 11.0, "zone": "port_core"}}, {"type": "Feature", "geometry": {"type": "Point", "coordinates": [103.94264, 1.26331]}, "properties": {"date": "202601", "npix": 7, "peak_db": 13.3, "zone": "port_core"}}, {"type": "Feature", "geometry": {"type": "Point", "coordinates": [103.55945, 1.26283]}, "properties": {"date": "202601", "npix": 7, "peak_db": 10.6, "zone": "strait_other"}}, {"type": "Feature", "geometry": {"type": "Point", "coordinates": [103.94839, 1.26328]}, "properties": {"date": "202601", "npix": 3, "peak_db": 6.3, "zone": "port_core"}}, {"type": "Feature", "geometry": {"type": "Point", "coordinates": [103.91825, 1.26192]}, "properties": {"date": "202601", "npix": 4, "peak_db": 21.0, "zone": "port_core"}}, {"type": "Feature", "geometry": {"type": "Point", "coordinates": [103.94133, 1.262]}, "properties": {"date": "202601", "npix": 4, "peak_db": 8.2, "zone": "port_core"}}, {"type": "Feature", "geometry": {"type": "Point", "coordinates": [103.94072, 1.26139]}, "properties": {"date": "202601", "npix": 3, "peak_db": 11.3, "zone": "port_core"}}, {"type": "Feature", "geometry": {"type": "Point", "coordinates": [103.80337, 1.25957]}, "properties": {"date": "202601", "npix": 5, "peak_db": 8.5, "zone": "port_core"}}, {"type": "Feature", "geometry": {"type": "Point", "coordinates": [103.56346, 1.25804]}, "properties": {"date": "202601", "npix": 8, "peak_db": 12.5, "zone": "strait_other"}}, {"type": "Feature", "geometry": {"type": "Point", "coordinates": [104.14557, 1.25843]}, "properties": {"date": "202601", "npix": 5, "peak_db": 25.3, "zone": "strait_other"}}, {"type": "Feature", "geometry": {"type": "Point", "coordinates": [103.92917, 1.25783]}, "properties": {"date": "202601", "npix": 3, "peak_db": 9.9, "zone": "port_core"}}, {"type": "Feature", "geometry": {"type": "Point", "coordinates": [103.86106, 1.25739]}, "properties": {"date": "202601", "npix": 3, "peak_db": 7.3, "zone": "port_core"}}, {"type": "Feature", "geometry": {"type": "Point", "coordinates": [103.86867, 1.2565]}, "properties": {"date": "202601", "npix": 4, "peak_db": 13.8, "zone": "port_core"}}, {"type": "Feature", "geometry": {"type": "Point", "coordinates": [103.92161, 1.25672]}, "properties": {"date": "202601", "npix": 3, "peak_db": 6.5, "zone": "port_core"}}, {"type": "Feature", "geometry": {"type": "Point", "coordinates": [103.98531, 1.25669]}, "properties": {"date": "202601", "npix": 7, "peak_db": 5.0, "zone": "port_core"}}, {"type": "Feature", "geometry": {"type": "Point", "coordinates": [104.15143, 1.25647]}, "properties": {"date": "202601", "npix": 10, "peak_db": 23.1, "zone": "strait_other"}}, {"type": "Feature", "geometry": {"type": "Point", "coordinates": [103.84683, 1.25569]}, "properties": {"date": "202601", "npix": 7, "peak_db": -4.5, "zone": "port_core"}}, {"type": "Feature", "geometry": {"type": "Point", "coordinates": [103.86394, 1.25589]}, "properties": {"date": "202601", "npix": 6, "peak_db": 12.9, "zone": "port_core"}}, {"type": "Feature", "geometry": {"type": "Point", "coordinates": [103.91425, 1.25483]}, "properties": {"date": "202601", "npix": 4, "peak_db": 8.2, "zone": "port_core"}}, {"type": "Feature", "geometry": {"type": "Point", "coordinates": [103.90006, 1.25339]}, "properties": {"date": "202601", "npix": 3, "peak_db": 14.4, "zone": "port_core"}}, {"type": "Feature", "geometry": {"type": "Point", "coordinates": [104.10717, 1.25333]}, "properties": {"date": "202601", "npix": 14, "peak_db": 19.9, "zone": "strait_other"}}, {"type": "Feature", "geometry": {"type": "Point", "coordinates": [103.57531, 1.25187]}, "properties": {"date": "202601", "npix": 18, "peak_db": 12.2, "zone": "strait_other"}}, {"type": "Feature", "geometry": {"type": "Point", "coordinates": [103.87106, 1.25294]}, "properties": {"date": "202601", "npix": 3, "peak_db": 11.3, "zone": "port_core"}}, {"type": "Feature", "geometry": {"type": "Point", "coordinates": [103.55294, 1.25261]}, "properties": {"date": "202601", "npix": 3, "peak_db": 9.2, "zone": "strait_other"}}, {"type": "Feature", "geometry": {"type": "Point", "coordinates": [103.55217, 1.25146]}, "properties": {"date": "202601", "npix": 9, "peak_db": 12.8, "zone": "strait_other"}}, {"type": "Feature", "geometry": {"type": "Point", "coordinates": [103.8825, 1.252]}, "properties": {"date": "202601", "npix": 4, "peak_db": 9.6, "zone": "port_core"}}, {"type": "Feature", "geometry": {"type": "Point", "coordinates": [103.89406, 1.25161]}, "properties": {"date": "202601", "npix": 3, "peak_db": 9.0, "zone": "port_core"}}, {"type": "Feature", "geometry": {"type": "Point", "coordinates": [103.93892, 1.2515]}, "properties": {"date": "202601", "npix": 4, "peak_db": 14.9, "zone": "port_core"}}, {"type": "Feature", "geometry": {"type": "Point", "coordinates": [104.01083, 1.2505]}, "properties": {"date": "202601", "npix": 5, "peak_db": 0.4, "zone": "port_core"}}, {"type": "Feature", "geometry": {"type": "Point", "coordinates": [103.93967, 1.24933]}, "properties": {"date": "202601", "npix": 4, "peak_db": 7.5, "zone": "port_core"}}, {"type": "Feature", "geometry": {"type": "Point", "coordinates": [104.1765, 1.24933]}, "properties": {"date": "202601", "npix": 8, "peak_db": 16.8, "zone": "strait_other"}}, {"type": "Feature", "geometry": {"type": "Point", "coordinates": [104.15228, 1.24861]}, "properties": {"date": "202601", "npix": 3, "peak_db": 16.5, "zone": "strait_other"}}, {"type": "Feature", "geometry": {"type": "Point", "coordinates": [103.75361, 1.24839]}, "properties": {"date": "202601", "npix": 3, "peak_db": -1.5, "zone": "port_core"}}, {"type": "Feature", "geometry": {"type": "Point", "coordinates": [104.06794, 1.24772]}, "properties": {"date": "202601", "npix": 3, "peak_db": 7.7, "zone": "strait_other"}}, {"type": "Feature", "geometry": {"type": "Point", "coordinates": [103.81198, 1.24688]}, "properties": {"date": "202601", "npix": 7, "peak_db": 8.0, "zone": "port_core"}}, {"type": "Feature", "geometry": {"type": "Point", "coordinates": [103.94958, 1.24742]}, "properties": {"date": "202601", "npix": 4, "peak_db": 9.0, "zone": "port_core"}}, {"type": "Feature", "geometry": {"type": "Point", "coordinates": [103.95479, 1.24662]}, "properties": {"date": "202601", "npix": 17, "peak_db": 20.1, "zone": "port_core"}}, {"type": "Feature", "geometry": {"type": "Point", "coordinates": [104.10723, 1.24632]}, "properties": {"date": "202601", "npix": 15, "peak_db": 18.9, "zone": "strait_other"}}, {"type": "Feature", "geometry": {"type": "Point", "coordinates": [103.92917, 1.24592]}, "properties": {"date": "202601", "npix": 4, "peak_db": 9.4, "zone": "port_core"}}, {"type": "Feature", "geometry": {"type": "Point", "coordinates": [104.02506, 1.24589]}, "properties": {"date": "202601", "npix": 6, "peak_db": 11.4, "zone": "strait_other"}}, {"type": "Feature", "geometry": {"type": "Point", "coordinates": [103.56436, 1.24493]}, "properties": {"date": "202601", "npix": 7, "peak_db": 6.7, "zone": "strait_other"}}, {"type": "Feature", "geometry": {"type": "Point", "coordinates": [103.77078, 1.24528]}, "properties": {"date": "202601", "npix": 6, "peak_db": 2.5, "zone": "port_core"}}, {"type": "Feature", "geometry": {"type": "Point", "coordinates": [103.79663, 1.24503]}, "properties": {"date": "202601", "npix": 5, "peak_db": 8.4, "zone": "port_core"}}, {"type": "Feature", "geometry": {"type": "Point", "coordinates": [103.92756, 1.24456]}, "properties": {"date": "202601", "npix": 6, "peak_db": 13.0, "zone": "port_core"}}, {"type": "Feature", "geometry": {"type": "Point", "coordinates": [104.04285, 1.24383]}, "properties": {"date": "202601", "npix": 16, "peak_db": 32.1, "zone": "strait_other"}}, {"type": "Feature", "geometry": {"type": "Point", "coordinates": [103.56372, 1.24406]}, "properties": {"date": "202601", "npix": 3, "peak_db": 9.4, "zone": "strait_other"}}, {"type": "Feature", "geometry": {"type": "Point", "coordinates": [103.80417, 1.2435]}, "properties": {"date": "202601", "npix": 3, "peak_db": 10.5, "zone": "port_core"}}, {"type": "Feature", "geometry": {"type": "Point", "coordinates": [103.87439, 1.24361]}, "properties": {"date": "202601", "npix": 3, "peak_db": 8.6, "zone": "port_core"}}, {"type": "Feature", "geometry": {"type": "Point", "coordinates": [103.8735, 1.243]}, "properties": {"date": "202601", "npix": 4, "peak_db": 11.4, "zone": "port_core"}}, {"type": "Feature", "geometry": {"type": "Point", "coordinates": [104.10975, 1.24292]}, "properties": {"date": "202601", "npix": 4, "peak_db": 14.1, "zone": "strait_other"}}, {"type": "Feature", "geometry": {"type": "Point", "coordinates": [103.74023, 1.2423]}, "properties": {"date": "202601", "npix": 5, "peak_db": 5.1, "zone": "port_core"}}, {"type": "Feature", "geometry": {"type": "Point", "coordinates": [103.89175, 1.24208]}, "properties": {"date": "202601", "npix": 4, "peak_db": 22.8, "zone": "port_core"}}, {"type": "Feature", "geometry": {"type": "Point", "coordinates": [103.82439, 1.24206]}, "properties": {"date": "202601", "npix": 3, "peak_db": 5.1, "zone": "port_core"}}, {"type": "Feature", "geometry": {"type": "Point", "coordinates": [103.62983, 1.24117]}, "properties": {"date": "202601", "npix": 3, "peak_db": -10.5, "zone": "western_opl"}}, {"type": "Feature", "geometry": {"type": "Point", "coordinates": [103.75517, 1.24142]}, "properties": {"date": "202601", "npix": 4, "peak_db": 2.7, "zone": "port_core"}}, {"type": "Feature", "geometry": {"type": "Point", "coordinates": [103.81169, 1.24093]}, "properties": {"date": "202601", "npix": 7, "peak_db": 15.2, "zone": "port_core"}}, {"type": "Feature", "geometry": {"type": "Point", "coordinates": [103.89804, 1.24079]}, "properties": {"date": "202601", "npix": 8, "peak_db": 23.6, "zone": "port_core"}}, {"type": "Feature", "geometry": {"type": "Point", "coordinates": [103.91958, 1.24083]}, "properties": {"date": "202601", "npix": 4, "peak_db": 12.8, "zone": "port_core"}}, {"type": "Feature", "geometry": {"type": "Point", "coordinates": [103.6305, 1.2405]}, "properties": {"date": "202601", "npix": 3, "peak_db": -9.4, "zone": "western_opl"}}, {"type": "Feature", "geometry": {"type": "Point", "coordinates": [104.03667, 1.2405]}, "properties": {"date": "202601", "npix": 4, "peak_db": 6.8, "zone": "strait_other"}}, {"type": "Feature", "geometry": {"type": "Point", "coordinates": [103.91837, 1.2391]}, "properties": {"date": "202601", "npix": 5, "peak_db": 6.0, "zone": "port_core"}}, {"type": "Feature", "geometry": {"type": "Point", "coordinates": [103.9793, 1.23774]}, "properties": {"date": "202601", "npix": 15, "peak_db": 22.5, "zone": "port_core"}}, {"type": "Feature", "geometry": {"type": "Point", "coordinates": [103.81367, 1.23667]}, "properties": {"date": "202601", "npix": 4, "peak_db": 16.4, "zone": "port_core"}}, {"type": "Feature", "geometry": {"type": "Point", "coordinates": [104.08642, 1.23475]}, "properties": {"date": "202601", "npix": 4, "peak_db": 12.7, "zone": "eastern_opl"}}, {"type": "Feature", "geometry": {"type": "Point", "coordinates": [103.5625, 1.2345]}, "properties": {"date": "202601", "npix": 3, "peak_db": 14.7, "zone": "strait_other"}}, {"type": "Feature", "geometry": {"type": "Point", "coordinates": [103.78111, 1.23342]}, "properties": {"date": "202601", "npix": 12, "peak_db": 11.3, "zone": "port_core"}}, {"type": "Feature", "geometry": {"type": "Point", "coordinates": [103.57228, 1.23372]}, "properties": {"date": "202601", "npix": 3, "peak_db": 17.3, "zone": "strait_other"}}, {"type": "Feature", "geometry": {"type": "Point", "coordinates": [103.69506, 1.23261]}, "properties": {"date": "202601", "npix": 3, "peak_db": 7.2, "zone": "port_core"}}, {"type": "Feature", "geometry": {"type": "Point", "coordinates": [103.79883, 1.23233]}, "properties": {"date": "202601", "npix": 8, "peak_db": 10.2, "zone": "port_core"}}, {"type": "Feature", "geometry": {"type": "Point", "coordinates": [104.06267, 1.2315]}, "properties": {"date": "202601", "npix": 4, "peak_db": 4.0, "zone": "eastern_opl"}}, {"type": "Feature", "geometry": {"type": "Point", "coordinates": [104.01261, 1.23094]}, "properties": {"date": "202601", "npix": 3, "peak_db": 6.8, "zone": "port_core"}}, {"type": "Feature", "geometry": {"type": "Point", "coordinates": [103.79317, 1.22875]}, "properties": {"date": "202601", "npix": 4, "peak_db": 9.5, "zone": "port_core"}}, {"type": "Feature", "geometry": {"type": "Point", "coordinates": [103.96425, 1.22858]}, "properties": {"date": "202601", "npix": 4, "peak_db": -0.3, "zone": "port_core"}}, {"type": "Feature", "geometry": {"type": "Point", "coordinates": [103.68603, 1.22777]}, "properties": {"date": "202601", "npix": 5, "peak_db": 6.5, "zone": "port_core"}}, {"type": "Feature", "geometry": {"type": "Point", "coordinates": [103.62033, 1.22733]}, "properties": {"date": "202601", "npix": 10, "peak_db": 9.3, "zone": "western_opl"}}, {"type": "Feature", "geometry": {"type": "Point", "coordinates": [103.55877, 1.22635]}, "properties": {"date": "202601", "npix": 11, "peak_db": 10.4, "zone": "strait_other"}}, {"type": "Feature", "geometry": {"type": "Point", "coordinates": [103.81128, 1.22706]}, "properties": {"date": "202601", "npix": 3, "peak_db": 11.9, "zone": "port_core"}}, {"type": "Feature", "geometry": {"type": "Point", "coordinates": [103.62906, 1.22661]}, "properties": {"date": "202601", "npix": 3, "peak_db": -2.4, "zone": "western_opl"}}, {"type": "Feature", "geometry": {"type": "Point", "coordinates": [103.55772, 1.22528]}, "properties": {"date": "202601", "npix": 3, "peak_db": 7.7, "zone": "strait_other"}}, {"type": "Feature", "geometry": {"type": "Point", "coordinates": [103.79589, 1.22494]}, "properties": {"date": "202601", "npix": 6, "peak_db": 14.2, "zone": "port_core"}}, {"type": "Feature", "geometry": {"type": "Point", "coordinates": [103.68342, 1.22442]}, "properties": {"date": "202601", "npix": 4, "peak_db": 5.2, "zone": "port_core"}}, {"type": "Feature", "geometry": {"type": "Point", "coordinates": [103.56783, 1.22417]}, "properties": {"date": "202601", "npix": 3, "peak_db": 14.0, "zone": "strait_other"}}, {"type": "Feature", "geometry": {"type": "Point", "coordinates": [103.82128, 1.22339]}, "properties": {"date": "202601", "npix": 3, "peak_db": 15.8, "zone": "port_core"}}, {"type": "Feature", "geometry": {"type": "Point", "coordinates": [103.87426, 1.2232]}, "properties": {"date": "202601", "npix": 11, "peak_db": 12.0, "zone": "port_core"}}, {"type": "Feature", "geometry": {"type": "Point", "coordinates": [103.7195, 1.22283]}, "properties": {"date": "202601", "npix": 3, "peak_db": 2.6, "zone": "port_core"}}, {"type": "Feature", "geometry": {"type": "Point", "coordinates": [103.82061, 1.22272]}, "properties": {"date": "202601", "npix": 3, "peak_db": 15.1, "zone": "port_core"}}, {"type": "Feature", "geometry": {"type": "Point", "coordinates": [103.61977, 1.22203]}, "properties": {"date": "202601", "npix": 5, "peak_db": 2.5, "zone": "western_opl"}}, {"type": "Feature", "geometry": {"type": "Point", "coordinates": [103.64739, 1.22172]}, "properties": {"date": "202601", "npix": 3, "peak_db": 6.2, "zone": "western_opl"}}, {"type": "Feature", "geometry": {"type": "Point", "coordinates": [103.76606, 1.22172]}, "properties": {"date": "202601", "npix": 3, "peak_db": 10.9, "zone": "port_core"}}, {"type": "Feature", "geometry": {"type": "Point", "coordinates": [103.80125, 1.22138]}, "properties": {"date": "202601", "npix": 8, "peak_db": 12.5, "zone": "port_core"}}, {"type": "Feature", "geometry": {"type": "Point", "coordinates": [103.70883, 1.22142]}, "properties": {"date": "202601", "npix": 4, "peak_db": 5.7, "zone": "port_core"}}, {"type": "Feature", "geometry": {"type": "Point", "coordinates": [103.67772, 1.22083]}, "properties": {"date": "202601", "npix": 6, "peak_db": 11.2, "zone": "western_opl"}}, {"type": "Feature", "geometry": {"type": "Point", "coordinates": [103.69759, 1.22041]}, "properties": {"date": "202601", "npix": 11, "peak_db": 13.1, "zone": "port_core"}}, {"type": "Feature", "geometry": {"type": "Point", "coordinates": [103.81543, 1.22013]}, "properties": {"date": "202601", "npix": 10, "peak_db": 20.4, "zone": "port_core"}}, {"type": "Feature", "geometry": {"type": "Point", "coordinates": [103.89411, 1.22056]}, "properties": {"date": "202601", "npix": 6, "peak_db": 8.3, "zone": "port_core"}}, {"type": "Feature", "geometry": {"type": "Point", "coordinates": [103.65125, 1.21992]}, "properties": {"date": "202601", "npix": 4, "peak_db": 6.2, "zone": "western_opl"}}, {"type": "Feature", "geometry": {"type": "Point", "coordinates": [103.71183, 1.22017]}, "properties": {"date": "202601", "npix": 3, "peak_db": 4.0, "zone": "port_core"}}, {"type": "Feature", "geometry": {"type": "Point", "coordinates": [103.6465, 1.21955]}, "properties": {"date": "202601", "npix": 7, "peak_db": 10.2, "zone": "western_opl"}}, {"type": "Feature", "geometry": {"type": "Point", "coordinates": [103.71483, 1.21967]}, "properties": {"date": "202601", "npix": 4, "peak_db": 5.4, "zone": "port_core"}}, {"type": "Feature", "geometry": {"type": "Point", "coordinates": [103.74539, 1.21961]}, "properties": {"date": "202601", "npix": 3, "peak_db": 2.9, "zone": "port_core"}}, {"type": "Feature", "geometry": {"type": "Point", "coordinates": [103.80417, 1.219]}, "properties": {"date": "202601", "npix": 4, "peak_db": 9.0, "zone": "port_core"}}, {"type": "Feature", "geometry": {"type": "Point", "coordinates": [103.93561, 1.21814]}, "properties": {"date": "202601", "npix": 12, "peak_db": 11.2, "zone": "port_core"}}, {"type": "Feature", "geometry": {"type": "Point", "coordinates": [103.73937, 1.2179]}, "properties": {"date": "202601", "npix": 5, "peak_db": 7.5, "zone": "port_core"}}, {"type": "Feature", "geometry": {"type": "Point", "coordinates": [103.73594, 1.21639]}, "properties": {"date": "202601", "npix": 3, "peak_db": 7.1, "zone": "port_core"}}, {"type": "Feature", "geometry": {"type": "Point", "coordinates": [103.74689, 1.21617]}, "properties": {"date": "202601", "npix": 6, "peak_db": 2.8, "zone": "port_core"}}, {"type": "Feature", "geometry": {"type": "Point", "coordinates": [103.55458, 1.21583]}, "properties": {"date": "202601", "npix": 4, "peak_db": 22.5, "zone": "strait_other"}}, {"type": "Feature", "geometry": {"type": "Point", "coordinates": [103.74172, 1.21606]}, "properties": {"date": "202601", "npix": 3, "peak_db": 4.5, "zone": "port_core"}}, {"type": "Feature", "geometry": {"type": "Point", "coordinates": [103.72667, 1.21533]}, "properties": {"date": "202601", "npix": 4, "peak_db": 3.9, "zone": "port_core"}}, {"type": "Feature", "geometry": {"type": "Point", "coordinates": [103.64723, 1.21403]}, "properties": {"date": "202601", "npix": 5, "peak_db": 9.7, "zone": "western_opl"}}, {"type": "Feature", "geometry": {"type": "Point", "coordinates": [103.87717, 1.21383]}, "properties": {"date": "202601", "npix": 3, "peak_db": 7.8, "zone": "port_core"}}, {"type": "Feature", "geometry": {"type": "Point", "coordinates": [103.87945, 1.21298]}, "properties": {"date": "202601", "npix": 7, "peak_db": 8.4, "zone": "port_core"}}, {"type": "Feature", "geometry": {"type": "Point", "coordinates": [103.82028, 1.21306]}, "properties": {"date": "202601", "npix": 3, "peak_db": 11.9, "zone": "port_core"}}, {"type": "Feature", "geometry": {"type": "Point", "coordinates": [103.88068, 1.21171]}, "properties": {"date": "202601", "npix": 11, "peak_db": 16.3, "zone": "port_core"}}, {"type": "Feature", "geometry": {"type": "Point", "coordinates": [103.5745, 1.21167]}, "properties": {"date": "202601", "npix": 6, "peak_db": 6.3, "zone": "strait_other"}}, {"type": "Feature", "geometry": {"type": "Point", "coordinates": [103.83817, 1.20992]}, "properties": {"date": "202601", "npix": 4, "peak_db": 3.5, "zone": "port_core"}}, {"type": "Feature", "geometry": {"type": "Point", "coordinates": [103.69739, 1.20828]}, "properties": {"date": "202601", "npix": 3, "peak_db": 5.6, "zone": "port_core"}}, {"type": "Feature", "geometry": {"type": "Point", "coordinates": [103.74006, 1.20439]}, "properties": {"date": "202601", "npix": 3, "peak_db": 4.8, "zone": "port_core"}}, {"type": "Feature", "geometry": {"type": "Point", "coordinates": [103.81043, 1.20354]}, "properties": {"date": "202601", "npix": 9, "peak_db": 13.7, "zone": "port_core"}}, {"type": "Feature", "geometry": {"type": "Point", "coordinates": [103.83062, 1.20062]}, "properties": {"date": "202601", "npix": 11, "peak_db": 12.5, "zone": "port_core"}}, {"type": "Feature", "geometry": {"type": "Point", "coordinates": [103.73883, 1.2005]}, "properties": {"date": "202601", "npix": 3, "peak_db": 4.0, "zone": "port_core"}}, {"type": "Feature", "geometry": {"type": "Point", "coordinates": [103.675, 1.19917]}, "properties": {"date": "202601", "npix": 4, "peak_db": 11.5, "zone": "western_opl"}}, {"type": "Feature", "geometry": {"type": "Point", "coordinates": [103.61263, 1.19674]}, "properties": {"date": "202601", "npix": 15, "peak_db": 23.9, "zone": "western_opl"}}, {"type": "Feature", "geometry": {"type": "Point", "coordinates": [103.87601, 1.19638]}, "properties": {"date": "202601", "npix": 17, "peak_db": 25.9, "zone": "strait_other"}}, {"type": "Feature", "geometry": {"type": "Point", "coordinates": [103.66587, 1.19463]}, "properties": {"date": "202601", "npix": 18, "peak_db": 14.7, "zone": "western_opl"}}, {"type": "Feature", "geometry": {"type": "Point", "coordinates": [103.6855, 1.19533]}, "properties": {"date": "202601", "npix": 4, "peak_db": 9.7, "zone": "western_opl"}}, {"type": "Feature", "geometry": {"type": "Point", "coordinates": [103.98172, 1.19456]}, "properties": {"date": "202601", "npix": 6, "peak_db": 5.7, "zone": "strait_other"}}, {"type": "Feature", "geometry": {"type": "Point", "coordinates": [103.64304, 1.19329]}, "properties": {"date": "202601", "npix": 8, "peak_db": 10.0, "zone": "western_opl"}}, {"type": "Feature", "geometry": {"type": "Point", "coordinates": [103.98994, 1.19292]}, "properties": {"date": "202601", "npix": 16, "peak_db": 16.4, "zone": "strait_other"}}, {"type": "Feature", "geometry": {"type": "Point", "coordinates": [103.88017, 1.19283]}, "properties": {"date": "202601", "npix": 7, "peak_db": 8.7, "zone": "strait_other"}}, {"type": "Feature", "geometry": {"type": "Point", "coordinates": [103.96211, 1.19206]}, "properties": {"date": "202601", "npix": 6, "peak_db": 15.0, "zone": "strait_other"}}, {"type": "Feature", "geometry": {"type": "Point", "coordinates": [103.7936, 1.19112]}, "properties": {"date": "202601", "npix": 7, "peak_db": 2.2, "zone": "strait_other"}}, {"type": "Feature", "geometry": {"type": "Point", "coordinates": [103.96117, 1.19083]}, "properties": {"date": "202601", "npix": 7, "peak_db": 10.4, "zone": "strait_other"}}, {"type": "Feature", "geometry": {"type": "Point", "coordinates": [103.75767, 1.18983]}, "properties": {"date": "202601", "npix": 4, "peak_db": 7.8, "zone": "western_opl"}}, {"type": "Feature", "geometry": {"type": "Point", "coordinates": [103.69283, 1.18967]}, "properties": {"date": "202601", "npix": 4, "peak_db": 18.6, "zone": "western_opl"}}, {"type": "Feature", "geometry": {"type": "Point", "coordinates": [103.88539, 1.18972]}, "properties": {"date": "202601", "npix": 3, "peak_db": 4.9, "zone": "strait_other"}}, {"type": "Feature", "geometry": {"type": "Point", "coordinates": [103.91123, 1.18943]}, "properties": {"date": "202601", "npix": 5, "peak_db": 6.7, "zone": "strait_other"}}, {"type": "Feature", "geometry": {"type": "Point", "coordinates": [103.69994, 1.18939]}, "properties": {"date": "202601", "npix": 3, "peak_db": 9.8, "zone": "western_opl"}}, {"type": "Feature", "geometry": {"type": "Point", "coordinates": [103.75008, 1.18942]}, "properties": {"date": "202601", "npix": 4, "peak_db": 10.3, "zone": "western_opl"}}, {"type": "Feature", "geometry": {"type": "Point", "coordinates": [103.95539, 1.18939]}, "properties": {"date": "202601", "npix": 3, "peak_db": 15.1, "zone": "strait_other"}}, {"type": "Feature", "geometry": {"type": "Point", "coordinates": [103.83067, 1.18853]}, "properties": {"date": "202601", "npix": 10, "peak_db": 15.5, "zone": "strait_other"}}, {"type": "Feature", "geometry": {"type": "Point", "coordinates": [103.66377, 1.1883]}, "properties": {"date": "202601", "npix": 5, "peak_db": 4.5, "zone": "western_opl"}}, {"type": "Feature", "geometry": {"type": "Point", "coordinates": [103.68011, 1.18726]}, "properties": {"date": "202601", "npix": 11, "peak_db": 6.4, "zone": "western_opl"}}, {"type": "Feature", "geometry": {"type": "Point", "coordinates": [103.95423, 1.18797]}, "properties": {"date": "202601", "npix": 5, "peak_db": 10.4, "zone": "strait_other"}}, {"type": "Feature", "geometry": {"type": "Point", "coordinates": [103.69708, 1.18708]}, "properties": {"date": "202601", "npix": 4, "peak_db": 8.5, "zone": "western_opl"}}, {"type": "Feature", "geometry": {"type": "Point", "coordinates": [103.97108, 1.18675]}, "properties": {"date": "202601", "npix": 4, "peak_db": 9.6, "zone": "strait_other"}}, {"type": "Feature", "geometry": {"type": "Point", "coordinates": [103.79967, 1.18567]}, "properties": {"date": "202601", "npix": 4, "peak_db": 6.9, "zone": "strait_other"}}, {"type": "Feature", "geometry": {"type": "Point", "coordinates": [103.94717, 1.1855]}, "properties": {"date": "202601", "npix": 3, "peak_db": 8.8, "zone": "strait_other"}}, {"type": "Feature", "geometry": {"type": "Point", "coordinates": [103.8125, 1.18542]}, "properties": {"date": "202601", "npix": 4, "peak_db": 11.1, "zone": "strait_other"}}, {"type": "Feature", "geometry": {"type": "Point", "coordinates": [103.7037, 1.18477]}, "properties": {"date": "202601", "npix": 5, "peak_db": 20.2, "zone": "western_opl"}}, {"type": "Feature", "geometry": {"type": "Point", "coordinates": [103.97963, 1.1851]}, "properties": {"date": "202601", "npix": 5, "peak_db": 11.8, "zone": "strait_other"}}, {"type": "Feature", "geometry": {"type": "Point", "coordinates": [103.9465, 1.18433]}, "properties": {"date": "202601", "npix": 6, "peak_db": 5.2, "zone": "strait_other"}}, {"type": "Feature", "geometry": {"type": "Point", "coordinates": [103.96983, 1.18467]}, "properties": {"date": "202601", "npix": 4, "peak_db": 10.4, "zone": "strait_other"}}, {"type": "Feature", "geometry": {"type": "Point", "coordinates": [103.69217, 1.18375]}, "properties": {"date": "202601", "npix": 4, "peak_db": 12.0, "zone": "western_opl"}}, {"type": "Feature", "geometry": {"type": "Point", "coordinates": [103.96283, 1.18317]}, "properties": {"date": "202601", "npix": 3, "peak_db": 13.0, "zone": "strait_other"}}, {"type": "Feature", "geometry": {"type": "Point", "coordinates": [103.69783, 1.18283]}, "properties": {"date": "202601", "npix": 3, "peak_db": 6.0, "zone": "western_opl"}}, {"type": "Feature", "geometry": {"type": "Point", "coordinates": [103.78254, 1.18025]}, "properties": {"date": "202601", "npix": 17, "peak_db": 13.6, "zone": "strait_other"}}, {"type": "Feature", "geometry": {"type": "Point", "coordinates": [103.98658, 1.18058]}, "properties": {"date": "202601", "npix": 4, "peak_db": 4.6, "zone": "strait_other"}}, {"type": "Feature", "geometry": {"type": "Point", "coordinates": [103.9755, 1.1795]}, "properties": {"date": "202601", "npix": 5, "peak_db": 6.7, "zone": "strait_other"}}, {"type": "Feature", "geometry": {"type": "Point", "coordinates": [103.93823, 1.1777]}, "properties": {"date": "202601", "npix": 5, "peak_db": 10.3, "zone": "strait_other"}}, {"type": "Feature", "geometry": {"type": "Point", "coordinates": [103.71002, 1.17755]}, "properties": {"date": "202601", "npix": 7, "peak_db": 11.0, "zone": "western_opl"}}, {"type": "Feature", "geometry": {"type": "Point", "coordinates": [103.92939, 1.17639]}, "properties": {"date": "202601", "npix": 12, "peak_db": 16.2, "zone": "strait_other"}}, {"type": "Feature", "geometry": {"type": "Point", "coordinates": [103.93739, 1.17694]}, "properties": {"date": "202601", "npix": 3, "peak_db": 3.3, "zone": "strait_other"}}, {"type": "Feature", "geometry": {"type": "Point", "coordinates": [103.75998, 1.17476]}, "properties": {"date": "202601", "npix": 9, "peak_db": 20.7, "zone": "western_opl"}}, {"type": "Feature", "geometry": {"type": "Point", "coordinates": [103.92437, 1.17443]}, "properties": {"date": "202601", "npix": 5, "peak_db": 8.0, "zone": "strait_other"}}, {"type": "Feature", "geometry": {"type": "Point", "coordinates": [103.955, 1.17433]}, "properties": {"date": "202601", "npix": 6, "peak_db": 10.3, "zone": "strait_other"}}, {"type": "Feature", "geometry": {"type": "Point", "coordinates": [103.71342, 1.17354]}, "properties": {"date": "202601", "npix": 8, "peak_db": 24.0, "zone": "western_opl"}}, {"type": "Feature", "geometry": {"type": "Point", "coordinates": [103.84643, 1.1737]}, "properties": {"date": "202601", "npix": 5, "peak_db": 12.9, "zone": "strait_other"}}, {"type": "Feature", "geometry": {"type": "Point", "coordinates": [103.97067, 1.17304]}, "properties": {"date": "202601", "npix": 8, "peak_db": 11.7, "zone": "strait_other"}}, {"type": "Feature", "geometry": {"type": "Point", "coordinates": [103.71, 1.17217]}, "properties": {"date": "202601", "npix": 4, "peak_db": 13.3, "zone": "western_opl"}}, {"type": "Feature", "geometry": {"type": "Point", "coordinates": [103.88239, 1.17206]}, "properties": {"date": "202601", "npix": 3, "peak_db": 2.2, "zone": "strait_other"}}, {"type": "Feature", "geometry": {"type": "Point", "coordinates": [104.229, 1.171]}, "properties": {"date": "202601", "npix": 4, "peak_db": 12.0, "zone": "eastern_opl"}}, {"type": "Feature", "geometry": {"type": "Point", "coordinates": [103.82805, 1.1705]}, "properties": {"date": "202601", "npix": 11, "peak_db": 14.2, "zone": "strait_other"}}, {"type": "Feature", "geometry": {"type": "Point", "coordinates": [103.69364, 1.16909]}, "properties": {"date": "202601", "npix": 21, "peak_db": 15.5, "zone": "western_opl"}}, {"type": "Feature", "geometry": {"type": "Point", "coordinates": [103.99061, 1.16828]}, "properties": {"date": "202601", "npix": 3, "peak_db": 12.6, "zone": "strait_other"}}, {"type": "Feature", "geometry": {"type": "Point", "coordinates": [103.76026, 1.1666]}, "properties": {"date": "202601", "npix": 7, "peak_db": 9.0, "zone": "western_opl"}}, {"type": "Feature", "geometry": {"type": "Point", "coordinates": [103.71533, 1.16533]}, "properties": {"date": "202601", "npix": 4, "peak_db": 13.2, "zone": "western_opl"}}, {"type": "Feature", "geometry": {"type": "Point", "coordinates": [103.71463, 1.16477]}, "properties": {"date": "202601", "npix": 5, "peak_db": 11.9, "zone": "western_opl"}}, {"type": "Feature", "geometry": {"type": "Point", "coordinates": [103.714, 1.164]}, "properties": {"date": "202601", "npix": 4, "peak_db": 14.3, "zone": "western_opl"}}, {"type": "Feature", "geometry": {"type": "Point", "coordinates": [103.64483, 1.16283]}, "properties": {"date": "202601", "npix": 5, "peak_db": 8.0, "zone": "western_opl"}}, {"type": "Feature", "geometry": {"type": "Point", "coordinates": [103.75394, 1.16261]}, "properties": {"date": "202601", "npix": 3, "peak_db": 12.8, "zone": "western_opl"}}, {"type": "Feature", "geometry": {"type": "Point", "coordinates": [103.79266, 1.16201]}, "properties": {"date": "202601", "npix": 21, "peak_db": 26.9, "zone": "strait_other"}}, {"type": "Feature", "geometry": {"type": "Point", "coordinates": [103.75297, 1.1614]}, "properties": {"date": "202601", "npix": 10, "peak_db": 12.3, "zone": "western_opl"}}, {"type": "Feature", "geometry": {"type": "Point", "coordinates": [103.94272, 1.16094]}, "properties": {"date": "202601", "npix": 3, "peak_db": 6.6, "zone": "strait_other"}}, {"type": "Feature", "geometry": {"type": "Point", "coordinates": [103.93257, 1.1605]}, "properties": {"date": "202601", "npix": 5, "peak_db": 11.1, "zone": "strait_other"}}, {"type": "Feature", "geometry": {"type": "Point", "coordinates": [103.96167, 1.15933]}, "properties": {"date": "202601", "npix": 4, "peak_db": 10.6, "zone": "strait_other"}}, {"type": "Feature", "geometry": {"type": "Point", "coordinates": [103.95129, 1.15729]}, "properties": {"date": "202601", "npix": 8, "peak_db": 6.3, "zone": "strait_other"}}, {"type": "Feature", "geometry": {"type": "Point", "coordinates": [103.92908, 1.15708]}, "properties": {"date": "202601", "npix": 4, "peak_db": 7.1, "zone": "strait_other"}}, {"type": "Feature", "geometry": {"type": "Point", "coordinates": [103.99161, 1.15661]}, "properties": {"date": "202601", "npix": 3, "peak_db": 2.3, "zone": "strait_other"}}, {"type": "Feature", "geometry": {"type": "Point", "coordinates": [103.96439, 1.15506]}, "properties": {"date": "202601", "npix": 3, "peak_db": 0.7, "zone": "strait_other"}}, {"type": "Feature", "geometry": {"type": "Point", "coordinates": [103.9309, 1.15377]}, "properties": {"date": "202601", "npix": 5, "peak_db": 7.8, "zone": "strait_other"}}, {"type": "Feature", "geometry": {"type": "Point", "coordinates": [103.95628, 1.15361]}, "properties": {"date": "202601", "npix": 3, "peak_db": 4.7, "zone": "strait_other"}}, {"type": "Feature", "geometry": {"type": "Point", "coordinates": [103.72168, 1.15274]}, "properties": {"date": "202601", "npix": 15, "peak_db": 7.2, "zone": "western_opl"}}, {"type": "Feature", "geometry": {"type": "Point", "coordinates": [103.75717, 1.15292]}, "properties": {"date": "202601", "npix": 4, "peak_db": -1.8, "zone": "western_opl"}}, {"type": "Feature", "geometry": {"type": "Point", "coordinates": [103.98128, 1.15228]}, "properties": {"date": "202601", "npix": 3, "peak_db": 4.9, "zone": "strait_other"}}, {"type": "Feature", "geometry": {"type": "Point", "coordinates": [103.97894, 1.14994]}, "properties": {"date": "202601", "npix": 3, "peak_db": 12.6, "zone": "strait_other"}}, {"type": "Feature", "geometry": {"type": "Point", "coordinates": [103.93772, 1.14928]}, "properties": {"date": "202601", "npix": 3, "peak_db": -0.2, "zone": "strait_other"}}, {"type": "Feature", "geometry": {"type": "Point", "coordinates": [103.78187, 1.14713]}, "properties": {"date": "202601", "npix": 9, "peak_db": 11.7, "zone": "strait_other"}}, {"type": "Feature", "geometry": {"type": "Point", "coordinates": [103.78489, 1.14422]}, "properties": {"date": "202601", "npix": 6, "peak_db": 12.1, "zone": "strait_other"}}, {"type": "Feature", "geometry": {"type": "Point", "coordinates": [103.78025, 1.13525]}, "properties": {"date": "202601", "npix": 4, "peak_db": 9.4, "zone": "strait_other"}}, {"type": "Feature", "geometry": {"type": "Point", "coordinates": [103.76769, 1.13164]}, "properties": {"date": "202601", "npix": 19, "peak_db": 19.6, "zone": "western_opl"}}, {"type": "Feature", "geometry": {"type": "Point", "coordinates": [103.90672, 1.13122]}, "properties": {"date": "202601", "npix": 6, "peak_db": 4.3, "zone": "strait_other"}}, {"type": "Feature", "geometry": {"type": "Point", "coordinates": [103.7565, 1.1195]}, "properties": {"date": "202601", "npix": 31, "peak_db": 9.3, "zone": "western_opl"}}, {"type": "Feature", "geometry": {"type": "Point", "coordinates": [103.75517, 1.11783]}, "properties": {"date": "202601", "npix": 31, "peak_db": 9.3, "zone": "western_opl"}}, {"type": "Feature", "geometry": {"type": "Point", "coordinates": [103.92542, 1.11808]}, "properties": {"date": "202601", "npix": 4, "peak_db": -9.6, "zone": "strait_other"}}, {"type": "Feature", "geometry": {"type": "Point", "coordinates": [103.89517, 1.11175]}, "properties": {"date": "202601", "npix": 4, "peak_db": 4.1, "zone": "strait_other"}}, {"type": "Feature", "geometry": {"type": "Point", "coordinates": [103.89272, 1.11128]}, "properties": {"date": "202601", "npix": 3, "peak_db": -1.5, "zone": "strait_other"}}, {"type": "Feature", "geometry": {"type": "Point", "coordinates": [104.1745, 1.11088]}, "properties": {"date": "202601", "npix": 8, "peak_db": 11.0, "zone": "eastern_opl"}}, {"type": "Feature", "geometry": {"type": "Point", "coordinates": [104.184, 1.10917]}, "properties": {"date": "202601", "npix": 4, "peak_db": 9.3, "zone": "eastern_opl"}}, {"type": "Feature", "geometry": {"type": "Point", "coordinates": [104.18372, 1.10106]}, "properties": {"date": "202601", "npix": 3, "peak_db": 12.4, "zone": "eastern_opl"}}, {"type": "Feature", "geometry": {"type": "Point", "coordinates": [103.92292, 1.09458]}, "properties": {"date": "202601", "npix": 4, "peak_db": 5.5, "zone": "strait_other"}}, {"type": "Feature", "geometry": {"type": "Point", "coordinates": [103.73407, 1.09383]}, "properties": {"date": "202601", "npix": 10, "peak_db": 4.6, "zone": "strait_other"}}, {"type": "Feature", "geometry": {"type": "Point", "coordinates": [104.17406, 1.09394]}, "properties": {"date": "202601", "npix": 3, "peak_db": 11.8, "zone": "eastern_opl"}}, {"type": "Feature", "geometry": {"type": "Point", "coordinates": [103.92344, 1.09189]}, "properties": {"date": "202601", "npix": 11, "peak_db": 20.3, "zone": "strait_other"}}, {"type": "Feature", "geometry": {"type": "Point", "coordinates": [104.16761, 1.08994]}, "properties": {"date": "202601", "npix": 3, "peak_db": 8.8, "zone": "eastern_opl"}}, {"type": "Feature", "geometry": {"type": "Point", "coordinates": [104.18306, 1.08361]}, "properties": {"date": "202601", "npix": 3, "peak_db": 8.1, "zone": "eastern_opl"}}, {"type": "Feature", "geometry": {"type": "Point", "coordinates": [103.57164, 1.07808]}, "properties": {"date": "202601", "npix": 12, "peak_db": 20.1, "zone": "strait_other"}}, {"type": "Feature", "geometry": {"type": "Point", "coordinates": [103.92706, 1.077]}, "properties": {"date": "202601", "npix": 6, "peak_db": -7.3, "zone": "strait_other"}}, {"type": "Feature", "geometry": {"type": "Point", "coordinates": [103.71367, 1.07658]}, "properties": {"date": "202601", "npix": 8, "peak_db": 7.4, "zone": "strait_other"}}, {"type": "Feature", "geometry": {"type": "Point", "coordinates": [103.7056, 1.0755]}, "properties": {"date": "202601", "npix": 7, "peak_db": 12.0, "zone": "strait_other"}}, {"type": "Feature", "geometry": {"type": "Point", "coordinates": [103.60172, 1.06389]}, "properties": {"date": "202601", "npix": 6, "peak_db": 10.2, "zone": "strait_other"}}, {"type": "Feature", "geometry": {"type": "Point", "coordinates": [104.18128, 1.06061]}, "properties": {"date": "202601", "npix": 3, "peak_db": 4.1, "zone": "strait_other"}}, {"type": "Feature", "geometry": {"type": "Point", "coordinates": [103.59967, 1.0595]}, "properties": {"date": "202601", "npix": 4, "peak_db": 0.4, "zone": "strait_other"}}, {"type": "Feature", "geometry": {"type": "Point", "coordinates": [104.18817, 1.05567]}, "properties": {"date": "202601", "npix": 4, "peak_db": 5.9, "zone": "strait_other"}}, {"type": "Feature", "geometry": {"type": "Point", "coordinates": [103.9025, 1.05111]}, "properties": {"date": "202601", "npix": 6, "peak_db": 4.2, "zone": "strait_other"}}, {"type": "Feature", "geometry": {"type": "Point", "coordinates": [104.02672, 1.52806]}, "properties": {"date": "202602", "npix": 3, "peak_db": 6.8, "zone": "strait_other"}}, {"type": "Feature", "geometry": {"type": "Point", "coordinates": [104.02769, 1.52355]}, "properties": {"date": "202602", "npix": 7, "peak_db": 5.1, "zone": "strait_other"}}, {"type": "Feature", "geometry": {"type": "Point", "coordinates": [104.02383, 1.52017]}, "properties": {"date": "202602", "npix": 3, "peak_db": -4.8, "zone": "strait_other"}}, {"type": "Feature", "geometry": {"type": "Point", "coordinates": [104.01422, 1.50611]}, "properties": {"date": "202602", "npix": 6, "peak_db": 2.6, "zone": "strait_other"}}, {"type": "Feature", "geometry": {"type": "Point", "coordinates": [104.02667, 1.48217]}, "properties": {"date": "202602", "npix": 4, "peak_db": 1.3, "zone": "strait_other"}}, {"type": "Feature", "geometry": {"type": "Point", "coordinates": [103.78581, 1.46712]}, "properties": {"date": "202602", "npix": 13, "peak_db": 8.6, "zone": "strait_other"}}, {"type": "Feature", "geometry": {"type": "Point", "coordinates": [104.0355, 1.46683]}, "properties": {"date": "202602", "npix": 3, "peak_db": -1.5, "zone": "strait_other"}}, {"type": "Feature", "geometry": {"type": "Point", "coordinates": [103.71506, 1.45461]}, "properties": {"date": "202602", "npix": 3, "peak_db": -6.2, "zone": "strait_other"}}, {"type": "Feature", "geometry": {"type": "Point", "coordinates": [104.0355, 1.45283]}, "properties": {"date": "202602", "npix": 3, "peak_db": -5.9, "zone": "strait_other"}}, {"type": "Feature", "geometry": {"type": "Point", "coordinates": [103.76211, 1.44922]}, "properties": {"date": "202602", "npix": 6, "peak_db": 9.8, "zone": "strait_other"}}, {"type": "Feature", "geometry": {"type": "Point", "coordinates": [104.33331, 1.44691]}, "properties": {"date": "202602", "npix": 9, "peak_db": 8.6, "zone": "strait_other"}}, {"type": "Feature", "geometry": {"type": "Point", "coordinates": [103.87806, 1.43506]}, "properties": {"date": "202602", "npix": 3, "peak_db": 7.5, "zone": "strait_other"}}, {"type": "Feature", "geometry": {"type": "Point", "coordinates": [103.92633, 1.431]}, "properties": {"date": "202602", "npix": 4, "peak_db": 1.9, "zone": "strait_other"}}, {"type": "Feature", "geometry": {"type": "Point", "coordinates": [103.9825, 1.42417]}, "properties": {"date": "202602", "npix": 5, "peak_db": -10.3, "zone": "strait_other"}}, {"type": "Feature", "geometry": {"type": "Point", "coordinates": [103.98428, 1.42461]}, "properties": {"date": "202602", "npix": 3, "peak_db": -10.4, "zone": "strait_other"}}, {"type": "Feature", "geometry": {"type": "Point", "coordinates": [104.1185, 1.4105]}, "properties": {"date": "202602", "npix": 3, "peak_db": -5.1, "zone": "strait_other"}}, {"type": "Feature", "geometry": {"type": "Point", "coordinates": [103.9365, 1.40642]}, "properties": {"date": "202602", "npix": 4, "peak_db": -6.9, "zone": "strait_other"}}, {"type": "Feature", "geometry": {"type": "Point", "coordinates": [103.80257, 1.40013]}, "properties": {"date": "202602", "npix": 9, "peak_db": 1.7, "zone": "strait_other"}}, {"type": "Feature", "geometry": {"type": "Point", "coordinates": [104.09658, 1.39717]}, "properties": {"date": "202602", "npix": 4, "peak_db": 11.7, "zone": "strait_other"}}, {"type": "Feature", "geometry": {"type": "Point", "coordinates": [103.6548, 1.39231]}, "properties": {"date": "202602", "npix": 9, "peak_db": 5.9, "zone": "strait_other"}}, {"type": "Feature", "geometry": {"type": "Point", "coordinates": [104.01883, 1.38858]}, "properties": {"date": "202602", "npix": 4, "peak_db": 6.1, "zone": "strait_other"}}, {"type": "Feature", "geometry": {"type": "Point", "coordinates": [104.01475, 1.38617]}, "properties": {"date": "202602", "npix": 4, "peak_db": -0.9, "zone": "strait_other"}}, {"type": "Feature", "geometry": {"type": "Point", "coordinates": [103.66817, 1.3765]}, "properties": {"date": "202602", "npix": 3, "peak_db": -8.4, "zone": "strait_other"}}, {"type": "Feature", "geometry": {"type": "Point", "coordinates": [104.027, 1.36967]}, "properties": {"date": "202602", "npix": 4, "peak_db": 1.8, "zone": "strait_other"}}, {"type": "Feature", "geometry": {"type": "Point", "coordinates": [104.06171, 1.36808]}, "properties": {"date": "202602", "npix": 8, "peak_db": 4.7, "zone": "strait_other"}}, {"type": "Feature", "geometry": {"type": "Point", "coordinates": [104.06733, 1.36833]}, "properties": {"date": "202602", "npix": 4, "peak_db": 5.0, "zone": "strait_other"}}, {"type": "Feature", "geometry": {"type": "Point", "coordinates": [104.07158, 1.36383]}, "properties": {"date": "202602", "npix": 4, "peak_db": 7.6, "zone": "strait_other"}}, {"type": "Feature", "geometry": {"type": "Point", "coordinates": [104.062, 1.3585]}, "properties": {"date": "202602", "npix": 4, "peak_db": 3.6, "zone": "strait_other"}}, {"type": "Feature", "geometry": {"type": "Point", "coordinates": [104.11833, 1.35669]}, "properties": {"date": "202602", "npix": 12, "peak_db": -2.1, "zone": "strait_other"}}, {"type": "Feature", "geometry": {"type": "Point", "coordinates": [103.62292, 1.35475]}, "properties": {"date": "202602", "npix": 4, "peak_db": -3.3, "zone": "strait_other"}}, {"type": "Feature", "geometry": {"type": "Point", "coordinates": [104.072, 1.35283]}, "properties": {"date": "202602", "npix": 4, "peak_db": 15.4, "zone": "strait_other"}}, {"type": "Feature", "geometry": {"type": "Point", "coordinates": [104.08667, 1.35133]}, "properties": {"date": "202602", "npix": 4, "peak_db": 8.9, "zone": "strait_other"}}, {"type": "Feature", "geometry": {"type": "Point", "coordinates": [104.25643, 1.35137]}, "properties": {"date": "202602", "npix": 5, "peak_db": 10.2, "zone": "strait_other"}}, {"type": "Feature", "geometry": {"type": "Point", "coordinates": [104.05328, 1.35106]}, "properties": {"date": "202602", "npix": 3, "peak_db": 3.8, "zone": "strait_other"}}, {"type": "Feature", "geometry": {"type": "Point", "coordinates": [104.035, 1.348]}, "properties": {"date": "202602", "npix": 4, "peak_db": 2.8, "zone": "strait_other"}}, {"type": "Feature", "geometry": {"type": "Point", "coordinates": [104.10761, 1.34428]}, "properties": {"date": "202602", "npix": 3, "peak_db": 7.3, "zone": "strait_other"}}, {"type": "Feature", "geometry": {"type": "Point", "coordinates": [104.09167, 1.34267]}, "properties": {"date": "202602", "npix": 8, "peak_db": 6.5, "zone": "strait_other"}}, {"type": "Feature", "geometry": {"type": "Point", "coordinates": [104.11106, 1.34106]}, "properties": {"date": "202602", "npix": 3, "peak_db": 3.3, "zone": "strait_other"}}, {"type": "Feature", "geometry": {"type": "Point", "coordinates": [104.09567, 1.33983]}, "properties": {"date": "202602", "npix": 4, "peak_db": 5.8, "zone": "strait_other"}}, {"type": "Feature", "geometry": {"type": "Point", "coordinates": [104.11457, 1.33937]}, "properties": {"date": "202602", "npix": 5, "peak_db": 1.8, "zone": "strait_other"}}, {"type": "Feature", "geometry": {"type": "Point", "coordinates": [104.08943, 1.33823]}, "properties": {"date": "202602", "npix": 5, "peak_db": 6.0, "zone": "strait_other"}}, {"type": "Feature", "geometry": {"type": "Point", "coordinates": [104.09939, 1.33606]}, "properties": {"date": "202602", "npix": 6, "peak_db": 11.1, "zone": "strait_other"}}, {"type": "Feature", "geometry": {"type": "Point", "coordinates": [104.07061, 1.33461]}, "properties": {"date": "202602", "npix": 3, "peak_db": 4.7, "zone": "strait_other"}}, {"type": "Feature", "geometry": {"type": "Point", "coordinates": [104.22994, 1.33091]}, "properties": {"date": "202602", "npix": 9, "peak_db": 19.0, "zone": "strait_other"}}, {"type": "Feature", "geometry": {"type": "Point", "coordinates": [104.0957, 1.3299]}, "properties": {"date": "202602", "npix": 5, "peak_db": 11.9, "zone": "strait_other"}}, {"type": "Feature", "geometry": {"type": "Point", "coordinates": [104.24639, 1.32972]}, "properties": {"date": "202602", "npix": 3, "peak_db": 10.7, "zone": "strait_other"}}, {"type": "Feature", "geometry": {"type": "Point", "coordinates": [104.34107, 1.3296]}, "properties": {"date": "202602", "npix": 7, "peak_db": 7.6, "zone": "strait_other"}}, {"type": "Feature", "geometry": {"type": "Point", "coordinates": [104.05261, 1.32906]}, "properties": {"date": "202602", "npix": 9, "peak_db": 17.6, "zone": "strait_other"}}, {"type": "Feature", "geometry": {"type": "Point", "coordinates": [104.10617, 1.32883]}, "properties": {"date": "202602", "npix": 3, "peak_db": 10.6, "zone": "strait_other"}}, {"type": "Feature", "geometry": {"type": "Point", "coordinates": [104.0265, 1.3285]}, "properties": {"date": "202602", "npix": 3, "peak_db": -7.7, "zone": "strait_other"}}, {"type": "Feature", "geometry": {"type": "Point", "coordinates": [104.22417, 1.32767]}, "properties": {"date": "202602", "npix": 4, "peak_db": 6.6, "zone": "strait_other"}}, {"type": "Feature", "geometry": {"type": "Point", "coordinates": [104.26678, 1.32661]}, "properties": {"date": "202602", "npix": 6, "peak_db": 21.9, "zone": "strait_other"}}, {"type": "Feature", "geometry": {"type": "Point", "coordinates": [104.11708, 1.32542]}, "properties": {"date": "202602", "npix": 4, "peak_db": 18.3, "zone": "strait_other"}}, {"type": "Feature", "geometry": {"type": "Point", "coordinates": [104.06357, 1.32436]}, "properties": {"date": "202602", "npix": 14, "peak_db": 14.9, "zone": "strait_other"}}, {"type": "Feature", "geometry": {"type": "Point", "coordinates": [104.13783, 1.3245]}, "properties": {"date": "202602", "npix": 3, "peak_db": 13.0, "zone": "strait_other"}}, {"type": "Feature", "geometry": {"type": "Point", "coordinates": [104.05102, 1.32214]}, "properties": {"date": "202602", "npix": 11, "peak_db": 13.9, "zone": "strait_other"}}, {"type": "Feature", "geometry": {"type": "Point", "coordinates": [104.25211, 1.32161]}, "properties": {"date": "202602", "npix": 6, "peak_db": 16.5, "zone": "strait_other"}}, {"type": "Feature", "geometry": {"type": "Point", "coordinates": [104.13856, 1.32139]}, "properties": {"date": "202602", "npix": 6, "peak_db": 17.2, "zone": "strait_other"}}, {"type": "Feature", "geometry": {"type": "Point", "coordinates": [104.2198, 1.32094]}, "properties": {"date": "202602", "npix": 9, "peak_db": 20.0, "zone": "strait_other"}}, {"type": "Feature", "geometry": {"type": "Point", "coordinates": [104.12546, 1.32038]}, "properties": {"date": "202602", "npix": 8, "peak_db": 24.5, "zone": "strait_other"}}, {"type": "Feature", "geometry": {"type": "Point", "coordinates": [104.06921, 1.31986]}, "properties": {"date": "202602", "npix": 14, "peak_db": 17.6, "zone": "strait_other"}}, {"type": "Feature", "geometry": {"type": "Point", "coordinates": [104.1435, 1.32017]}, "properties": {"date": "202602", "npix": 5, "peak_db": 20.0, "zone": "strait_other"}}, {"type": "Feature", "geometry": {"type": "Point", "coordinates": [104.11061, 1.31894]}, "properties": {"date": "202602", "npix": 3, "peak_db": 24.0, "zone": "strait_other"}}, {"type": "Feature", "geometry": {"type": "Point", "coordinates": [104.13274, 1.31864]}, "properties": {"date": "202602", "npix": 7, "peak_db": 22.6, "zone": "strait_other"}}, {"type": "Feature", "geometry": {"type": "Point", "coordinates": [104.31392, 1.31758]}, "properties": {"date": "202602", "npix": 4, "peak_db": 11.8, "zone": "strait_other"}}, {"type": "Feature", "geometry": {"type": "Point", "coordinates": [104.10468, 1.31692]}, "properties": {"date": "202602", "npix": 11, "peak_db": 17.9, "zone": "strait_other"}}, {"type": "Feature", "geometry": {"type": "Point", "coordinates": [104.11683, 1.31483]}, "properties": {"date": "202602", "npix": 3, "peak_db": 16.9, "zone": "strait_other"}}, {"type": "Feature", "geometry": {"type": "Point", "coordinates": [103.98261, 1.31361]}, "properties": {"date": "202602", "npix": 3, "peak_db": 5.2, "zone": "port_core"}}, {"type": "Feature", "geometry": {"type": "Point", "coordinates": [104.1441, 1.3137]}, "properties": {"date": "202602", "npix": 5, "peak_db": 15.4, "zone": "strait_other"}}, {"type": "Feature", "geometry": {"type": "Point", "coordinates": [104.07656, 1.31328]}, "properties": {"date": "202602", "npix": 6, "peak_db": 17.4, "zone": "strait_other"}}, {"type": "Feature", "geometry": {"type": "Point", "coordinates": [104.06523, 1.31163]}, "properties": {"date": "202602", "npix": 5, "peak_db": 11.2, "zone": "strait_other"}}, {"type": "Feature", "geometry": {"type": "Point", "coordinates": [104.06433, 1.311]}, "properties": {"date": "202602", "npix": 4, "peak_db": 12.5, "zone": "strait_other"}}, {"type": "Feature", "geometry": {"type": "Point", "coordinates": [104.11017, 1.31117]}, "properties": {"date": "202602", "npix": 3, "peak_db": 10.2, "zone": "strait_other"}}, {"type": "Feature", "geometry": {"type": "Point", "coordinates": [104.10917, 1.31083]}, "properties": {"date": "202602", "npix": 3, "peak_db": 20.8, "zone": "strait_other"}}, {"type": "Feature", "geometry": {"type": "Point", "coordinates": [104.15472, 1.31011]}, "properties": {"date": "202602", "npix": 6, "peak_db": 17.9, "zone": "strait_other"}}, {"type": "Feature", "geometry": {"type": "Point", "coordinates": [104.08464, 1.30745]}, "properties": {"date": "202602", "npix": 7, "peak_db": 14.6, "zone": "strait_other"}}, {"type": "Feature", "geometry": {"type": "Point", "coordinates": [104.12917, 1.30567]}, "properties": {"date": "202602", "npix": 10, "peak_db": 28.7, "zone": "strait_other"}}, {"type": "Feature", "geometry": {"type": "Point", "coordinates": [104.26272, 1.30361]}, "properties": {"date": "202602", "npix": 3, "peak_db": 10.2, "zone": "strait_other"}}, {"type": "Feature", "geometry": {"type": "Point", "coordinates": [104.06677, 1.30337]}, "properties": {"date": "202602", "npix": 5, "peak_db": 19.6, "zone": "strait_other"}}, {"type": "Feature", "geometry": {"type": "Point", "coordinates": [104.15517, 1.3035]}, "properties": {"date": "202602", "npix": 3, "peak_db": 14.3, "zone": "strait_other"}}, {"type": "Feature", "geometry": {"type": "Point", "coordinates": [103.96494, 1.30272]}, "properties": {"date": "202602", "npix": 3, "peak_db": 15.6, "zone": "port_core"}}, {"type": "Feature", "geometry": {"type": "Point", "coordinates": [104.04493, 1.3025]}, "properties": {"date": "202602", "npix": 7, "peak_db": 14.2, "zone": "strait_other"}}, {"type": "Feature", "geometry": {"type": "Point", "coordinates": [104.08986, 1.30169]}, "properties": {"date": "202602", "npix": 12, "peak_db": 10.2, "zone": "strait_other"}}, {"type": "Feature", "geometry": {"type": "Point", "coordinates": [104.14817, 1.30155]}, "properties": {"date": "202602", "npix": 7, "peak_db": 24.7, "zone": "strait_other"}}, {"type": "Feature", "geometry": {"type": "Point", "coordinates": [104.16261, 1.30136]}, "properties": {"date": "202602", "npix": 12, "peak_db": 22.9, "zone": "strait_other"}}, {"type": "Feature", "geometry": {"type": "Point", "coordinates": [104.14023, 1.30077]}, "properties": {"date": "202602", "npix": 5, "peak_db": 11.4, "zone": "strait_other"}}, {"type": "Feature", "geometry": {"type": "Point", "coordinates": [104.11364, 1.30019]}, "properties": {"date": "202602", "npix": 12, "peak_db": 11.0, "zone": "strait_other"}}, {"type": "Feature", "geometry": {"type": "Point", "coordinates": [104.08439, 1.29972]}, "properties": {"date": "202602", "npix": 3, "peak_db": 6.5, "zone": "strait_other"}}, {"type": "Feature", "geometry": {"type": "Point", "coordinates": [103.70425, 1.29917]}, "properties": {"date": "202602", "npix": 4, "peak_db": -1.6, "zone": "port_core"}}, {"type": "Feature", "geometry": {"type": "Point", "coordinates": [104.21367, 1.299]}, "properties": {"date": "202602", "npix": 4, "peak_db": 8.4, "zone": "strait_other"}}, {"type": "Feature", "geometry": {"type": "Point", "coordinates": [104.08211, 1.29856]}, "properties": {"date": "202602", "npix": 6, "peak_db": 15.1, "zone": "strait_other"}}, {"type": "Feature", "geometry": {"type": "Point", "coordinates": [104.2125, 1.29875]}, "properties": {"date": "202602", "npix": 4, "peak_db": 11.3, "zone": "strait_other"}}, {"type": "Feature", "geometry": {"type": "Point", "coordinates": [104.00917, 1.29783]}, "properties": {"date": "202602", "npix": 3, "peak_db": 10.5, "zone": "port_core"}}, {"type": "Feature", "geometry": {"type": "Point", "coordinates": [103.69308, 1.29692]}, "properties": {"date": "202602", "npix": 4, "peak_db": -6.9, "zone": "port_core"}}, {"type": "Feature", "geometry": {"type": "Point", "coordinates": [103.71867, 1.297]}, "properties": {"date": "202602", "npix": 4, "peak_db": -9.8, "zone": "port_core"}}, {"type": "Feature", "geometry": {"type": "Point", "coordinates": [104.06503, 1.29663]}, "properties": {"date": "202602", "npix": 5, "peak_db": 7.2, "zone": "strait_other"}}, {"type": "Feature", "geometry": {"type": "Point", "coordinates": [103.69292, 1.29583]}, "properties": {"date": "202602", "npix": 4, "peak_db": -4.7, "zone": "port_core"}}, {"type": "Feature", "geometry": {"type": "Point", "coordinates": [103.6836, 1.29507]}, "properties": {"date": "202602", "npix": 7, "peak_db": -1.3, "zone": "port_core"}}, {"type": "Feature", "geometry": {"type": "Point", "coordinates": [104.05242, 1.29508]}, "properties": {"date": "202602", "npix": 4, "peak_db": 12.1, "zone": "strait_other"}}, {"type": "Feature", "geometry": {"type": "Point", "coordinates": [103.69683, 1.294]}, "properties": {"date": "202602", "npix": 4, "peak_db": -2.6, "zone": "port_core"}}, {"type": "Feature", "geometry": {"type": "Point", "coordinates": [104.20337, 1.29304]}, "properties": {"date": "202602", "npix": 13, "peak_db": 15.7, "zone": "strait_other"}}, {"type": "Feature", "geometry": {"type": "Point", "coordinates": [104.0776, 1.29157]}, "properties": {"date": "202602", "npix": 14, "peak_db": 11.6, "zone": "strait_other"}}, {"type": "Feature", "geometry": {"type": "Point", "coordinates": [104.01028, 1.29172]}, "properties": {"date": "202602", "npix": 3, "peak_db": 21.5, "zone": "port_core"}}, {"type": "Feature", "geometry": {"type": "Point", "coordinates": [104.16532, 1.28999]}, "properties": {"date": "202602", "npix": 17, "peak_db": 30.5, "zone": "strait_other"}}, {"type": "Feature", "geometry": {"type": "Point", "coordinates": [103.67595, 1.28881]}, "properties": {"date": "202602", "npix": 17, "peak_db": 4.5, "zone": "western_opl"}}, {"type": "Feature", "geometry": {"type": "Point", "coordinates": [104.06906, 1.29006]}, "properties": {"date": "202602", "npix": 3, "peak_db": 13.4, "zone": "strait_other"}}, {"type": "Feature", "geometry": {"type": "Point", "coordinates": [104.09039, 1.28994]}, "properties": {"date": "202602", "npix": 3, "peak_db": 5.9, "zone": "strait_other"}}, {"type": "Feature", "geometry": {"type": "Point", "coordinates": [103.6585, 1.28983]}, "properties": {"date": "202602", "npix": 3, "peak_db": -8.8, "zone": "western_opl"}}, {"type": "Feature", "geometry": {"type": "Point", "coordinates": [104.10728, 1.28972]}, "properties": {"date": "202602", "npix": 3, "peak_db": 10.6, "zone": "strait_other"}}, {"type": "Feature", "geometry": {"type": "Point", "coordinates": [103.99394, 1.28939]}, "properties": {"date": "202602", "npix": 3, "peak_db": 18.3, "zone": "port_core"}}, {"type": "Feature", "geometry": {"type": "Point", "coordinates": [103.9205, 1.28917]}, "properties": {"date": "202602", "npix": 3, "peak_db": 20.3, "zone": "port_core"}}, {"type": "Feature", "geometry": {"type": "Point", "coordinates": [104.13726, 1.2882]}, "properties": {"date": "202602", "npix": 11, "peak_db": 18.6, "zone": "strait_other"}}, {"type": "Feature", "geometry": {"type": "Point", "coordinates": [103.67083, 1.28783]}, "properties": {"date": "202602", "npix": 3, "peak_db": -2.8, "zone": "western_opl"}}, {"type": "Feature", "geometry": {"type": "Point", "coordinates": [103.75183, 1.2875]}, "properties": {"date": "202602", "npix": 3, "peak_db": -5.8, "zone": "port_core"}}, {"type": "Feature", "geometry": {"type": "Point", "coordinates": [104.00633, 1.28733]}, "properties": {"date": "202602", "npix": 4, "peak_db": 24.9, "zone": "port_core"}}, {"type": "Feature", "geometry": {"type": "Point", "coordinates": [103.92883, 1.28717]}, "properties": {"date": "202602", "npix": 3, "peak_db": 20.4, "zone": "port_core"}}, {"type": "Feature", "geometry": {"type": "Point", "coordinates": [104.02094, 1.28672]}, "properties": {"date": "202602", "npix": 3, "peak_db": 6.0, "zone": "strait_other"}}, {"type": "Feature", "geometry": {"type": "Point", "coordinates": [104.04898, 1.28598]}, "properties": {"date": "202602", "npix": 18, "peak_db": 19.1, "zone": "strait_other"}}, {"type": "Feature", "geometry": {"type": "Point", "coordinates": [104.02017, 1.28608]}, "properties": {"date": "202602", "npix": 4, "peak_db": 19.5, "zone": "strait_other"}}, {"type": "Feature", "geometry": {"type": "Point", "coordinates": [104.03523, 1.28417]}, "properties": {"date": "202602", "npix": 17, "peak_db": 19.7, "zone": "strait_other"}}, {"type": "Feature", "geometry": {"type": "Point", "coordinates": [103.91758, 1.28417]}, "properties": {"date": "202602", "npix": 4, "peak_db": 16.4, "zone": "port_core"}}, {"type": "Feature", "geometry": {"type": "Point", "coordinates": [103.99028, 1.28294]}, "properties": {"date": "202602", "npix": 3, "peak_db": 16.2, "zone": "port_core"}}, {"type": "Feature", "geometry": {"type": "Point", "coordinates": [104.17846, 1.28298]}, "properties": {"date": "202602", "npix": 16, "peak_db": 13.4, "zone": "strait_other"}}, {"type": "Feature", "geometry": {"type": "Point", "coordinates": [103.89483, 1.28017]}, "properties": {"date": "202602", "npix": 3, "peak_db": 8.6, "zone": "port_core"}}, {"type": "Feature", "geometry": {"type": "Point", "coordinates": [103.93798, 1.27993]}, "properties": {"date": "202602", "npix": 7, "peak_db": 23.8, "zone": "port_core"}}, {"type": "Feature", "geometry": {"type": "Point", "coordinates": [103.66233, 1.2795]}, "properties": {"date": "202602", "npix": 6, "peak_db": 3.7, "zone": "western_opl"}}, {"type": "Feature", "geometry": {"type": "Point", "coordinates": [104.01959, 1.27941]}, "properties": {"date": "202602", "npix": 11, "peak_db": 6.9, "zone": "port_core"}}, {"type": "Feature", "geometry": {"type": "Point", "coordinates": [104.01817, 1.27875]}, "properties": {"date": "202602", "npix": 4, "peak_db": 12.9, "zone": "port_core"}}, {"type": "Feature", "geometry": {"type": "Point", "coordinates": [103.88817, 1.27717]}, "properties": {"date": "202602", "npix": 5, "peak_db": 17.6, "zone": "port_core"}}, {"type": "Feature", "geometry": {"type": "Point", "coordinates": [103.96594, 1.27706]}, "properties": {"date": "202602", "npix": 3, "peak_db": 22.3, "zone": "port_core"}}, {"type": "Feature", "geometry": {"type": "Point", "coordinates": [104.0061, 1.27703]}, "properties": {"date": "202602", "npix": 5, "peak_db": 20.2, "zone": "port_core"}}, {"type": "Feature", "geometry": {"type": "Point", "coordinates": [104.09597, 1.27693]}, "properties": {"date": "202602", "npix": 17, "peak_db": 18.4, "zone": "strait_other"}}, {"type": "Feature", "geometry": {"type": "Point", "coordinates": [103.986, 1.2765]}, "properties": {"date": "202602", "npix": 4, "peak_db": 16.1, "zone": "port_core"}}, {"type": "Feature", "geometry": {"type": "Point", "coordinates": [103.96528, 1.27639]}, "properties": {"date": "202602", "npix": 3, "peak_db": 13.6, "zone": "port_core"}}, {"type": "Feature", "geometry": {"type": "Point", "coordinates": [103.9846, 1.27537]}, "properties": {"date": "202602", "npix": 10, "peak_db": 9.5, "zone": "port_core"}}, {"type": "Feature", "geometry": {"type": "Point", "coordinates": [103.90898, 1.27545]}, "properties": {"date": "202602", "npix": 7, "peak_db": 20.0, "zone": "port_core"}}, {"type": "Feature", "geometry": {"type": "Point", "coordinates": [103.65292, 1.2745]}, "properties": {"date": "202602", "npix": 4, "peak_db": -7.3, "zone": "western_opl"}}, {"type": "Feature", "geometry": {"type": "Point", "coordinates": [103.89693, 1.27445]}, "properties": {"date": "202602", "npix": 7, "peak_db": 22.8, "zone": "port_core"}}, {"type": "Feature", "geometry": {"type": "Point", "coordinates": [103.648, 1.27283]}, "properties": {"date": "202602", "npix": 4, "peak_db": -5.1, "zone": "western_opl"}}, {"type": "Feature", "geometry": {"type": "Point", "coordinates": [103.97061, 1.27261]}, "properties": {"date": "202602", "npix": 3, "peak_db": 6.5, "zone": "port_core"}}, {"type": "Feature", "geometry": {"type": "Point", "coordinates": [103.97133, 1.272]}, "properties": {"date": "202602", "npix": 4, "peak_db": 10.6, "zone": "port_core"}}, {"type": "Feature", "geometry": {"type": "Point", "coordinates": [103.97206, 1.27161]}, "properties": {"date": "202602", "npix": 3, "peak_db": 8.0, "zone": "port_core"}}, {"type": "Feature", "geometry": {"type": "Point", "coordinates": [103.74417, 1.27093]}, "properties": {"date": "202602", "npix": 7, "peak_db": 9.1, "zone": "port_core"}}, {"type": "Feature", "geometry": {"type": "Point", "coordinates": [103.94917, 1.27092]}, "properties": {"date": "202602", "npix": 4, "peak_db": 34.6, "zone": "port_core"}}, {"type": "Feature", "geometry": {"type": "Point", "coordinates": [103.92217, 1.27033]}, "properties": {"date": "202602", "npix": 14, "peak_db": 15.2, "zone": "port_core"}}, {"type": "Feature", "geometry": {"type": "Point", "coordinates": [104.29261, 1.27028]}, "properties": {"date": "202602", "npix": 3, "peak_db": 20.3, "zone": "strait_other"}}, {"type": "Feature", "geometry": {"type": "Point", "coordinates": [104.02617, 1.26767]}, "properties": {"date": "202602", "npix": 10, "peak_db": 11.9, "zone": "strait_other"}}, {"type": "Feature", "geometry": {"type": "Point", "coordinates": [103.93705, 1.26714]}, "properties": {"date": "202602", "npix": 11, "peak_db": 20.4, "zone": "port_core"}}, {"type": "Feature", "geometry": {"type": "Point", "coordinates": [103.7755, 1.2655]}, "properties": {"date": "202602", "npix": 3, "peak_db": 0.9, "zone": "port_core"}}, {"type": "Feature", "geometry": {"type": "Point", "coordinates": [104.25358, 1.26492]}, "properties": {"date": "202602", "npix": 4, "peak_db": 7.1, "zone": "strait_other"}}, {"type": "Feature", "geometry": {"type": "Point", "coordinates": [104.2523, 1.26457]}, "properties": {"date": "202602", "npix": 5, "peak_db": 17.5, "zone": "strait_other"}}, {"type": "Feature", "geometry": {"type": "Point", "coordinates": [104.1777, 1.26398]}, "properties": {"date": "202602", "npix": 22, "peak_db": 12.3, "zone": "strait_other"}}, {"type": "Feature", "geometry": {"type": "Point", "coordinates": [103.89826, 1.2634]}, "properties": {"date": "202602", "npix": 7, "peak_db": 21.1, "zone": "port_core"}}, {"type": "Feature", "geometry": {"type": "Point", "coordinates": [103.88494, 1.26306]}, "properties": {"date": "202602", "npix": 3, "peak_db": 9.4, "zone": "port_core"}}, {"type": "Feature", "geometry": {"type": "Point", "coordinates": [104.00877, 1.26207]}, "properties": {"date": "202602", "npix": 10, "peak_db": 11.6, "zone": "port_core"}}, {"type": "Feature", "geometry": {"type": "Point", "coordinates": [103.68928, 1.26194]}, "properties": {"date": "202602", "npix": 3, "peak_db": -7.5, "zone": "port_core"}}, {"type": "Feature", "geometry": {"type": "Point", "coordinates": [103.68694, 1.26061]}, "properties": {"date": "202602", "npix": 3, "peak_db": -6.2, "zone": "port_core"}}, {"type": "Feature", "geometry": {"type": "Point", "coordinates": [103.87767, 1.2605]}, "properties": {"date": "202602", "npix": 4, "peak_db": 13.9, "zone": "port_core"}}, {"type": "Feature", "geometry": {"type": "Point", "coordinates": [103.90033, 1.26017]}, "properties": {"date": "202602", "npix": 4, "peak_db": 21.1, "zone": "port_core"}}, {"type": "Feature", "geometry": {"type": "Point", "coordinates": [103.56539, 1.25939]}, "properties": {"date": "202602", "npix": 3, "peak_db": 23.2, "zone": "strait_other"}}, {"type": "Feature", "geometry": {"type": "Point", "coordinates": [103.72524, 1.25802]}, "properties": {"date": "202602", "npix": 9, "peak_db": 13.8, "zone": "port_core"}}, {"type": "Feature", "geometry": {"type": "Point", "coordinates": [104.11737, 1.25822]}, "properties": {"date": "202602", "npix": 13, "peak_db": 15.7, "zone": "strait_other"}}, {"type": "Feature", "geometry": {"type": "Point", "coordinates": [103.92083, 1.25717]}, "properties": {"date": "202602", "npix": 7, "peak_db": 13.6, "zone": "port_core"}}, {"type": "Feature", "geometry": {"type": "Point", "coordinates": [103.87206, 1.25606]}, "properties": {"date": "202602", "npix": 3, "peak_db": 14.7, "zone": "port_core"}}, {"type": "Feature", "geometry": {"type": "Point", "coordinates": [103.92517, 1.25608]}, "properties": {"date": "202602", "npix": 4, "peak_db": 17.7, "zone": "port_core"}}, {"type": "Feature", "geometry": {"type": "Point", "coordinates": [104.07067, 1.25562]}, "properties": {"date": "202602", "npix": 8, "peak_db": 5.4, "zone": "strait_other"}}, {"type": "Feature", "geometry": {"type": "Point", "coordinates": [103.92739, 1.25539]}, "properties": {"date": "202602", "npix": 3, "peak_db": 11.7, "zone": "port_core"}}, {"type": "Feature", "geometry": {"type": "Point", "coordinates": [103.80213, 1.25472]}, "properties": {"date": "202602", "npix": 9, "peak_db": 17.9, "zone": "port_core"}}, {"type": "Feature", "geometry": {"type": "Point", "coordinates": [103.69083, 1.25342]}, "properties": {"date": "202602", "npix": 12, "peak_db": -3.6, "zone": "port_core"}}, {"type": "Feature", "geometry": {"type": "Point", "coordinates": [103.91017, 1.25342]}, "properties": {"date": "202602", "npix": 4, "peak_db": 17.9, "zone": "port_core"}}, {"type": "Feature", "geometry": {"type": "Point", "coordinates": [103.95431, 1.25276]}, "properties": {"date": "202602", "npix": 9, "peak_db": 24.4, "zone": "port_core"}}, {"type": "Feature", "geometry": {"type": "Point", "coordinates": [103.65408, 1.25229]}, "properties": {"date": "202602", "npix": 16, "peak_db": -0.1, "zone": "western_opl"}}, {"type": "Feature", "geometry": {"type": "Point", "coordinates": [103.79872, 1.25128]}, "properties": {"date": "202602", "npix": 3, "peak_db": 12.4, "zone": "port_core"}}, {"type": "Feature", "geometry": {"type": "Point", "coordinates": [103.88877, 1.25103]}, "properties": {"date": "202602", "npix": 5, "peak_db": 16.9, "zone": "port_core"}}, {"type": "Feature", "geometry": {"type": "Point", "coordinates": [103.95861, 1.25061]}, "properties": {"date": "202602", "npix": 9, "peak_db": 10.7, "zone": "port_core"}}, {"type": "Feature", "geometry": {"type": "Point", "coordinates": [104.14407, 1.25007]}, "properties": {"date": "202602", "npix": 17, "peak_db": 14.4, "zone": "strait_other"}}, {"type": "Feature", "geometry": {"type": "Point", "coordinates": [103.88322, 1.25028]}, "properties": {"date": "202602", "npix": 6, "peak_db": 18.4, "zone": "port_core"}}, {"type": "Feature", "geometry": {"type": "Point", "coordinates": [103.87361, 1.24961]}, "properties": {"date": "202602", "npix": 3, "peak_db": 5.1, "zone": "port_core"}}, {"type": "Feature", "geometry": {"type": "Point", "coordinates": [103.86817, 1.249]}, "properties": {"date": "202602", "npix": 4, "peak_db": 10.2, "zone": "port_core"}}, {"type": "Feature", "geometry": {"type": "Point", "coordinates": [103.80861, 1.24839]}, "properties": {"date": "202602", "npix": 3, "peak_db": 22.2, "zone": "port_core"}}, {"type": "Feature", "geometry": {"type": "Point", "coordinates": [104.12887, 1.24753]}, "properties": {"date": "202602", "npix": 25, "peak_db": 19.6, "zone": "strait_other"}}, {"type": "Feature", "geometry": {"type": "Point", "coordinates": [103.87493, 1.24717]}, "properties": {"date": "202602", "npix": 7, "peak_db": 13.6, "zone": "port_core"}}, {"type": "Feature", "geometry": {"type": "Point", "coordinates": [103.92497, 1.24677]}, "properties": {"date": "202602", "npix": 5, "peak_db": 13.4, "zone": "port_core"}}, {"type": "Feature", "geometry": {"type": "Point", "coordinates": [103.94678, 1.24661]}, "properties": {"date": "202602", "npix": 6, "peak_db": 10.7, "zone": "port_core"}}, {"type": "Feature", "geometry": {"type": "Point", "coordinates": [103.89072, 1.246]}, "properties": {"date": "202602", "npix": 12, "peak_db": 23.6, "zone": "port_core"}}, {"type": "Feature", "geometry": {"type": "Point", "coordinates": [104.02786, 1.24519]}, "properties": {"date": "202602", "npix": 13, "peak_db": 13.0, "zone": "strait_other"}}, {"type": "Feature", "geometry": {"type": "Point", "coordinates": [103.79067, 1.2445]}, "properties": {"date": "202602", "npix": 4, "peak_db": 12.6, "zone": "port_core"}}, {"type": "Feature", "geometry": {"type": "Point", "coordinates": [104.04154, 1.24387]}, "properties": {"date": "202602", "npix": 9, "peak_db": 10.5, "zone": "strait_other"}}, {"type": "Feature", "geometry": {"type": "Point", "coordinates": [103.76308, 1.24308]}, "properties": {"date": "202602", "npix": 4, "peak_db": 10.3, "zone": "port_core"}}, {"type": "Feature", "geometry": {"type": "Point", "coordinates": [103.92976, 1.24186]}, "properties": {"date": "202602", "npix": 13, "peak_db": 6.4, "zone": "port_core"}}, {"type": "Feature", "geometry": {"type": "Point", "coordinates": [104.06876, 1.24022]}, "properties": {"date": "202602", "npix": 18, "peak_db": 14.5, "zone": "strait_other"}}, {"type": "Feature", "geometry": {"type": "Point", "coordinates": [103.7905, 1.24017]}, "properties": {"date": "202602", "npix": 3, "peak_db": 13.6, "zone": "port_core"}}, {"type": "Feature", "geometry": {"type": "Point", "coordinates": [103.85042, 1.24017]}, "properties": {"date": "202602", "npix": 4, "peak_db": 4.2, "zone": "port_core"}}, {"type": "Feature", "geometry": {"type": "Point", "coordinates": [103.79317, 1.24]}, "properties": {"date": "202602", "npix": 4, "peak_db": 19.3, "zone": "port_core"}}, {"type": "Feature", "geometry": {"type": "Point", "coordinates": [103.6975, 1.23933]}, "properties": {"date": "202602", "npix": 4, "peak_db": 4.8, "zone": "port_core"}}, {"type": "Feature", "geometry": {"type": "Point", "coordinates": [103.8877, 1.2393]}, "properties": {"date": "202602", "npix": 5, "peak_db": 21.0, "zone": "port_core"}}, {"type": "Feature", "geometry": {"type": "Point", "coordinates": [103.87539, 1.23906]}, "properties": {"date": "202602", "npix": 3, "peak_db": 4.5, "zone": "port_core"}}, {"type": "Feature", "geometry": {"type": "Point", "coordinates": [104.0935, 1.23867]}, "properties": {"date": "202602", "npix": 4, "peak_db": -1.0, "zone": "eastern_opl"}}, {"type": "Feature", "geometry": {"type": "Point", "coordinates": [104.17583, 1.23867]}, "properties": {"date": "202602", "npix": 4, "peak_db": 0.4, "zone": "eastern_opl"}}, {"type": "Feature", "geometry": {"type": "Point", "coordinates": [103.72963, 1.2379]}, "properties": {"date": "202602", "npix": 15, "peak_db": 22.2, "zone": "port_core"}}, {"type": "Feature", "geometry": {"type": "Point", "coordinates": [103.64375, 1.23783]}, "properties": {"date": "202602", "npix": 4, "peak_db": -4.2, "zone": "western_opl"}}, {"type": "Feature", "geometry": {"type": "Point", "coordinates": [103.8755, 1.23783]}, "properties": {"date": "202602", "npix": 3, "peak_db": 9.2, "zone": "port_core"}}, {"type": "Feature", "geometry": {"type": "Point", "coordinates": [103.97306, 1.23794]}, "properties": {"date": "202602", "npix": 3, "peak_db": -8.1, "zone": "port_core"}}, {"type": "Feature", "geometry": {"type": "Point", "coordinates": [103.64528, 1.23739]}, "properties": {"date": "202602", "npix": 3, "peak_db": -4.3, "zone": "western_opl"}}, {"type": "Feature", "geometry": {"type": "Point", "coordinates": [103.71817, 1.23717]}, "properties": {"date": "202602", "npix": 7, "peak_db": 4.8, "zone": "port_core"}}, {"type": "Feature", "geometry": {"type": "Point", "coordinates": [104.0405, 1.23667]}, "properties": {"date": "202602", "npix": 6, "peak_db": 13.9, "zone": "eastern_opl"}}, {"type": "Feature", "geometry": {"type": "Point", "coordinates": [103.81461, 1.23622]}, "properties": {"date": "202602", "npix": 6, "peak_db": 15.5, "zone": "port_core"}}, {"type": "Feature", "geometry": {"type": "Point", "coordinates": [103.99228, 1.2355]}, "properties": {"date": "202602", "npix": 9, "peak_db": 11.4, "zone": "port_core"}}, {"type": "Feature", "geometry": {"type": "Point", "coordinates": [103.79783, 1.2345]}, "properties": {"date": "202602", "npix": 3, "peak_db": 25.0, "zone": "port_core"}}, {"type": "Feature", "geometry": {"type": "Point", "coordinates": [103.81863, 1.23423]}, "properties": {"date": "202602", "npix": 5, "peak_db": 15.2, "zone": "port_core"}}, {"type": "Feature", "geometry": {"type": "Point", "coordinates": [104.17228, 1.23411]}, "properties": {"date": "202602", "npix": 6, "peak_db": 11.2, "zone": "eastern_opl"}}, {"type": "Feature", "geometry": {"type": "Point", "coordinates": [103.65567, 1.23333]}, "properties": {"date": "202602", "npix": 4, "peak_db": 11.7, "zone": "western_opl"}}, {"type": "Feature", "geometry": {"type": "Point", "coordinates": [103.89164, 1.23245]}, "properties": {"date": "202602", "npix": 7, "peak_db": 26.2, "zone": "port_core"}}, {"type": "Feature", "geometry": {"type": "Point", "coordinates": [103.88977, 1.23217]}, "properties": {"date": "202602", "npix": 5, "peak_db": 22.3, "zone": "port_core"}}, {"type": "Feature", "geometry": {"type": "Point", "coordinates": [104.04432, 1.22994]}, "properties": {"date": "202602", "npix": 13, "peak_db": 16.9, "zone": "eastern_opl"}}, {"type": "Feature", "geometry": {"type": "Point", "coordinates": [103.9485, 1.22962]}, "properties": {"date": "202602", "npix": 8, "peak_db": 0.5, "zone": "port_core"}}, {"type": "Feature", "geometry": {"type": "Point", "coordinates": [103.793, 1.22983]}, "properties": {"date": "202602", "npix": 4, "peak_db": 22.9, "zone": "port_core"}}, {"type": "Feature", "geometry": {"type": "Point", "coordinates": [103.86183, 1.2295]}, "properties": {"date": "202602", "npix": 3, "peak_db": 7.5, "zone": "port_core"}}, {"type": "Feature", "geometry": {"type": "Point", "coordinates": [103.7985, 1.22817]}, "properties": {"date": "202602", "npix": 3, "peak_db": 24.7, "zone": "port_core"}}, {"type": "Feature", "geometry": {"type": "Point", "coordinates": [103.90494, 1.22839]}, "properties": {"date": "202602", "npix": 3, "peak_db": 7.9, "zone": "port_core"}}, {"type": "Feature", "geometry": {"type": "Point", "coordinates": [103.68517, 1.22778]}, "properties": {"date": "202602", "npix": 6, "peak_db": 6.9, "zone": "port_core"}}, {"type": "Feature", "geometry": {"type": "Point", "coordinates": [104.12877, 1.2277]}, "properties": {"date": "202602", "npix": 5, "peak_db": 0.2, "zone": "eastern_opl"}}, {"type": "Feature", "geometry": {"type": "Point", "coordinates": [103.64109, 1.22583]}, "properties": {"date": "202602", "npix": 13, "peak_db": 18.7, "zone": "western_opl"}}, {"type": "Feature", "geometry": {"type": "Point", "coordinates": [103.66377, 1.22493]}, "properties": {"date": "202602", "npix": 21, "peak_db": 31.6, "zone": "western_opl"}}, {"type": "Feature", "geometry": {"type": "Point", "coordinates": [103.7115, 1.22608]}, "properties": {"date": "202602", "npix": 4, "peak_db": 7.8, "zone": "port_core"}}, {"type": "Feature", "geometry": {"type": "Point", "coordinates": [103.89067, 1.226]}, "properties": {"date": "202602", "npix": 4, "peak_db": 13.3, "zone": "port_core"}}, {"type": "Feature", "geometry": {"type": "Point", "coordinates": [103.631, 1.22533]}, "properties": {"date": "202602", "npix": 4, "peak_db": 8.5, "zone": "western_opl"}}, {"type": "Feature", "geometry": {"type": "Point", "coordinates": [104.12428, 1.22428]}, "properties": {"date": "202602", "npix": 3, "peak_db": 1.1, "zone": "eastern_opl"}}, {"type": "Feature", "geometry": {"type": "Point", "coordinates": [103.71267, 1.22317]}, "properties": {"date": "202602", "npix": 4, "peak_db": 10.7, "zone": "port_core"}}, {"type": "Feature", "geometry": {"type": "Point", "coordinates": [103.7083, 1.22177]}, "properties": {"date": "202602", "npix": 5, "peak_db": 8.2, "zone": "port_core"}}, {"type": "Feature", "geometry": {"type": "Point", "coordinates": [103.7175, 1.22183]}, "properties": {"date": "202602", "npix": 3, "peak_db": 4.6, "zone": "port_core"}}, {"type": "Feature", "geometry": {"type": "Point", "coordinates": [103.97064, 1.22121]}, "properties": {"date": "202602", "npix": 22, "peak_db": 16.5, "zone": "port_core"}}, {"type": "Feature", "geometry": {"type": "Point", "coordinates": [103.82836, 1.22064]}, "properties": {"date": "202602", "npix": 7, "peak_db": 10.3, "zone": "port_core"}}, {"type": "Feature", "geometry": {"type": "Point", "coordinates": [103.74633, 1.22033]}, "properties": {"date": "202602", "npix": 4, "peak_db": 5.2, "zone": "port_core"}}, {"type": "Feature", "geometry": {"type": "Point", "coordinates": [103.95972, 1.22039]}, "properties": {"date": "202602", "npix": 3, "peak_db": -2.0, "zone": "port_core"}}, {"type": "Feature", "geometry": {"type": "Point", "coordinates": [103.64637, 1.21957]}, "properties": {"date": "202602", "npix": 5, "peak_db": 5.0, "zone": "western_opl"}}, {"type": "Feature", "geometry": {"type": "Point", "coordinates": [103.81512, 1.21912]}, "properties": {"date": "202602", "npix": 8, "peak_db": 24.5, "zone": "port_core"}}, {"type": "Feature", "geometry": {"type": "Point", "coordinates": [104.12228, 1.21894]}, "properties": {"date": "202602", "npix": 3, "peak_db": -2.7, "zone": "eastern_opl"}}, {"type": "Feature", "geometry": {"type": "Point", "coordinates": [103.74206, 1.21872]}, "properties": {"date": "202602", "npix": 3, "peak_db": 7.4, "zone": "port_core"}}, {"type": "Feature", "geometry": {"type": "Point", "coordinates": [103.73367, 1.21839]}, "properties": {"date": "202602", "npix": 6, "peak_db": 9.5, "zone": "port_core"}}, {"type": "Feature", "geometry": {"type": "Point", "coordinates": [103.80417, 1.21783]}, "properties": {"date": "202602", "npix": 3, "peak_db": 14.5, "zone": "port_core"}}, {"type": "Feature", "geometry": {"type": "Point", "coordinates": [103.8963, 1.21743]}, "properties": {"date": "202602", "npix": 5, "peak_db": 10.3, "zone": "port_core"}}, {"type": "Feature", "geometry": {"type": "Point", "coordinates": [103.71883, 1.21717]}, "properties": {"date": "202602", "npix": 3, "peak_db": 19.7, "zone": "port_core"}}, {"type": "Feature", "geometry": {"type": "Point", "coordinates": [103.73639, 1.21706]}, "properties": {"date": "202602", "npix": 3, "peak_db": 11.2, "zone": "port_core"}}, {"type": "Feature", "geometry": {"type": "Point", "coordinates": [103.72592, 1.21658]}, "properties": {"date": "202602", "npix": 4, "peak_db": 7.9, "zone": "port_core"}}, {"type": "Feature", "geometry": {"type": "Point", "coordinates": [103.74654, 1.21654]}, "properties": {"date": "202602", "npix": 9, "peak_db": 17.0, "zone": "port_core"}}, {"type": "Feature", "geometry": {"type": "Point", "coordinates": [103.92983, 1.21667]}, "properties": {"date": "202602", "npix": 6, "peak_db": 8.6, "zone": "port_core"}}, {"type": "Feature", "geometry": {"type": "Point", "coordinates": [103.80942, 1.21608]}, "properties": {"date": "202602", "npix": 4, "peak_db": 18.7, "zone": "port_core"}}, {"type": "Feature", "geometry": {"type": "Point", "coordinates": [103.82072, 1.21572]}, "properties": {"date": "202602", "npix": 3, "peak_db": 13.5, "zone": "port_core"}}, {"type": "Feature", "geometry": {"type": "Point", "coordinates": [103.82517, 1.21583]}, "properties": {"date": "202602", "npix": 3, "peak_db": 8.9, "zone": "port_core"}}, {"type": "Feature", "geometry": {"type": "Point", "coordinates": [103.82817, 1.21092]}, "properties": {"date": "202602", "npix": 4, "peak_db": 3.6, "zone": "port_core"}}, {"type": "Feature", "geometry": {"type": "Point", "coordinates": [103.86896, 1.21053]}, "properties": {"date": "202602", "npix": 13, "peak_db": 6.8, "zone": "port_core"}}, {"type": "Feature", "geometry": {"type": "Point", "coordinates": [104.23376, 1.20871]}, "properties": {"date": "202602", "npix": 13, "peak_db": 16.6, "zone": "eastern_opl"}}, {"type": "Feature", "geometry": {"type": "Point", "coordinates": [103.85361, 1.20672]}, "properties": {"date": "202602", "npix": 3, "peak_db": 4.3, "zone": "port_core"}}, {"type": "Feature", "geometry": {"type": "Point", "coordinates": [103.85967, 1.20633]}, "properties": {"date": "202602", "npix": 4, "peak_db": 7.5, "zone": "port_core"}}, {"type": "Feature", "geometry": {"type": "Point", "coordinates": [103.6646, 1.20301]}, "properties": {"date": "202602", "npix": 13, "peak_db": 30.0, "zone": "western_opl"}}, {"type": "Feature", "geometry": {"type": "Point", "coordinates": [103.98517, 1.20283]}, "properties": {"date": "202602", "npix": 3, "peak_db": 10.6, "zone": "port_core"}}, {"type": "Feature", "geometry": {"type": "Point", "coordinates": [103.7415, 1.20175]}, "properties": {"date": "202602", "npix": 4, "peak_db": 9.5, "zone": "port_core"}}, {"type": "Feature", "geometry": {"type": "Point", "coordinates": [103.67683, 1.201]}, "properties": {"date": "202602", "npix": 4, "peak_db": 13.8, "zone": "western_opl"}}, {"type": "Feature", "geometry": {"type": "Point", "coordinates": [103.64025, 1.20075]}, "properties": {"date": "202602", "npix": 4, "peak_db": 16.9, "zone": "western_opl"}}, {"type": "Feature", "geometry": {"type": "Point", "coordinates": [103.64823, 1.20037]}, "properties": {"date": "202602", "npix": 5, "peak_db": 11.4, "zone": "western_opl"}}, {"type": "Feature", "geometry": {"type": "Point", "coordinates": [103.6857, 1.20003]}, "properties": {"date": "202602", "npix": 5, "peak_db": 18.8, "zone": "port_core"}}, {"type": "Feature", "geometry": {"type": "Point", "coordinates": [103.96108, 1.20008]}, "properties": {"date": "202602", "npix": 4, "peak_db": 11.2, "zone": "port_core"}}, {"type": "Feature", "geometry": {"type": "Point", "coordinates": [103.90539, 1.19861]}, "properties": {"date": "202602", "npix": 12, "peak_db": 17.0, "zone": "strait_other"}}, {"type": "Feature", "geometry": {"type": "Point", "coordinates": [104.155, 1.199]}, "properties": {"date": "202602", "npix": 8, "peak_db": 5.7, "zone": "eastern_opl"}}, {"type": "Feature", "geometry": {"type": "Point", "coordinates": [103.74261, 1.19828]}, "properties": {"date": "202602", "npix": 3, "peak_db": 12.9, "zone": "western_opl"}}, {"type": "Feature", "geometry": {"type": "Point", "coordinates": [103.84436, 1.19743]}, "properties": {"date": "202602", "npix": 19, "peak_db": 13.0, "zone": "strait_other"}}, {"type": "Feature", "geometry": {"type": "Point", "coordinates": [103.83994, 1.19572]}, "properties": {"date": "202602", "npix": 3, "peak_db": 7.0, "zone": "strait_other"}}, {"type": "Feature", "geometry": {"type": "Point", "coordinates": [103.86979, 1.1953]}, "properties": {"date": "202602", "npix": 17, "peak_db": 14.5, "zone": "strait_other"}}, {"type": "Feature", "geometry": {"type": "Point", "coordinates": [103.7445, 1.19283]}, "properties": {"date": "202602", "npix": 3, "peak_db": 11.5, "zone": "western_opl"}}, {"type": "Feature", "geometry": {"type": "Point", "coordinates": [103.96207, 1.192]}, "properties": {"date": "202602", "npix": 14, "peak_db": 9.9, "zone": "strait_other"}}, {"type": "Feature", "geometry": {"type": "Point", "coordinates": [103.983, 1.19161]}, "properties": {"date": "202602", "npix": 12, "peak_db": 11.4, "zone": "strait_other"}}, {"type": "Feature", "geometry": {"type": "Point", "coordinates": [103.69717, 1.1915]}, "properties": {"date": "202602", "npix": 3, "peak_db": 8.2, "zone": "western_opl"}}, {"type": "Feature", "geometry": {"type": "Point", "coordinates": [103.74317, 1.1905]}, "properties": {"date": "202602", "npix": 3, "peak_db": 13.9, "zone": "western_opl"}}, {"type": "Feature", "geometry": {"type": "Point", "coordinates": [103.68017, 1.18988]}, "properties": {"date": "202602", "npix": 7, "peak_db": 16.8, "zone": "western_opl"}}, {"type": "Feature", "geometry": {"type": "Point", "coordinates": [103.91228, 1.18961]}, "properties": {"date": "202602", "npix": 3, "peak_db": 2.3, "zone": "strait_other"}}, {"type": "Feature", "geometry": {"type": "Point", "coordinates": [103.9529, 1.18912]}, "properties": {"date": "202602", "npix": 16, "peak_db": 15.7, "zone": "strait_other"}}, {"type": "Feature", "geometry": {"type": "Point", "coordinates": [103.75875, 1.18875]}, "properties": {"date": "202602", "npix": 4, "peak_db": 13.7, "zone": "western_opl"}}, {"type": "Feature", "geometry": {"type": "Point", "coordinates": [103.84897, 1.1877]}, "properties": {"date": "202602", "npix": 5, "peak_db": 13.7, "zone": "strait_other"}}, {"type": "Feature", "geometry": {"type": "Point", "coordinates": [103.86846, 1.18594]}, "properties": {"date": "202602", "npix": 9, "peak_db": 4.9, "zone": "strait_other"}}, {"type": "Feature", "geometry": {"type": "Point", "coordinates": [103.96939, 1.18594]}, "properties": {"date": "202602", "npix": 3, "peak_db": 6.9, "zone": "strait_other"}}, {"type": "Feature", "geometry": {"type": "Point", "coordinates": [103.9685, 1.18533]}, "properties": {"date": "202602", "npix": 6, "peak_db": 20.2, "zone": "strait_other"}}, {"type": "Feature", "geometry": {"type": "Point", "coordinates": [103.764, 1.18417]}, "properties": {"date": "202602", "npix": 4, "peak_db": 10.2, "zone": "western_opl"}}, {"type": "Feature", "geometry": {"type": "Point", "coordinates": [103.74928, 1.18356]}, "properties": {"date": "202602", "npix": 6, "peak_db": 13.5, "zone": "western_opl"}}, {"type": "Feature", "geometry": {"type": "Point", "coordinates": [103.75623, 1.1831]}, "properties": {"date": "202602", "npix": 5, "peak_db": 18.8, "zone": "western_opl"}}, {"type": "Feature", "geometry": {"type": "Point", "coordinates": [103.90206, 1.18239]}, "properties": {"date": "202602", "npix": 3, "peak_db": -0.4, "zone": "strait_other"}}, {"type": "Feature", "geometry": {"type": "Point", "coordinates": [103.70283, 1.18111]}, "properties": {"date": "202602", "npix": 6, "peak_db": 20.4, "zone": "western_opl"}}, {"type": "Feature", "geometry": {"type": "Point", "coordinates": [103.75894, 1.18128]}, "properties": {"date": "202602", "npix": 3, "peak_db": 13.6, "zone": "western_opl"}}, {"type": "Feature", "geometry": {"type": "Point", "coordinates": [103.69474, 1.17998]}, "properties": {"date": "202602", "npix": 7, "peak_db": 25.3, "zone": "western_opl"}}, {"type": "Feature", "geometry": {"type": "Point", "coordinates": [103.85517, 1.18008]}, "properties": {"date": "202602", "npix": 8, "peak_db": 15.6, "zone": "strait_other"}}, {"type": "Feature", "geometry": {"type": "Point", "coordinates": [103.95028, 1.17928]}, "properties": {"date": "202602", "npix": 3, "peak_db": 10.6, "zone": "strait_other"}}, {"type": "Feature", "geometry": {"type": "Point", "coordinates": [103.93712, 1.17846]}, "properties": {"date": "202602", "npix": 15, "peak_db": 20.2, "zone": "strait_other"}}, {"type": "Feature", "geometry": {"type": "Point", "coordinates": [103.76206, 1.17822]}, "properties": {"date": "202602", "npix": 6, "peak_db": 23.4, "zone": "western_opl"}}, {"type": "Feature", "geometry": {"type": "Point", "coordinates": [103.71172, 1.17839]}, "properties": {"date": "202602", "npix": 3, "peak_db": 11.9, "zone": "western_opl"}}, {"type": "Feature", "geometry": {"type": "Point", "coordinates": [103.80883, 1.17817]}, "properties": {"date": "202602", "npix": 3, "peak_db": -2.9, "zone": "strait_other"}}, {"type": "Feature", "geometry": {"type": "Point", "coordinates": [103.95983, 1.17817]}, "properties": {"date": "202602", "npix": 3, "peak_db": 7.3, "zone": "strait_other"}}, {"type": "Feature", "geometry": {"type": "Point", "coordinates": [103.84427, 1.1773]}, "properties": {"date": "202602", "npix": 10, "peak_db": 8.9, "zone": "strait_other"}}, {"type": "Feature", "geometry": {"type": "Point", "coordinates": [103.97539, 1.17678]}, "properties": {"date": "202602", "npix": 6, "peak_db": 11.4, "zone": "strait_other"}}, {"type": "Feature", "geometry": {"type": "Point", "coordinates": [103.96483, 1.17667]}, "properties": {"date": "202602", "npix": 4, "peak_db": 7.4, "zone": "strait_other"}}, {"type": "Feature", "geometry": {"type": "Point", "coordinates": [103.70606, 1.17628]}, "properties": {"date": "202602", "npix": 3, "peak_db": 14.7, "zone": "western_opl"}}, {"type": "Feature", "geometry": {"type": "Point", "coordinates": [103.85288, 1.17579]}, "properties": {"date": "202602", "npix": 8, "peak_db": 20.2, "zone": "strait_other"}}, {"type": "Feature", "geometry": {"type": "Point", "coordinates": [103.92409, 1.17487]}, "properties": {"date": "202602", "npix": 9, "peak_db": 13.0, "zone": "strait_other"}}, {"type": "Feature", "geometry": {"type": "Point", "coordinates": [103.93083, 1.17503]}, "properties": {"date": "202602", "npix": 5, "peak_db": 13.2, "zone": "strait_other"}}, {"type": "Feature", "geometry": {"type": "Point", "coordinates": [103.95457, 1.17453]}, "properties": {"date": "202602", "npix": 10, "peak_db": 16.1, "zone": "strait_other"}}, {"type": "Feature", "geometry": {"type": "Point", "coordinates": [103.79043, 1.17398]}, "properties": {"date": "202602", "npix": 9, "peak_db": 11.2, "zone": "strait_other"}}, {"type": "Feature", "geometry": {"type": "Point", "coordinates": [103.78583, 1.17417]}, "properties": {"date": "202602", "npix": 3, "peak_db": -3.4, "zone": "strait_other"}}, {"type": "Feature", "geometry": {"type": "Point", "coordinates": [103.76442, 1.17208]}, "properties": {"date": "202602", "npix": 4, "peak_db": 10.3, "zone": "western_opl"}}, {"type": "Feature", "geometry": {"type": "Point", "coordinates": [103.71542, 1.1715]}, "properties": {"date": "202602", "npix": 4, "peak_db": 8.9, "zone": "western_opl"}}, {"type": "Feature", "geometry": {"type": "Point", "coordinates": [103.75354, 1.17039]}, "properties": {"date": "202602", "npix": 9, "peak_db": 18.9, "zone": "western_opl"}}, {"type": "Feature", "geometry": {"type": "Point", "coordinates": [103.97508, 1.16958]}, "properties": {"date": "202602", "npix": 4, "peak_db": 8.1, "zone": "strait_other"}}, {"type": "Feature", "geometry": {"type": "Point", "coordinates": [103.68901, 1.16668]}, "properties": {"date": "202602", "npix": 13, "peak_db": 18.3, "zone": "western_opl"}}, {"type": "Feature", "geometry": {"type": "Point", "coordinates": [103.75817, 1.16644]}, "properties": {"date": "202602", "npix": 6, "peak_db": 12.5, "zone": "western_opl"}}, {"type": "Feature", "geometry": {"type": "Point", "coordinates": [104.14328, 1.16661]}, "properties": {"date": "202602", "npix": 3, "peak_db": -6.1, "zone": "eastern_opl"}}, {"type": "Feature", "geometry": {"type": "Point", "coordinates": [103.69004, 1.16367]}, "properties": {"date": "202602", "npix": 8, "peak_db": 15.9, "zone": "western_opl"}}, {"type": "Feature", "geometry": {"type": "Point", "coordinates": [104.05992, 1.16375]}, "properties": {"date": "202602", "npix": 4, "peak_db": 8.6, "zone": "eastern_opl"}}, {"type": "Feature", "geometry": {"type": "Point", "coordinates": [103.75375, 1.16375]}, "properties": {"date": "202602", "npix": 4, "peak_db": 9.3, "zone": "western_opl"}}, {"type": "Feature", "geometry": {"type": "Point", "coordinates": [103.948, 1.16333]}, "properties": {"date": "202602", "npix": 6, "peak_db": 11.2, "zone": "strait_other"}}, {"type": "Feature", "geometry": {"type": "Point", "coordinates": [103.75294, 1.16306]}, "properties": {"date": "202602", "npix": 3, "peak_db": 13.2, "zone": "western_opl"}}, {"type": "Feature", "geometry": {"type": "Point", "coordinates": [103.92265, 1.16228]}, "properties": {"date": "202602", "npix": 9, "peak_db": 2.2, "zone": "strait_other"}}, {"type": "Feature", "geometry": {"type": "Point", "coordinates": [103.95556, 1.16206]}, "properties": {"date": "202602", "npix": 6, "peak_db": 15.7, "zone": "strait_other"}}, {"type": "Feature", "geometry": {"type": "Point", "coordinates": [103.93194, 1.16156]}, "properties": {"date": "202602", "npix": 6, "peak_db": 6.3, "zone": "strait_other"}}, {"type": "Feature", "geometry": {"type": "Point", "coordinates": [103.96143, 1.1617]}, "properties": {"date": "202602", "npix": 5, "peak_db": 7.2, "zone": "strait_other"}}, {"type": "Feature", "geometry": {"type": "Point", "coordinates": [103.80454, 1.16028]}, "properties": {"date": "202602", "npix": 15, "peak_db": 11.3, "zone": "strait_other"}}, {"type": "Feature", "geometry": {"type": "Point", "coordinates": [103.96928, 1.15872]}, "properties": {"date": "202602", "npix": 3, "peak_db": 1.5, "zone": "strait_other"}}, {"type": "Feature", "geometry": {"type": "Point", "coordinates": [103.9518, 1.15809]}, "properties": {"date": "202602", "npix": 9, "peak_db": 12.8, "zone": "strait_other"}}, {"type": "Feature", "geometry": {"type": "Point", "coordinates": [103.97117, 1.15657]}, "properties": {"date": "202602", "npix": 5, "peak_db": 11.5, "zone": "strait_other"}}, {"type": "Feature", "geometry": {"type": "Point", "coordinates": [103.9915, 1.15658]}, "properties": {"date": "202602", "npix": 4, "peak_db": 3.7, "zone": "strait_other"}}, {"type": "Feature", "geometry": {"type": "Point", "coordinates": [103.93436, 1.15579]}, "properties": {"date": "202602", "npix": 7, "peak_db": 15.3, "zone": "strait_other"}}, {"type": "Feature", "geometry": {"type": "Point", "coordinates": [103.94042, 1.15508]}, "properties": {"date": "202602", "npix": 4, "peak_db": 9.5, "zone": "strait_other"}}, {"type": "Feature", "geometry": {"type": "Point", "coordinates": [103.98172, 1.15494]}, "properties": {"date": "202602", "npix": 3, "peak_db": 5.5, "zone": "strait_other"}}, {"type": "Feature", "geometry": {"type": "Point", "coordinates": [103.7487, 1.1543]}, "properties": {"date": "202602", "npix": 5, "peak_db": 6.1, "zone": "western_opl"}}, {"type": "Feature", "geometry": {"type": "Point", "coordinates": [103.94807, 1.15431]}, "properties": {"date": "202602", "npix": 7, "peak_db": 10.4, "zone": "strait_other"}}, {"type": "Feature", "geometry": {"type": "Point", "coordinates": [103.75733, 1.154]}, "properties": {"date": "202602", "npix": 4, "peak_db": 5.8, "zone": "western_opl"}}, {"type": "Feature", "geometry": {"type": "Point", "coordinates": [103.74424, 1.1468]}, "properties": {"date": "202602", "npix": 9, "peak_db": 9.4, "zone": "western_opl"}}, {"type": "Feature", "geometry": {"type": "Point", "coordinates": [103.83517, 1.14417]}, "properties": {"date": "202602", "npix": 3, "peak_db": -8.4, "zone": "strait_other"}}, {"type": "Feature", "geometry": {"type": "Point", "coordinates": [103.72617, 1.14217]}, "properties": {"date": "202602", "npix": 3, "peak_db": 13.0, "zone": "western_opl"}}, {"type": "Feature", "geometry": {"type": "Point", "coordinates": [103.72722, 1.14078]}, "properties": {"date": "202602", "npix": 13, "peak_db": 15.7, "zone": "western_opl"}}, {"type": "Feature", "geometry": {"type": "Point", "coordinates": [103.72194, 1.14044]}, "properties": {"date": "202602", "npix": 6, "peak_db": 11.1, "zone": "western_opl"}}, {"type": "Feature", "geometry": {"type": "Point", "coordinates": [103.76703, 1.1375]}, "properties": {"date": "202602", "npix": 5, "peak_db": 6.4, "zone": "western_opl"}}, {"type": "Feature", "geometry": {"type": "Point", "coordinates": [103.90906, 1.13328]}, "properties": {"date": "202602", "npix": 3, "peak_db": 2.4, "zone": "strait_other"}}, {"type": "Feature", "geometry": {"type": "Point", "coordinates": [103.90672, 1.13128]}, "properties": {"date": "202602", "npix": 3, "peak_db": 2.7, "zone": "strait_other"}}, {"type": "Feature", "geometry": {"type": "Point", "coordinates": [103.83506, 1.13061]}, "properties": {"date": "202602", "npix": 3, "peak_db": -3.3, "zone": "strait_other"}}, {"type": "Feature", "geometry": {"type": "Point", "coordinates": [103.90272, 1.12194]}, "properties": {"date": "202602", "npix": 3, "peak_db": 4.9, "zone": "strait_other"}}, {"type": "Feature", "geometry": {"type": "Point", "coordinates": [104.17883, 1.12072]}, "properties": {"date": "202602", "npix": 6, "peak_db": 8.8, "zone": "eastern_opl"}}, {"type": "Feature", "geometry": {"type": "Point", "coordinates": [104.16039, 1.11828]}, "properties": {"date": "202602", "npix": 6, "peak_db": 7.7, "zone": "eastern_opl"}}, {"type": "Feature", "geometry": {"type": "Point", "coordinates": [104.19188, 1.11755]}, "properties": {"date": "202602", "npix": 14, "peak_db": 13.6, "zone": "eastern_opl"}}, {"type": "Feature", "geometry": {"type": "Point", "coordinates": [103.90028, 1.11606]}, "properties": {"date": "202602", "npix": 3, "peak_db": 9.0, "zone": "strait_other"}}, {"type": "Feature", "geometry": {"type": "Point", "coordinates": [104.16389, 1.11489]}, "properties": {"date": "202602", "npix": 6, "peak_db": 12.2, "zone": "eastern_opl"}}, {"type": "Feature", "geometry": {"type": "Point", "coordinates": [104.1583, 1.11423]}, "properties": {"date": "202602", "npix": 5, "peak_db": 5.1, "zone": "eastern_opl"}}, {"type": "Feature", "geometry": {"type": "Point", "coordinates": [103.88563, 1.11277]}, "properties": {"date": "202602", "npix": 5, "peak_db": 9.6, "zone": "strait_other"}}, {"type": "Feature", "geometry": {"type": "Point", "coordinates": [103.89728, 1.11239]}, "properties": {"date": "202602", "npix": 3, "peak_db": 4.3, "zone": "strait_other"}}, {"type": "Feature", "geometry": {"type": "Point", "coordinates": [104.15877, 1.11223]}, "properties": {"date": "202602", "npix": 5, "peak_db": 5.8, "zone": "eastern_opl"}}, {"type": "Feature", "geometry": {"type": "Point", "coordinates": [104.17553, 1.11141]}, "properties": {"date": "202602", "npix": 11, "peak_db": 14.9, "zone": "eastern_opl"}}, {"type": "Feature", "geometry": {"type": "Point", "coordinates": [104.18435, 1.1022]}, "properties": {"date": "202602", "npix": 11, "peak_db": 22.6, "zone": "eastern_opl"}}, {"type": "Feature", "geometry": {"type": "Point", "coordinates": [103.74598, 1.10112]}, "properties": {"date": "202602", "npix": 7, "peak_db": 28.1, "zone": "western_opl"}}, {"type": "Feature", "geometry": {"type": "Point", "coordinates": [103.7395, 1.0979]}, "properties": {"date": "202602", "npix": 5, "peak_db": 15.3, "zone": "strait_other"}}, {"type": "Feature", "geometry": {"type": "Point", "coordinates": [104.18139, 1.09511]}, "properties": {"date": "202602", "npix": 6, "peak_db": 16.5, "zone": "eastern_opl"}}, {"type": "Feature", "geometry": {"type": "Point", "coordinates": [103.9233, 1.0949]}, "properties": {"date": "202602", "npix": 5, "peak_db": 4.4, "zone": "strait_other"}}, {"type": "Feature", "geometry": {"type": "Point", "coordinates": [104.16708, 1.0925]}, "properties": {"date": "202602", "npix": 8, "peak_db": 8.9, "zone": "eastern_opl"}}, {"type": "Feature", "geometry": {"type": "Point", "coordinates": [104.17439, 1.09256]}, "properties": {"date": "202602", "npix": 6, "peak_db": 13.1, "zone": "eastern_opl"}}, {"type": "Feature", "geometry": {"type": "Point", "coordinates": [104.14417, 1.09117]}, "properties": {"date": "202602", "npix": 3, "peak_db": 7.7, "zone": "eastern_opl"}}, {"type": "Feature", "geometry": {"type": "Point", "coordinates": [104.18375, 1.08533]}, "properties": {"date": "202602", "npix": 8, "peak_db": 15.9, "zone": "eastern_opl"}}, {"type": "Feature", "geometry": {"type": "Point", "coordinates": [103.89017, 1.0855]}, "properties": {"date": "202602", "npix": 3, "peak_db": -11.5, "zone": "strait_other"}}, {"type": "Feature", "geometry": {"type": "Point", "coordinates": [103.92483, 1.08542]}, "properties": {"date": "202602", "npix": 4, "peak_db": -6.4, "zone": "strait_other"}}, {"type": "Feature", "geometry": {"type": "Point", "coordinates": [104.14461, 1.08272]}, "properties": {"date": "202602", "npix": 3, "peak_db": 8.5, "zone": "eastern_opl"}}, {"type": "Feature", "geometry": {"type": "Point", "coordinates": [104.18839, 1.08033]}, "properties": {"date": "202602", "npix": 6, "peak_db": 2.4, "zone": "eastern_opl"}}, {"type": "Feature", "geometry": {"type": "Point", "coordinates": [104.15563, 1.0799]}, "properties": {"date": "202602", "npix": 5, "peak_db": 0.8, "zone": "strait_other"}}, {"type": "Feature", "geometry": {"type": "Point", "coordinates": [103.79067, 1.075]}, "properties": {"date": "202602", "npix": 4, "peak_db": 5.8, "zone": "strait_other"}}, {"type": "Feature", "geometry": {"type": "Point", "coordinates": [104.16239, 1.06639]}, "properties": {"date": "202602", "npix": 3, "peak_db": -6.6, "zone": "strait_other"}}, {"type": "Feature", "geometry": {"type": "Point", "coordinates": [104.18161, 1.06294]}, "properties": {"date": "202602", "npix": 3, "peak_db": 6.1, "zone": "strait_other"}}, {"type": "Feature", "geometry": {"type": "Point", "coordinates": [104.18263, 1.06257]}, "properties": {"date": "202602", "npix": 5, "peak_db": 3.1, "zone": "strait_other"}}, {"type": "Feature", "geometry": {"type": "Point", "coordinates": [104.18533, 1.06133]}, "properties": {"date": "202602", "npix": 4, "peak_db": 4.8, "zone": "strait_other"}}, {"type": "Feature", "geometry": {"type": "Point", "coordinates": [104.18177, 1.0607]}, "properties": {"date": "202602", "npix": 5, "peak_db": 5.0, "zone": "strait_other"}}, {"type": "Feature", "geometry": {"type": "Point", "coordinates": [104.18517, 1.05717]}, "properties": {"date": "202602", "npix": 3, "peak_db": 4.8, "zone": "strait_other"}}, {"type": "Feature", "geometry": {"type": "Point", "coordinates": [104.18392, 1.05658]}, "properties": {"date": "202602", "npix": 4, "peak_db": 1.1, "zone": "strait_other"}}, {"type": "Feature", "geometry": {"type": "Point", "coordinates": [104.21933, 1.05383]}, "properties": {"date": "202602", "npix": 4, "peak_db": 3.1, "zone": "strait_other"}}, {"type": "Feature", "geometry": {"type": "Point", "coordinates": [104.15528, 1.05361]}, "properties": {"date": "202602", "npix": 3, "peak_db": -0.6, "zone": "strait_other"}}, {"type": "Feature", "geometry": {"type": "Point", "coordinates": [104.15761, 1.05294]}, "properties": {"date": "202602", "npix": 3, "peak_db": -1.1, "zone": "strait_other"}}, {"type": "Feature", "geometry": {"type": "Point", "coordinates": [103.90372, 1.05228]}, "properties": {"date": "202602", "npix": 3, "peak_db": 2.0, "zone": "strait_other"}}, {"type": "Feature", "geometry": {"type": "Point", "coordinates": [104.1939, 1.05103]}, "properties": {"date": "202602", "npix": 5, "peak_db": 12.4, "zone": "strait_other"}}, {"type": "Feature", "geometry": {"type": "Point", "coordinates": [104.02683, 1.52783]}, "properties": {"date": "202603", "npix": 3, "peak_db": 5.8, "zone": "strait_other"}}, {"type": "Feature", "geometry": {"type": "Point", "coordinates": [104.02778, 1.52328]}, "properties": {"date": "202603", "npix": 6, "peak_db": 5.0, "zone": "strait_other"}}, {"type": "Feature", "geometry": {"type": "Point", "coordinates": [103.84213, 1.47146]}, "properties": {"date": "202603", "npix": 9, "peak_db": 10.7, "zone": "strait_other"}}, {"type": "Feature", "geometry": {"type": "Point", "coordinates": [103.78861, 1.47139]}, "properties": {"date": "202603", "npix": 3, "peak_db": -0.8, "zone": "strait_other"}}, {"type": "Feature", "geometry": {"type": "Point", "coordinates": [104.0355, 1.46883]}, "properties": {"date": "202603", "npix": 3, "peak_db": 4.8, "zone": "strait_other"}}, {"type": "Feature", "geometry": {"type": "Point", "coordinates": [104.018, 1.452]}, "properties": {"date": "202603", "npix": 4, "peak_db": -2.7, "zone": "strait_other"}}, {"type": "Feature", "geometry": {"type": "Point", "coordinates": [104.06406, 1.43961]}, "properties": {"date": "202603", "npix": 3, "peak_db": 4.1, "zone": "strait_other"}}, {"type": "Feature", "geometry": {"type": "Point", "coordinates": [103.92428, 1.43161]}, "properties": {"date": "202603", "npix": 3, "peak_db": 1.8, "zone": "strait_other"}}, {"type": "Feature", "geometry": {"type": "Point", "coordinates": [103.92506, 1.43128]}, "properties": {"date": "202603", "npix": 3, "peak_db": 9.5, "zone": "strait_other"}}, {"type": "Feature", "geometry": {"type": "Point", "coordinates": [104.0074, 1.42899]}, "properties": {"date": "202603", "npix": 13, "peak_db": 21.0, "zone": "strait_other"}}, {"type": "Feature", "geometry": {"type": "Point", "coordinates": [104.09528, 1.41694]}, "properties": {"date": "202603", "npix": 3, "peak_db": 9.6, "zone": "strait_other"}}, {"type": "Feature", "geometry": {"type": "Point", "coordinates": [103.92639, 1.41239]}, "properties": {"date": "202603", "npix": 3, "peak_db": 1.7, "zone": "strait_other"}}, {"type": "Feature", "geometry": {"type": "Point", "coordinates": [103.93106, 1.40872]}, "properties": {"date": "202603", "npix": 3, "peak_db": -0.5, "zone": "strait_other"}}, {"type": "Feature", "geometry": {"type": "Point", "coordinates": [103.83917, 1.40483]}, "properties": {"date": "202603", "npix": 3, "peak_db": -5.4, "zone": "strait_other"}}, {"type": "Feature", "geometry": {"type": "Point", "coordinates": [103.7993, 1.40077]}, "properties": {"date": "202603", "npix": 5, "peak_db": -8.5, "zone": "strait_other"}}, {"type": "Feature", "geometry": {"type": "Point", "coordinates": [103.97828, 1.39889]}, "properties": {"date": "202603", "npix": 6, "peak_db": 0.7, "zone": "strait_other"}}, {"type": "Feature", "geometry": {"type": "Point", "coordinates": [104.072, 1.36683]}, "properties": {"date": "202603", "npix": 6, "peak_db": 6.9, "zone": "strait_other"}}, {"type": "Feature", "geometry": {"type": "Point", "coordinates": [104.06208, 1.35925]}, "properties": {"date": "202603", "npix": 4, "peak_db": 4.2, "zone": "strait_other"}}, {"type": "Feature", "geometry": {"type": "Point", "coordinates": [103.61637, 1.34677]}, "properties": {"date": "202603", "npix": 5, "peak_db": 9.5, "zone": "strait_other"}}, {"type": "Feature", "geometry": {"type": "Point", "coordinates": [104.25563, 1.34503]}, "properties": {"date": "202603", "npix": 5, "peak_db": 9.0, "zone": "strait_other"}}, {"type": "Feature", "geometry": {"type": "Point", "coordinates": [104.08672, 1.34472]}, "properties": {"date": "202603", "npix": 3, "peak_db": 4.3, "zone": "strait_other"}}, {"type": "Feature", "geometry": {"type": "Point", "coordinates": [104.08939, 1.34061]}, "properties": {"date": "202603", "npix": 3, "peak_db": 2.7, "zone": "strait_other"}}, {"type": "Feature", "geometry": {"type": "Point", "coordinates": [104.24439, 1.33961]}, "properties": {"date": "202603", "npix": 3, "peak_db": 2.9, "zone": "strait_other"}}, {"type": "Feature", "geometry": {"type": "Point", "coordinates": [104.34143, 1.33533]}, "properties": {"date": "202603", "npix": 10, "peak_db": 3.9, "zone": "strait_other"}}, {"type": "Feature", "geometry": {"type": "Point", "coordinates": [104.0995, 1.33483]}, "properties": {"date": "202603", "npix": 3, "peak_db": 4.2, "zone": "strait_other"}}, {"type": "Feature", "geometry": {"type": "Point", "coordinates": [104.25517, 1.3335]}, "properties": {"date": "202603", "npix": 3, "peak_db": 5.1, "zone": "strait_other"}}, {"type": "Feature", "geometry": {"type": "Point", "coordinates": [104.0935, 1.33267]}, "properties": {"date": "202603", "npix": 4, "peak_db": 0.9, "zone": "strait_other"}}, {"type": "Feature", "geometry": {"type": "Point", "coordinates": [104.284, 1.33237]}, "properties": {"date": "202603", "npix": 10, "peak_db": 9.5, "zone": "strait_other"}}, {"type": "Feature", "geometry": {"type": "Point", "coordinates": [104.26173, 1.3309]}, "properties": {"date": "202603", "npix": 10, "peak_db": 15.0, "zone": "strait_other"}}, {"type": "Feature", "geometry": {"type": "Point", "coordinates": [104.13894, 1.33072]}, "properties": {"date": "202603", "npix": 3, "peak_db": 2.6, "zone": "strait_other"}}, {"type": "Feature", "geometry": {"type": "Point", "coordinates": [104.15672, 1.33028]}, "properties": {"date": "202603", "npix": 3, "peak_db": 1.4, "zone": "strait_other"}}, {"type": "Feature", "geometry": {"type": "Point", "coordinates": [104.098, 1.32917]}, "properties": {"date": "202603", "npix": 4, "peak_db": 10.6, "zone": "strait_other"}}, {"type": "Feature", "geometry": {"type": "Point", "coordinates": [104.0255, 1.3285]}, "properties": {"date": "202603", "npix": 3, "peak_db": -4.8, "zone": "strait_other"}}, {"type": "Feature", "geometry": {"type": "Point", "coordinates": [104.27529, 1.32838]}, "properties": {"date": "202603", "npix": 11, "peak_db": 20.4, "zone": "strait_other"}}, {"type": "Feature", "geometry": {"type": "Point", "coordinates": [104.05198, 1.32769]}, "properties": {"date": "202603", "npix": 7, "peak_db": 10.2, "zone": "strait_other"}}, {"type": "Feature", "geometry": {"type": "Point", "coordinates": [104.24189, 1.32806]}, "properties": {"date": "202603", "npix": 6, "peak_db": 10.8, "zone": "strait_other"}}, {"type": "Feature", "geometry": {"type": "Point", "coordinates": [104.10656, 1.32761]}, "properties": {"date": "202603", "npix": 6, "peak_db": 6.1, "zone": "strait_other"}}, {"type": "Feature", "geometry": {"type": "Point", "coordinates": [104.24767, 1.32583]}, "properties": {"date": "202603", "npix": 4, "peak_db": 5.9, "zone": "strait_other"}}, {"type": "Feature", "geometry": {"type": "Point", "coordinates": [104.11567, 1.32517]}, "properties": {"date": "202603", "npix": 4, "peak_db": 13.6, "zone": "strait_other"}}, {"type": "Feature", "geometry": {"type": "Point", "coordinates": [104.32371, 1.3246]}, "properties": {"date": "202603", "npix": 21, "peak_db": 24.8, "zone": "strait_other"}}, {"type": "Feature", "geometry": {"type": "Point", "coordinates": [104.21975, 1.32425]}, "properties": {"date": "202603", "npix": 4, "peak_db": 9.2, "zone": "strait_other"}}, {"type": "Feature", "geometry": {"type": "Point", "coordinates": [104.2424, 1.3226]}, "properties": {"date": "202603", "npix": 7, "peak_db": 12.8, "zone": "strait_other"}}, {"type": "Feature", "geometry": {"type": "Point", "coordinates": [104.12937, 1.3219]}, "properties": {"date": "202603", "npix": 5, "peak_db": 22.6, "zone": "strait_other"}}, {"type": "Feature", "geometry": {"type": "Point", "coordinates": [104.20539, 1.32057]}, "properties": {"date": "202603", "npix": 9, "peak_db": 13.5, "zone": "strait_other"}}, {"type": "Feature", "geometry": {"type": "Point", "coordinates": [104.22746, 1.31958]}, "properties": {"date": "202603", "npix": 8, "peak_db": 11.9, "zone": "strait_other"}}, {"type": "Feature", "geometry": {"type": "Point", "coordinates": [104.10408, 1.31842]}, "properties": {"date": "202603", "npix": 4, "peak_db": 16.2, "zone": "strait_other"}}, {"type": "Feature", "geometry": {"type": "Point", "coordinates": [104.21661, 1.31643]}, "properties": {"date": "202603", "npix": 9, "peak_db": 15.7, "zone": "strait_other"}}, {"type": "Feature", "geometry": {"type": "Point", "coordinates": [104.13075, 1.31642]}, "properties": {"date": "202603", "npix": 4, "peak_db": 9.9, "zone": "strait_other"}}, {"type": "Feature", "geometry": {"type": "Point", "coordinates": [104.11061, 1.31528]}, "properties": {"date": "202603", "npix": 9, "peak_db": 14.9, "zone": "strait_other"}}, {"type": "Feature", "geometry": {"type": "Point", "coordinates": [104.14387, 1.31531]}, "properties": {"date": "202603", "npix": 9, "peak_db": 30.2, "zone": "strait_other"}}, {"type": "Feature", "geometry": {"type": "Point", "coordinates": [104.12428, 1.31422]}, "properties": {"date": "202603", "npix": 6, "peak_db": 19.0, "zone": "strait_other"}}, {"type": "Feature", "geometry": {"type": "Point", "coordinates": [104.0625, 1.31383]}, "properties": {"date": "202603", "npix": 5, "peak_db": 19.2, "zone": "strait_other"}}, {"type": "Feature", "geometry": {"type": "Point", "coordinates": [104.06372, 1.31406]}, "properties": {"date": "202603", "npix": 3, "peak_db": 11.1, "zone": "strait_other"}}, {"type": "Feature", "geometry": {"type": "Point", "coordinates": [104.10388, 1.31329]}, "properties": {"date": "202603", "npix": 8, "peak_db": 24.3, "zone": "strait_other"}}, {"type": "Feature", "geometry": {"type": "Point", "coordinates": [104.069, 1.31233]}, "properties": {"date": "202603", "npix": 4, "peak_db": 14.4, "zone": "strait_other"}}, {"type": "Feature", "geometry": {"type": "Point", "coordinates": [104.07017, 1.31242]}, "properties": {"date": "202603", "npix": 4, "peak_db": 10.7, "zone": "strait_other"}}, {"type": "Feature", "geometry": {"type": "Point", "coordinates": [104.28867, 1.3125]}, "properties": {"date": "202603", "npix": 4, "peak_db": 14.8, "zone": "strait_other"}}, {"type": "Feature", "geometry": {"type": "Point", "coordinates": [104.31825, 1.31225]}, "properties": {"date": "202603", "npix": 4, "peak_db": 12.7, "zone": "strait_other"}}, {"type": "Feature", "geometry": {"type": "Point", "coordinates": [104.09888, 1.30854]}, "properties": {"date": "202603", "npix": 8, "peak_db": 12.3, "zone": "strait_other"}}, {"type": "Feature", "geometry": {"type": "Point", "coordinates": [104.15935, 1.3082]}, "properties": {"date": "202603", "npix": 11, "peak_db": 25.1, "zone": "strait_other"}}, {"type": "Feature", "geometry": {"type": "Point", "coordinates": [103.55529, 1.30614]}, "properties": {"date": "202603", "npix": 14, "peak_db": 21.0, "zone": "strait_other"}}, {"type": "Feature", "geometry": {"type": "Point", "coordinates": [104.0695, 1.30658]}, "properties": {"date": "202603", "npix": 4, "peak_db": 16.7, "zone": "strait_other"}}, {"type": "Feature", "geometry": {"type": "Point", "coordinates": [104.2886, 1.3066]}, "properties": {"date": "202603", "npix": 7, "peak_db": 13.6, "zone": "strait_other"}}, {"type": "Feature", "geometry": {"type": "Point", "coordinates": [104.13658, 1.30642]}, "properties": {"date": "202603", "npix": 4, "peak_db": 22.6, "zone": "strait_other"}}, {"type": "Feature", "geometry": {"type": "Point", "coordinates": [104.15183, 1.30617]}, "properties": {"date": "202603", "npix": 3, "peak_db": 19.9, "zone": "strait_other"}}, {"type": "Feature", "geometry": {"type": "Point", "coordinates": [104.18269, 1.30581]}, "properties": {"date": "202603", "npix": 14, "peak_db": 11.7, "zone": "strait_other"}}, {"type": "Feature", "geometry": {"type": "Point", "coordinates": [104.04892, 1.30517]}, "properties": {"date": "202603", "npix": 8, "peak_db": 11.2, "zone": "strait_other"}}, {"type": "Feature", "geometry": {"type": "Point", "coordinates": [104.12439, 1.30511]}, "properties": {"date": "202603", "npix": 6, "peak_db": 16.8, "zone": "strait_other"}}, {"type": "Feature", "geometry": {"type": "Point", "coordinates": [104.08637, 1.30427]}, "properties": {"date": "202603", "npix": 10, "peak_db": 13.1, "zone": "strait_other"}}, {"type": "Feature", "geometry": {"type": "Point", "coordinates": [104.14279, 1.30467]}, "properties": {"date": "202603", "npix": 8, "peak_db": 19.6, "zone": "strait_other"}}, {"type": "Feature", "geometry": {"type": "Point", "coordinates": [104.22633, 1.30483]}, "properties": {"date": "202603", "npix": 4, "peak_db": 14.1, "zone": "strait_other"}}, {"type": "Feature", "geometry": {"type": "Point", "coordinates": [103.97467, 1.304]}, "properties": {"date": "202603", "npix": 4, "peak_db": 13.8, "zone": "port_core"}}, {"type": "Feature", "geometry": {"type": "Point", "coordinates": [103.6469, 1.3033]}, "properties": {"date": "202603", "npix": 5, "peak_db": 5.8, "zone": "western_opl"}}, {"type": "Feature", "geometry": {"type": "Point", "coordinates": [104.0004, 1.30264]}, "properties": {"date": "202603", "npix": 7, "peak_db": 19.8, "zone": "port_core"}}, {"type": "Feature", "geometry": {"type": "Point", "coordinates": [104.19192, 1.30225]}, "properties": {"date": "202603", "npix": 4, "peak_db": 12.2, "zone": "strait_other"}}, {"type": "Feature", "geometry": {"type": "Point", "coordinates": [104.16983, 1.30183]}, "properties": {"date": "202603", "npix": 3, "peak_db": 9.2, "zone": "strait_other"}}, {"type": "Feature", "geometry": {"type": "Point", "coordinates": [104.11339, 1.30094]}, "properties": {"date": "202603", "npix": 3, "peak_db": -0.1, "zone": "strait_other"}}, {"type": "Feature", "geometry": {"type": "Point", "coordinates": [104.19972, 1.30106]}, "properties": {"date": "202603", "npix": 3, "peak_db": 6.9, "zone": "strait_other"}}, {"type": "Feature", "geometry": {"type": "Point", "coordinates": [104.22428, 1.301]}, "properties": {"date": "202603", "npix": 6, "peak_db": 11.9, "zone": "strait_other"}}, {"type": "Feature", "geometry": {"type": "Point", "coordinates": [104.0777, 1.30057]}, "properties": {"date": "202603", "npix": 5, "peak_db": 20.5, "zone": "strait_other"}}, {"type": "Feature", "geometry": {"type": "Point", "coordinates": [104.21657, 1.30031]}, "properties": {"date": "202603", "npix": 9, "peak_db": 8.7, "zone": "strait_other"}}, {"type": "Feature", "geometry": {"type": "Point", "coordinates": [104.2851, 1.29987]}, "properties": {"date": "202603", "npix": 10, "peak_db": 16.3, "zone": "strait_other"}}, {"type": "Feature", "geometry": {"type": "Point", "coordinates": [103.94839, 1.29972]}, "properties": {"date": "202603", "npix": 3, "peak_db": 14.1, "zone": "port_core"}}, {"type": "Feature", "geometry": {"type": "Point", "coordinates": [104.13094, 1.29961]}, "properties": {"date": "202603", "npix": 3, "peak_db": 6.4, "zone": "strait_other"}}, {"type": "Feature", "geometry": {"type": "Point", "coordinates": [104.1245, 1.29847]}, "properties": {"date": "202603", "npix": 10, "peak_db": 14.8, "zone": "strait_other"}}, {"type": "Feature", "geometry": {"type": "Point", "coordinates": [103.70858, 1.29817]}, "properties": {"date": "202603", "npix": 4, "peak_db": 4.6, "zone": "port_core"}}, {"type": "Feature", "geometry": {"type": "Point", "coordinates": [104.14057, 1.2973]}, "properties": {"date": "202603", "npix": 5, "peak_db": 15.7, "zone": "strait_other"}}, {"type": "Feature", "geometry": {"type": "Point", "coordinates": [103.7275, 1.297]}, "properties": {"date": "202603", "npix": 6, "peak_db": 5.4, "zone": "port_core"}}, {"type": "Feature", "geometry": {"type": "Point", "coordinates": [104.21928, 1.29525]}, "properties": {"date": "202603", "npix": 12, "peak_db": 16.2, "zone": "strait_other"}}, {"type": "Feature", "geometry": {"type": "Point", "coordinates": [103.73128, 1.29461]}, "properties": {"date": "202603", "npix": 3, "peak_db": 0.1, "zone": "port_core"}}, {"type": "Feature", "geometry": {"type": "Point", "coordinates": [104.09772, 1.29439]}, "properties": {"date": "202603", "npix": 3, "peak_db": 3.8, "zone": "strait_other"}}, {"type": "Feature", "geometry": {"type": "Point", "coordinates": [104.01472, 1.29406]}, "properties": {"date": "202603", "npix": 3, "peak_db": 14.4, "zone": "port_core"}}, {"type": "Feature", "geometry": {"type": "Point", "coordinates": [103.73206, 1.29372]}, "properties": {"date": "202603", "npix": 3, "peak_db": 5.3, "zone": "port_core"}}, {"type": "Feature", "geometry": {"type": "Point", "coordinates": [104.01572, 1.29372]}, "properties": {"date": "202603", "npix": 3, "peak_db": 18.8, "zone": "port_core"}}, {"type": "Feature", "geometry": {"type": "Point", "coordinates": [104.05972, 1.29294]}, "properties": {"date": "202603", "npix": 3, "peak_db": 14.3, "zone": "strait_other"}}, {"type": "Feature", "geometry": {"type": "Point", "coordinates": [103.70017, 1.29183]}, "properties": {"date": "202603", "npix": 3, "peak_db": -7.5, "zone": "port_core"}}, {"type": "Feature", "geometry": {"type": "Point", "coordinates": [104.07957, 1.29197]}, "properties": {"date": "202603", "npix": 5, "peak_db": 23.4, "zone": "strait_other"}}, {"type": "Feature", "geometry": {"type": "Point", "coordinates": [104.02204, 1.29154]}, "properties": {"date": "202603", "npix": 8, "peak_db": 20.9, "zone": "strait_other"}}, {"type": "Feature", "geometry": {"type": "Point", "coordinates": [104.06972, 1.29028]}, "properties": {"date": "202603", "npix": 3, "peak_db": 17.4, "zone": "strait_other"}}, {"type": "Feature", "geometry": {"type": "Point", "coordinates": [104.05067, 1.28983]}, "properties": {"date": "202603", "npix": 8, "peak_db": 14.6, "zone": "strait_other"}}, {"type": "Feature", "geometry": {"type": "Point", "coordinates": [104.17917, 1.29017]}, "properties": {"date": "202603", "npix": 5, "peak_db": 13.9, "zone": "strait_other"}}, {"type": "Feature", "geometry": {"type": "Point", "coordinates": [103.97817, 1.2895]}, "properties": {"date": "202603", "npix": 5, "peak_db": 27.4, "zone": "port_core"}}, {"type": "Feature", "geometry": {"type": "Point", "coordinates": [104.20111, 1.28959]}, "properties": {"date": "202603", "npix": 11, "peak_db": 15.9, "zone": "strait_other"}}, {"type": "Feature", "geometry": {"type": "Point", "coordinates": [104.02721, 1.28871]}, "properties": {"date": "202603", "npix": 8, "peak_db": 18.8, "zone": "strait_other"}}, {"type": "Feature", "geometry": {"type": "Point", "coordinates": [104.01737, 1.2881]}, "properties": {"date": "202603", "npix": 5, "peak_db": 24.4, "zone": "port_core"}}, {"type": "Feature", "geometry": {"type": "Point", "coordinates": [103.98672, 1.28761]}, "properties": {"date": "202603", "npix": 3, "peak_db": 16.7, "zone": "port_core"}}, {"type": "Feature", "geometry": {"type": "Point", "coordinates": [104.15333, 1.2865]}, "properties": {"date": "202603", "npix": 4, "peak_db": 7.5, "zone": "strait_other"}}, {"type": "Feature", "geometry": {"type": "Point", "coordinates": [104.167, 1.28428]}, "properties": {"date": "202603", "npix": 12, "peak_db": 22.6, "zone": "strait_other"}}, {"type": "Feature", "geometry": {"type": "Point", "coordinates": [103.95806, 1.28383]}, "properties": {"date": "202603", "npix": 6, "peak_db": 20.7, "zone": "port_core"}}, {"type": "Feature", "geometry": {"type": "Point", "coordinates": [104.12017, 1.28333]}, "properties": {"date": "202603", "npix": 6, "peak_db": 11.1, "zone": "strait_other"}}, {"type": "Feature", "geometry": {"type": "Point", "coordinates": [104.1769, 1.28277]}, "properties": {"date": "202603", "npix": 5, "peak_db": 16.5, "zone": "strait_other"}}, {"type": "Feature", "geometry": {"type": "Point", "coordinates": [103.92633, 1.28229]}, "properties": {"date": "202603", "npix": 8, "peak_db": 28.5, "zone": "port_core"}}, {"type": "Feature", "geometry": {"type": "Point", "coordinates": [103.91139, 1.28172]}, "properties": {"date": "202603", "npix": 3, "peak_db": 15.7, "zone": "port_core"}}, {"type": "Feature", "geometry": {"type": "Point", "coordinates": [104.0215, 1.2815]}, "properties": {"date": "202603", "npix": 3, "peak_db": 15.8, "zone": "strait_other"}}, {"type": "Feature", "geometry": {"type": "Point", "coordinates": [103.59461, 1.28128]}, "properties": {"date": "202603", "npix": 3, "peak_db": 10.0, "zone": "western_opl"}}, {"type": "Feature", "geometry": {"type": "Point", "coordinates": [104.00417, 1.2815]}, "properties": {"date": "202603", "npix": 3, "peak_db": 10.2, "zone": "port_core"}}, {"type": "Feature", "geometry": {"type": "Point", "coordinates": [104.1312, 1.28111]}, "properties": {"date": "202603", "npix": 11, "peak_db": 9.0, "zone": "strait_other"}}, {"type": "Feature", "geometry": {"type": "Point", "coordinates": [103.94728, 1.28106]}, "properties": {"date": "202603", "npix": 3, "peak_db": 22.7, "zone": "port_core"}}, {"type": "Feature", "geometry": {"type": "Point", "coordinates": [104.00494, 1.28106]}, "properties": {"date": "202603", "npix": 3, "peak_db": 20.0, "zone": "port_core"}}, {"type": "Feature", "geometry": {"type": "Point", "coordinates": [104.15328, 1.28061]}, "properties": {"date": "202603", "npix": 3, "peak_db": 3.8, "zone": "strait_other"}}, {"type": "Feature", "geometry": {"type": "Point", "coordinates": [104.16355, 1.2796]}, "properties": {"date": "202603", "npix": 7, "peak_db": 10.0, "zone": "strait_other"}}, {"type": "Feature", "geometry": {"type": "Point", "coordinates": [103.94883, 1.2795]}, "properties": {"date": "202603", "npix": 3, "peak_db": 22.4, "zone": "port_core"}}, {"type": "Feature", "geometry": {"type": "Point", "coordinates": [104.0794, 1.27907]}, "properties": {"date": "202603", "npix": 7, "peak_db": 14.7, "zone": "strait_other"}}, {"type": "Feature", "geometry": {"type": "Point", "coordinates": [104.08063, 1.27923]}, "properties": {"date": "202603", "npix": 5, "peak_db": 19.7, "zone": "strait_other"}}, {"type": "Feature", "geometry": {"type": "Point", "coordinates": [103.89608, 1.27892]}, "properties": {"date": "202603", "npix": 4, "peak_db": 20.4, "zone": "port_core"}}, {"type": "Feature", "geometry": {"type": "Point", "coordinates": [103.99135, 1.2785]}, "properties": {"date": "202603", "npix": 9, "peak_db": 25.1, "zone": "port_core"}}, {"type": "Feature", "geometry": {"type": "Point", "coordinates": [103.5927, 1.27797]}, "properties": {"date": "202603", "npix": 5, "peak_db": 7.2, "zone": "western_opl"}}, {"type": "Feature", "geometry": {"type": "Point", "coordinates": [103.88917, 1.27833]}, "properties": {"date": "202603", "npix": 4, "peak_db": 19.6, "zone": "port_core"}}, {"type": "Feature", "geometry": {"type": "Point", "coordinates": [103.99267, 1.27817]}, "properties": {"date": "202603", "npix": 4, "peak_db": 31.7, "zone": "port_core"}}, {"type": "Feature", "geometry": {"type": "Point", "coordinates": [103.91058, 1.27725]}, "properties": {"date": "202603", "npix": 4, "peak_db": 17.8, "zone": "port_core"}}, {"type": "Feature", "geometry": {"type": "Point", "coordinates": [103.57638, 1.27638]}, "properties": {"date": "202603", "npix": 8, "peak_db": 14.1, "zone": "strait_other"}}, {"type": "Feature", "geometry": {"type": "Point", "coordinates": [103.5817, 1.2761]}, "properties": {"date": "202603", "npix": 5, "peak_db": 14.7, "zone": "western_opl"}}, {"type": "Feature", "geometry": {"type": "Point", "coordinates": [103.94808, 1.27517]}, "properties": {"date": "202603", "npix": 4, "peak_db": 20.3, "zone": "port_core"}}, {"type": "Feature", "geometry": {"type": "Point", "coordinates": [103.90472, 1.27461]}, "properties": {"date": "202603", "npix": 3, "peak_db": 23.6, "zone": "port_core"}}, {"type": "Feature", "geometry": {"type": "Point", "coordinates": [103.59183, 1.27367]}, "properties": {"date": "202603", "npix": 4, "peak_db": 6.0, "zone": "western_opl"}}, {"type": "Feature", "geometry": {"type": "Point", "coordinates": [104.07737, 1.27304]}, "properties": {"date": "202603", "npix": 8, "peak_db": 9.7, "zone": "strait_other"}}, {"type": "Feature", "geometry": {"type": "Point", "coordinates": [104.04601, 1.27187]}, "properties": {"date": "202603", "npix": 17, "peak_db": 17.8, "zone": "strait_other"}}, {"type": "Feature", "geometry": {"type": "Point", "coordinates": [103.87633, 1.27133]}, "properties": {"date": "202603", "npix": 6, "peak_db": 14.4, "zone": "port_core"}}, {"type": "Feature", "geometry": {"type": "Point", "coordinates": [103.96717, 1.27167]}, "properties": {"date": "202603", "npix": 4, "peak_db": 15.4, "zone": "port_core"}}, {"type": "Feature", "geometry": {"type": "Point", "coordinates": [104.20889, 1.27089]}, "properties": {"date": "202603", "npix": 6, "peak_db": 7.5, "zone": "strait_other"}}, {"type": "Feature", "geometry": {"type": "Point", "coordinates": [103.57167, 1.27033]}, "properties": {"date": "202603", "npix": 6, "peak_db": 16.4, "zone": "strait_other"}}, {"type": "Feature", "geometry": {"type": "Point", "coordinates": [104.01177, 1.2707]}, "properties": {"date": "202603", "npix": 5, "peak_db": 13.4, "zone": "port_core"}}, {"type": "Feature", "geometry": {"type": "Point", "coordinates": [104.09343, 1.2697]}, "properties": {"date": "202603", "npix": 5, "peak_db": 10.0, "zone": "strait_other"}}, {"type": "Feature", "geometry": {"type": "Point", "coordinates": [103.56304, 1.26871]}, "properties": {"date": "202603", "npix": 8, "peak_db": 14.4, "zone": "strait_other"}}, {"type": "Feature", "geometry": {"type": "Point", "coordinates": [104.28131, 1.26828]}, "properties": {"date": "202603", "npix": 12, "peak_db": 12.2, "zone": "strait_other"}}, {"type": "Feature", "geometry": {"type": "Point", "coordinates": [103.77761, 1.26732]}, "properties": {"date": "202603", "npix": 15, "peak_db": 11.8, "zone": "port_core"}}, {"type": "Feature", "geometry": {"type": "Point", "coordinates": [104.22695, 1.26789]}, "properties": {"date": "202603", "npix": 11, "peak_db": 12.5, "zone": "strait_other"}}, {"type": "Feature", "geometry": {"type": "Point", "coordinates": [103.58331, 1.2674]}, "properties": {"date": "202603", "npix": 7, "peak_db": 13.3, "zone": "western_opl"}}, {"type": "Feature", "geometry": {"type": "Point", "coordinates": [103.8773, 1.2671]}, "properties": {"date": "202603", "npix": 10, "peak_db": 10.1, "zone": "port_core"}}, {"type": "Feature", "geometry": {"type": "Point", "coordinates": [103.95906, 1.26678]}, "properties": {"date": "202603", "npix": 6, "peak_db": 17.8, "zone": "port_core"}}, {"type": "Feature", "geometry": {"type": "Point", "coordinates": [104.00674, 1.26688]}, "properties": {"date": "202603", "npix": 14, "peak_db": 8.6, "zone": "port_core"}}, {"type": "Feature", "geometry": {"type": "Point", "coordinates": [104.0362, 1.26694]}, "properties": {"date": "202603", "npix": 9, "peak_db": 11.5, "zone": "strait_other"}}, {"type": "Feature", "geometry": {"type": "Point", "coordinates": [103.8903, 1.26643]}, "properties": {"date": "202603", "npix": 5, "peak_db": 15.1, "zone": "port_core"}}, {"type": "Feature", "geometry": {"type": "Point", "coordinates": [103.86892, 1.26583]}, "properties": {"date": "202603", "npix": 4, "peak_db": 8.4, "zone": "port_core"}}, {"type": "Feature", "geometry": {"type": "Point", "coordinates": [103.88397, 1.26603]}, "properties": {"date": "202603", "npix": 5, "peak_db": 11.5, "zone": "port_core"}}, {"type": "Feature", "geometry": {"type": "Point", "coordinates": [103.93606, 1.26589]}, "properties": {"date": "202603", "npix": 6, "peak_db": 18.7, "zone": "port_core"}}, {"type": "Feature", "geometry": {"type": "Point", "coordinates": [103.55833, 1.26483]}, "properties": {"date": "202603", "npix": 8, "peak_db": 13.5, "zone": "strait_other"}}, {"type": "Feature", "geometry": {"type": "Point", "coordinates": [103.57623, 1.26437]}, "properties": {"date": "202603", "npix": 5, "peak_db": 11.7, "zone": "strait_other"}}, {"type": "Feature", "geometry": {"type": "Point", "coordinates": [103.99225, 1.26408]}, "properties": {"date": "202603", "npix": 12, "peak_db": 7.2, "zone": "port_core"}}, {"type": "Feature", "geometry": {"type": "Point", "coordinates": [104.19883, 1.26433]}, "properties": {"date": "202603", "npix": 8, "peak_db": 20.9, "zone": "strait_other"}}, {"type": "Feature", "geometry": {"type": "Point", "coordinates": [104.01402, 1.26364]}, "properties": {"date": "202603", "npix": 7, "peak_db": 7.3, "zone": "port_core"}}, {"type": "Feature", "geometry": {"type": "Point", "coordinates": [103.89573, 1.2632]}, "properties": {"date": "202603", "npix": 10, "peak_db": 20.6, "zone": "port_core"}}, {"type": "Feature", "geometry": {"type": "Point", "coordinates": [103.8645, 1.261]}, "properties": {"date": "202603", "npix": 6, "peak_db": 15.5, "zone": "port_core"}}, {"type": "Feature", "geometry": {"type": "Point", "coordinates": [103.891, 1.26117]}, "properties": {"date": "202603", "npix": 4, "peak_db": 12.3, "zone": "port_core"}}, {"type": "Feature", "geometry": {"type": "Point", "coordinates": [103.58133, 1.26]}, "properties": {"date": "202603", "npix": 6, "peak_db": 20.7, "zone": "western_opl"}}, {"type": "Feature", "geometry": {"type": "Point", "coordinates": [103.9205, 1.26017]}, "properties": {"date": "202603", "npix": 3, "peak_db": 19.2, "zone": "port_core"}}, {"type": "Feature", "geometry": {"type": "Point", "coordinates": [103.55117, 1.25912]}, "properties": {"date": "202603", "npix": 8, "peak_db": 14.5, "zone": "strait_other"}}, {"type": "Feature", "geometry": {"type": "Point", "coordinates": [103.56239, 1.25828]}, "properties": {"date": "202603", "npix": 6, "peak_db": 14.3, "zone": "strait_other"}}, {"type": "Feature", "geometry": {"type": "Point", "coordinates": [103.92598, 1.25831]}, "properties": {"date": "202603", "npix": 9, "peak_db": 15.7, "zone": "port_core"}}, {"type": "Feature", "geometry": {"type": "Point", "coordinates": [104.21282, 1.25837]}, "properties": {"date": "202603", "npix": 20, "peak_db": 30.6, "zone": "strait_other"}}, {"type": "Feature", "geometry": {"type": "Point", "coordinates": [103.61994, 1.25828]}, "properties": {"date": "202603", "npix": 3, "peak_db": -11.1, "zone": "western_opl"}}, {"type": "Feature", "geometry": {"type": "Point", "coordinates": [103.63147, 1.25827]}, "properties": {"date": "202603", "npix": 10, "peak_db": -7.5, "zone": "western_opl"}}, {"type": "Feature", "geometry": {"type": "Point", "coordinates": [103.63389, 1.25819]}, "properties": {"date": "202603", "npix": 12, "peak_db": -9.8, "zone": "western_opl"}}, {"type": "Feature", "geometry": {"type": "Point", "coordinates": [103.63522, 1.25806]}, "properties": {"date": "202603", "npix": 6, "peak_db": -8.9, "zone": "western_opl"}}, {"type": "Feature", "geometry": {"type": "Point", "coordinates": [103.864, 1.25833]}, "properties": {"date": "202603", "npix": 4, "peak_db": 4.0, "zone": "port_core"}}, {"type": "Feature", "geometry": {"type": "Point", "coordinates": [103.62172, 1.25794]}, "properties": {"date": "202603", "npix": 3, "peak_db": -10.1, "zone": "western_opl"}}, {"type": "Feature", "geometry": {"type": "Point", "coordinates": [103.6485, 1.25783]}, "properties": {"date": "202603", "npix": 3, "peak_db": 1.6, "zone": "western_opl"}}, {"type": "Feature", "geometry": {"type": "Point", "coordinates": [103.84576, 1.25609]}, "properties": {"date": "202603", "npix": 23, "peak_db": 22.0, "zone": "port_core"}}, {"type": "Feature", "geometry": {"type": "Point", "coordinates": [103.90998, 1.25631]}, "properties": {"date": "202603", "npix": 7, "peak_db": 20.4, "zone": "port_core"}}, {"type": "Feature", "geometry": {"type": "Point", "coordinates": [103.94724, 1.25619]}, "properties": {"date": "202603", "npix": 14, "peak_db": 17.7, "zone": "port_core"}}, {"type": "Feature", "geometry": {"type": "Point", "coordinates": [103.73302, 1.25528]}, "properties": {"date": "202603", "npix": 9, "peak_db": 14.5, "zone": "port_core"}}, {"type": "Feature", "geometry": {"type": "Point", "coordinates": [103.92183, 1.25583]}, "properties": {"date": "202603", "npix": 5, "peak_db": 10.2, "zone": "port_core"}}, {"type": "Feature", "geometry": {"type": "Point", "coordinates": [103.77667, 1.25533]}, "properties": {"date": "202603", "npix": 4, "peak_db": 14.3, "zone": "port_core"}}, {"type": "Feature", "geometry": {"type": "Point", "coordinates": [103.7773, 1.25443]}, "properties": {"date": "202603", "npix": 5, "peak_db": 12.5, "zone": "port_core"}}, {"type": "Feature", "geometry": {"type": "Point", "coordinates": [103.64761, 1.25406]}, "properties": {"date": "202603", "npix": 3, "peak_db": 1.1, "zone": "western_opl"}}, {"type": "Feature", "geometry": {"type": "Point", "coordinates": [103.86942, 1.2525]}, "properties": {"date": "202603", "npix": 4, "peak_db": 10.8, "zone": "port_core"}}, {"type": "Feature", "geometry": {"type": "Point", "coordinates": [103.56861, 1.25172]}, "properties": {"date": "202603", "npix": 3, "peak_db": 12.0, "zone": "strait_other"}}, {"type": "Feature", "geometry": {"type": "Point", "coordinates": [103.57694, 1.25106]}, "properties": {"date": "202603", "npix": 6, "peak_db": 14.6, "zone": "strait_other"}}, {"type": "Feature", "geometry": {"type": "Point", "coordinates": [103.8027, 1.25123]}, "properties": {"date": "202603", "npix": 5, "peak_db": 9.7, "zone": "port_core"}}, {"type": "Feature", "geometry": {"type": "Point", "coordinates": [103.80055, 1.25107]}, "properties": {"date": "202603", "npix": 7, "peak_db": 14.3, "zone": "port_core"}}, {"type": "Feature", "geometry": {"type": "Point", "coordinates": [103.80761, 1.25094]}, "properties": {"date": "202603", "npix": 3, "peak_db": 9.1, "zone": "port_core"}}, {"type": "Feature", "geometry": {"type": "Point", "coordinates": [103.71644, 1.25061]}, "properties": {"date": "202603", "npix": 6, "peak_db": 8.7, "zone": "port_core"}}, {"type": "Feature", "geometry": {"type": "Point", "coordinates": [103.78837, 1.2507]}, "properties": {"date": "202603", "npix": 5, "peak_db": 11.6, "zone": "port_core"}}, {"type": "Feature", "geometry": {"type": "Point", "coordinates": [103.93194, 1.25061]}, "properties": {"date": "202603", "npix": 3, "peak_db": 15.2, "zone": "port_core"}}, {"type": "Feature", "geometry": {"type": "Point", "coordinates": [103.97329, 1.24955]}, "properties": {"date": "202603", "npix": 13, "peak_db": 9.9, "zone": "port_core"}}, {"type": "Feature", "geometry": {"type": "Point", "coordinates": [103.87075, 1.24942]}, "properties": {"date": "202603", "npix": 4, "peak_db": 5.5, "zone": "port_core"}}, {"type": "Feature", "geometry": {"type": "Point", "coordinates": [103.55208, 1.24842]}, "properties": {"date": "202603", "npix": 4, "peak_db": 7.4, "zone": "strait_other"}}, {"type": "Feature", "geometry": {"type": "Point", "coordinates": [103.91167, 1.2485]}, "properties": {"date": "202603", "npix": 6, "peak_db": 15.4, "zone": "port_core"}}, {"type": "Feature", "geometry": {"type": "Point", "coordinates": [103.87639, 1.24811]}, "properties": {"date": "202603", "npix": 6, "peak_db": 8.6, "zone": "port_core"}}, {"type": "Feature", "geometry": {"type": "Point", "coordinates": [103.75628, 1.24739]}, "properties": {"date": "202603", "npix": 3, "peak_db": 8.1, "zone": "port_core"}}, {"type": "Feature", "geometry": {"type": "Point", "coordinates": [103.80206, 1.24739]}, "properties": {"date": "202603", "npix": 3, "peak_db": 11.3, "zone": "port_core"}}, {"type": "Feature", "geometry": {"type": "Point", "coordinates": [103.75937, 1.24607]}, "properties": {"date": "202603", "npix": 10, "peak_db": 10.8, "zone": "port_core"}}, {"type": "Feature", "geometry": {"type": "Point", "coordinates": [104.07833, 1.24617]}, "properties": {"date": "202603", "npix": 6, "peak_db": 16.2, "zone": "strait_other"}}, {"type": "Feature", "geometry": {"type": "Point", "coordinates": [103.8955, 1.24557]}, "properties": {"date": "202603", "npix": 5, "peak_db": 14.4, "zone": "port_core"}}, {"type": "Feature", "geometry": {"type": "Point", "coordinates": [103.92483, 1.24542]}, "properties": {"date": "202603", "npix": 4, "peak_db": 6.8, "zone": "port_core"}}, {"type": "Feature", "geometry": {"type": "Point", "coordinates": [103.81394, 1.24506]}, "properties": {"date": "202603", "npix": 3, "peak_db": 16.6, "zone": "port_core"}}, {"type": "Feature", "geometry": {"type": "Point", "coordinates": [103.9264, 1.24473]}, "properties": {"date": "202603", "npix": 10, "peak_db": 11.6, "zone": "port_core"}}, {"type": "Feature", "geometry": {"type": "Point", "coordinates": [103.937, 1.24467]}, "properties": {"date": "202603", "npix": 6, "peak_db": 10.4, "zone": "port_core"}}, {"type": "Feature", "geometry": {"type": "Point", "coordinates": [103.9969, 1.24363]}, "properties": {"date": "202603", "npix": 10, "peak_db": 15.7, "zone": "port_core"}}, {"type": "Feature", "geometry": {"type": "Point", "coordinates": [103.88433, 1.24267]}, "properties": {"date": "202603", "npix": 4, "peak_db": 10.3, "zone": "port_core"}}, {"type": "Feature", "geometry": {"type": "Point", "coordinates": [103.74805, 1.24208]}, "properties": {"date": "202603", "npix": 11, "peak_db": 13.5, "zone": "port_core"}}, {"type": "Feature", "geometry": {"type": "Point", "coordinates": [103.57667, 1.242]}, "properties": {"date": "202603", "npix": 4, "peak_db": 15.5, "zone": "strait_other"}}, {"type": "Feature", "geometry": {"type": "Point", "coordinates": [103.62633, 1.24117]}, "properties": {"date": "202603", "npix": 4, "peak_db": -8.6, "zone": "western_opl"}}, {"type": "Feature", "geometry": {"type": "Point", "coordinates": [104.03833, 1.241]}, "properties": {"date": "202603", "npix": 4, "peak_db": 8.4, "zone": "strait_other"}}, {"type": "Feature", "geometry": {"type": "Point", "coordinates": [103.72936, 1.23898]}, "properties": {"date": "202603", "npix": 7, "peak_db": 9.1, "zone": "port_core"}}, {"type": "Feature", "geometry": {"type": "Point", "coordinates": [103.9065, 1.2385]}, "properties": {"date": "202603", "npix": 3, "peak_db": 6.8, "zone": "port_core"}}, {"type": "Feature", "geometry": {"type": "Point", "coordinates": [103.902, 1.238]}, "properties": {"date": "202603", "npix": 4, "peak_db": 15.4, "zone": "port_core"}}, {"type": "Feature", "geometry": {"type": "Point", "coordinates": [103.882, 1.23767]}, "properties": {"date": "202603", "npix": 4, "peak_db": 11.3, "zone": "port_core"}}, {"type": "Feature", "geometry": {"type": "Point", "coordinates": [103.90657, 1.23697]}, "properties": {"date": "202603", "npix": 5, "peak_db": 12.1, "zone": "port_core"}}, {"type": "Feature", "geometry": {"type": "Point", "coordinates": [103.94006, 1.23697]}, "properties": {"date": "202603", "npix": 12, "peak_db": 12.6, "zone": "port_core"}}, {"type": "Feature", "geometry": {"type": "Point", "coordinates": [103.82061, 1.23678]}, "properties": {"date": "202603", "npix": 6, "peak_db": 11.1, "zone": "port_core"}}, {"type": "Feature", "geometry": {"type": "Point", "coordinates": [103.95488, 1.23567]}, "properties": {"date": "202603", "npix": 16, "peak_db": 6.8, "zone": "port_core"}}, {"type": "Feature", "geometry": {"type": "Point", "coordinates": [103.79477, 1.2361]}, "properties": {"date": "202603", "npix": 5, "peak_db": 18.3, "zone": "port_core"}}, {"type": "Feature", "geometry": {"type": "Point", "coordinates": [103.80672, 1.23606]}, "properties": {"date": "202603", "npix": 3, "peak_db": 11.3, "zone": "port_core"}}, {"type": "Feature", "geometry": {"type": "Point", "coordinates": [103.56472, 1.23472]}, "properties": {"date": "202603", "npix": 3, "peak_db": 12.2, "zone": "strait_other"}}, {"type": "Feature", "geometry": {"type": "Point", "coordinates": [103.60323, 1.23437]}, "properties": {"date": "202603", "npix": 5, "peak_db": 2.7, "zone": "western_opl"}}, {"type": "Feature", "geometry": {"type": "Point", "coordinates": [103.69617, 1.23467]}, "properties": {"date": "202603", "npix": 4, "peak_db": 8.5, "zone": "port_core"}}, {"type": "Feature", "geometry": {"type": "Point", "coordinates": [103.89087, 1.23325]}, "properties": {"date": "202603", "npix": 17, "peak_db": 12.3, "zone": "port_core"}}, {"type": "Feature", "geometry": {"type": "Point", "coordinates": [103.57517, 1.23317]}, "properties": {"date": "202603", "npix": 5, "peak_db": 18.8, "zone": "strait_other"}}, {"type": "Feature", "geometry": {"type": "Point", "coordinates": [103.82143, 1.2333]}, "properties": {"date": "202603", "npix": 5, "peak_db": 17.2, "zone": "port_core"}}, {"type": "Feature", "geometry": {"type": "Point", "coordinates": [104.02106, 1.23344]}, "properties": {"date": "202603", "npix": 6, "peak_db": 5.5, "zone": "eastern_opl"}}, {"type": "Feature", "geometry": {"type": "Point", "coordinates": [104.02792, 1.23158]}, "properties": {"date": "202603", "npix": 4, "peak_db": 5.4, "zone": "eastern_opl"}}, {"type": "Feature", "geometry": {"type": "Point", "coordinates": [103.9183, 1.22923]}, "properties": {"date": "202603", "npix": 25, "peak_db": 26.0, "zone": "port_core"}}, {"type": "Feature", "geometry": {"type": "Point", "coordinates": [103.65792, 1.22875]}, "properties": {"date": "202603", "npix": 4, "peak_db": 5.9, "zone": "western_opl"}}, {"type": "Feature", "geometry": {"type": "Point", "coordinates": [103.6184, 1.22831]}, "properties": {"date": "202603", "npix": 7, "peak_db": 9.7, "zone": "western_opl"}}, {"type": "Feature", "geometry": {"type": "Point", "coordinates": [104.02439, 1.22861]}, "properties": {"date": "202603", "npix": 3, "peak_db": 8.6, "zone": "eastern_opl"}}, {"type": "Feature", "geometry": {"type": "Point", "coordinates": [103.5582, 1.22776]}, "properties": {"date": "202603", "npix": 19, "peak_db": 15.8, "zone": "strait_other"}}, {"type": "Feature", "geometry": {"type": "Point", "coordinates": [103.90423, 1.22743]}, "properties": {"date": "202603", "npix": 5, "peak_db": 13.9, "zone": "port_core"}}, {"type": "Feature", "geometry": {"type": "Point", "coordinates": [103.72128, 1.22528]}, "properties": {"date": "202603", "npix": 3, "peak_db": 11.9, "zone": "port_core"}}, {"type": "Feature", "geometry": {"type": "Point", "coordinates": [103.57119, 1.22372]}, "properties": {"date": "202603", "npix": 18, "peak_db": 11.5, "zone": "strait_other"}}, {"type": "Feature", "geometry": {"type": "Point", "coordinates": [103.63346, 1.22428]}, "properties": {"date": "202603", "npix": 9, "peak_db": 5.9, "zone": "western_opl"}}, {"type": "Feature", "geometry": {"type": "Point", "coordinates": [103.71339, 1.22472]}, "properties": {"date": "202603", "npix": 3, "peak_db": 2.5, "zone": "port_core"}}, {"type": "Feature", "geometry": {"type": "Point", "coordinates": [103.79861, 1.22461]}, "properties": {"date": "202603", "npix": 3, "peak_db": 12.6, "zone": "port_core"}}, {"type": "Feature", "geometry": {"type": "Point", "coordinates": [103.96317, 1.22417]}, "properties": {"date": "202603", "npix": 3, "peak_db": 7.3, "zone": "port_core"}}, {"type": "Feature", "geometry": {"type": "Point", "coordinates": [103.65286, 1.22286]}, "properties": {"date": "202603", "npix": 13, "peak_db": 12.5, "zone": "western_opl"}}, {"type": "Feature", "geometry": {"type": "Point", "coordinates": [103.69391, 1.22298]}, "properties": {"date": "202603", "npix": 21, "peak_db": 16.0, "zone": "port_core"}}, {"type": "Feature", "geometry": {"type": "Point", "coordinates": [103.72261, 1.22294]}, "properties": {"date": "202603", "npix": 3, "peak_db": 7.6, "zone": "port_core"}}, {"type": "Feature", "geometry": {"type": "Point", "coordinates": [103.709, 1.22283]}, "properties": {"date": "202603", "npix": 4, "peak_db": 11.3, "zone": "port_core"}}, {"type": "Feature", "geometry": {"type": "Point", "coordinates": [103.77161, 1.22172]}, "properties": {"date": "202603", "npix": 3, "peak_db": -5.8, "zone": "port_core"}}, {"type": "Feature", "geometry": {"type": "Point", "coordinates": [103.78902, 1.22102]}, "properties": {"date": "202603", "npix": 7, "peak_db": 16.4, "zone": "port_core"}}, {"type": "Feature", "geometry": {"type": "Point", "coordinates": [103.82883, 1.22117]}, "properties": {"date": "202603", "npix": 7, "peak_db": 9.6, "zone": "port_core"}}, {"type": "Feature", "geometry": {"type": "Point", "coordinates": [103.88242, 1.22142]}, "properties": {"date": "202603", "npix": 4, "peak_db": 4.6, "zone": "port_core"}}, {"type": "Feature", "geometry": {"type": "Point", "coordinates": [103.65107, 1.22012]}, "properties": {"date": "202603", "npix": 7, "peak_db": 11.8, "zone": "western_opl"}}, {"type": "Feature", "geometry": {"type": "Point", "coordinates": [103.74717, 1.21978]}, "properties": {"date": "202603", "npix": 6, "peak_db": 4.3, "zone": "port_core"}}, {"type": "Feature", "geometry": {"type": "Point", "coordinates": [103.72494, 1.21928]}, "properties": {"date": "202603", "npix": 3, "peak_db": 10.2, "zone": "port_core"}}, {"type": "Feature", "geometry": {"type": "Point", "coordinates": [103.74072, 1.21872]}, "properties": {"date": "202603", "npix": 3, "peak_db": 1.8, "zone": "port_core"}}, {"type": "Feature", "geometry": {"type": "Point", "coordinates": [103.80868, 1.21765]}, "properties": {"date": "202603", "npix": 11, "peak_db": 17.9, "zone": "port_core"}}, {"type": "Feature", "geometry": {"type": "Point", "coordinates": [103.734, 1.21733]}, "properties": {"date": "202603", "npix": 4, "peak_db": 6.1, "zone": "port_core"}}, {"type": "Feature", "geometry": {"type": "Point", "coordinates": [103.74392, 1.21742]}, "properties": {"date": "202603", "npix": 4, "peak_db": 5.9, "zone": "port_core"}}, {"type": "Feature", "geometry": {"type": "Point", "coordinates": [103.73842, 1.21658]}, "properties": {"date": "202603", "npix": 4, "peak_db": 4.1, "zone": "port_core"}}, {"type": "Feature", "geometry": {"type": "Point", "coordinates": [103.72772, 1.21494]}, "properties": {"date": "202603", "npix": 3, "peak_db": 2.8, "zone": "port_core"}}, {"type": "Feature", "geometry": {"type": "Point", "coordinates": [103.94083, 1.21492]}, "properties": {"date": "202603", "npix": 4, "peak_db": 13.4, "zone": "port_core"}}, {"type": "Feature", "geometry": {"type": "Point", "coordinates": [103.79546, 1.21324]}, "properties": {"date": "202603", "npix": 18, "peak_db": 14.4, "zone": "port_core"}}, {"type": "Feature", "geometry": {"type": "Point", "coordinates": [103.73172, 1.21406]}, "properties": {"date": "202603", "npix": 3, "peak_db": 0.9, "zone": "port_core"}}, {"type": "Feature", "geometry": {"type": "Point", "coordinates": [103.92267, 1.21383]}, "properties": {"date": "202603", "npix": 6, "peak_db": 10.4, "zone": "port_core"}}, {"type": "Feature", "geometry": {"type": "Point", "coordinates": [103.86543, 1.21077]}, "properties": {"date": "202603", "npix": 10, "peak_db": 20.3, "zone": "port_core"}}, {"type": "Feature", "geometry": {"type": "Point", "coordinates": [103.87569, 1.2108]}, "properties": {"date": "202603", "npix": 9, "peak_db": 13.7, "zone": "port_core"}}, {"type": "Feature", "geometry": {"type": "Point", "coordinates": [103.89831, 1.20913]}, "properties": {"date": "202603", "npix": 18, "peak_db": 26.0, "zone": "port_core"}}, {"type": "Feature", "geometry": {"type": "Point", "coordinates": [103.73617, 1.20767]}, "properties": {"date": "202603", "npix": 4, "peak_db": 5.4, "zone": "port_core"}}, {"type": "Feature", "geometry": {"type": "Point", "coordinates": [103.92906, 1.20539]}, "properties": {"date": "202603", "npix": 3, "peak_db": -2.1, "zone": "port_core"}}, {"type": "Feature", "geometry": {"type": "Point", "coordinates": [103.9015, 1.20133]}, "properties": {"date": "202603", "npix": 6, "peak_db": 16.5, "zone": "port_core"}}, {"type": "Feature", "geometry": {"type": "Point", "coordinates": [103.6845, 1.20067]}, "properties": {"date": "202603", "npix": 4, "peak_db": 14.5, "zone": "port_core"}}, {"type": "Feature", "geometry": {"type": "Point", "coordinates": [103.93917, 1.2005]}, "properties": {"date": "202603", "npix": 3, "peak_db": -0.3, "zone": "port_core"}}, {"type": "Feature", "geometry": {"type": "Point", "coordinates": [103.7445, 1.19983]}, "properties": {"date": "202603", "npix": 3, "peak_db": 5.1, "zone": "western_opl"}}, {"type": "Feature", "geometry": {"type": "Point", "coordinates": [103.61808, 1.1995]}, "properties": {"date": "202603", "npix": 8, "peak_db": 21.2, "zone": "western_opl"}}, {"type": "Feature", "geometry": {"type": "Point", "coordinates": [103.85154, 1.19867]}, "properties": {"date": "202603", "npix": 8, "peak_db": 14.1, "zone": "strait_other"}}, {"type": "Feature", "geometry": {"type": "Point", "coordinates": [103.90123, 1.1983]}, "properties": {"date": "202603", "npix": 5, "peak_db": 6.3, "zone": "strait_other"}}, {"type": "Feature", "geometry": {"type": "Point", "coordinates": [103.6659, 1.19783]}, "properties": {"date": "202603", "npix": 5, "peak_db": 8.4, "zone": "western_opl"}}, {"type": "Feature", "geometry": {"type": "Point", "coordinates": [103.68892, 1.19775]}, "properties": {"date": "202603", "npix": 4, "peak_db": 11.7, "zone": "western_opl"}}, {"type": "Feature", "geometry": {"type": "Point", "coordinates": [103.81412, 1.19775]}, "properties": {"date": "202603", "npix": 8, "peak_db": 10.4, "zone": "strait_other"}}, {"type": "Feature", "geometry": {"type": "Point", "coordinates": [103.69108, 1.19508]}, "properties": {"date": "202603", "npix": 4, "peak_db": 13.8, "zone": "western_opl"}}, {"type": "Feature", "geometry": {"type": "Point", "coordinates": [103.69861, 1.19428]}, "properties": {"date": "202603", "npix": 3, "peak_db": 15.8, "zone": "western_opl"}}, {"type": "Feature", "geometry": {"type": "Point", "coordinates": [103.68643, 1.19343]}, "properties": {"date": "202603", "npix": 5, "peak_db": 17.2, "zone": "western_opl"}}, {"type": "Feature", "geometry": {"type": "Point", "coordinates": [103.98825, 1.1935]}, "properties": {"date": "202603", "npix": 8, "peak_db": 12.8, "zone": "strait_other"}}, {"type": "Feature", "geometry": {"type": "Point", "coordinates": [103.96267, 1.19275]}, "properties": {"date": "202603", "npix": 8, "peak_db": 7.1, "zone": "strait_other"}}, {"type": "Feature", "geometry": {"type": "Point", "coordinates": [103.9812, 1.19243]}, "properties": {"date": "202603", "npix": 9, "peak_db": 13.7, "zone": "strait_other"}}, {"type": "Feature", "geometry": {"type": "Point", "coordinates": [103.63483, 1.19183]}, "properties": {"date": "202603", "npix": 26, "peak_db": 29.0, "zone": "western_opl"}}, {"type": "Feature", "geometry": {"type": "Point", "coordinates": [103.63617, 1.1915]}, "properties": {"date": "202603", "npix": 26, "peak_db": 29.0, "zone": "western_opl"}}, {"type": "Feature", "geometry": {"type": "Point", "coordinates": [103.6375, 1.19117]}, "properties": {"date": "202603", "npix": 26, "peak_db": 29.0, "zone": "western_opl"}}, {"type": "Feature", "geometry": {"type": "Point", "coordinates": [103.96378, 1.19172]}, "properties": {"date": "202603", "npix": 6, "peak_db": 14.6, "zone": "strait_other"}}, {"type": "Feature", "geometry": {"type": "Point", "coordinates": [103.74439, 1.19072]}, "properties": {"date": "202603", "npix": 3, "peak_db": 9.2, "zone": "western_opl"}}, {"type": "Feature", "geometry": {"type": "Point", "coordinates": [103.66833, 1.18992]}, "properties": {"date": "202603", "npix": 8, "peak_db": 22.5, "zone": "western_opl"}}, {"type": "Feature", "geometry": {"type": "Point", "coordinates": [103.95474, 1.18917]}, "properties": {"date": "202603", "npix": 7, "peak_db": 10.5, "zone": "strait_other"}}, {"type": "Feature", "geometry": {"type": "Point", "coordinates": [103.75975, 1.18817]}, "properties": {"date": "202603", "npix": 4, "peak_db": 13.6, "zone": "western_opl"}}, {"type": "Feature", "geometry": {"type": "Point", "coordinates": [103.97421, 1.18763]}, "properties": {"date": "202603", "npix": 8, "peak_db": 12.6, "zone": "strait_other"}}, {"type": "Feature", "geometry": {"type": "Point", "coordinates": [103.70217, 1.18717]}, "properties": {"date": "202603", "npix": 3, "peak_db": 11.2, "zone": "western_opl"}}, {"type": "Feature", "geometry": {"type": "Point", "coordinates": [103.76317, 1.18683]}, "properties": {"date": "202603", "npix": 5, "peak_db": 7.4, "zone": "western_opl"}}, {"type": "Feature", "geometry": {"type": "Point", "coordinates": [103.68461, 1.18672]}, "properties": {"date": "202603", "npix": 3, "peak_db": 19.6, "zone": "western_opl"}}, {"type": "Feature", "geometry": {"type": "Point", "coordinates": [103.56542, 1.18553]}, "properties": {"date": "202603", "npix": 12, "peak_db": 14.6, "zone": "strait_other"}}, {"type": "Feature", "geometry": {"type": "Point", "coordinates": [103.74494, 1.18528]}, "properties": {"date": "202603", "npix": 3, "peak_db": 11.1, "zone": "western_opl"}}, {"type": "Feature", "geometry": {"type": "Point", "coordinates": [103.6517, 1.1851]}, "properties": {"date": "202603", "npix": 5, "peak_db": 11.4, "zone": "western_opl"}}, {"type": "Feature", "geometry": {"type": "Point", "coordinates": [103.777, 1.185]}, "properties": {"date": "202603", "npix": 10, "peak_db": 15.6, "zone": "western_opl"}}, {"type": "Feature", "geometry": {"type": "Point", "coordinates": [103.68017, 1.18433]}, "properties": {"date": "202603", "npix": 4, "peak_db": 9.3, "zone": "western_opl"}}, {"type": "Feature", "geometry": {"type": "Point", "coordinates": [103.69939, 1.18439]}, "properties": {"date": "202603", "npix": 3, "peak_db": 8.1, "zone": "western_opl"}}, {"type": "Feature", "geometry": {"type": "Point", "coordinates": [103.75861, 1.18428]}, "properties": {"date": "202603", "npix": 3, "peak_db": 8.0, "zone": "western_opl"}}, {"type": "Feature", "geometry": {"type": "Point", "coordinates": [103.98517, 1.18433]}, "properties": {"date": "202603", "npix": 4, "peak_db": 7.3, "zone": "strait_other"}}, {"type": "Feature", "geometry": {"type": "Point", "coordinates": [103.7, 1.1835]}, "properties": {"date": "202603", "npix": 4, "peak_db": 20.1, "zone": "western_opl"}}, {"type": "Feature", "geometry": {"type": "Point", "coordinates": [103.78802, 1.18357]}, "properties": {"date": "202603", "npix": 14, "peak_db": 15.8, "zone": "strait_other"}}, {"type": "Feature", "geometry": {"type": "Point", "coordinates": [103.65708, 1.18108]}, "properties": {"date": "202603", "npix": 4, "peak_db": 2.1, "zone": "western_opl"}}, {"type": "Feature", "geometry": {"type": "Point", "coordinates": [103.748, 1.1805]}, "properties": {"date": "202603", "npix": 6, "peak_db": 18.1, "zone": "western_opl"}}, {"type": "Feature", "geometry": {"type": "Point", "coordinates": [103.67761, 1.18039]}, "properties": {"date": "202603", "npix": 3, "peak_db": 15.1, "zone": "western_opl"}}, {"type": "Feature", "geometry": {"type": "Point", "coordinates": [103.98023, 1.18037]}, "properties": {"date": "202603", "npix": 5, "peak_db": 13.0, "zone": "strait_other"}}, {"type": "Feature", "geometry": {"type": "Point", "coordinates": [103.69528, 1.17994]}, "properties": {"date": "202603", "npix": 3, "peak_db": 17.1, "zone": "western_opl"}}, {"type": "Feature", "geometry": {"type": "Point", "coordinates": [103.76277, 1.17947]}, "properties": {"date": "202603", "npix": 11, "peak_db": 9.9, "zone": "western_opl"}}, {"type": "Feature", "geometry": {"type": "Point", "coordinates": [103.96228, 1.17961]}, "properties": {"date": "202603", "npix": 3, "peak_db": 2.7, "zone": "strait_other"}}, {"type": "Feature", "geometry": {"type": "Point", "coordinates": [103.70958, 1.17908]}, "properties": {"date": "202603", "npix": 4, "peak_db": 18.2, "zone": "western_opl"}}, {"type": "Feature", "geometry": {"type": "Point", "coordinates": [103.78133, 1.17928]}, "properties": {"date": "202603", "npix": 6, "peak_db": 19.8, "zone": "strait_other"}}, {"type": "Feature", "geometry": {"type": "Point", "coordinates": [103.95407, 1.17883]}, "properties": {"date": "202603", "npix": 7, "peak_db": 18.6, "zone": "strait_other"}}, {"type": "Feature", "geometry": {"type": "Point", "coordinates": [103.97728, 1.17828]}, "properties": {"date": "202603", "npix": 3, "peak_db": 4.5, "zone": "strait_other"}}, {"type": "Feature", "geometry": {"type": "Point", "coordinates": [103.70203, 1.17737]}, "properties": {"date": "202603", "npix": 5, "peak_db": 13.3, "zone": "western_opl"}}, {"type": "Feature", "geometry": {"type": "Point", "coordinates": [103.93872, 1.17739]}, "properties": {"date": "202603", "npix": 3, "peak_db": 5.4, "zone": "strait_other"}}, {"type": "Feature", "geometry": {"type": "Point", "coordinates": [103.82572, 1.17661]}, "properties": {"date": "202603", "npix": 3, "peak_db": 8.5, "zone": "strait_other"}}, {"type": "Feature", "geometry": {"type": "Point", "coordinates": [103.98303, 1.17657]}, "properties": {"date": "202603", "npix": 5, "peak_db": 13.9, "zone": "strait_other"}}, {"type": "Feature", "geometry": {"type": "Point", "coordinates": [103.82427, 1.17591]}, "properties": {"date": "202603", "npix": 13, "peak_db": 17.1, "zone": "strait_other"}}, {"type": "Feature", "geometry": {"type": "Point", "coordinates": [103.75939, 1.17522]}, "properties": {"date": "202603", "npix": 6, "peak_db": 10.8, "zone": "western_opl"}}, {"type": "Feature", "geometry": {"type": "Point", "coordinates": [103.95572, 1.17422]}, "properties": {"date": "202603", "npix": 6, "peak_db": 10.1, "zone": "strait_other"}}, {"type": "Feature", "geometry": {"type": "Point", "coordinates": [103.94396, 1.17379]}, "properties": {"date": "202603", "npix": 8, "peak_db": 11.1, "zone": "strait_other"}}, {"type": "Feature", "geometry": {"type": "Point", "coordinates": [103.925, 1.1735]}, "properties": {"date": "202603", "npix": 4, "peak_db": 5.2, "zone": "strait_other"}}, {"type": "Feature", "geometry": {"type": "Point", "coordinates": [103.57206, 1.17339]}, "properties": {"date": "202603", "npix": 3, "peak_db": -0.4, "zone": "strait_other"}}, {"type": "Feature", "geometry": {"type": "Point", "coordinates": [103.7745, 1.17288]}, "properties": {"date": "202603", "npix": 8, "peak_db": 9.0, "zone": "western_opl"}}, {"type": "Feature", "geometry": {"type": "Point", "coordinates": [103.717, 1.1715]}, "properties": {"date": "202603", "npix": 10, "peak_db": 11.8, "zone": "western_opl"}}, {"type": "Feature", "geometry": {"type": "Point", "coordinates": [103.55508, 1.16842]}, "properties": {"date": "202603", "npix": 8, "peak_db": 11.8, "zone": "strait_other"}}, {"type": "Feature", "geometry": {"type": "Point", "coordinates": [103.95494, 1.16872]}, "properties": {"date": "202603", "npix": 3, "peak_db": 18.7, "zone": "strait_other"}}, {"type": "Feature", "geometry": {"type": "Point", "coordinates": [103.75494, 1.16792]}, "properties": {"date": "202603", "npix": 15, "peak_db": 16.8, "zone": "western_opl"}}, {"type": "Feature", "geometry": {"type": "Point", "coordinates": [103.84028, 1.16672]}, "properties": {"date": "202603", "npix": 3, "peak_db": -3.8, "zone": "strait_other"}}, {"type": "Feature", "geometry": {"type": "Point", "coordinates": [103.71628, 1.16628]}, "properties": {"date": "202603", "npix": 3, "peak_db": 3.0, "zone": "western_opl"}}, {"type": "Feature", "geometry": {"type": "Point", "coordinates": [103.70492, 1.1655]}, "properties": {"date": "202603", "npix": 8, "peak_db": 10.9, "zone": "western_opl"}}, {"type": "Feature", "geometry": {"type": "Point", "coordinates": [103.71711, 1.1655]}, "properties": {"date": "202603", "npix": 6, "peak_db": 19.6, "zone": "western_opl"}}, {"type": "Feature", "geometry": {"type": "Point", "coordinates": [103.7825, 1.16542]}, "properties": {"date": "202603", "npix": 4, "peak_db": 11.3, "zone": "strait_other"}}, {"type": "Feature", "geometry": {"type": "Point", "coordinates": [103.81629, 1.16362]}, "properties": {"date": "202603", "npix": 11, "peak_db": 13.7, "zone": "strait_other"}}, {"type": "Feature", "geometry": {"type": "Point", "coordinates": [103.93483, 1.16317]}, "properties": {"date": "202603", "npix": 5, "peak_db": 4.5, "zone": "strait_other"}}, {"type": "Feature", "geometry": {"type": "Point", "coordinates": [103.97075, 1.1615]}, "properties": {"date": "202603", "npix": 4, "peak_db": 22.7, "zone": "strait_other"}}, {"type": "Feature", "geometry": {"type": "Point", "coordinates": [103.74965, 1.16019]}, "properties": {"date": "202603", "npix": 13, "peak_db": 14.2, "zone": "western_opl"}}, {"type": "Feature", "geometry": {"type": "Point", "coordinates": [103.72253, 1.15993]}, "properties": {"date": "202603", "npix": 10, "peak_db": 19.3, "zone": "western_opl"}}, {"type": "Feature", "geometry": {"type": "Point", "coordinates": [103.76297, 1.1601]}, "properties": {"date": "202603", "npix": 5, "peak_db": 15.3, "zone": "western_opl"}}, {"type": "Feature", "geometry": {"type": "Point", "coordinates": [103.92911, 1.15872]}, "properties": {"date": "202603", "npix": 6, "peak_db": 12.6, "zone": "strait_other"}}, {"type": "Feature", "geometry": {"type": "Point", "coordinates": [103.95262, 1.15686]}, "properties": {"date": "202603", "npix": 11, "peak_db": 14.6, "zone": "strait_other"}}, {"type": "Feature", "geometry": {"type": "Point", "coordinates": [103.72967, 1.1564]}, "properties": {"date": "202603", "npix": 10, "peak_db": 21.8, "zone": "western_opl"}}, {"type": "Feature", "geometry": {"type": "Point", "coordinates": [104.201, 1.15588]}, "properties": {"date": "202603", "npix": 8, "peak_db": 23.4, "zone": "eastern_opl"}}, {"type": "Feature", "geometry": {"type": "Point", "coordinates": [103.93494, 1.15561]}, "properties": {"date": "202603", "npix": 3, "peak_db": 13.6, "zone": "strait_other"}}, {"type": "Feature", "geometry": {"type": "Point", "coordinates": [103.94125, 1.15442]}, "properties": {"date": "202603", "npix": 4, "peak_db": 14.4, "zone": "strait_other"}}, {"type": "Feature", "geometry": {"type": "Point", "coordinates": [103.95697, 1.15423]}, "properties": {"date": "202603", "npix": 5, "peak_db": 11.0, "zone": "strait_other"}}, {"type": "Feature", "geometry": {"type": "Point", "coordinates": [103.94961, 1.15361]}, "properties": {"date": "202603", "npix": 3, "peak_db": 8.2, "zone": "strait_other"}}, {"type": "Feature", "geometry": {"type": "Point", "coordinates": [103.91239, 1.15194]}, "properties": {"date": "202603", "npix": 3, "peak_db": 0.3, "zone": "strait_other"}}, {"type": "Feature", "geometry": {"type": "Point", "coordinates": [103.7571, 1.15057]}, "properties": {"date": "202603", "npix": 5, "peak_db": 14.7, "zone": "western_opl"}}, {"type": "Feature", "geometry": {"type": "Point", "coordinates": [103.97017, 1.1505]}, "properties": {"date": "202603", "npix": 3, "peak_db": 8.9, "zone": "strait_other"}}, {"type": "Feature", "geometry": {"type": "Point", "coordinates": [103.62821, 1.14793]}, "properties": {"date": "202603", "npix": 7, "peak_db": 8.2, "zone": "western_opl"}}, {"type": "Feature", "geometry": {"type": "Point", "coordinates": [103.66375, 1.14775]}, "properties": {"date": "202603", "npix": 4, "peak_db": 3.4, "zone": "western_opl"}}, {"type": "Feature", "geometry": {"type": "Point", "coordinates": [103.73503, 1.1477]}, "properties": {"date": "202603", "npix": 5, "peak_db": 11.9, "zone": "western_opl"}}, {"type": "Feature", "geometry": {"type": "Point", "coordinates": [103.57531, 1.1397]}, "properties": {"date": "202603", "npix": 18, "peak_db": 20.0, "zone": "strait_other"}}, {"type": "Feature", "geometry": {"type": "Point", "coordinates": [103.89828, 1.13172]}, "properties": {"date": "202603", "npix": 3, "peak_db": 2.7, "zone": "strait_other"}}, {"type": "Feature", "geometry": {"type": "Point", "coordinates": [104.19294, 1.1306]}, "properties": {"date": "202603", "npix": 13, "peak_db": 17.5, "zone": "eastern_opl"}}, {"type": "Feature", "geometry": {"type": "Point", "coordinates": [103.9057, 1.12743]}, "properties": {"date": "202603", "npix": 5, "peak_db": 7.9, "zone": "strait_other"}}, {"type": "Feature", "geometry": {"type": "Point", "coordinates": [103.90339, 1.12328]}, "properties": {"date": "202603", "npix": 3, "peak_db": 3.9, "zone": "strait_other"}}, {"type": "Feature", "geometry": {"type": "Point", "coordinates": [103.9013, 1.11957]}, "properties": {"date": "202603", "npix": 5, "peak_db": 6.3, "zone": "strait_other"}}, {"type": "Feature", "geometry": {"type": "Point", "coordinates": [103.92472, 1.11694]}, "properties": {"date": "202603", "npix": 3, "peak_db": -8.1, "zone": "strait_other"}}, {"type": "Feature", "geometry": {"type": "Point", "coordinates": [104.15928, 1.11672]}, "properties": {"date": "202603", "npix": 3, "peak_db": -1.1, "zone": "eastern_opl"}}, {"type": "Feature", "geometry": {"type": "Point", "coordinates": [104.17157, 1.11663]}, "properties": {"date": "202603", "npix": 5, "peak_db": 6.8, "zone": "eastern_opl"}}, {"type": "Feature", "geometry": {"type": "Point", "coordinates": [103.9005, 1.11467]}, "properties": {"date": "202603", "npix": 6, "peak_db": 8.0, "zone": "strait_other"}}, {"type": "Feature", "geometry": {"type": "Point", "coordinates": [103.78872, 1.11428]}, "properties": {"date": "202603", "npix": 3, "peak_db": 5.8, "zone": "strait_other"}}, {"type": "Feature", "geometry": {"type": "Point", "coordinates": [103.88446, 1.10913]}, "properties": {"date": "202603", "npix": 8, "peak_db": 9.4, "zone": "strait_other"}}, {"type": "Feature", "geometry": {"type": "Point", "coordinates": [103.74483, 1.1085]}, "properties": {"date": "202603", "npix": 13, "peak_db": 11.9, "zone": "western_opl"}}, {"type": "Feature", "geometry": {"type": "Point", "coordinates": [104.18335, 1.10417]}, "properties": {"date": "202603", "npix": 11, "peak_db": 14.8, "zone": "eastern_opl"}}, {"type": "Feature", "geometry": {"type": "Point", "coordinates": [104.17563, 1.10337]}, "properties": {"date": "202603", "npix": 5, "peak_db": 8.4, "zone": "eastern_opl"}}, {"type": "Feature", "geometry": {"type": "Point", "coordinates": [104.17003, 1.1023]}, "properties": {"date": "202603", "npix": 5, "peak_db": 4.7, "zone": "eastern_opl"}}, {"type": "Feature", "geometry": {"type": "Point", "coordinates": [104.16661, 1.09972]}, "properties": {"date": "202603", "npix": 3, "peak_db": 1.4, "zone": "eastern_opl"}}, {"type": "Feature", "geometry": {"type": "Point", "coordinates": [103.73714, 1.09723]}, "properties": {"date": "202603", "npix": 11, "peak_db": 9.7, "zone": "strait_other"}}, {"type": "Feature", "geometry": {"type": "Point", "coordinates": [104.18326, 1.09707]}, "properties": {"date": "202603", "npix": 7, "peak_db": 21.6, "zone": "eastern_opl"}}, {"type": "Feature", "geometry": {"type": "Point", "coordinates": [103.92297, 1.09457]}, "properties": {"date": "202603", "npix": 5, "peak_db": 2.6, "zone": "strait_other"}}, {"type": "Feature", "geometry": {"type": "Point", "coordinates": [104.17306, 1.09361]}, "properties": {"date": "202603", "npix": 3, "peak_db": 7.2, "zone": "eastern_opl"}}, {"type": "Feature", "geometry": {"type": "Point", "coordinates": [104.186, 1.08733]}, "properties": {"date": "202603", "npix": 10, "peak_db": 15.1, "zone": "eastern_opl"}}, {"type": "Feature", "geometry": {"type": "Point", "coordinates": [103.88817, 1.0855]}, "properties": {"date": "202603", "npix": 3, "peak_db": -10.0, "zone": "strait_other"}}, {"type": "Feature", "geometry": {"type": "Point", "coordinates": [103.72917, 1.08511]}, "properties": {"date": "202603", "npix": 6, "peak_db": 7.1, "zone": "strait_other"}}, {"type": "Feature", "geometry": {"type": "Point", "coordinates": [104.1465, 1.08483]}, "properties": {"date": "202603", "npix": 5, "peak_db": 3.8, "zone": "eastern_opl"}}, {"type": "Feature", "geometry": {"type": "Point", "coordinates": [104.14442, 1.08042]}, "properties": {"date": "202603", "npix": 4, "peak_db": 6.0, "zone": "eastern_opl"}}, {"type": "Feature", "geometry": {"type": "Point", "coordinates": [103.56125, 1.08008]}, "properties": {"date": "202603", "npix": 4, "peak_db": 3.7, "zone": "strait_other"}}, {"type": "Feature", "geometry": {"type": "Point", "coordinates": [103.92594, 1.07928]}, "properties": {"date": "202603", "npix": 3, "peak_db": -10.1, "zone": "strait_other"}}, {"type": "Feature", "geometry": {"type": "Point", "coordinates": [103.70972, 1.07528]}, "properties": {"date": "202603", "npix": 3, "peak_db": 9.2, "zone": "strait_other"}}, {"type": "Feature", "geometry": {"type": "Point", "coordinates": [103.87794, 1.07306]}, "properties": {"date": "202603", "npix": 3, "peak_db": 3.5, "zone": "strait_other"}}, {"type": "Feature", "geometry": {"type": "Point", "coordinates": [103.89817, 1.0715]}, "properties": {"date": "202603", "npix": 3, "peak_db": -8.6, "zone": "strait_other"}}, {"type": "Feature", "geometry": {"type": "Point", "coordinates": [104.14394, 1.06861]}, "properties": {"date": "202603", "npix": 3, "peak_db": 4.3, "zone": "strait_other"}}, {"type": "Feature", "geometry": {"type": "Point", "coordinates": [103.60633, 1.062]}, "properties": {"date": "202603", "npix": 4, "peak_db": 13.6, "zone": "strait_other"}}, {"type": "Feature", "geometry": {"type": "Point", "coordinates": [103.607, 1.06133]}, "properties": {"date": "202603", "npix": 4, "peak_db": 10.0, "zone": "strait_other"}}, {"type": "Feature", "geometry": {"type": "Point", "coordinates": [103.60617, 1.05933]}, "properties": {"date": "202603", "npix": 10, "peak_db": 11.2, "zone": "strait_other"}}, {"type": "Feature", "geometry": {"type": "Point", "coordinates": [103.67983, 1.05778]}, "properties": {"date": "202603", "npix": 6, "peak_db": 5.2, "zone": "strait_other"}}, {"type": "Feature", "geometry": {"type": "Point", "coordinates": [104.18972, 1.05661]}, "properties": {"date": "202603", "npix": 3, "peak_db": 11.8, "zone": "strait_other"}}, {"type": "Feature", "geometry": {"type": "Point", "coordinates": [103.62526, 1.05283]}, "properties": {"date": "202603", "npix": 7, "peak_db": 8.2, "zone": "strait_other"}}, {"type": "Feature", "geometry": {"type": "Point", "coordinates": [104.1895, 1.0515]}, "properties": {"date": "202603", "npix": 3, "peak_db": 4.6, "zone": "strait_other"}}, {"type": "Feature", "geometry": {"type": "Point", "coordinates": [104.02183, 1.536]}, "properties": {"date": "202604", "npix": 4, "peak_db": -0.7, "zone": "strait_other"}}, {"type": "Feature", "geometry": {"type": "Point", "coordinates": [104.02833, 1.52353]}, "properties": {"date": "202604", "npix": 12, "peak_db": 15.1, "zone": "strait_other"}}, {"type": "Feature", "geometry": {"type": "Point", "coordinates": [104.02425, 1.51083]}, "properties": {"date": "202604", "npix": 21, "peak_db": 26.9, "zone": "strait_other"}}, {"type": "Feature", "geometry": {"type": "Point", "coordinates": [104.00933, 1.512]}, "properties": {"date": "202604", "npix": 4, "peak_db": 9.2, "zone": "strait_other"}}, {"type": "Feature", "geometry": {"type": "Point", "coordinates": [104.33936, 1.50379]}, "properties": {"date": "202604", "npix": 7, "peak_db": 11.8, "zone": "strait_other"}}, {"type": "Feature", "geometry": {"type": "Point", "coordinates": [103.83177, 1.47737]}, "properties": {"date": "202604", "npix": 5, "peak_db": 8.4, "zone": "strait_other"}}, {"type": "Feature", "geometry": {"type": "Point", "coordinates": [103.7905, 1.4735]}, "properties": {"date": "202604", "npix": 5, "peak_db": 13.7, "zone": "strait_other"}}, {"type": "Feature", "geometry": {"type": "Point", "coordinates": [103.79094, 1.47194]}, "properties": {"date": "202604", "npix": 3, "peak_db": 0.4, "zone": "strait_other"}}, {"type": "Feature", "geometry": {"type": "Point", "coordinates": [103.73183, 1.45483]}, "properties": {"date": "202604", "npix": 3, "peak_db": -8.2, "zone": "strait_other"}}, {"type": "Feature", "geometry": {"type": "Point", "coordinates": [104.01033, 1.45083]}, "properties": {"date": "202604", "npix": 4, "peak_db": -2.5, "zone": "strait_other"}}, {"type": "Feature", "geometry": {"type": "Point", "coordinates": [104.31633, 1.4465]}, "properties": {"date": "202604", "npix": 4, "peak_db": 4.2, "zone": "strait_other"}}, {"type": "Feature", "geometry": {"type": "Point", "coordinates": [104.31567, 1.44567]}, "properties": {"date": "202604", "npix": 4, "peak_db": 7.0, "zone": "strait_other"}}, {"type": "Feature", "geometry": {"type": "Point", "coordinates": [103.76133, 1.44183]}, "properties": {"date": "202604", "npix": 6, "peak_db": -8.2, "zone": "strait_other"}}, {"type": "Feature", "geometry": {"type": "Point", "coordinates": [103.75994, 1.44103]}, "properties": {"date": "202604", "npix": 15, "peak_db": -7.5, "zone": "strait_other"}}, {"type": "Feature", "geometry": {"type": "Point", "coordinates": [103.88461, 1.43661]}, "properties": {"date": "202604", "npix": 3, "peak_db": -3.1, "zone": "strait_other"}}, {"type": "Feature", "geometry": {"type": "Point", "coordinates": [103.9255, 1.43158]}, "properties": {"date": "202604", "npix": 4, "peak_db": 8.1, "zone": "strait_other"}}, {"type": "Feature", "geometry": {"type": "Point", "coordinates": [103.89221, 1.42793]}, "properties": {"date": "202604", "npix": 7, "peak_db": 3.3, "zone": "strait_other"}}, {"type": "Feature", "geometry": {"type": "Point", "coordinates": [103.8995, 1.42567]}, "properties": {"date": "202604", "npix": 6, "peak_db": 8.4, "zone": "strait_other"}}, {"type": "Feature", "geometry": {"type": "Point", "coordinates": [103.90636, 1.42407]}, "properties": {"date": "202604", "npix": 7, "peak_db": 10.8, "zone": "strait_other"}}, {"type": "Feature", "geometry": {"type": "Point", "coordinates": [103.89575, 1.42388]}, "properties": {"date": "202604", "npix": 8, "peak_db": 10.6, "zone": "strait_other"}}, {"type": "Feature", "geometry": {"type": "Point", "coordinates": [103.90739, 1.42394]}, "properties": {"date": "202604", "npix": 3, "peak_db": 2.7, "zone": "strait_other"}}, {"type": "Feature", "geometry": {"type": "Point", "coordinates": [103.91583, 1.42167]}, "properties": {"date": "202604", "npix": 4, "peak_db": -2.2, "zone": "strait_other"}}, {"type": "Feature", "geometry": {"type": "Point", "coordinates": [103.65861, 1.40061]}, "properties": {"date": "202604", "npix": 3, "peak_db": -2.1, "zone": "strait_other"}}, {"type": "Feature", "geometry": {"type": "Point", "coordinates": [104.09294, 1.39639]}, "properties": {"date": "202604", "npix": 3, "peak_db": -1.4, "zone": "strait_other"}}, {"type": "Feature", "geometry": {"type": "Point", "coordinates": [104.02939, 1.37094]}, "properties": {"date": "202604", "npix": 3, "peak_db": -2.2, "zone": "strait_other"}}, {"type": "Feature", "geometry": {"type": "Point", "coordinates": [104.07279, 1.36969]}, "properties": {"date": "202604", "npix": 7, "peak_db": 12.1, "zone": "strait_other"}}, {"type": "Feature", "geometry": {"type": "Point", "coordinates": [104.08417, 1.35967]}, "properties": {"date": "202604", "npix": 6, "peak_db": 13.5, "zone": "strait_other"}}, {"type": "Feature", "geometry": {"type": "Point", "coordinates": [104.06288, 1.35893]}, "properties": {"date": "202604", "npix": 7, "peak_db": 13.3, "zone": "strait_other"}}, {"type": "Feature", "geometry": {"type": "Point", "coordinates": [104.06363, 1.3575]}, "properties": {"date": "202604", "npix": 5, "peak_db": 1.2, "zone": "strait_other"}}, {"type": "Feature", "geometry": {"type": "Point", "coordinates": [104.08539, 1.34439]}, "properties": {"date": "202604", "npix": 3, "peak_db": 2.8, "zone": "strait_other"}}, {"type": "Feature", "geometry": {"type": "Point", "coordinates": [104.34669, 1.3414]}, "properties": {"date": "202604", "npix": 7, "peak_db": 7.8, "zone": "strait_other"}}, {"type": "Feature", "geometry": {"type": "Point", "coordinates": [104.25539, 1.33861]}, "properties": {"date": "202604", "npix": 3, "peak_db": 0.2, "zone": "strait_other"}}, {"type": "Feature", "geometry": {"type": "Point", "coordinates": [104.29623, 1.33706]}, "properties": {"date": "202604", "npix": 21, "peak_db": 12.6, "zone": "strait_other"}}, {"type": "Feature", "geometry": {"type": "Point", "coordinates": [104.26867, 1.33533]}, "properties": {"date": "202604", "npix": 10, "peak_db": 16.1, "zone": "strait_other"}}, {"type": "Feature", "geometry": {"type": "Point", "coordinates": [104.13663, 1.3339]}, "properties": {"date": "202604", "npix": 5, "peak_db": 10.4, "zone": "strait_other"}}, {"type": "Feature", "geometry": {"type": "Point", "coordinates": [104.25661, 1.33294]}, "properties": {"date": "202604", "npix": 3, "peak_db": 8.9, "zone": "strait_other"}}, {"type": "Feature", "geometry": {"type": "Point", "coordinates": [104.28195, 1.33295]}, "properties": {"date": "202604", "npix": 11, "peak_db": 11.6, "zone": "strait_other"}}, {"type": "Feature", "geometry": {"type": "Point", "coordinates": [104.23483, 1.33067]}, "properties": {"date": "202604", "npix": 6, "peak_db": 8.6, "zone": "strait_other"}}, {"type": "Feature", "geometry": {"type": "Point", "coordinates": [104.24225, 1.33058]}, "properties": {"date": "202604", "npix": 4, "peak_db": 12.9, "zone": "strait_other"}}, {"type": "Feature", "geometry": {"type": "Point", "coordinates": [104.03072, 1.32994]}, "properties": {"date": "202604", "npix": 3, "peak_db": -1.9, "zone": "strait_other"}}, {"type": "Feature", "geometry": {"type": "Point", "coordinates": [104.06092, 1.32946]}, "properties": {"date": "202604", "npix": 8, "peak_db": 8.9, "zone": "strait_other"}}, {"type": "Feature", "geometry": {"type": "Point", "coordinates": [104.05606, 1.32939]}, "properties": {"date": "202604", "npix": 3, "peak_db": 3.2, "zone": "strait_other"}}, {"type": "Feature", "geometry": {"type": "Point", "coordinates": [104.06197, 1.32843]}, "properties": {"date": "202604", "npix": 5, "peak_db": 8.0, "zone": "strait_other"}}, {"type": "Feature", "geometry": {"type": "Point", "coordinates": [104.10208, 1.32825]}, "properties": {"date": "202604", "npix": 4, "peak_db": 12.4, "zone": "strait_other"}}, {"type": "Feature", "geometry": {"type": "Point", "coordinates": [104.25617, 1.325]}, "properties": {"date": "202604", "npix": 8, "peak_db": 11.5, "zone": "strait_other"}}, {"type": "Feature", "geometry": {"type": "Point", "coordinates": [104.25739, 1.32494]}, "properties": {"date": "202604", "npix": 3, "peak_db": 10.1, "zone": "strait_other"}}, {"type": "Feature", "geometry": {"type": "Point", "coordinates": [104.10806, 1.32446]}, "properties": {"date": "202604", "npix": 9, "peak_db": 24.1, "zone": "strait_other"}}, {"type": "Feature", "geometry": {"type": "Point", "coordinates": [104.06506, 1.32361]}, "properties": {"date": "202604", "npix": 3, "peak_db": 15.9, "zone": "strait_other"}}, {"type": "Feature", "geometry": {"type": "Point", "coordinates": [104.12743, 1.32323]}, "properties": {"date": "202604", "npix": 5, "peak_db": 11.8, "zone": "strait_other"}}, {"type": "Feature", "geometry": {"type": "Point", "coordinates": [104.24976, 1.32195]}, "properties": {"date": "202604", "npix": 14, "peak_db": 12.8, "zone": "strait_other"}}, {"type": "Feature", "geometry": {"type": "Point", "coordinates": [104.3376, 1.32283]}, "properties": {"date": "202604", "npix": 7, "peak_db": 12.3, "zone": "strait_other"}}, {"type": "Feature", "geometry": {"type": "Point", "coordinates": [104.07583, 1.32101]}, "properties": {"date": "202604", "npix": 15, "peak_db": 14.9, "zone": "strait_other"}}, {"type": "Feature", "geometry": {"type": "Point", "coordinates": [104.14294, 1.32011]}, "properties": {"date": "202604", "npix": 6, "peak_db": 14.3, "zone": "strait_other"}}, {"type": "Feature", "geometry": {"type": "Point", "coordinates": [104.24431, 1.31912]}, "properties": {"date": "202604", "npix": 7, "peak_db": 16.3, "zone": "strait_other"}}, {"type": "Feature", "geometry": {"type": "Point", "coordinates": [104.10743, 1.31337]}, "properties": {"date": "202604", "npix": 5, "peak_db": 16.1, "zone": "strait_other"}}, {"type": "Feature", "geometry": {"type": "Point", "coordinates": [104.06175, 1.31183]}, "properties": {"date": "202604", "npix": 4, "peak_db": 6.2, "zone": "strait_other"}}, {"type": "Feature", "geometry": {"type": "Point", "coordinates": [104.14683, 1.31158]}, "properties": {"date": "202604", "npix": 4, "peak_db": 26.1, "zone": "strait_other"}}, {"type": "Feature", "geometry": {"type": "Point", "coordinates": [104.15383, 1.3105]}, "properties": {"date": "202604", "npix": 3, "peak_db": 10.4, "zone": "strait_other"}}, {"type": "Feature", "geometry": {"type": "Point", "coordinates": [104.155, 1.31033]}, "properties": {"date": "202604", "npix": 4, "peak_db": 22.5, "zone": "strait_other"}}, {"type": "Feature", "geometry": {"type": "Point", "coordinates": [104.08675, 1.30975]}, "properties": {"date": "202604", "npix": 4, "peak_db": 13.0, "zone": "strait_other"}}, {"type": "Feature", "geometry": {"type": "Point", "coordinates": [104.12983, 1.30883]}, "properties": {"date": "202604", "npix": 5, "peak_db": 18.4, "zone": "strait_other"}}, {"type": "Feature", "geometry": {"type": "Point", "coordinates": [104.1365, 1.30917]}, "properties": {"date": "202604", "npix": 3, "peak_db": 13.7, "zone": "strait_other"}}, {"type": "Feature", "geometry": {"type": "Point", "coordinates": [104.05542, 1.30775]}, "properties": {"date": "202604", "npix": 4, "peak_db": 13.0, "zone": "strait_other"}}, {"type": "Feature", "geometry": {"type": "Point", "coordinates": [104.14172, 1.30739]}, "properties": {"date": "202604", "npix": 3, "peak_db": 10.0, "zone": "strait_other"}}, {"type": "Feature", "geometry": {"type": "Point", "coordinates": [104.14261, 1.30694]}, "properties": {"date": "202604", "npix": 3, "peak_db": 10.5, "zone": "strait_other"}}, {"type": "Feature", "geometry": {"type": "Point", "coordinates": [104.29478, 1.30645]}, "properties": {"date": "202604", "npix": 13, "peak_db": 14.7, "zone": "strait_other"}}, {"type": "Feature", "geometry": {"type": "Point", "coordinates": [104.14883, 1.30567]}, "properties": {"date": "202604", "npix": 4, "peak_db": 6.1, "zone": "strait_other"}}, {"type": "Feature", "geometry": {"type": "Point", "coordinates": [104.16183, 1.30533]}, "properties": {"date": "202604", "npix": 6, "peak_db": 12.6, "zone": "strait_other"}}, {"type": "Feature", "geometry": {"type": "Point", "coordinates": [104.13172, 1.30306]}, "properties": {"date": "202604", "npix": 3, "peak_db": 13.5, "zone": "strait_other"}}, {"type": "Feature", "geometry": {"type": "Point", "coordinates": [104.13233, 1.30233]}, "properties": {"date": "202604", "npix": 4, "peak_db": 14.9, "zone": "strait_other"}}, {"type": "Feature", "geometry": {"type": "Point", "coordinates": [103.64487, 1.30143]}, "properties": {"date": "202604", "npix": 9, "peak_db": 6.1, "zone": "western_opl"}}, {"type": "Feature", "geometry": {"type": "Point", "coordinates": [104.07394, 1.29981]}, "properties": {"date": "202604", "npix": 13, "peak_db": 22.8, "zone": "strait_other"}}, {"type": "Feature", "geometry": {"type": "Point", "coordinates": [104.05139, 1.29972]}, "properties": {"date": "202604", "npix": 3, "peak_db": 26.5, "zone": "strait_other"}}, {"type": "Feature", "geometry": {"type": "Point", "coordinates": [104.01161, 1.29672]}, "properties": {"date": "202604", "npix": 3, "peak_db": 12.0, "zone": "port_core"}}, {"type": "Feature", "geometry": {"type": "Point", "coordinates": [104.22113, 1.29663]}, "properties": {"date": "202604", "npix": 10, "peak_db": 19.4, "zone": "strait_other"}}, {"type": "Feature", "geometry": {"type": "Point", "coordinates": [103.6517, 1.29577]}, "properties": {"date": "202604", "npix": 5, "peak_db": -4.0, "zone": "western_opl"}}, {"type": "Feature", "geometry": {"type": "Point", "coordinates": [103.99017, 1.29483]}, "properties": {"date": "202604", "npix": 3, "peak_db": 13.1, "zone": "port_core"}}, {"type": "Feature", "geometry": {"type": "Point", "coordinates": [104.06372, 1.29461]}, "properties": {"date": "202604", "npix": 3, "peak_db": 15.1, "zone": "strait_other"}}, {"type": "Feature", "geometry": {"type": "Point", "coordinates": [104.14777, 1.29343]}, "properties": {"date": "202604", "npix": 5, "peak_db": 3.9, "zone": "strait_other"}}, {"type": "Feature", "geometry": {"type": "Point", "coordinates": [104.23997, 1.29367]}, "properties": {"date": "202604", "npix": 10, "peak_db": 14.3, "zone": "strait_other"}}, {"type": "Feature", "geometry": {"type": "Point", "coordinates": [103.72761, 1.293]}, "properties": {"date": "202604", "npix": 6, "peak_db": 0.0, "zone": "port_core"}}, {"type": "Feature", "geometry": {"type": "Point", "coordinates": [104.05437, 1.29323]}, "properties": {"date": "202604", "npix": 5, "peak_db": 23.9, "zone": "strait_other"}}, {"type": "Feature", "geometry": {"type": "Point", "coordinates": [103.73006, 1.29306]}, "properties": {"date": "202604", "npix": 3, "peak_db": 3.4, "zone": "port_core"}}, {"type": "Feature", "geometry": {"type": "Point", "coordinates": [103.68324, 1.29194]}, "properties": {"date": "202604", "npix": 9, "peak_db": 6.7, "zone": "port_core"}}, {"type": "Feature", "geometry": {"type": "Point", "coordinates": [104.00783, 1.2915]}, "properties": {"date": "202604", "npix": 5, "peak_db": 13.0, "zone": "port_core"}}, {"type": "Feature", "geometry": {"type": "Point", "coordinates": [104.02305, 1.29019]}, "properties": {"date": "202604", "npix": 14, "peak_db": 25.8, "zone": "strait_other"}}, {"type": "Feature", "geometry": {"type": "Point", "coordinates": [104.01383, 1.2895]}, "properties": {"date": "202604", "npix": 3, "peak_db": 9.5, "zone": "port_core"}}, {"type": "Feature", "geometry": {"type": "Point", "coordinates": [104.25175, 1.28908]}, "properties": {"date": "202604", "npix": 4, "peak_db": -1.3, "zone": "strait_other"}}, {"type": "Feature", "geometry": {"type": "Point", "coordinates": [103.98717, 1.28867]}, "properties": {"date": "202604", "npix": 4, "peak_db": 13.3, "zone": "port_core"}}, {"type": "Feature", "geometry": {"type": "Point", "coordinates": [104.00267, 1.28883]}, "properties": {"date": "202604", "npix": 4, "peak_db": 13.8, "zone": "port_core"}}, {"type": "Feature", "geometry": {"type": "Point", "coordinates": [103.69872, 1.28828]}, "properties": {"date": "202604", "npix": 3, "peak_db": -9.7, "zone": "port_core"}}, {"type": "Feature", "geometry": {"type": "Point", "coordinates": [103.935, 1.28488]}, "properties": {"date": "202604", "npix": 8, "peak_db": 19.9, "zone": "port_core"}}, {"type": "Feature", "geometry": {"type": "Point", "coordinates": [103.98594, 1.28494]}, "properties": {"date": "202604", "npix": 3, "peak_db": 16.7, "zone": "port_core"}}, {"type": "Feature", "geometry": {"type": "Point", "coordinates": [103.74259, 1.28408]}, "properties": {"date": "202604", "npix": 15, "peak_db": 14.3, "zone": "port_core"}}, {"type": "Feature", "geometry": {"type": "Point", "coordinates": [104.07894, 1.28428]}, "properties": {"date": "202604", "npix": 3, "peak_db": 10.8, "zone": "strait_other"}}, {"type": "Feature", "geometry": {"type": "Point", "coordinates": [104.13483, 1.28375]}, "properties": {"date": "202604", "npix": 4, "peak_db": 25.4, "zone": "strait_other"}}, {"type": "Feature", "geometry": {"type": "Point", "coordinates": [104.02845, 1.28307]}, "properties": {"date": "202604", "npix": 7, "peak_db": 14.0, "zone": "strait_other"}}, {"type": "Feature", "geometry": {"type": "Point", "coordinates": [104.05427, 1.2826]}, "properties": {"date": "202604", "npix": 10, "peak_db": 11.9, "zone": "strait_other"}}, {"type": "Feature", "geometry": {"type": "Point", "coordinates": [103.656, 1.28233]}, "properties": {"date": "202604", "npix": 4, "peak_db": 0.8, "zone": "western_opl"}}, {"type": "Feature", "geometry": {"type": "Point", "coordinates": [104.1475, 1.2825]}, "properties": {"date": "202604", "npix": 3, "peak_db": 15.7, "zone": "strait_other"}}, {"type": "Feature", "geometry": {"type": "Point", "coordinates": [104.33367, 1.28203]}, "properties": {"date": "202604", "npix": 10, "peak_db": 10.4, "zone": "strait_other"}}, {"type": "Feature", "geometry": {"type": "Point", "coordinates": [104.00017, 1.28093]}, "properties": {"date": "202604", "npix": 7, "peak_db": 15.2, "zone": "port_core"}}, {"type": "Feature", "geometry": {"type": "Point", "coordinates": [103.89488, 1.28026]}, "properties": {"date": "202604", "npix": 7, "peak_db": 14.8, "zone": "port_core"}}, {"type": "Feature", "geometry": {"type": "Point", "coordinates": [103.91545, 1.27964]}, "properties": {"date": "202604", "npix": 7, "peak_db": 24.1, "zone": "port_core"}}, {"type": "Feature", "geometry": {"type": "Point", "coordinates": [103.97083, 1.27883]}, "properties": {"date": "202604", "npix": 3, "peak_db": 13.5, "zone": "port_core"}}, {"type": "Feature", "geometry": {"type": "Point", "coordinates": [103.89928, 1.27828]}, "properties": {"date": "202604", "npix": 3, "peak_db": 10.6, "zone": "port_core"}}, {"type": "Feature", "geometry": {"type": "Point", "coordinates": [103.96983, 1.2785]}, "properties": {"date": "202604", "npix": 3, "peak_db": 15.9, "zone": "port_core"}}, {"type": "Feature", "geometry": {"type": "Point", "coordinates": [103.98967, 1.276]}, "properties": {"date": "202604", "npix": 4, "peak_db": 9.3, "zone": "port_core"}}, {"type": "Feature", "geometry": {"type": "Point", "coordinates": [103.99067, 1.276]}, "properties": {"date": "202604", "npix": 4, "peak_db": 17.0, "zone": "port_core"}}, {"type": "Feature", "geometry": {"type": "Point", "coordinates": [103.646, 1.2755]}, "properties": {"date": "202604", "npix": 4, "peak_db": -8.5, "zone": "western_opl"}}, {"type": "Feature", "geometry": {"type": "Point", "coordinates": [103.58075, 1.27542]}, "properties": {"date": "202604", "npix": 4, "peak_db": 7.1, "zone": "western_opl"}}, {"type": "Feature", "geometry": {"type": "Point", "coordinates": [104.12461, 1.27494]}, "properties": {"date": "202604", "npix": 3, "peak_db": 11.9, "zone": "strait_other"}}, {"type": "Feature", "geometry": {"type": "Point", "coordinates": [103.64994, 1.27439]}, "properties": {"date": "202604", "npix": 3, "peak_db": -4.9, "zone": "western_opl"}}, {"type": "Feature", "geometry": {"type": "Point", "coordinates": [103.96467, 1.271]}, "properties": {"date": "202604", "npix": 4, "peak_db": 16.3, "zone": "port_core"}}, {"type": "Feature", "geometry": {"type": "Point", "coordinates": [103.75635, 1.26962]}, "properties": {"date": "202604", "npix": 16, "peak_db": 11.5, "zone": "port_core"}}, {"type": "Feature", "geometry": {"type": "Point", "coordinates": [103.89093, 1.26943]}, "properties": {"date": "202604", "npix": 10, "peak_db": 23.2, "zone": "port_core"}}, {"type": "Feature", "geometry": {"type": "Point", "coordinates": [103.90472, 1.26972]}, "properties": {"date": "202604", "npix": 3, "peak_db": 17.5, "zone": "port_core"}}, {"type": "Feature", "geometry": {"type": "Point", "coordinates": [104.07217, 1.26983]}, "properties": {"date": "202604", "npix": 29, "peak_db": 19.1, "zone": "strait_other"}}, {"type": "Feature", "geometry": {"type": "Point", "coordinates": [104.0725, 1.26817]}, "properties": {"date": "202604", "npix": 29, "peak_db": 19.1, "zone": "strait_other"}}, {"type": "Feature", "geometry": {"type": "Point", "coordinates": [104.0725, 1.2665]}, "properties": {"date": "202604", "npix": 29, "peak_db": 19.1, "zone": "strait_other"}}, {"type": "Feature", "geometry": {"type": "Point", "coordinates": [104.00717, 1.26942]}, "properties": {"date": "202604", "npix": 4, "peak_db": 17.5, "zone": "port_core"}}, {"type": "Feature", "geometry": {"type": "Point", "coordinates": [103.87983, 1.26917]}, "properties": {"date": "202604", "npix": 3, "peak_db": 6.6, "zone": "port_core"}}, {"type": "Feature", "geometry": {"type": "Point", "coordinates": [103.9345, 1.269]}, "properties": {"date": "202604", "npix": 4, "peak_db": 9.9, "zone": "port_core"}}, {"type": "Feature", "geometry": {"type": "Point", "coordinates": [103.56583, 1.26817]}, "properties": {"date": "202604", "npix": 3, "peak_db": 8.7, "zone": "strait_other"}}, {"type": "Feature", "geometry": {"type": "Point", "coordinates": [103.98775, 1.26775]}, "properties": {"date": "202604", "npix": 4, "peak_db": 4.2, "zone": "port_core"}}, {"type": "Feature", "geometry": {"type": "Point", "coordinates": [103.87289, 1.26683]}, "properties": {"date": "202604", "npix": 6, "peak_db": 9.0, "zone": "port_core"}}, {"type": "Feature", "geometry": {"type": "Point", "coordinates": [104.02462, 1.26696]}, "properties": {"date": "202604", "npix": 8, "peak_db": 6.2, "zone": "strait_other"}}, {"type": "Feature", "geometry": {"type": "Point", "coordinates": [103.57427, 1.26653]}, "properties": {"date": "202604", "npix": 10, "peak_db": 15.4, "zone": "strait_other"}}, {"type": "Feature", "geometry": {"type": "Point", "coordinates": [103.94517, 1.26575]}, "properties": {"date": "202604", "npix": 4, "peak_db": 11.9, "zone": "port_core"}}, {"type": "Feature", "geometry": {"type": "Point", "coordinates": [103.9455, 1.26417]}, "properties": {"date": "202604", "npix": 3, "peak_db": 6.4, "zone": "port_core"}}, {"type": "Feature", "geometry": {"type": "Point", "coordinates": [103.91523, 1.26377]}, "properties": {"date": "202604", "npix": 5, "peak_db": 17.9, "zone": "port_core"}}, {"type": "Feature", "geometry": {"type": "Point", "coordinates": [103.99203, 1.26328]}, "properties": {"date": "202604", "npix": 12, "peak_db": 15.5, "zone": "port_core"}}, {"type": "Feature", "geometry": {"type": "Point", "coordinates": [103.56937, 1.26197]}, "properties": {"date": "202604", "npix": 5, "peak_db": 11.2, "zone": "strait_other"}}, {"type": "Feature", "geometry": {"type": "Point", "coordinates": [103.90022, 1.26194]}, "properties": {"date": "202604", "npix": 6, "peak_db": 20.1, "zone": "port_core"}}, {"type": "Feature", "geometry": {"type": "Point", "coordinates": [104.053, 1.262]}, "properties": {"date": "202604", "npix": 4, "peak_db": 13.4, "zone": "strait_other"}}, {"type": "Feature", "geometry": {"type": "Point", "coordinates": [103.87257, 1.2607]}, "properties": {"date": "202604", "npix": 5, "peak_db": 16.2, "zone": "port_core"}}, {"type": "Feature", "geometry": {"type": "Point", "coordinates": [103.58083, 1.26025]}, "properties": {"date": "202604", "npix": 4, "peak_db": 10.6, "zone": "western_opl"}}, {"type": "Feature", "geometry": {"type": "Point", "coordinates": [103.92421, 1.25958]}, "properties": {"date": "202604", "npix": 8, "peak_db": 26.6, "zone": "port_core"}}, {"type": "Feature", "geometry": {"type": "Point", "coordinates": [103.93467, 1.25817]}, "properties": {"date": "202604", "npix": 4, "peak_db": 14.5, "zone": "port_core"}}, {"type": "Feature", "geometry": {"type": "Point", "coordinates": [103.86435, 1.25574]}, "properties": {"date": "202604", "npix": 11, "peak_db": 22.3, "zone": "port_core"}}, {"type": "Feature", "geometry": {"type": "Point", "coordinates": [103.88161, 1.25561]}, "properties": {"date": "202604", "npix": 3, "peak_db": 12.5, "zone": "port_core"}}, {"type": "Feature", "geometry": {"type": "Point", "coordinates": [103.95057, 1.25383]}, "properties": {"date": "202604", "npix": 9, "peak_db": 12.6, "zone": "port_core"}}, {"type": "Feature", "geometry": {"type": "Point", "coordinates": [103.57206, 1.25306]}, "properties": {"date": "202604", "npix": 3, "peak_db": 13.4, "zone": "strait_other"}}, {"type": "Feature", "geometry": {"type": "Point", "coordinates": [103.69235, 1.25217]}, "properties": {"date": "202604", "npix": 18, "peak_db": 24.2, "zone": "port_core"}}, {"type": "Feature", "geometry": {"type": "Point", "coordinates": [103.80217, 1.251]}, "properties": {"date": "202604", "npix": 4, "peak_db": 8.4, "zone": "port_core"}}, {"type": "Feature", "geometry": {"type": "Point", "coordinates": [104.03567, 1.25083]}, "properties": {"date": "202604", "npix": 4, "peak_db": 8.5, "zone": "strait_other"}}, {"type": "Feature", "geometry": {"type": "Point", "coordinates": [103.88294, 1.25028]}, "properties": {"date": "202604", "npix": 3, "peak_db": 13.1, "zone": "port_core"}}, {"type": "Feature", "geometry": {"type": "Point", "coordinates": [103.90764, 1.24969]}, "properties": {"date": "202604", "npix": 7, "peak_db": 17.2, "zone": "port_core"}}, {"type": "Feature", "geometry": {"type": "Point", "coordinates": [103.88394, 1.25006]}, "properties": {"date": "202604", "npix": 3, "peak_db": 15.2, "zone": "port_core"}}, {"type": "Feature", "geometry": {"type": "Point", "coordinates": [103.80928, 1.24928]}, "properties": {"date": "202604", "npix": 3, "peak_db": 13.6, "zone": "port_core"}}, {"type": "Feature", "geometry": {"type": "Point", "coordinates": [103.96433, 1.24888]}, "properties": {"date": "202604", "npix": 8, "peak_db": 12.8, "zone": "port_core"}}, {"type": "Feature", "geometry": {"type": "Point", "coordinates": [103.92912, 1.24726]}, "properties": {"date": "202604", "npix": 7, "peak_db": 20.9, "zone": "port_core"}}, {"type": "Feature", "geometry": {"type": "Point", "coordinates": [103.96873, 1.24737]}, "properties": {"date": "202604", "npix": 10, "peak_db": 22.9, "zone": "port_core"}}, {"type": "Feature", "geometry": {"type": "Point", "coordinates": [103.804, 1.24683]}, "properties": {"date": "202604", "npix": 4, "peak_db": 12.1, "zone": "port_core"}}, {"type": "Feature", "geometry": {"type": "Point", "coordinates": [103.79728, 1.24672]}, "properties": {"date": "202604", "npix": 3, "peak_db": 9.9, "zone": "port_core"}}, {"type": "Feature", "geometry": {"type": "Point", "coordinates": [103.96717, 1.24683]}, "properties": {"date": "202604", "npix": 3, "peak_db": 6.0, "zone": "port_core"}}, {"type": "Feature", "geometry": {"type": "Point", "coordinates": [103.92783, 1.2459]}, "properties": {"date": "202604", "npix": 5, "peak_db": 7.3, "zone": "port_core"}}, {"type": "Feature", "geometry": {"type": "Point", "coordinates": [103.87317, 1.24583]}, "properties": {"date": "202604", "npix": 3, "peak_db": 4.3, "zone": "port_core"}}, {"type": "Feature", "geometry": {"type": "Point", "coordinates": [103.81575, 1.24525]}, "properties": {"date": "202604", "npix": 4, "peak_db": 14.1, "zone": "port_core"}}, {"type": "Feature", "geometry": {"type": "Point", "coordinates": [103.87239, 1.24528]}, "properties": {"date": "202604", "npix": 3, "peak_db": 12.3, "zone": "port_core"}}, {"type": "Feature", "geometry": {"type": "Point", "coordinates": [103.7855, 1.24333]}, "properties": {"date": "202604", "npix": 4, "peak_db": 10.9, "zone": "port_core"}}, {"type": "Feature", "geometry": {"type": "Point", "coordinates": [103.75594, 1.24306]}, "properties": {"date": "202604", "npix": 3, "peak_db": 4.0, "zone": "port_core"}}, {"type": "Feature", "geometry": {"type": "Point", "coordinates": [103.80928, 1.24239]}, "properties": {"date": "202604", "npix": 3, "peak_db": 13.2, "zone": "port_core"}}, {"type": "Feature", "geometry": {"type": "Point", "coordinates": [103.81892, 1.24175]}, "properties": {"date": "202604", "npix": 4, "peak_db": 8.5, "zone": "port_core"}}, {"type": "Feature", "geometry": {"type": "Point", "coordinates": [103.90294, 1.24172]}, "properties": {"date": "202604", "npix": 3, "peak_db": 11.4, "zone": "port_core"}}, {"type": "Feature", "geometry": {"type": "Point", "coordinates": [103.89328, 1.23752]}, "properties": {"date": "202604", "npix": 15, "peak_db": 17.3, "zone": "port_core"}}, {"type": "Feature", "geometry": {"type": "Point", "coordinates": [103.66363, 1.2381]}, "properties": {"date": "202604", "npix": 5, "peak_db": 4.9, "zone": "western_opl"}}, {"type": "Feature", "geometry": {"type": "Point", "coordinates": [103.71691, 1.23672]}, "properties": {"date": "202604", "npix": 9, "peak_db": 6.7, "zone": "port_core"}}, {"type": "Feature", "geometry": {"type": "Point", "coordinates": [103.61906, 1.23572]}, "properties": {"date": "202604", "npix": 3, "peak_db": -7.9, "zone": "western_opl"}}, {"type": "Feature", "geometry": {"type": "Point", "coordinates": [103.98224, 1.23568]}, "properties": {"date": "202604", "npix": 13, "peak_db": 8.1, "zone": "port_core"}}, {"type": "Feature", "geometry": {"type": "Point", "coordinates": [103.86417, 1.23408]}, "properties": {"date": "202604", "npix": 4, "peak_db": 9.4, "zone": "port_core"}}, {"type": "Feature", "geometry": {"type": "Point", "coordinates": [103.69196, 1.23145]}, "properties": {"date": "202604", "npix": 13, "peak_db": 12.4, "zone": "port_core"}}, {"type": "Feature", "geometry": {"type": "Point", "coordinates": [103.8114, 1.23102]}, "properties": {"date": "202604", "npix": 7, "peak_db": 29.8, "zone": "port_core"}}, {"type": "Feature", "geometry": {"type": "Point", "coordinates": [103.70583, 1.23033]}, "properties": {"date": "202604", "npix": 4, "peak_db": 6.2, "zone": "port_core"}}, {"type": "Feature", "geometry": {"type": "Point", "coordinates": [103.79439, 1.23039]}, "properties": {"date": "202604", "npix": 3, "peak_db": 19.0, "zone": "port_core"}}, {"type": "Feature", "geometry": {"type": "Point", "coordinates": [103.99489, 1.22944]}, "properties": {"date": "202604", "npix": 11, "peak_db": 11.4, "zone": "port_core"}}, {"type": "Feature", "geometry": {"type": "Point", "coordinates": [103.94253, 1.229]}, "properties": {"date": "202604", "npix": 10, "peak_db": 11.6, "zone": "port_core"}}, {"type": "Feature", "geometry": {"type": "Point", "coordinates": [103.71617, 1.22783]}, "properties": {"date": "202604", "npix": 3, "peak_db": 4.7, "zone": "port_core"}}, {"type": "Feature", "geometry": {"type": "Point", "coordinates": [103.66245, 1.22707]}, "properties": {"date": "202604", "npix": 7, "peak_db": 13.0, "zone": "western_opl"}}, {"type": "Feature", "geometry": {"type": "Point", "coordinates": [103.81665, 1.22687]}, "properties": {"date": "202604", "npix": 9, "peak_db": 25.4, "zone": "port_core"}}, {"type": "Feature", "geometry": {"type": "Point", "coordinates": [103.6335, 1.2246]}, "properties": {"date": "202604", "npix": 7, "peak_db": 9.0, "zone": "western_opl"}}, {"type": "Feature", "geometry": {"type": "Point", "coordinates": [103.68333, 1.2245]}, "properties": {"date": "202604", "npix": 6, "peak_db": 14.9, "zone": "port_core"}}, {"type": "Feature", "geometry": {"type": "Point", "coordinates": [103.8001, 1.22403]}, "properties": {"date": "202604", "npix": 5, "peak_db": 21.0, "zone": "port_core"}}, {"type": "Feature", "geometry": {"type": "Point", "coordinates": [103.64583, 1.22246]}, "properties": {"date": "202604", "npix": 8, "peak_db": 9.7, "zone": "western_opl"}}, {"type": "Feature", "geometry": {"type": "Point", "coordinates": [103.64883, 1.22233]}, "properties": {"date": "202604", "npix": 8, "peak_db": 19.1, "zone": "western_opl"}}, {"type": "Feature", "geometry": {"type": "Point", "coordinates": [103.79006, 1.22106]}, "properties": {"date": "202604", "npix": 3, "peak_db": 11.7, "zone": "port_core"}}, {"type": "Feature", "geometry": {"type": "Point", "coordinates": [103.72083, 1.22083]}, "properties": {"date": "202604", "npix": 3, "peak_db": 6.1, "zone": "port_core"}}, {"type": "Feature", "geometry": {"type": "Point", "coordinates": [103.8973, 1.21914]}, "properties": {"date": "202604", "npix": 15, "peak_db": 10.5, "zone": "port_core"}}, {"type": "Feature", "geometry": {"type": "Point", "coordinates": [103.74458, 1.21892]}, "properties": {"date": "202604", "npix": 4, "peak_db": 8.3, "zone": "port_core"}}, {"type": "Feature", "geometry": {"type": "Point", "coordinates": [103.741, 1.21883]}, "properties": {"date": "202604", "npix": 4, "peak_db": 16.3, "zone": "port_core"}}, {"type": "Feature", "geometry": {"type": "Point", "coordinates": [103.88908, 1.21658]}, "properties": {"date": "202604", "npix": 4, "peak_db": -0.9, "zone": "port_core"}}, {"type": "Feature", "geometry": {"type": "Point", "coordinates": [103.81483, 1.21567]}, "properties": {"date": "202604", "npix": 4, "peak_db": 20.2, "zone": "port_core"}}, {"type": "Feature", "geometry": {"type": "Point", "coordinates": [103.92975, 1.21579]}, "properties": {"date": "202604", "npix": 8, "peak_db": 11.3, "zone": "port_core"}}, {"type": "Feature", "geometry": {"type": "Point", "coordinates": [103.74239, 1.21572]}, "properties": {"date": "202604", "npix": 3, "peak_db": 7.1, "zone": "port_core"}}, {"type": "Feature", "geometry": {"type": "Point", "coordinates": [103.85948, 1.21495]}, "properties": {"date": "202604", "npix": 17, "peak_db": 19.9, "zone": "port_core"}}, {"type": "Feature", "geometry": {"type": "Point", "coordinates": [103.73942, 1.21542]}, "properties": {"date": "202604", "npix": 4, "peak_db": 2.5, "zone": "port_core"}}, {"type": "Feature", "geometry": {"type": "Point", "coordinates": [103.81917, 1.21293]}, "properties": {"date": "202604", "npix": 7, "peak_db": 23.2, "zone": "port_core"}}, {"type": "Feature", "geometry": {"type": "Point", "coordinates": [103.9295, 1.20933]}, "properties": {"date": "202604", "npix": 4, "peak_db": 11.2, "zone": "port_core"}}, {"type": "Feature", "geometry": {"type": "Point", "coordinates": [103.85628, 1.20672]}, "properties": {"date": "202604", "npix": 3, "peak_db": 0.4, "zone": "port_core"}}, {"type": "Feature", "geometry": {"type": "Point", "coordinates": [103.88279, 1.20504]}, "properties": {"date": "202604", "npix": 16, "peak_db": 6.7, "zone": "port_core"}}, {"type": "Feature", "geometry": {"type": "Point", "coordinates": [103.84683, 1.20425]}, "properties": {"date": "202604", "npix": 4, "peak_db": 8.6, "zone": "port_core"}}, {"type": "Feature", "geometry": {"type": "Point", "coordinates": [103.81994, 1.20083]}, "properties": {"date": "202604", "npix": 6, "peak_db": 18.8, "zone": "port_core"}}, {"type": "Feature", "geometry": {"type": "Point", "coordinates": [103.82408, 1.20092]}, "properties": {"date": "202604", "npix": 4, "peak_db": 11.4, "zone": "port_core"}}, {"type": "Feature", "geometry": {"type": "Point", "coordinates": [103.94083, 1.20042]}, "properties": {"date": "202604", "npix": 8, "peak_db": 6.3, "zone": "port_core"}}, {"type": "Feature", "geometry": {"type": "Point", "coordinates": [103.74375, 1.19983]}, "properties": {"date": "202604", "npix": 4, "peak_db": 21.3, "zone": "western_opl"}}, {"type": "Feature", "geometry": {"type": "Point", "coordinates": [103.89439, 1.1975]}, "properties": {"date": "202604", "npix": 6, "peak_db": 7.6, "zone": "strait_other"}}, {"type": "Feature", "geometry": {"type": "Point", "coordinates": [103.68138, 1.19638]}, "properties": {"date": "202604", "npix": 8, "peak_db": 19.6, "zone": "western_opl"}}, {"type": "Feature", "geometry": {"type": "Point", "coordinates": [103.7455, 1.19617]}, "properties": {"date": "202604", "npix": 3, "peak_db": 7.7, "zone": "western_opl"}}, {"type": "Feature", "geometry": {"type": "Point", "coordinates": [103.68509, 1.19365]}, "properties": {"date": "202604", "npix": 9, "peak_db": 13.2, "zone": "western_opl"}}, {"type": "Feature", "geometry": {"type": "Point", "coordinates": [103.97, 1.19372]}, "properties": {"date": "202604", "npix": 6, "peak_db": 18.7, "zone": "strait_other"}}, {"type": "Feature", "geometry": {"type": "Point", "coordinates": [103.97811, 1.19314]}, "properties": {"date": "202604", "npix": 11, "peak_db": 21.9, "zone": "strait_other"}}, {"type": "Feature", "geometry": {"type": "Point", "coordinates": [103.98977, 1.19303]}, "properties": {"date": "202604", "npix": 5, "peak_db": 6.7, "zone": "strait_other"}}, {"type": "Feature", "geometry": {"type": "Point", "coordinates": [103.70106, 1.19261]}, "properties": {"date": "202604", "npix": 3, "peak_db": 12.8, "zone": "western_opl"}}, {"type": "Feature", "geometry": {"type": "Point", "coordinates": [103.70039, 1.19194]}, "properties": {"date": "202604", "npix": 3, "peak_db": 8.4, "zone": "western_opl"}}, {"type": "Feature", "geometry": {"type": "Point", "coordinates": [103.80294, 1.19006]}, "properties": {"date": "202604", "npix": 3, "peak_db": -0.7, "zone": "strait_other"}}, {"type": "Feature", "geometry": {"type": "Point", "coordinates": [103.95374, 1.18898]}, "properties": {"date": "202604", "npix": 7, "peak_db": 11.3, "zone": "strait_other"}}, {"type": "Feature", "geometry": {"type": "Point", "coordinates": [103.96039, 1.18861]}, "properties": {"date": "202604", "npix": 3, "peak_db": 3.4, "zone": "strait_other"}}, {"type": "Feature", "geometry": {"type": "Point", "coordinates": [103.8295, 1.18675]}, "properties": {"date": "202604", "npix": 4, "peak_db": 13.3, "zone": "strait_other"}}, {"type": "Feature", "geometry": {"type": "Point", "coordinates": [103.82823, 1.18643]}, "properties": {"date": "202604", "npix": 5, "peak_db": 3.6, "zone": "strait_other"}}, {"type": "Feature", "geometry": {"type": "Point", "coordinates": [103.80817, 1.1855]}, "properties": {"date": "202604", "npix": 3, "peak_db": -3.1, "zone": "strait_other"}}, {"type": "Feature", "geometry": {"type": "Point", "coordinates": [103.78343, 1.1847]}, "properties": {"date": "202604", "npix": 5, "peak_db": 2.9, "zone": "strait_other"}}, {"type": "Feature", "geometry": {"type": "Point", "coordinates": [103.70392, 1.18392]}, "properties": {"date": "202604", "npix": 4, "peak_db": 12.0, "zone": "western_opl"}}, {"type": "Feature", "geometry": {"type": "Point", "coordinates": [103.81121, 1.18333]}, "properties": {"date": "202604", "npix": 8, "peak_db": 5.5, "zone": "strait_other"}}, {"type": "Feature", "geometry": {"type": "Point", "coordinates": [103.67301, 1.18172]}, "properties": {"date": "202604", "npix": 15, "peak_db": 23.7, "zone": "western_opl"}}, {"type": "Feature", "geometry": {"type": "Point", "coordinates": [103.94128, 1.18228]}, "properties": {"date": "202604", "npix": 3, "peak_db": 10.9, "zone": "strait_other"}}, {"type": "Feature", "geometry": {"type": "Point", "coordinates": [103.97397, 1.1777]}, "properties": {"date": "202604", "npix": 10, "peak_db": 17.6, "zone": "strait_other"}}, {"type": "Feature", "geometry": {"type": "Point", "coordinates": [103.7636, 1.17664]}, "properties": {"date": "202604", "npix": 14, "peak_db": 33.5, "zone": "western_opl"}}, {"type": "Feature", "geometry": {"type": "Point", "coordinates": [103.70205, 1.17564]}, "properties": {"date": "202604", "npix": 14, "peak_db": 25.7, "zone": "western_opl"}}, {"type": "Feature", "geometry": {"type": "Point", "coordinates": [103.82645, 1.17574]}, "properties": {"date": "202604", "npix": 14, "peak_db": 13.3, "zone": "strait_other"}}, {"type": "Feature", "geometry": {"type": "Point", "coordinates": [103.94394, 1.17511]}, "properties": {"date": "202604", "npix": 6, "peak_db": 14.1, "zone": "strait_other"}}, {"type": "Feature", "geometry": {"type": "Point", "coordinates": [103.79215, 1.17322]}, "properties": {"date": "202604", "npix": 18, "peak_db": 19.7, "zone": "strait_other"}}, {"type": "Feature", "geometry": {"type": "Point", "coordinates": [103.71594, 1.17294]}, "properties": {"date": "202604", "npix": 9, "peak_db": 9.4, "zone": "western_opl"}}, {"type": "Feature", "geometry": {"type": "Point", "coordinates": [103.79028, 1.17228]}, "properties": {"date": "202604", "npix": 3, "peak_db": 7.1, "zone": "strait_other"}}, {"type": "Feature", "geometry": {"type": "Point", "coordinates": [103.81558, 1.16318]}, "properties": {"date": "202604", "npix": 25, "peak_db": 19.5, "zone": "strait_other"}}, {"type": "Feature", "geometry": {"type": "Point", "coordinates": [103.75967, 1.16317]}, "properties": {"date": "202604", "npix": 4, "peak_db": 6.4, "zone": "western_opl"}}, {"type": "Feature", "geometry": {"type": "Point", "coordinates": [103.72183, 1.16253]}, "properties": {"date": "202604", "npix": 12, "peak_db": 11.7, "zone": "western_opl"}}, {"type": "Feature", "geometry": {"type": "Point", "coordinates": [103.96828, 1.16261]}, "properties": {"date": "202604", "npix": 3, "peak_db": 7.0, "zone": "strait_other"}}, {"type": "Feature", "geometry": {"type": "Point", "coordinates": [103.98223, 1.16097]}, "properties": {"date": "202604", "npix": 5, "peak_db": 5.5, "zone": "strait_other"}}, {"type": "Feature", "geometry": {"type": "Point", "coordinates": [103.95261, 1.15828]}, "properties": {"date": "202604", "npix": 3, "peak_db": 16.6, "zone": "strait_other"}}, {"type": "Feature", "geometry": {"type": "Point", "coordinates": [103.95339, 1.15839]}, "properties": {"date": "202604", "npix": 3, "peak_db": 5.4, "zone": "strait_other"}}, {"type": "Feature", "geometry": {"type": "Point", "coordinates": [103.94826, 1.15507]}, "properties": {"date": "202604", "npix": 7, "peak_db": 17.7, "zone": "strait_other"}}, {"type": "Feature", "geometry": {"type": "Point", "coordinates": [103.97083, 1.15483]}, "properties": {"date": "202604", "npix": 3, "peak_db": 8.1, "zone": "strait_other"}}, {"type": "Feature", "geometry": {"type": "Point", "coordinates": [103.75443, 1.15254]}, "properties": {"date": "202604", "npix": 9, "peak_db": 15.4, "zone": "western_opl"}}, {"type": "Feature", "geometry": {"type": "Point", "coordinates": [103.7865, 1.14333]}, "properties": {"date": "202604", "npix": 4, "peak_db": -0.9, "zone": "strait_other"}}, {"type": "Feature", "geometry": {"type": "Point", "coordinates": [103.66417, 1.14033]}, "properties": {"date": "202604", "npix": 4, "peak_db": 1.4, "zone": "western_opl"}}, {"type": "Feature", "geometry": {"type": "Point", "coordinates": [103.97313, 1.13893]}, "properties": {"date": "202604", "npix": 25, "peak_db": -6.0, "zone": "strait_other"}}, {"type": "Feature", "geometry": {"type": "Point", "coordinates": [103.76156, 1.13728]}, "properties": {"date": "202604", "npix": 6, "peak_db": 7.0, "zone": "western_opl"}}, {"type": "Feature", "geometry": {"type": "Point", "coordinates": [104.05683, 1.13717]}, "properties": {"date": "202604", "npix": 3, "peak_db": -6.3, "zone": "eastern_opl"}}, {"type": "Feature", "geometry": {"type": "Point", "coordinates": [103.76072, 1.13628]}, "properties": {"date": "202604", "npix": 3, "peak_db": 6.2, "zone": "western_opl"}}, {"type": "Feature", "geometry": {"type": "Point", "coordinates": [104.15039, 1.13028]}, "properties": {"date": "202604", "npix": 3, "peak_db": -4.0, "zone": "eastern_opl"}}, {"type": "Feature", "geometry": {"type": "Point", "coordinates": [103.9055, 1.12875]}, "properties": {"date": "202604", "npix": 4, "peak_db": 20.6, "zone": "strait_other"}}, {"type": "Feature", "geometry": {"type": "Point", "coordinates": [103.9075, 1.12683]}, "properties": {"date": "202604", "npix": 3, "peak_db": 7.2, "zone": "strait_other"}}, {"type": "Feature", "geometry": {"type": "Point", "coordinates": [103.90283, 1.1215]}, "properties": {"date": "202604", "npix": 3, "peak_db": 10.9, "zone": "strait_other"}}, {"type": "Feature", "geometry": {"type": "Point", "coordinates": [103.75294, 1.11972]}, "properties": {"date": "202604", "npix": 3, "peak_db": 7.7, "zone": "western_opl"}}, {"type": "Feature", "geometry": {"type": "Point", "coordinates": [104.15958, 1.11812]}, "properties": {"date": "202604", "npix": 8, "peak_db": 10.6, "zone": "eastern_opl"}}, {"type": "Feature", "geometry": {"type": "Point", "coordinates": [103.90138, 1.11729]}, "properties": {"date": "202604", "npix": 8, "peak_db": 15.7, "zone": "strait_other"}}, {"type": "Feature", "geometry": {"type": "Point", "coordinates": [104.15672, 1.11461]}, "properties": {"date": "202604", "npix": 3, "peak_db": 7.0, "zone": "eastern_opl"}}, {"type": "Feature", "geometry": {"type": "Point", "coordinates": [103.89728, 1.11039]}, "properties": {"date": "202604", "npix": 3, "peak_db": 7.1, "zone": "strait_other"}}, {"type": "Feature", "geometry": {"type": "Point", "coordinates": [104.19983, 1.10917]}, "properties": {"date": "202604", "npix": 3, "peak_db": 5.0, "zone": "eastern_opl"}}, {"type": "Feature", "geometry": {"type": "Point", "coordinates": [104.18406, 1.10706]}, "properties": {"date": "202604", "npix": 3, "peak_db": 7.6, "zone": "eastern_opl"}}, {"type": "Feature", "geometry": {"type": "Point", "coordinates": [104.185, 1.10567]}, "properties": {"date": "202604", "npix": 6, "peak_db": 7.9, "zone": "eastern_opl"}}, {"type": "Feature", "geometry": {"type": "Point", "coordinates": [104.1735, 1.10492]}, "properties": {"date": "202604", "npix": 8, "peak_db": 13.8, "zone": "eastern_opl"}}, {"type": "Feature", "geometry": {"type": "Point", "coordinates": [104.16561, 1.10206]}, "properties": {"date": "202604", "npix": 3, "peak_db": 6.6, "zone": "eastern_opl"}}, {"type": "Feature", "geometry": {"type": "Point", "coordinates": [104.14657, 1.0989]}, "properties": {"date": "202604", "npix": 5, "peak_db": 9.8, "zone": "eastern_opl"}}, {"type": "Feature", "geometry": {"type": "Point", "coordinates": [104.17483, 1.09717]}, "properties": {"date": "202604", "npix": 9, "peak_db": 22.4, "zone": "eastern_opl"}}, {"type": "Feature", "geometry": {"type": "Point", "coordinates": [103.92428, 1.09706]}, "properties": {"date": "202604", "npix": 3, "peak_db": 3.0, "zone": "strait_other"}}, {"type": "Feature", "geometry": {"type": "Point", "coordinates": [104.1884, 1.09612]}, "properties": {"date": "202604", "npix": 7, "peak_db": 12.1, "zone": "eastern_opl"}}, {"type": "Feature", "geometry": {"type": "Point", "coordinates": [103.74394, 1.09606]}, "properties": {"date": "202604", "npix": 3, "peak_db": 4.2, "zone": "strait_other"}}, {"type": "Feature", "geometry": {"type": "Point", "coordinates": [103.92467, 1.096]}, "properties": {"date": "202604", "npix": 4, "peak_db": 4.0, "zone": "strait_other"}}, {"type": "Feature", "geometry": {"type": "Point", "coordinates": [103.9245, 1.09433]}, "properties": {"date": "202604", "npix": 4, "peak_db": 4.6, "zone": "strait_other"}}, {"type": "Feature", "geometry": {"type": "Point", "coordinates": [104.14617, 1.08883]}, "properties": {"date": "202604", "npix": 3, "peak_db": 8.2, "zone": "eastern_opl"}}, {"type": "Feature", "geometry": {"type": "Point", "coordinates": [104.1619, 1.08877]}, "properties": {"date": "202604", "npix": 5, "peak_db": 14.0, "zone": "eastern_opl"}}, {"type": "Feature", "geometry": {"type": "Point", "coordinates": [104.15742, 1.0885]}, "properties": {"date": "202604", "npix": 4, "peak_db": 10.9, "zone": "eastern_opl"}}, {"type": "Feature", "geometry": {"type": "Point", "coordinates": [104.18983, 1.0865]}, "properties": {"date": "202604", "npix": 7, "peak_db": 13.9, "zone": "eastern_opl"}}, {"type": "Feature", "geometry": {"type": "Point", "coordinates": [104.1725, 1.08583]}, "properties": {"date": "202604", "npix": 5, "peak_db": 13.6, "zone": "eastern_opl"}}, {"type": "Feature", "geometry": {"type": "Point", "coordinates": [104.16717, 1.08567]}, "properties": {"date": "202604", "npix": 4, "peak_db": 1.9, "zone": "eastern_opl"}}, {"type": "Feature", "geometry": {"type": "Point", "coordinates": [104.14394, 1.08428]}, "properties": {"date": "202604", "npix": 3, "peak_db": 4.2, "zone": "eastern_opl"}}, {"type": "Feature", "geometry": {"type": "Point", "coordinates": [104.14483, 1.0825]}, "properties": {"date": "202604", "npix": 3, "peak_db": 3.2, "zone": "eastern_opl"}}, {"type": "Feature", "geometry": {"type": "Point", "coordinates": [104.04343, 1.0817]}, "properties": {"date": "202604", "npix": 5, "peak_db": -8.1, "zone": "eastern_opl"}}, {"type": "Feature", "geometry": {"type": "Point", "coordinates": [104.04179, 1.08092]}, "properties": {"date": "202604", "npix": 15, "peak_db": -5.3, "zone": "eastern_opl"}}, {"type": "Feature", "geometry": {"type": "Point", "coordinates": [104.18367, 1.08117]}, "properties": {"date": "202604", "npix": 4, "peak_db": 8.9, "zone": "eastern_opl"}}, {"type": "Feature", "geometry": {"type": "Point", "coordinates": [104.04554, 1.08042]}, "properties": {"date": "202604", "npix": 24, "peak_db": -4.3, "zone": "eastern_opl"}}, {"type": "Feature", "geometry": {"type": "Point", "coordinates": [104.14433, 1.08088]}, "properties": {"date": "202604", "npix": 8, "peak_db": 13.6, "zone": "eastern_opl"}}, {"type": "Feature", "geometry": {"type": "Point", "coordinates": [103.72361, 1.07611]}, "properties": {"date": "202604", "npix": 6, "peak_db": 4.5, "zone": "strait_other"}}, {"type": "Feature", "geometry": {"type": "Point", "coordinates": [103.59483, 1.07013]}, "properties": {"date": "202604", "npix": 10, "peak_db": 17.9, "zone": "strait_other"}}, {"type": "Feature", "geometry": {"type": "Point", "coordinates": [104.14875, 1.06738]}, "properties": {"date": "202604", "npix": 8, "peak_db": 11.0, "zone": "strait_other"}}, {"type": "Feature", "geometry": {"type": "Point", "coordinates": [103.90103, 1.06577]}, "properties": {"date": "202604", "npix": 5, "peak_db": -10.6, "zone": "strait_other"}}, {"type": "Feature", "geometry": {"type": "Point", "coordinates": [104.1825, 1.06217]}, "properties": {"date": "202604", "npix": 3, "peak_db": -1.8, "zone": "strait_other"}}, {"type": "Feature", "geometry": {"type": "Point", "coordinates": [104.181, 1.061]}, "properties": {"date": "202604", "npix": 4, "peak_db": 7.0, "zone": "strait_other"}}, {"type": "Feature", "geometry": {"type": "Point", "coordinates": [104.18342, 1.06092]}, "properties": {"date": "202604", "npix": 4, "peak_db": -2.0, "zone": "strait_other"}}, {"type": "Feature", "geometry": {"type": "Point", "coordinates": [104.17994, 1.06072]}, "properties": {"date": "202604", "npix": 3, "peak_db": 5.2, "zone": "strait_other"}}, {"type": "Feature", "geometry": {"type": "Point", "coordinates": [103.67783, 1.05908]}, "properties": {"date": "202604", "npix": 4, "peak_db": 8.6, "zone": "strait_other"}}, {"type": "Feature", "geometry": {"type": "Point", "coordinates": [104.19006, 1.05906]}, "properties": {"date": "202604", "npix": 3, "peak_db": 1.8, "zone": "strait_other"}}, {"type": "Feature", "geometry": {"type": "Point", "coordinates": [104.21739, 1.05906]}, "properties": {"date": "202604", "npix": 3, "peak_db": 5.9, "zone": "strait_other"}}, {"type": "Feature", "geometry": {"type": "Point", "coordinates": [103.63172, 1.05639]}, "properties": {"date": "202604", "npix": 3, "peak_db": 4.8, "zone": "strait_other"}}, {"type": "Feature", "geometry": {"type": "Point", "coordinates": [103.62044, 1.05486]}, "properties": {"date": "202604", "npix": 12, "peak_db": 20.1, "zone": "strait_other"}}, {"type": "Feature", "geometry": {"type": "Point", "coordinates": [103.70594, 1.05272]}, "properties": {"date": "202604", "npix": 3, "peak_db": 11.6, "zone": "strait_other"}}, {"type": "Feature", "geometry": {"type": "Point", "coordinates": [104.15139, 1.05039]}, "properties": {"date": "202604", "npix": 3, "peak_db": 7.5, "zone": "strait_other"}}, {"type": "Feature", "geometry": {"type": "Point", "coordinates": [104.02821, 1.5235]}, "properties": {"date": "202605", "npix": 8, "peak_db": 10.7, "zone": "strait_other"}}, {"type": "Feature", "geometry": {"type": "Point", "coordinates": [104.02408, 1.51122]}, "properties": {"date": "202605", "npix": 12, "peak_db": 23.6, "zone": "strait_other"}}, {"type": "Feature", "geometry": {"type": "Point", "coordinates": [104.00917, 1.5115]}, "properties": {"date": "202605", "npix": 3, "peak_db": 12.0, "zone": "strait_other"}}, {"type": "Feature", "geometry": {"type": "Point", "coordinates": [104.3163, 1.49877]}, "properties": {"date": "202605", "npix": 5, "peak_db": 10.7, "zone": "strait_other"}}, {"type": "Feature", "geometry": {"type": "Point", "coordinates": [103.85428, 1.46894]}, "properties": {"date": "202605", "npix": 3, "peak_db": -10.7, "zone": "strait_other"}}, {"type": "Feature", "geometry": {"type": "Point", "coordinates": [104.01898, 1.4686]}, "properties": {"date": "202605", "npix": 7, "peak_db": 4.0, "zone": "strait_other"}}, {"type": "Feature", "geometry": {"type": "Point", "coordinates": [103.77261, 1.45406]}, "properties": {"date": "202605", "npix": 3, "peak_db": -1.1, "zone": "strait_other"}}, {"type": "Feature", "geometry": {"type": "Point", "coordinates": [103.87461, 1.44694]}, "properties": {"date": "202605", "npix": 3, "peak_db": -0.8, "zone": "strait_other"}}, {"type": "Feature", "geometry": {"type": "Point", "coordinates": [104.31761, 1.44509]}, "properties": {"date": "202605", "npix": 9, "peak_db": 9.7, "zone": "strait_other"}}, {"type": "Feature", "geometry": {"type": "Point", "coordinates": [104.02261, 1.43272]}, "properties": {"date": "202605", "npix": 3, "peak_db": -4.5, "zone": "strait_other"}}, {"type": "Feature", "geometry": {"type": "Point", "coordinates": [103.92617, 1.43142]}, "properties": {"date": "202605", "npix": 4, "peak_db": 0.5, "zone": "strait_other"}}, {"type": "Feature", "geometry": {"type": "Point", "coordinates": [104.0067, 1.42477]}, "properties": {"date": "202605", "npix": 15, "peak_db": 10.4, "zone": "strait_other"}}, {"type": "Feature", "geometry": {"type": "Point", "coordinates": [103.89547, 1.42417]}, "properties": {"date": "202605", "npix": 10, "peak_db": 11.1, "zone": "strait_other"}}, {"type": "Feature", "geometry": {"type": "Point", "coordinates": [103.9365, 1.4065]}, "properties": {"date": "202605", "npix": 3, "peak_db": -8.7, "zone": "strait_other"}}, {"type": "Feature", "geometry": {"type": "Point", "coordinates": [103.80333, 1.4035]}, "properties": {"date": "202605", "npix": 4, "peak_db": -6.8, "zone": "strait_other"}}, {"type": "Feature", "geometry": {"type": "Point", "coordinates": [103.8026, 1.39993]}, "properties": {"date": "202605", "npix": 7, "peak_db": -0.0, "zone": "strait_other"}}, {"type": "Feature", "geometry": {"type": "Point", "coordinates": [104.02217, 1.3839]}, "properties": {"date": "202605", "npix": 5, "peak_db": 2.7, "zone": "strait_other"}}, {"type": "Feature", "geometry": {"type": "Point", "coordinates": [104.02706, 1.36939]}, "properties": {"date": "202605", "npix": 3, "peak_db": -3.0, "zone": "strait_other"}}, {"type": "Feature", "geometry": {"type": "Point", "coordinates": [104.06583, 1.36417]}, "properties": {"date": "202605", "npix": 3, "peak_db": 15.9, "zone": "strait_other"}}, {"type": "Feature", "geometry": {"type": "Point", "coordinates": [104.07194, 1.36028]}, "properties": {"date": "202605", "npix": 3, "peak_db": 1.5, "zone": "strait_other"}}, {"type": "Feature", "geometry": {"type": "Point", "coordinates": [104.05217, 1.35217]}, "properties": {"date": "202605", "npix": 5, "peak_db": 7.4, "zone": "strait_other"}}, {"type": "Feature", "geometry": {"type": "Point", "coordinates": [104.08728, 1.35094]}, "properties": {"date": "202605", "npix": 3, "peak_db": -0.4, "zone": "strait_other"}}, {"type": "Feature", "geometry": {"type": "Point", "coordinates": [104.03072, 1.34606]}, "properties": {"date": "202605", "npix": 3, "peak_db": 1.1, "zone": "strait_other"}}, {"type": "Feature", "geometry": {"type": "Point", "coordinates": [104.08675, 1.34425]}, "properties": {"date": "202605", "npix": 4, "peak_db": 11.6, "zone": "strait_other"}}, {"type": "Feature", "geometry": {"type": "Point", "coordinates": [104.09267, 1.34417]}, "properties": {"date": "202605", "npix": 6, "peak_db": 8.7, "zone": "strait_other"}}, {"type": "Feature", "geometry": {"type": "Point", "coordinates": [104.09206, 1.33572]}, "properties": {"date": "202605", "npix": 3, "peak_db": 7.9, "zone": "strait_other"}}, {"type": "Feature", "geometry": {"type": "Point", "coordinates": [104.05833, 1.3335]}, "properties": {"date": "202605", "npix": 4, "peak_db": 1.4, "zone": "strait_other"}}, {"type": "Feature", "geometry": {"type": "Point", "coordinates": [104.34583, 1.3325]}, "properties": {"date": "202605", "npix": 10, "peak_db": 12.5, "zone": "strait_other"}}, {"type": "Feature", "geometry": {"type": "Point", "coordinates": [104.05557, 1.33057]}, "properties": {"date": "202605", "npix": 5, "peak_db": 10.6, "zone": "strait_other"}}, {"type": "Feature", "geometry": {"type": "Point", "coordinates": [104.05294, 1.32994]}, "properties": {"date": "202605", "npix": 3, "peak_db": 2.2, "zone": "strait_other"}}, {"type": "Feature", "geometry": {"type": "Point", "coordinates": [104.2495, 1.32983]}, "properties": {"date": "202605", "npix": 3, "peak_db": 5.4, "zone": "strait_other"}}, {"type": "Feature", "geometry": {"type": "Point", "coordinates": [104.27959, 1.32886]}, "properties": {"date": "202605", "npix": 11, "peak_db": 18.7, "zone": "strait_other"}}, {"type": "Feature", "geometry": {"type": "Point", "coordinates": [104.26779, 1.32857]}, "properties": {"date": "202605", "npix": 14, "peak_db": 8.6, "zone": "strait_other"}}, {"type": "Feature", "geometry": {"type": "Point", "coordinates": [104.02389, 1.32789]}, "properties": {"date": "202605", "npix": 6, "peak_db": 6.6, "zone": "strait_other"}}, {"type": "Feature", "geometry": {"type": "Point", "coordinates": [104.05209, 1.32761]}, "properties": {"date": "202605", "npix": 9, "peak_db": 9.5, "zone": "strait_other"}}, {"type": "Feature", "geometry": {"type": "Point", "coordinates": [104.24172, 1.32361]}, "properties": {"date": "202605", "npix": 3, "peak_db": 7.7, "zone": "strait_other"}}, {"type": "Feature", "geometry": {"type": "Point", "coordinates": [104.24756, 1.32339]}, "properties": {"date": "202605", "npix": 6, "peak_db": 13.8, "zone": "strait_other"}}, {"type": "Feature", "geometry": {"type": "Point", "coordinates": [104.32283, 1.322]}, "properties": {"date": "202605", "npix": 8, "peak_db": 9.1, "zone": "strait_other"}}, {"type": "Feature", "geometry": {"type": "Point", "coordinates": [104.06824, 1.32163]}, "properties": {"date": "202605", "npix": 13, "peak_db": 21.4, "zone": "strait_other"}}, {"type": "Feature", "geometry": {"type": "Point", "coordinates": [104.12392, 1.32175]}, "properties": {"date": "202605", "npix": 4, "peak_db": 6.1, "zone": "strait_other"}}, {"type": "Feature", "geometry": {"type": "Point", "coordinates": [104.23328, 1.32172]}, "properties": {"date": "202605", "npix": 3, "peak_db": 9.7, "zone": "strait_other"}}, {"type": "Feature", "geometry": {"type": "Point", "coordinates": [104.11506, 1.32128]}, "properties": {"date": "202605", "npix": 3, "peak_db": 5.5, "zone": "strait_other"}}, {"type": "Feature", "geometry": {"type": "Point", "coordinates": [104.11623, 1.32077]}, "properties": {"date": "202605", "npix": 5, "peak_db": 17.6, "zone": "strait_other"}}, {"type": "Feature", "geometry": {"type": "Point", "coordinates": [104.22604, 1.31929]}, "properties": {"date": "202605", "npix": 8, "peak_db": 9.2, "zone": "strait_other"}}, {"type": "Feature", "geometry": {"type": "Point", "coordinates": [104.2466, 1.31787]}, "properties": {"date": "202605", "npix": 10, "peak_db": 10.7, "zone": "strait_other"}}, {"type": "Feature", "geometry": {"type": "Point", "coordinates": [104.10517, 1.31775]}, "properties": {"date": "202605", "npix": 4, "peak_db": 6.7, "zone": "strait_other"}}, {"type": "Feature", "geometry": {"type": "Point", "coordinates": [104.063, 1.314]}, "properties": {"date": "202605", "npix": 4, "peak_db": 11.3, "zone": "strait_other"}}, {"type": "Feature", "geometry": {"type": "Point", "coordinates": [104.251, 1.31117]}, "properties": {"date": "202605", "npix": 4, "peak_db": 1.4, "zone": "strait_other"}}, {"type": "Feature", "geometry": {"type": "Point", "coordinates": [104.31665, 1.31076]}, "properties": {"date": "202605", "npix": 13, "peak_db": 23.7, "zone": "strait_other"}}, {"type": "Feature", "geometry": {"type": "Point", "coordinates": [104.12862, 1.31017]}, "properties": {"date": "202605", "npix": 8, "peak_db": 18.1, "zone": "strait_other"}}, {"type": "Feature", "geometry": {"type": "Point", "coordinates": [103.64108, 1.30942]}, "properties": {"date": "202605", "npix": 4, "peak_db": -9.1, "zone": "western_opl"}}, {"type": "Feature", "geometry": {"type": "Point", "coordinates": [104.15694, 1.30639]}, "properties": {"date": "202605", "npix": 3, "peak_db": 13.7, "zone": "strait_other"}}, {"type": "Feature", "geometry": {"type": "Point", "coordinates": [104.15783, 1.30625]}, "properties": {"date": "202605", "npix": 4, "peak_db": 1.5, "zone": "strait_other"}}, {"type": "Feature", "geometry": {"type": "Point", "coordinates": [104.15883, 1.30583]}, "properties": {"date": "202605", "npix": 3, "peak_db": 1.6, "zone": "strait_other"}}, {"type": "Feature", "geometry": {"type": "Point", "coordinates": [104.06383, 1.30517]}, "properties": {"date": "202605", "npix": 3, "peak_db": 18.7, "zone": "strait_other"}}, {"type": "Feature", "geometry": {"type": "Point", "coordinates": [104.05271, 1.3042]}, "properties": {"date": "202605", "npix": 11, "peak_db": 15.1, "zone": "strait_other"}}, {"type": "Feature", "geometry": {"type": "Point", "coordinates": [104.07506, 1.30461]}, "properties": {"date": "202605", "npix": 3, "peak_db": 14.4, "zone": "strait_other"}}, {"type": "Feature", "geometry": {"type": "Point", "coordinates": [104.11627, 1.30447]}, "properties": {"date": "202605", "npix": 10, "peak_db": 5.7, "zone": "strait_other"}}, {"type": "Feature", "geometry": {"type": "Point", "coordinates": [103.97583, 1.3045]}, "properties": {"date": "202605", "npix": 3, "peak_db": 13.0, "zone": "port_core"}}, {"type": "Feature", "geometry": {"type": "Point", "coordinates": [104.12694, 1.30361]}, "properties": {"date": "202605", "npix": 3, "peak_db": 10.4, "zone": "strait_other"}}, {"type": "Feature", "geometry": {"type": "Point", "coordinates": [103.6466, 1.30283]}, "properties": {"date": "202605", "npix": 7, "peak_db": 7.3, "zone": "western_opl"}}, {"type": "Feature", "geometry": {"type": "Point", "coordinates": [103.96992, 1.30258]}, "properties": {"date": "202605", "npix": 4, "peak_db": 18.1, "zone": "port_core"}}, {"type": "Feature", "geometry": {"type": "Point", "coordinates": [104.13725, 1.30208]}, "properties": {"date": "202605", "npix": 4, "peak_db": 13.0, "zone": "strait_other"}}, {"type": "Feature", "geometry": {"type": "Point", "coordinates": [103.99108, 1.30175]}, "properties": {"date": "202605", "npix": 4, "peak_db": 19.2, "zone": "port_core"}}, {"type": "Feature", "geometry": {"type": "Point", "coordinates": [104.14417, 1.30017]}, "properties": {"date": "202605", "npix": 9, "peak_db": 11.7, "zone": "strait_other"}}, {"type": "Feature", "geometry": {"type": "Point", "coordinates": [104.02628, 1.29861]}, "properties": {"date": "202605", "npix": 3, "peak_db": 6.5, "zone": "strait_other"}}, {"type": "Feature", "geometry": {"type": "Point", "coordinates": [104.17543, 1.29757]}, "properties": {"date": "202605", "npix": 5, "peak_db": 7.9, "zone": "strait_other"}}, {"type": "Feature", "geometry": {"type": "Point", "coordinates": [104.20999, 1.29607]}, "properties": {"date": "202605", "npix": 17, "peak_db": 24.7, "zone": "strait_other"}}, {"type": "Feature", "geometry": {"type": "Point", "coordinates": [104.13172, 1.29672]}, "properties": {"date": "202605", "npix": 3, "peak_db": 6.9, "zone": "strait_other"}}, {"type": "Feature", "geometry": {"type": "Point", "coordinates": [104.0485, 1.29625]}, "properties": {"date": "202605", "npix": 4, "peak_db": 8.2, "zone": "strait_other"}}, {"type": "Feature", "geometry": {"type": "Point", "coordinates": [103.69183, 1.29567]}, "properties": {"date": "202605", "npix": 4, "peak_db": -10.1, "zone": "port_core"}}, {"type": "Feature", "geometry": {"type": "Point", "coordinates": [104.15417, 1.296]}, "properties": {"date": "202605", "npix": 4, "peak_db": 3.4, "zone": "strait_other"}}, {"type": "Feature", "geometry": {"type": "Point", "coordinates": [104.01183, 1.29537]}, "properties": {"date": "202605", "npix": 5, "peak_db": 24.4, "zone": "port_core"}}, {"type": "Feature", "geometry": {"type": "Point", "coordinates": [104.04721, 1.29507]}, "properties": {"date": "202605", "npix": 7, "peak_db": 11.6, "zone": "strait_other"}}, {"type": "Feature", "geometry": {"type": "Point", "coordinates": [104.2691, 1.29523]}, "properties": {"date": "202605", "npix": 5, "peak_db": 10.5, "zone": "strait_other"}}, {"type": "Feature", "geometry": {"type": "Point", "coordinates": [103.688, 1.29483]}, "properties": {"date": "202605", "npix": 4, "peak_db": -4.5, "zone": "port_core"}}, {"type": "Feature", "geometry": {"type": "Point", "coordinates": [104.09194, 1.29472]}, "properties": {"date": "202605", "npix": 3, "peak_db": 22.3, "zone": "strait_other"}}, {"type": "Feature", "geometry": {"type": "Point", "coordinates": [104.16593, 1.29153]}, "properties": {"date": "202605", "npix": 10, "peak_db": 11.2, "zone": "strait_other"}}, {"type": "Feature", "geometry": {"type": "Point", "coordinates": [104.18428, 1.29002]}, "properties": {"date": "202605", "npix": 9, "peak_db": 15.7, "zone": "strait_other"}}, {"type": "Feature", "geometry": {"type": "Point", "coordinates": [104.05708, 1.28975]}, "properties": {"date": "202605", "npix": 4, "peak_db": 13.0, "zone": "strait_other"}}, {"type": "Feature", "geometry": {"type": "Point", "coordinates": [104.05856, 1.28872]}, "properties": {"date": "202605", "npix": 6, "peak_db": 18.5, "zone": "strait_other"}}, {"type": "Feature", "geometry": {"type": "Point", "coordinates": [104.32542, 1.288]}, "properties": {"date": "202605", "npix": 16, "peak_db": 9.1, "zone": "strait_other"}}, {"type": "Feature", "geometry": {"type": "Point", "coordinates": [104.021, 1.28783]}, "properties": {"date": "202605", "npix": 4, "peak_db": 10.0, "zone": "strait_other"}}, {"type": "Feature", "geometry": {"type": "Point", "coordinates": [103.67017, 1.28717]}, "properties": {"date": "202605", "npix": 3, "peak_db": -6.5, "zone": "western_opl"}}, {"type": "Feature", "geometry": {"type": "Point", "coordinates": [103.74206, 1.28706]}, "properties": {"date": "202605", "npix": 3, "peak_db": 3.6, "zone": "port_core"}}, {"type": "Feature", "geometry": {"type": "Point", "coordinates": [103.59461, 1.28606]}, "properties": {"date": "202605", "npix": 3, "peak_db": 1.7, "zone": "western_opl"}}, {"type": "Feature", "geometry": {"type": "Point", "coordinates": [103.91312, 1.285]}, "properties": {"date": "202605", "npix": 8, "peak_db": 9.9, "zone": "port_core"}}, {"type": "Feature", "geometry": {"type": "Point", "coordinates": [104.02556, 1.28253]}, "properties": {"date": "202605", "npix": 11, "peak_db": 23.5, "zone": "strait_other"}}, {"type": "Feature", "geometry": {"type": "Point", "coordinates": [103.97767, 1.28133]}, "properties": {"date": "202605", "npix": 4, "peak_db": 14.4, "zone": "port_core"}}, {"type": "Feature", "geometry": {"type": "Point", "coordinates": [104.00633, 1.28033]}, "properties": {"date": "202605", "npix": 4, "peak_db": 24.0, "zone": "port_core"}}, {"type": "Feature", "geometry": {"type": "Point", "coordinates": [103.99675, 1.27975]}, "properties": {"date": "202605", "npix": 4, "peak_db": 18.8, "zone": "port_core"}}, {"type": "Feature", "geometry": {"type": "Point", "coordinates": [103.98842, 1.27942]}, "properties": {"date": "202605", "npix": 4, "peak_db": 11.7, "zone": "port_core"}}, {"type": "Feature", "geometry": {"type": "Point", "coordinates": [103.91628, 1.27894]}, "properties": {"date": "202605", "npix": 3, "peak_db": 25.4, "zone": "port_core"}}, {"type": "Feature", "geometry": {"type": "Point", "coordinates": [103.89994, 1.27806]}, "properties": {"date": "202605", "npix": 3, "peak_db": 6.1, "zone": "port_core"}}, {"type": "Feature", "geometry": {"type": "Point", "coordinates": [103.89606, 1.27661]}, "properties": {"date": "202605", "npix": 3, "peak_db": 8.7, "zone": "port_core"}}, {"type": "Feature", "geometry": {"type": "Point", "coordinates": [103.5865, 1.27533]}, "properties": {"date": "202605", "npix": 6, "peak_db": 14.6, "zone": "western_opl"}}, {"type": "Feature", "geometry": {"type": "Point", "coordinates": [103.58137, 1.2743]}, "properties": {"date": "202605", "npix": 5, "peak_db": 18.6, "zone": "western_opl"}}, {"type": "Feature", "geometry": {"type": "Point", "coordinates": [103.99071, 1.27454]}, "properties": {"date": "202605", "npix": 8, "peak_db": 16.3, "zone": "port_core"}}, {"type": "Feature", "geometry": {"type": "Point", "coordinates": [103.59239, 1.27439]}, "properties": {"date": "202605", "npix": 3, "peak_db": 8.9, "zone": "western_opl"}}, {"type": "Feature", "geometry": {"type": "Point", "coordinates": [103.90703, 1.2731]}, "properties": {"date": "202605", "npix": 5, "peak_db": 14.8, "zone": "port_core"}}, {"type": "Feature", "geometry": {"type": "Point", "coordinates": [104.26428, 1.27306]}, "properties": {"date": "202605", "npix": 3, "peak_db": 1.9, "zone": "strait_other"}}, {"type": "Feature", "geometry": {"type": "Point", "coordinates": [103.96133, 1.2715]}, "properties": {"date": "202605", "npix": 4, "peak_db": 8.1, "zone": "port_core"}}, {"type": "Feature", "geometry": {"type": "Point", "coordinates": [103.9525, 1.27117]}, "properties": {"date": "202605", "npix": 3, "peak_db": 20.6, "zone": "port_core"}}, {"type": "Feature", "geometry": {"type": "Point", "coordinates": [103.96072, 1.27061]}, "properties": {"date": "202605", "npix": 3, "peak_db": 15.3, "zone": "port_core"}}, {"type": "Feature", "geometry": {"type": "Point", "coordinates": [103.96997, 1.2701]}, "properties": {"date": "202605", "npix": 5, "peak_db": 16.0, "zone": "port_core"}}, {"type": "Feature", "geometry": {"type": "Point", "coordinates": [103.87533, 1.2695]}, "properties": {"date": "202605", "npix": 4, "peak_db": 9.4, "zone": "port_core"}}, {"type": "Feature", "geometry": {"type": "Point", "coordinates": [104.06057, 1.26946]}, "properties": {"date": "202605", "npix": 9, "peak_db": 11.5, "zone": "strait_other"}}, {"type": "Feature", "geometry": {"type": "Point", "coordinates": [103.58189, 1.26794]}, "properties": {"date": "202605", "npix": 6, "peak_db": 10.5, "zone": "western_opl"}}, {"type": "Feature", "geometry": {"type": "Point", "coordinates": [103.6475, 1.26817]}, "properties": {"date": "202605", "npix": 3, "peak_db": 2.5, "zone": "western_opl"}}, {"type": "Feature", "geometry": {"type": "Point", "coordinates": [104.23675, 1.26792]}, "properties": {"date": "202605", "npix": 4, "peak_db": 14.3, "zone": "strait_other"}}, {"type": "Feature", "geometry": {"type": "Point", "coordinates": [104.17417, 1.26683]}, "properties": {"date": "202605", "npix": 11, "peak_db": 11.9, "zone": "strait_other"}}, {"type": "Feature", "geometry": {"type": "Point", "coordinates": [103.97439, 1.26661]}, "properties": {"date": "202605", "npix": 3, "peak_db": 4.3, "zone": "port_core"}}, {"type": "Feature", "geometry": {"type": "Point", "coordinates": [103.6466, 1.26579]}, "properties": {"date": "202605", "npix": 7, "peak_db": 6.3, "zone": "western_opl"}}, {"type": "Feature", "geometry": {"type": "Point", "coordinates": [103.87561, 1.26639]}, "properties": {"date": "202605", "npix": 3, "peak_db": 17.2, "zone": "port_core"}}, {"type": "Feature", "geometry": {"type": "Point", "coordinates": [103.88328, 1.26639]}, "properties": {"date": "202605", "npix": 3, "peak_db": 26.9, "zone": "port_core"}}, {"type": "Feature", "geometry": {"type": "Point", "coordinates": [104.01517, 1.26617]}, "properties": {"date": "202605", "npix": 3, "peak_db": -5.5, "zone": "port_core"}}, {"type": "Feature", "geometry": {"type": "Point", "coordinates": [103.7755, 1.2655]}, "properties": {"date": "202605", "npix": 3, "peak_db": -0.8, "zone": "port_core"}}, {"type": "Feature", "geometry": {"type": "Point", "coordinates": [103.93233, 1.26567]}, "properties": {"date": "202605", "npix": 4, "peak_db": 14.4, "zone": "port_core"}}, {"type": "Feature", "geometry": {"type": "Point", "coordinates": [103.97283, 1.2655]}, "properties": {"date": "202605", "npix": 5, "peak_db": 13.0, "zone": "port_core"}}, {"type": "Feature", "geometry": {"type": "Point", "coordinates": [103.89094, 1.26539]}, "properties": {"date": "202605", "npix": 3, "peak_db": 15.5, "zone": "port_core"}}, {"type": "Feature", "geometry": {"type": "Point", "coordinates": [103.90372, 1.26461]}, "properties": {"date": "202605", "npix": 3, "peak_db": 13.4, "zone": "port_core"}}, {"type": "Feature", "geometry": {"type": "Point", "coordinates": [104.21513, 1.2643]}, "properties": {"date": "202605", "npix": 10, "peak_db": 25.8, "zone": "strait_other"}}, {"type": "Feature", "geometry": {"type": "Point", "coordinates": [103.89577, 1.2639]}, "properties": {"date": "202605", "npix": 5, "peak_db": 10.3, "zone": "port_core"}}, {"type": "Feature", "geometry": {"type": "Point", "coordinates": [103.94039, 1.26161]}, "properties": {"date": "202605", "npix": 3, "peak_db": 10.2, "zone": "port_core"}}, {"type": "Feature", "geometry": {"type": "Point", "coordinates": [103.65261, 1.26094]}, "properties": {"date": "202605", "npix": 3, "peak_db": -5.3, "zone": "western_opl"}}, {"type": "Feature", "geometry": {"type": "Point", "coordinates": [103.57017, 1.26067]}, "properties": {"date": "202605", "npix": 4, "peak_db": 16.6, "zone": "strait_other"}}, {"type": "Feature", "geometry": {"type": "Point", "coordinates": [103.687, 1.26067]}, "properties": {"date": "202605", "npix": 4, "peak_db": -6.3, "zone": "port_core"}}, {"type": "Feature", "geometry": {"type": "Point", "coordinates": [103.87244, 1.2605]}, "properties": {"date": "202605", "npix": 6, "peak_db": 12.4, "zone": "port_core"}}, {"type": "Feature", "geometry": {"type": "Point", "coordinates": [103.55344, 1.25956]}, "properties": {"date": "202605", "npix": 6, "peak_db": 17.1, "zone": "strait_other"}}, {"type": "Feature", "geometry": {"type": "Point", "coordinates": [103.64639, 1.25939]}, "properties": {"date": "202605", "npix": 3, "peak_db": -3.0, "zone": "western_opl"}}, {"type": "Feature", "geometry": {"type": "Point", "coordinates": [103.9532, 1.25894]}, "properties": {"date": "202605", "npix": 9, "peak_db": 15.9, "zone": "port_core"}}, {"type": "Feature", "geometry": {"type": "Point", "coordinates": [103.9804, 1.25781]}, "properties": {"date": "202605", "npix": 13, "peak_db": 18.8, "zone": "port_core"}}, {"type": "Feature", "geometry": {"type": "Point", "coordinates": [104.14077, 1.25837]}, "properties": {"date": "202605", "npix": 5, "peak_db": 6.1, "zone": "strait_other"}}, {"type": "Feature", "geometry": {"type": "Point", "coordinates": [103.76194, 1.25594]}, "properties": {"date": "202605", "npix": 3, "peak_db": 1.9, "zone": "port_core"}}, {"type": "Feature", "geometry": {"type": "Point", "coordinates": [103.87772, 1.25528]}, "properties": {"date": "202605", "npix": 3, "peak_db": 11.3, "zone": "port_core"}}, {"type": "Feature", "geometry": {"type": "Point", "coordinates": [104.16489, 1.25508]}, "properties": {"date": "202605", "npix": 11, "peak_db": 15.6, "zone": "strait_other"}}, {"type": "Feature", "geometry": {"type": "Point", "coordinates": [103.69077, 1.2532]}, "properties": {"date": "202605", "npix": 10, "peak_db": -4.7, "zone": "port_core"}}, {"type": "Feature", "geometry": {"type": "Point", "coordinates": [103.94777, 1.2537]}, "properties": {"date": "202605", "npix": 5, "peak_db": 14.9, "zone": "port_core"}}, {"type": "Feature", "geometry": {"type": "Point", "coordinates": [103.91328, 1.25272]}, "properties": {"date": "202605", "npix": 3, "peak_db": 27.7, "zone": "port_core"}}, {"type": "Feature", "geometry": {"type": "Point", "coordinates": [103.7743, 1.25163]}, "properties": {"date": "202605", "npix": 5, "peak_db": 4.7, "zone": "port_core"}}, {"type": "Feature", "geometry": {"type": "Point", "coordinates": [103.573, 1.25167]}, "properties": {"date": "202605", "npix": 4, "peak_db": 10.3, "zone": "strait_other"}}, {"type": "Feature", "geometry": {"type": "Point", "coordinates": [103.70639, 1.25172]}, "properties": {"date": "202605", "npix": 3, "peak_db": -7.4, "zone": "port_core"}}, {"type": "Feature", "geometry": {"type": "Point", "coordinates": [103.87233, 1.251]}, "properties": {"date": "202605", "npix": 4, "peak_db": 25.2, "zone": "port_core"}}, {"type": "Feature", "geometry": {"type": "Point", "coordinates": [103.93243, 1.2503]}, "properties": {"date": "202605", "npix": 5, "peak_db": 16.4, "zone": "port_core"}}, {"type": "Feature", "geometry": {"type": "Point", "coordinates": [103.9635, 1.24958]}, "properties": {"date": "202605", "npix": 8, "peak_db": 13.0, "zone": "port_core"}}, {"type": "Feature", "geometry": {"type": "Point", "coordinates": [104.1297, 1.24957]}, "properties": {"date": "202605", "npix": 5, "peak_db": 10.2, "zone": "strait_other"}}, {"type": "Feature", "geometry": {"type": "Point", "coordinates": [103.90128, 1.24906]}, "properties": {"date": "202605", "npix": 3, "peak_db": 13.0, "zone": "port_core"}}, {"type": "Feature", "geometry": {"type": "Point", "coordinates": [103.91283, 1.24817]}, "properties": {"date": "202605", "npix": 5, "peak_db": 22.1, "zone": "port_core"}}, {"type": "Feature", "geometry": {"type": "Point", "coordinates": [103.7953, 1.2469]}, "properties": {"date": "202605", "npix": 5, "peak_db": 9.5, "zone": "port_core"}}, {"type": "Feature", "geometry": {"type": "Point", "coordinates": [103.69487, 1.2454]}, "properties": {"date": "202605", "npix": 10, "peak_db": 4.4, "zone": "port_core"}}, {"type": "Feature", "geometry": {"type": "Point", "coordinates": [103.88178, 1.24539]}, "properties": {"date": "202605", "npix": 6, "peak_db": 24.5, "zone": "port_core"}}, {"type": "Feature", "geometry": {"type": "Point", "coordinates": [103.87506, 1.24506]}, "properties": {"date": "202605", "npix": 3, "peak_db": 11.3, "zone": "port_core"}}, {"type": "Feature", "geometry": {"type": "Point", "coordinates": [103.80226, 1.24426]}, "properties": {"date": "202605", "npix": 7, "peak_db": 23.2, "zone": "port_core"}}, {"type": "Feature", "geometry": {"type": "Point", "coordinates": [103.94158, 1.24417]}, "properties": {"date": "202605", "npix": 8, "peak_db": 13.0, "zone": "port_core"}}, {"type": "Feature", "geometry": {"type": "Point", "coordinates": [103.89423, 1.24397]}, "properties": {"date": "202605", "npix": 5, "peak_db": 23.3, "zone": "port_core"}}, {"type": "Feature", "geometry": {"type": "Point", "coordinates": [103.56578, 1.24344]}, "properties": {"date": "202605", "npix": 6, "peak_db": 19.1, "zone": "strait_other"}}, {"type": "Feature", "geometry": {"type": "Point", "coordinates": [103.89175, 1.24258]}, "properties": {"date": "202605", "npix": 4, "peak_db": 26.3, "zone": "port_core"}}, {"type": "Feature", "geometry": {"type": "Point", "coordinates": [103.94772, 1.24244]}, "properties": {"date": "202605", "npix": 6, "peak_db": 15.0, "zone": "port_core"}}, {"type": "Feature", "geometry": {"type": "Point", "coordinates": [103.55225, 1.24175]}, "properties": {"date": "202605", "npix": 8, "peak_db": 13.1, "zone": "strait_other"}}, {"type": "Feature", "geometry": {"type": "Point", "coordinates": [103.84994, 1.24094]}, "properties": {"date": "202605", "npix": 3, "peak_db": -5.9, "zone": "port_core"}}, {"type": "Feature", "geometry": {"type": "Point", "coordinates": [103.90725, 1.2405]}, "properties": {"date": "202605", "npix": 4, "peak_db": 16.7, "zone": "port_core"}}, {"type": "Feature", "geometry": {"type": "Point", "coordinates": [103.92279, 1.23855]}, "properties": {"date": "202605", "npix": 7, "peak_db": 15.4, "zone": "port_core"}}, {"type": "Feature", "geometry": {"type": "Point", "coordinates": [103.72817, 1.23817]}, "properties": {"date": "202605", "npix": 3, "peak_db": 2.5, "zone": "port_core"}}, {"type": "Feature", "geometry": {"type": "Point", "coordinates": [103.72425, 1.2375]}, "properties": {"date": "202605", "npix": 8, "peak_db": 14.8, "zone": "port_core"}}, {"type": "Feature", "geometry": {"type": "Point", "coordinates": [103.6465, 1.23717]}, "properties": {"date": "202605", "npix": 3, "peak_db": -4.7, "zone": "western_opl"}}, {"type": "Feature", "geometry": {"type": "Point", "coordinates": [103.92986, 1.23694]}, "properties": {"date": "202605", "npix": 12, "peak_db": 17.7, "zone": "port_core"}}, {"type": "Feature", "geometry": {"type": "Point", "coordinates": [103.88037, 1.23643]}, "properties": {"date": "202605", "npix": 5, "peak_db": 17.8, "zone": "port_core"}}, {"type": "Feature", "geometry": {"type": "Point", "coordinates": [103.95885, 1.23523]}, "properties": {"date": "202605", "npix": 21, "peak_db": 22.9, "zone": "port_core"}}, {"type": "Feature", "geometry": {"type": "Point", "coordinates": [103.60617, 1.23517]}, "properties": {"date": "202605", "npix": 3, "peak_db": -4.3, "zone": "western_opl"}}, {"type": "Feature", "geometry": {"type": "Point", "coordinates": [103.61933, 1.23517]}, "properties": {"date": "202605", "npix": 4, "peak_db": -7.8, "zone": "western_opl"}}, {"type": "Feature", "geometry": {"type": "Point", "coordinates": [103.80003, 1.2353]}, "properties": {"date": "202605", "npix": 5, "peak_db": 21.6, "zone": "port_core"}}, {"type": "Feature", "geometry": {"type": "Point", "coordinates": [103.60361, 1.23461]}, "properties": {"date": "202605", "npix": 3, "peak_db": 3.9, "zone": "western_opl"}}, {"type": "Feature", "geometry": {"type": "Point", "coordinates": [103.5635, 1.2335]}, "properties": {"date": "202605", "npix": 3, "peak_db": 14.0, "zone": "strait_other"}}, {"type": "Feature", "geometry": {"type": "Point", "coordinates": [103.5725, 1.23217]}, "properties": {"date": "202605", "npix": 5, "peak_db": 21.5, "zone": "strait_other"}}, {"type": "Feature", "geometry": {"type": "Point", "coordinates": [104.03994, 1.23228]}, "properties": {"date": "202605", "npix": 3, "peak_db": 4.0, "zone": "eastern_opl"}}, {"type": "Feature", "geometry": {"type": "Point", "coordinates": [103.99367, 1.2315]}, "properties": {"date": "202605", "npix": 18, "peak_db": 18.2, "zone": "port_core"}}, {"type": "Feature", "geometry": {"type": "Point", "coordinates": [103.81317, 1.23157]}, "properties": {"date": "202605", "npix": 5, "peak_db": 27.8, "zone": "port_core"}}, {"type": "Feature", "geometry": {"type": "Point", "coordinates": [104.03775, 1.23175]}, "properties": {"date": "202605", "npix": 4, "peak_db": 3.7, "zone": "eastern_opl"}}, {"type": "Feature", "geometry": {"type": "Point", "coordinates": [103.8425, 1.23083]}, "properties": {"date": "202605", "npix": 3, "peak_db": 1.1, "zone": "port_core"}}, {"type": "Feature", "geometry": {"type": "Point", "coordinates": [103.86183, 1.2295]}, "properties": {"date": "202605", "npix": 3, "peak_db": 6.2, "zone": "port_core"}}, {"type": "Feature", "geometry": {"type": "Point", "coordinates": [103.68672, 1.22828]}, "properties": {"date": "202605", "npix": 3, "peak_db": 9.7, "zone": "port_core"}}, {"type": "Feature", "geometry": {"type": "Point", "coordinates": [103.79867, 1.22683]}, "properties": {"date": "202605", "npix": 6, "peak_db": 22.4, "zone": "port_core"}}, {"type": "Feature", "geometry": {"type": "Point", "coordinates": [103.81439, 1.22661]}, "properties": {"date": "202605", "npix": 3, "peak_db": 21.5, "zone": "port_core"}}, {"type": "Feature", "geometry": {"type": "Point", "coordinates": [103.89817, 1.22517]}, "properties": {"date": "202605", "npix": 3, "peak_db": -4.8, "zone": "port_core"}}, {"type": "Feature", "geometry": {"type": "Point", "coordinates": [103.63343, 1.2247]}, "properties": {"date": "202605", "npix": 5, "peak_db": 5.7, "zone": "western_opl"}}, {"type": "Feature", "geometry": {"type": "Point", "coordinates": [103.71561, 1.22428]}, "properties": {"date": "202605", "npix": 3, "peak_db": 8.3, "zone": "port_core"}}, {"type": "Feature", "geometry": {"type": "Point", "coordinates": [103.55897, 1.22377]}, "properties": {"date": "202605", "npix": 5, "peak_db": 11.9, "zone": "strait_other"}}, {"type": "Feature", "geometry": {"type": "Point", "coordinates": [103.56975, 1.22244]}, "properties": {"date": "202605", "npix": 12, "peak_db": 14.0, "zone": "strait_other"}}, {"type": "Feature", "geometry": {"type": "Point", "coordinates": [103.80225, 1.22275]}, "properties": {"date": "202605", "npix": 4, "peak_db": 12.9, "zone": "port_core"}}, {"type": "Feature", "geometry": {"type": "Point", "coordinates": [103.73117, 1.2225]}, "properties": {"date": "202605", "npix": 3, "peak_db": 6.2, "zone": "port_core"}}, {"type": "Feature", "geometry": {"type": "Point", "coordinates": [103.64517, 1.22117]}, "properties": {"date": "202605", "npix": 9, "peak_db": 6.4, "zone": "western_opl"}}, {"type": "Feature", "geometry": {"type": "Point", "coordinates": [103.64957, 1.22124]}, "properties": {"date": "202605", "npix": 9, "peak_db": 9.2, "zone": "western_opl"}}, {"type": "Feature", "geometry": {"type": "Point", "coordinates": [103.71028, 1.22161]}, "properties": {"date": "202605", "npix": 6, "peak_db": 5.4, "zone": "port_core"}}, {"type": "Feature", "geometry": {"type": "Point", "coordinates": [103.71628, 1.22106]}, "properties": {"date": "202605", "npix": 3, "peak_db": 7.4, "zone": "port_core"}}, {"type": "Feature", "geometry": {"type": "Point", "coordinates": [103.72283, 1.2205]}, "properties": {"date": "202605", "npix": 3, "peak_db": 8.0, "zone": "port_core"}}, {"type": "Feature", "geometry": {"type": "Point", "coordinates": [103.68805, 1.2188]}, "properties": {"date": "202605", "npix": 23, "peak_db": 19.6, "zone": "port_core"}}, {"type": "Feature", "geometry": {"type": "Point", "coordinates": [103.72867, 1.21967]}, "properties": {"date": "202605", "npix": 4, "peak_db": 11.4, "zone": "port_core"}}, {"type": "Feature", "geometry": {"type": "Point", "coordinates": [103.74183, 1.21921]}, "properties": {"date": "202605", "npix": 8, "peak_db": 8.7, "zone": "port_core"}}, {"type": "Feature", "geometry": {"type": "Point", "coordinates": [103.73383, 1.21667]}, "properties": {"date": "202605", "npix": 4, "peak_db": 5.9, "zone": "port_core"}}, {"type": "Feature", "geometry": {"type": "Point", "coordinates": [103.91743, 1.21537]}, "properties": {"date": "202605", "npix": 5, "peak_db": 9.8, "zone": "port_core"}}, {"type": "Feature", "geometry": {"type": "Point", "coordinates": [103.8095, 1.21517]}, "properties": {"date": "202605", "npix": 5, "peak_db": 16.8, "zone": "port_core"}}, {"type": "Feature", "geometry": {"type": "Point", "coordinates": [103.81544, 1.21494]}, "properties": {"date": "202605", "npix": 6, "peak_db": 12.0, "zone": "port_core"}}, {"type": "Feature", "geometry": {"type": "Point", "coordinates": [103.55917, 1.2145]}, "properties": {"date": "202605", "npix": 9, "peak_db": 17.1, "zone": "strait_other"}}, {"type": "Feature", "geometry": {"type": "Point", "coordinates": [103.95083, 1.21333]}, "properties": {"date": "202605", "npix": 4, "peak_db": 0.1, "zone": "port_core"}}, {"type": "Feature", "geometry": {"type": "Point", "coordinates": [103.89183, 1.2115]}, "properties": {"date": "202605", "npix": 3, "peak_db": -6.9, "zone": "port_core"}}, {"type": "Feature", "geometry": {"type": "Point", "coordinates": [103.97728, 1.21072]}, "properties": {"date": "202605", "npix": 9, "peak_db": 10.4, "zone": "port_core"}}, {"type": "Feature", "geometry": {"type": "Point", "coordinates": [103.5535, 1.21017]}, "properties": {"date": "202605", "npix": 3, "peak_db": 8.4, "zone": "strait_other"}}, {"type": "Feature", "geometry": {"type": "Point", "coordinates": [103.55439, 1.20994]}, "properties": {"date": "202605", "npix": 3, "peak_db": 12.1, "zone": "strait_other"}}, {"type": "Feature", "geometry": {"type": "Point", "coordinates": [103.62045, 1.2094]}, "properties": {"date": "202605", "npix": 7, "peak_db": 8.8, "zone": "western_opl"}}, {"type": "Feature", "geometry": {"type": "Point", "coordinates": [104.00633, 1.2095]}, "properties": {"date": "202605", "npix": 4, "peak_db": -1.2, "zone": "port_core"}}, {"type": "Feature", "geometry": {"type": "Point", "coordinates": [103.85728, 1.20939]}, "properties": {"date": "202605", "npix": 3, "peak_db": 7.1, "zone": "port_core"}}, {"type": "Feature", "geometry": {"type": "Point", "coordinates": [104.03239, 1.20894]}, "properties": {"date": "202605", "npix": 3, "peak_db": 6.8, "zone": "eastern_opl"}}, {"type": "Feature", "geometry": {"type": "Point", "coordinates": [103.63, 1.20817]}, "properties": {"date": "202605", "npix": 4, "peak_db": 8.1, "zone": "western_opl"}}, {"type": "Feature", "geometry": {"type": "Point", "coordinates": [103.62828, 1.20772]}, "properties": {"date": "202605", "npix": 3, "peak_db": -2.2, "zone": "western_opl"}}, {"type": "Feature", "geometry": {"type": "Point", "coordinates": [103.95042, 1.20525]}, "properties": {"date": "202605", "npix": 4, "peak_db": -0.3, "zone": "port_core"}}, {"type": "Feature", "geometry": {"type": "Point", "coordinates": [103.86094, 1.20465]}, "properties": {"date": "202605", "npix": 9, "peak_db": 11.9, "zone": "port_core"}}, {"type": "Feature", "geometry": {"type": "Point", "coordinates": [103.67039, 1.20106]}, "properties": {"date": "202605", "npix": 3, "peak_db": 7.4, "zone": "western_opl"}}, {"type": "Feature", "geometry": {"type": "Point", "coordinates": [103.73603, 1.20097]}, "properties": {"date": "202605", "npix": 5, "peak_db": 9.7, "zone": "port_core"}}, {"type": "Feature", "geometry": {"type": "Point", "coordinates": [103.67398, 1.20036]}, "properties": {"date": "202605", "npix": 7, "peak_db": 16.7, "zone": "western_opl"}}, {"type": "Feature", "geometry": {"type": "Point", "coordinates": [103.67783, 1.20056]}, "properties": {"date": "202605", "npix": 6, "peak_db": 11.3, "zone": "western_opl"}}, {"type": "Feature", "geometry": {"type": "Point", "coordinates": [103.89994, 1.19972]}, "properties": {"date": "202605", "npix": 6, "peak_db": 5.9, "zone": "strait_other"}}, {"type": "Feature", "geometry": {"type": "Point", "coordinates": [103.63577, 1.19937]}, "properties": {"date": "202605", "npix": 5, "peak_db": 2.9, "zone": "western_opl"}}, {"type": "Feature", "geometry": {"type": "Point", "coordinates": [103.66572, 1.1988]}, "properties": {"date": "202605", "npix": 9, "peak_db": 19.3, "zone": "western_opl"}}, {"type": "Feature", "geometry": {"type": "Point", "coordinates": [103.5907, 1.1989]}, "properties": {"date": "202605", "npix": 5, "peak_db": 7.3, "zone": "western_opl"}}, {"type": "Feature", "geometry": {"type": "Point", "coordinates": [103.94856, 1.19883]}, "properties": {"date": "202605", "npix": 6, "peak_db": 8.7, "zone": "strait_other"}}, {"type": "Feature", "geometry": {"type": "Point", "coordinates": [103.68858, 1.197]}, "properties": {"date": "202605", "npix": 8, "peak_db": 16.7, "zone": "western_opl"}}, {"type": "Feature", "geometry": {"type": "Point", "coordinates": [103.74539, 1.19728]}, "properties": {"date": "202605", "npix": 3, "peak_db": 13.6, "zone": "western_opl"}}, {"type": "Feature", "geometry": {"type": "Point", "coordinates": [103.74983, 1.19683]}, "properties": {"date": "202605", "npix": 3, "peak_db": 12.7, "zone": "western_opl"}}, {"type": "Feature", "geometry": {"type": "Point", "coordinates": [103.8035, 1.195]}, "properties": {"date": "202605", "npix": 6, "peak_db": 2.3, "zone": "strait_other"}}, {"type": "Feature", "geometry": {"type": "Point", "coordinates": [103.61905, 1.19243]}, "properties": {"date": "202605", "npix": 14, "peak_db": 21.0, "zone": "western_opl"}}, {"type": "Feature", "geometry": {"type": "Point", "coordinates": [103.682, 1.19167]}, "properties": {"date": "202605", "npix": 4, "peak_db": 13.3, "zone": "western_opl"}}, {"type": "Feature", "geometry": {"type": "Point", "coordinates": [103.82617, 1.19167]}, "properties": {"date": "202605", "npix": 4, "peak_db": 3.0, "zone": "strait_other"}}, {"type": "Feature", "geometry": {"type": "Point", "coordinates": [103.9889, 1.1915]}, "properties": {"date": "202605", "npix": 5, "peak_db": 9.0, "zone": "strait_other"}}, {"type": "Feature", "geometry": {"type": "Point", "coordinates": [103.96407, 1.18953]}, "properties": {"date": "202605", "npix": 10, "peak_db": 12.5, "zone": "strait_other"}}, {"type": "Feature", "geometry": {"type": "Point", "coordinates": [103.68817, 1.189]}, "properties": {"date": "202605", "npix": 6, "peak_db": 18.4, "zone": "western_opl"}}, {"type": "Feature", "geometry": {"type": "Point", "coordinates": [103.95317, 1.18888]}, "properties": {"date": "202605", "npix": 7, "peak_db": 10.6, "zone": "strait_other"}}, {"type": "Feature", "geometry": {"type": "Point", "coordinates": [103.77243, 1.18617]}, "properties": {"date": "202605", "npix": 5, "peak_db": 14.1, "zone": "western_opl"}}, {"type": "Feature", "geometry": {"type": "Point", "coordinates": [103.69724, 1.18539]}, "properties": {"date": "202605", "npix": 9, "peak_db": 16.0, "zone": "western_opl"}}, {"type": "Feature", "geometry": {"type": "Point", "coordinates": [103.86961, 1.18472]}, "properties": {"date": "202605", "npix": 3, "peak_db": 0.5, "zone": "strait_other"}}, {"type": "Feature", "geometry": {"type": "Point", "coordinates": [103.9702, 1.18374]}, "properties": {"date": "202605", "npix": 11, "peak_db": 19.0, "zone": "strait_other"}}, {"type": "Feature", "geometry": {"type": "Point", "coordinates": [103.75394, 1.18372]}, "properties": {"date": "202605", "npix": 3, "peak_db": 11.7, "zone": "western_opl"}}, {"type": "Feature", "geometry": {"type": "Point", "coordinates": [103.55636, 1.18226]}, "properties": {"date": "202605", "npix": 7, "peak_db": 8.7, "zone": "strait_other"}}, {"type": "Feature", "geometry": {"type": "Point", "coordinates": [103.77497, 1.182]}, "properties": {"date": "202605", "npix": 10, "peak_db": 9.4, "zone": "western_opl"}}, {"type": "Feature", "geometry": {"type": "Point", "coordinates": [103.74794, 1.18106]}, "properties": {"date": "202605", "npix": 3, "peak_db": 15.4, "zone": "western_opl"}}, {"type": "Feature", "geometry": {"type": "Point", "coordinates": [103.80761, 1.18061]}, "properties": {"date": "202605", "npix": 3, "peak_db": 2.7, "zone": "strait_other"}}, {"type": "Feature", "geometry": {"type": "Point", "coordinates": [103.70244, 1.17961]}, "properties": {"date": "202605", "npix": 6, "peak_db": 17.2, "zone": "western_opl"}}, {"type": "Feature", "geometry": {"type": "Point", "coordinates": [103.85473, 1.17937]}, "properties": {"date": "202605", "npix": 10, "peak_db": 14.3, "zone": "strait_other"}}, {"type": "Feature", "geometry": {"type": "Point", "coordinates": [103.94746, 1.17939]}, "properties": {"date": "202605", "npix": 9, "peak_db": 8.7, "zone": "strait_other"}}, {"type": "Feature", "geometry": {"type": "Point", "coordinates": [103.98197, 1.17923]}, "properties": {"date": "202605", "npix": 10, "peak_db": 15.6, "zone": "strait_other"}}, {"type": "Feature", "geometry": {"type": "Point", "coordinates": [103.79441, 1.17844]}, "properties": {"date": "202605", "npix": 11, "peak_db": 14.2, "zone": "strait_other"}}, {"type": "Feature", "geometry": {"type": "Point", "coordinates": [103.69243, 1.1778]}, "properties": {"date": "202605", "npix": 9, "peak_db": 20.1, "zone": "western_opl"}}, {"type": "Feature", "geometry": {"type": "Point", "coordinates": [103.6729, 1.17803]}, "properties": {"date": "202605", "npix": 5, "peak_db": 3.6, "zone": "western_opl"}}, {"type": "Feature", "geometry": {"type": "Point", "coordinates": [103.7623, 1.1777]}, "properties": {"date": "202605", "npix": 5, "peak_db": 18.0, "zone": "western_opl"}}, {"type": "Feature", "geometry": {"type": "Point", "coordinates": [103.96643, 1.17757]}, "properties": {"date": "202605", "npix": 5, "peak_db": 7.7, "zone": "strait_other"}}, {"type": "Feature", "geometry": {"type": "Point", "coordinates": [103.93772, 1.17706]}, "properties": {"date": "202605", "npix": 3, "peak_db": 4.9, "zone": "strait_other"}}, {"type": "Feature", "geometry": {"type": "Point", "coordinates": [103.93623, 1.17641]}, "properties": {"date": "202605", "npix": 11, "peak_db": 17.5, "zone": "strait_other"}}, {"type": "Feature", "geometry": {"type": "Point", "coordinates": [103.70508, 1.17642]}, "properties": {"date": "202605", "npix": 4, "peak_db": 18.6, "zone": "western_opl"}}, {"type": "Feature", "geometry": {"type": "Point", "coordinates": [103.95622, 1.17414]}, "properties": {"date": "202605", "npix": 12, "peak_db": 7.6, "zone": "strait_other"}}, {"type": "Feature", "geometry": {"type": "Point", "coordinates": [103.92717, 1.17417]}, "properties": {"date": "202605", "npix": 3, "peak_db": 6.6, "zone": "strait_other"}}, {"type": "Feature", "geometry": {"type": "Point", "coordinates": [103.92628, 1.17372]}, "properties": {"date": "202605", "npix": 3, "peak_db": 11.9, "zone": "strait_other"}}, {"type": "Feature", "geometry": {"type": "Point", "coordinates": [103.71511, 1.17339]}, "properties": {"date": "202605", "npix": 6, "peak_db": 8.4, "zone": "western_opl"}}, {"type": "Feature", "geometry": {"type": "Point", "coordinates": [103.97072, 1.17261]}, "properties": {"date": "202605", "npix": 6, "peak_db": 5.7, "zone": "strait_other"}}, {"type": "Feature", "geometry": {"type": "Point", "coordinates": [103.98894, 1.17239]}, "properties": {"date": "202605", "npix": 3, "peak_db": 10.8, "zone": "strait_other"}}, {"type": "Feature", "geometry": {"type": "Point", "coordinates": [103.75294, 1.17139]}, "properties": {"date": "202605", "npix": 3, "peak_db": 22.8, "zone": "western_opl"}}, {"type": "Feature", "geometry": {"type": "Point", "coordinates": [103.7715, 1.17123]}, "properties": {"date": "202605", "npix": 5, "peak_db": 16.1, "zone": "western_opl"}}, {"type": "Feature", "geometry": {"type": "Point", "coordinates": [103.70317, 1.169]}, "properties": {"date": "202605", "npix": 8, "peak_db": 22.0, "zone": "western_opl"}}, {"type": "Feature", "geometry": {"type": "Point", "coordinates": [103.9305, 1.169]}, "properties": {"date": "202605", "npix": 10, "peak_db": 18.8, "zone": "strait_other"}}, {"type": "Feature", "geometry": {"type": "Point", "coordinates": [103.82828, 1.16861]}, "properties": {"date": "202605", "npix": 6, "peak_db": 17.9, "zone": "strait_other"}}, {"type": "Feature", "geometry": {"type": "Point", "coordinates": [103.63455, 1.1654]}, "properties": {"date": "202605", "npix": 13, "peak_db": 15.9, "zone": "western_opl"}}, {"type": "Feature", "geometry": {"type": "Point", "coordinates": [103.71464, 1.16506]}, "properties": {"date": "202605", "npix": 12, "peak_db": 16.8, "zone": "western_opl"}}, {"type": "Feature", "geometry": {"type": "Point", "coordinates": [103.75545, 1.16436]}, "properties": {"date": "202605", "npix": 7, "peak_db": 22.0, "zone": "western_opl"}}, {"type": "Feature", "geometry": {"type": "Point", "coordinates": [103.73443, 1.16377]}, "properties": {"date": "202605", "npix": 5, "peak_db": 3.0, "zone": "western_opl"}}, {"type": "Feature", "geometry": {"type": "Point", "coordinates": [103.72221, 1.16358]}, "properties": {"date": "202605", "npix": 8, "peak_db": 17.5, "zone": "western_opl"}}, {"type": "Feature", "geometry": {"type": "Point", "coordinates": [103.9283, 1.16337]}, "properties": {"date": "202605", "npix": 5, "peak_db": 8.9, "zone": "strait_other"}}, {"type": "Feature", "geometry": {"type": "Point", "coordinates": [103.94891, 1.16231]}, "properties": {"date": "202605", "npix": 9, "peak_db": 14.4, "zone": "strait_other"}}, {"type": "Feature", "geometry": {"type": "Point", "coordinates": [103.95755, 1.1624]}, "properties": {"date": "202605", "npix": 7, "peak_db": 14.6, "zone": "strait_other"}}, {"type": "Feature", "geometry": {"type": "Point", "coordinates": [103.97794, 1.16161]}, "properties": {"date": "202605", "npix": 3, "peak_db": 7.8, "zone": "strait_other"}}, {"type": "Feature", "geometry": {"type": "Point", "coordinates": [103.76742, 1.16042]}, "properties": {"date": "202605", "npix": 4, "peak_db": 22.0, "zone": "western_opl"}}, {"type": "Feature", "geometry": {"type": "Point", "coordinates": [103.60295, 1.15941]}, "properties": {"date": "202605", "npix": 11, "peak_db": 10.5, "zone": "western_opl"}}, {"type": "Feature", "geometry": {"type": "Point", "coordinates": [103.97672, 1.15961]}, "properties": {"date": "202605", "npix": 3, "peak_db": 3.3, "zone": "strait_other"}}, {"type": "Feature", "geometry": {"type": "Point", "coordinates": [103.979, 1.15867]}, "properties": {"date": "202605", "npix": 4, "peak_db": 0.7, "zone": "strait_other"}}, {"type": "Feature", "geometry": {"type": "Point", "coordinates": [103.953, 1.15767]}, "properties": {"date": "202605", "npix": 8, "peak_db": 15.8, "zone": "strait_other"}}, {"type": "Feature", "geometry": {"type": "Point", "coordinates": [103.93672, 1.15494]}, "properties": {"date": "202605", "npix": 3, "peak_db": 4.5, "zone": "strait_other"}}, {"type": "Feature", "geometry": {"type": "Point", "coordinates": [103.94092, 1.15492]}, "properties": {"date": "202605", "npix": 4, "peak_db": 18.7, "zone": "strait_other"}}, {"type": "Feature", "geometry": {"type": "Point", "coordinates": [103.98392, 1.15458]}, "properties": {"date": "202605", "npix": 4, "peak_db": 7.7, "zone": "strait_other"}}, {"type": "Feature", "geometry": {"type": "Point", "coordinates": [103.93117, 1.15433]}, "properties": {"date": "202605", "npix": 4, "peak_db": 4.3, "zone": "strait_other"}}, {"type": "Feature", "geometry": {"type": "Point", "coordinates": [103.73117, 1.14783]}, "properties": {"date": "202605", "npix": 5, "peak_db": 3.4, "zone": "western_opl"}}, {"type": "Feature", "geometry": {"type": "Point", "coordinates": [104.16933, 1.1475]}, "properties": {"date": "202605", "npix": 4, "peak_db": -0.7, "zone": "eastern_opl"}}, {"type": "Feature", "geometry": {"type": "Point", "coordinates": [103.77928, 1.14272]}, "properties": {"date": "202605", "npix": 3, "peak_db": 12.4, "zone": "western_opl"}}, {"type": "Feature", "geometry": {"type": "Point", "coordinates": [103.90894, 1.14194]}, "properties": {"date": "202605", "npix": 3, "peak_db": -0.0, "zone": "strait_other"}}, {"type": "Feature", "geometry": {"type": "Point", "coordinates": [103.91828, 1.13328]}, "properties": {"date": "202605", "npix": 3, "peak_db": 1.7, "zone": "strait_other"}}, {"type": "Feature", "geometry": {"type": "Point", "coordinates": [104.18683, 1.12983]}, "properties": {"date": "202605", "npix": 3, "peak_db": 8.0, "zone": "eastern_opl"}}, {"type": "Feature", "geometry": {"type": "Point", "coordinates": [104.16167, 1.12683]}, "properties": {"date": "202605", "npix": 4, "peak_db": 7.6, "zone": "eastern_opl"}}, {"type": "Feature", "geometry": {"type": "Point", "coordinates": [103.75983, 1.12303]}, "properties": {"date": "202605", "npix": 10, "peak_db": 14.8, "zone": "western_opl"}}, {"type": "Feature", "geometry": {"type": "Point", "coordinates": [103.89928, 1.12272]}, "properties": {"date": "202605", "npix": 3, "peak_db": 7.6, "zone": "strait_other"}}, {"type": "Feature", "geometry": {"type": "Point", "coordinates": [103.89874, 1.12183]}, "properties": {"date": "202605", "npix": 7, "peak_db": 21.7, "zone": "strait_other"}}, {"type": "Feature", "geometry": {"type": "Point", "coordinates": [104.18783, 1.12133]}, "properties": {"date": "202605", "npix": 4, "peak_db": 3.0, "zone": "eastern_opl"}}, {"type": "Feature", "geometry": {"type": "Point", "coordinates": [104.17731, 1.11909]}, "properties": {"date": "202605", "npix": 9, "peak_db": 11.6, "zone": "eastern_opl"}}, {"type": "Feature", "geometry": {"type": "Point", "coordinates": [104.18911, 1.11528]}, "properties": {"date": "202605", "npix": 6, "peak_db": 20.0, "zone": "eastern_opl"}}, {"type": "Feature", "geometry": {"type": "Point", "coordinates": [103.5759, 1.11364]}, "properties": {"date": "202605", "npix": 19, "peak_db": 22.4, "zone": "strait_other"}}, {"type": "Feature", "geometry": {"type": "Point", "coordinates": [103.74434, 1.11391]}, "properties": {"date": "202605", "npix": 17, "peak_db": 25.1, "zone": "western_opl"}}, {"type": "Feature", "geometry": {"type": "Point", "coordinates": [104.15723, 1.1147]}, "properties": {"date": "202605", "npix": 5, "peak_db": 10.7, "zone": "eastern_opl"}}, {"type": "Feature", "geometry": {"type": "Point", "coordinates": [104.15693, 1.10602]}, "properties": {"date": "202605", "npix": 7, "peak_db": 7.2, "zone": "eastern_opl"}}, {"type": "Feature", "geometry": {"type": "Point", "coordinates": [104.1835, 1.10557]}, "properties": {"date": "202605", "npix": 5, "peak_db": 15.1, "zone": "eastern_opl"}}, {"type": "Feature", "geometry": {"type": "Point", "coordinates": [103.60594, 1.10528]}, "properties": {"date": "202605", "npix": 3, "peak_db": 1.6, "zone": "western_opl"}}, {"type": "Feature", "geometry": {"type": "Point", "coordinates": [104.18425, 1.10483]}, "properties": {"date": "202605", "npix": 4, "peak_db": 4.5, "zone": "eastern_opl"}}, {"type": "Feature", "geometry": {"type": "Point", "coordinates": [104.16575, 1.10125]}, "properties": {"date": "202605", "npix": 4, "peak_db": 8.2, "zone": "eastern_opl"}}, {"type": "Feature", "geometry": {"type": "Point", "coordinates": [103.74243, 1.0999]}, "properties": {"date": "202605", "npix": 5, "peak_db": 10.4, "zone": "strait_other"}}, {"type": "Feature", "geometry": {"type": "Point", "coordinates": [103.92483, 1.09575]}, "properties": {"date": "202605", "npix": 4, "peak_db": 1.4, "zone": "strait_other"}}, {"type": "Feature", "geometry": {"type": "Point", "coordinates": [104.17483, 1.09483]}, "properties": {"date": "202605", "npix": 3, "peak_db": 9.4, "zone": "eastern_opl"}}, {"type": "Feature", "geometry": {"type": "Point", "coordinates": [103.92408, 1.09442]}, "properties": {"date": "202605", "npix": 4, "peak_db": 9.9, "zone": "strait_other"}}, {"type": "Feature", "geometry": {"type": "Point", "coordinates": [104.18854, 1.09296]}, "properties": {"date": "202605", "npix": 8, "peak_db": 8.8, "zone": "eastern_opl"}}, {"type": "Feature", "geometry": {"type": "Point", "coordinates": [104.14637, 1.08977]}, "properties": {"date": "202605", "npix": 5, "peak_db": 6.8, "zone": "eastern_opl"}}, {"type": "Feature", "geometry": {"type": "Point", "coordinates": [104.18106, 1.08994]}, "properties": {"date": "202605", "npix": 3, "peak_db": 7.3, "zone": "eastern_opl"}}, {"type": "Feature", "geometry": {"type": "Point", "coordinates": [104.14906, 1.08972]}, "properties": {"date": "202605", "npix": 3, "peak_db": 5.3, "zone": "eastern_opl"}}, {"type": "Feature", "geometry": {"type": "Point", "coordinates": [104.18172, 1.08939]}, "properties": {"date": "202605", "npix": 3, "peak_db": 4.5, "zone": "eastern_opl"}}, {"type": "Feature", "geometry": {"type": "Point", "coordinates": [104.07694, 1.07772]}, "properties": {"date": "202605", "npix": 3, "peak_db": -3.0, "zone": "strait_other"}}, {"type": "Feature", "geometry": {"type": "Point", "coordinates": [104.07174, 1.07226]}, "properties": {"date": "202605", "npix": 7, "peak_db": -5.6, "zone": "strait_other"}}, {"type": "Feature", "geometry": {"type": "Point", "coordinates": [103.90133, 1.0655]}, "properties": {"date": "202605", "npix": 8, "peak_db": 8.2, "zone": "strait_other"}}, {"type": "Feature", "geometry": {"type": "Point", "coordinates": [104.06167, 1.06422]}, "properties": {"date": "202605", "npix": 6, "peak_db": -6.0, "zone": "strait_other"}}, {"type": "Feature", "geometry": {"type": "Point", "coordinates": [104.18193, 1.06145]}, "properties": {"date": "202605", "npix": 7, "peak_db": 20.5, "zone": "strait_other"}}, {"type": "Feature", "geometry": {"type": "Point", "coordinates": [104.1845, 1.0575]}, "properties": {"date": "202605", "npix": 3, "peak_db": 16.6, "zone": "strait_other"}}, {"type": "Feature", "geometry": {"type": "Point", "coordinates": [103.68269, 1.05539]}, "properties": {"date": "202605", "npix": 9, "peak_db": 15.9, "zone": "strait_other"}}, {"type": "Feature", "geometry": {"type": "Point", "coordinates": [104.19033, 1.05533]}, "properties": {"date": "202605", "npix": 4, "peak_db": 14.0, "zone": "strait_other"}}, {"type": "Feature", "geometry": {"type": "Point", "coordinates": [104.15083, 1.051]}, "properties": {"date": "202605", "npix": 4, "peak_db": 3.3, "zone": "strait_other"}}, {"type": "Feature", "geometry": {"type": "Point", "coordinates": [104.1907, 1.05057]}, "properties": {"date": "202605", "npix": 5, "peak_db": 12.6, "zone": "strait_other"}}, {"type": "Feature", "geometry": {"type": "Point", "coordinates": [104.028, 1.52633]}, "properties": {"date": "202606", "npix": 6, "peak_db": 7.9, "zone": "strait_other"}}, {"type": "Feature", "geometry": {"type": "Point", "coordinates": [104.00928, 1.51261]}, "properties": {"date": "202606", "npix": 3, "peak_db": 6.7, "zone": "strait_other"}}, {"type": "Feature", "geometry": {"type": "Point", "coordinates": [104.02433, 1.511]}, "properties": {"date": "202606", "npix": 12, "peak_db": 16.5, "zone": "strait_other"}}, {"type": "Feature", "geometry": {"type": "Point", "coordinates": [103.78894, 1.47206]}, "properties": {"date": "202606", "npix": 3, "peak_db": -4.5, "zone": "strait_other"}}, {"type": "Feature", "geometry": {"type": "Point", "coordinates": [104.31865, 1.4465]}, "properties": {"date": "202606", "npix": 9, "peak_db": 9.8, "zone": "strait_other"}}, {"type": "Feature", "geometry": {"type": "Point", "coordinates": [104.33396, 1.44608]}, "properties": {"date": "202606", "npix": 8, "peak_db": 23.6, "zone": "strait_other"}}, {"type": "Feature", "geometry": {"type": "Point", "coordinates": [104.01334, 1.44086]}, "properties": {"date": "202606", "npix": 15, "peak_db": 15.2, "zone": "strait_other"}}, {"type": "Feature", "geometry": {"type": "Point", "coordinates": [103.6965, 1.44142]}, "properties": {"date": "202606", "npix": 4, "peak_db": -3.5, "zone": "strait_other"}}, {"type": "Feature", "geometry": {"type": "Point", "coordinates": [103.92625, 1.4325]}, "properties": {"date": "202606", "npix": 4, "peak_db": -0.3, "zone": "strait_other"}}, {"type": "Feature", "geometry": {"type": "Point", "coordinates": [103.92542, 1.43104]}, "properties": {"date": "202606", "npix": 8, "peak_db": 10.8, "zone": "strait_other"}}, {"type": "Feature", "geometry": {"type": "Point", "coordinates": [103.88992, 1.42942]}, "properties": {"date": "202606", "npix": 4, "peak_db": 6.0, "zone": "strait_other"}}, {"type": "Feature", "geometry": {"type": "Point", "coordinates": [103.91967, 1.4175]}, "properties": {"date": "202606", "npix": 6, "peak_db": 4.4, "zone": "strait_other"}}, {"type": "Feature", "geometry": {"type": "Point", "coordinates": [104.02223, 1.40497]}, "properties": {"date": "202606", "npix": 5, "peak_db": -4.7, "zone": "strait_other"}}, {"type": "Feature", "geometry": {"type": "Point", "coordinates": [103.9787, 1.40177]}, "properties": {"date": "202606", "npix": 5, "peak_db": -4.8, "zone": "strait_other"}}, {"type": "Feature", "geometry": {"type": "Point", "coordinates": [103.80264, 1.40012]}, "properties": {"date": "202606", "npix": 7, "peak_db": -0.3, "zone": "strait_other"}}, {"type": "Feature", "geometry": {"type": "Point", "coordinates": [103.97475, 1.39475]}, "properties": {"date": "202606", "npix": 4, "peak_db": 3.3, "zone": "strait_other"}}, {"type": "Feature", "geometry": {"type": "Point", "coordinates": [104.0263, 1.37377]}, "properties": {"date": "202606", "npix": 5, "peak_db": 7.5, "zone": "strait_other"}}, {"type": "Feature", "geometry": {"type": "Point", "coordinates": [104.033, 1.3677]}, "properties": {"date": "202606", "npix": 10, "peak_db": 12.1, "zone": "strait_other"}}, {"type": "Feature", "geometry": {"type": "Point", "coordinates": [104.06892, 1.36475]}, "properties": {"date": "202606", "npix": 4, "peak_db": 6.1, "zone": "strait_other"}}, {"type": "Feature", "geometry": {"type": "Point", "coordinates": [104.06297, 1.35823]}, "properties": {"date": "202606", "npix": 5, "peak_db": 11.7, "zone": "strait_other"}}, {"type": "Feature", "geometry": {"type": "Point", "coordinates": [104.04494, 1.35694]}, "properties": {"date": "202606", "npix": 3, "peak_db": 11.7, "zone": "strait_other"}}, {"type": "Feature", "geometry": {"type": "Point", "coordinates": [103.623, 1.35467]}, "properties": {"date": "202606", "npix": 4, "peak_db": -6.0, "zone": "strait_other"}}, {"type": "Feature", "geometry": {"type": "Point", "coordinates": [104.09492, 1.34675]}, "properties": {"date": "202606", "npix": 4, "peak_db": 13.3, "zone": "strait_other"}}, {"type": "Feature", "geometry": {"type": "Point", "coordinates": [104.06517, 1.34511]}, "properties": {"date": "202606", "npix": 6, "peak_db": 6.7, "zone": "strait_other"}}, {"type": "Feature", "geometry": {"type": "Point", "coordinates": [104.04128, 1.34461]}, "properties": {"date": "202606", "npix": 3, "peak_db": -0.7, "zone": "strait_other"}}, {"type": "Feature", "geometry": {"type": "Point", "coordinates": [104.10017, 1.3415]}, "properties": {"date": "202606", "npix": 3, "peak_db": 9.3, "zone": "strait_other"}}, {"type": "Feature", "geometry": {"type": "Point", "coordinates": [104.11183, 1.3415]}, "properties": {"date": "202606", "npix": 3, "peak_db": 10.3, "zone": "strait_other"}}, {"type": "Feature", "geometry": {"type": "Point", "coordinates": [104.11983, 1.34017]}, "properties": {"date": "202606", "npix": 3, "peak_db": 8.6, "zone": "strait_other"}}, {"type": "Feature", "geometry": {"type": "Point", "coordinates": [104.25723, 1.3385]}, "properties": {"date": "202606", "npix": 5, "peak_db": 6.7, "zone": "strait_other"}}, {"type": "Feature", "geometry": {"type": "Point", "coordinates": [104.09543, 1.33737]}, "properties": {"date": "202606", "npix": 5, "peak_db": 13.4, "zone": "strait_other"}}, {"type": "Feature", "geometry": {"type": "Point", "coordinates": [104.1145, 1.3355]}, "properties": {"date": "202606", "npix": 3, "peak_db": 7.4, "zone": "strait_other"}}, {"type": "Feature", "geometry": {"type": "Point", "coordinates": [104.25523, 1.33497]}, "properties": {"date": "202606", "npix": 5, "peak_db": 10.5, "zone": "strait_other"}}, {"type": "Feature", "geometry": {"type": "Point", "coordinates": [104.10583, 1.33383]}, "properties": {"date": "202606", "npix": 3, "peak_db": 16.5, "zone": "strait_other"}}, {"type": "Feature", "geometry": {"type": "Point", "coordinates": [104.26217, 1.33358]}, "properties": {"date": "202606", "npix": 4, "peak_db": 5.5, "zone": "strait_other"}}, {"type": "Feature", "geometry": {"type": "Point", "coordinates": [104.24428, 1.33328]}, "properties": {"date": "202606", "npix": 3, "peak_db": 1.9, "zone": "strait_other"}}, {"type": "Feature", "geometry": {"type": "Point", "coordinates": [104.09572, 1.33156]}, "properties": {"date": "202606", "npix": 6, "peak_db": 13.5, "zone": "strait_other"}}, {"type": "Feature", "geometry": {"type": "Point", "coordinates": [104.11308, 1.32892]}, "properties": {"date": "202606", "npix": 4, "peak_db": 8.3, "zone": "strait_other"}}, {"type": "Feature", "geometry": {"type": "Point", "coordinates": [104.2803, 1.3287]}, "properties": {"date": "202606", "npix": 15, "peak_db": 8.6, "zone": "strait_other"}}, {"type": "Feature", "geometry": {"type": "Point", "coordinates": [104.06198, 1.32802]}, "properties": {"date": "202606", "npix": 7, "peak_db": 3.6, "zone": "strait_other"}}, {"type": "Feature", "geometry": {"type": "Point", "coordinates": [104.06328, 1.32794]}, "properties": {"date": "202606", "npix": 3, "peak_db": 2.8, "zone": "strait_other"}}, {"type": "Feature", "geometry": {"type": "Point", "coordinates": [104.24043, 1.32743]}, "properties": {"date": "202606", "npix": 5, "peak_db": 6.4, "zone": "strait_other"}}, {"type": "Feature", "geometry": {"type": "Point", "coordinates": [104.34139, 1.32557]}, "properties": {"date": "202606", "npix": 9, "peak_db": 11.2, "zone": "strait_other"}}, {"type": "Feature", "geometry": {"type": "Point", "coordinates": [104.21728, 1.32494]}, "properties": {"date": "202606", "npix": 3, "peak_db": 7.6, "zone": "strait_other"}}, {"type": "Feature", "geometry": {"type": "Point", "coordinates": [104.22793, 1.32431]}, "properties": {"date": "202606", "npix": 7, "peak_db": 21.3, "zone": "strait_other"}}, {"type": "Feature", "geometry": {"type": "Point", "coordinates": [104.2335, 1.322]}, "properties": {"date": "202606", "npix": 4, "peak_db": 12.1, "zone": "strait_other"}}, {"type": "Feature", "geometry": {"type": "Point", "coordinates": [104.2821, 1.32203]}, "properties": {"date": "202606", "npix": 5, "peak_db": 8.0, "zone": "strait_other"}}, {"type": "Feature", "geometry": {"type": "Point", "coordinates": [104.13546, 1.31824]}, "properties": {"date": "202606", "npix": 9, "peak_db": 15.5, "zone": "strait_other"}}, {"type": "Feature", "geometry": {"type": "Point", "coordinates": [104.21197, 1.3174]}, "properties": {"date": "202606", "npix": 10, "peak_db": 17.7, "zone": "strait_other"}}, {"type": "Feature", "geometry": {"type": "Point", "coordinates": [104.22283, 1.31717]}, "properties": {"date": "202606", "npix": 12, "peak_db": 14.0, "zone": "strait_other"}}, {"type": "Feature", "geometry": {"type": "Point", "coordinates": [104.31047, 1.31697]}, "properties": {"date": "202606", "npix": 12, "peak_db": 18.6, "zone": "strait_other"}}, {"type": "Feature", "geometry": {"type": "Point", "coordinates": [104.10492, 1.31663]}, "properties": {"date": "202606", "npix": 8, "peak_db": 6.6, "zone": "strait_other"}}, {"type": "Feature", "geometry": {"type": "Point", "coordinates": [104.31997, 1.31612]}, "properties": {"date": "202606", "npix": 15, "peak_db": 12.5, "zone": "strait_other"}}, {"type": "Feature", "geometry": {"type": "Point", "coordinates": [104.29893, 1.31579]}, "properties": {"date": "202606", "npix": 14, "peak_db": 12.7, "zone": "strait_other"}}, {"type": "Feature", "geometry": {"type": "Point", "coordinates": [104.11268, 1.31504]}, "properties": {"date": "202606", "npix": 13, "peak_db": 26.2, "zone": "strait_other"}}, {"type": "Feature", "geometry": {"type": "Point", "coordinates": [104.27623, 1.31205]}, "properties": {"date": "202606", "npix": 11, "peak_db": 21.6, "zone": "strait_other"}}, {"type": "Feature", "geometry": {"type": "Point", "coordinates": [104.13328, 1.31194]}, "properties": {"date": "202606", "npix": 3, "peak_db": 13.4, "zone": "strait_other"}}, {"type": "Feature", "geometry": {"type": "Point", "coordinates": [104.14128, 1.31194]}, "properties": {"date": "202606", "npix": 3, "peak_db": 10.3, "zone": "strait_other"}}, {"type": "Feature", "geometry": {"type": "Point", "coordinates": [104.06839, 1.31108]}, "properties": {"date": "202606", "npix": 12, "peak_db": 24.8, "zone": "strait_other"}}, {"type": "Feature", "geometry": {"type": "Point", "coordinates": [104.30274, 1.31064]}, "properties": {"date": "202606", "npix": 7, "peak_db": 13.0, "zone": "strait_other"}}, {"type": "Feature", "geometry": {"type": "Point", "coordinates": [104.15167, 1.30767]}, "properties": {"date": "202606", "npix": 6, "peak_db": 5.4, "zone": "strait_other"}}, {"type": "Feature", "geometry": {"type": "Point", "coordinates": [104.1336, 1.30517]}, "properties": {"date": "202606", "npix": 7, "peak_db": 13.2, "zone": "strait_other"}}, {"type": "Feature", "geometry": {"type": "Point", "coordinates": [103.995, 1.3045]}, "properties": {"date": "202606", "npix": 4, "peak_db": 7.8, "zone": "port_core"}}, {"type": "Feature", "geometry": {"type": "Point", "coordinates": [104.26703, 1.30463]}, "properties": {"date": "202606", "npix": 5, "peak_db": 17.1, "zone": "strait_other"}}, {"type": "Feature", "geometry": {"type": "Point", "coordinates": [104.26594, 1.30428]}, "properties": {"date": "202606", "npix": 3, "peak_db": 7.1, "zone": "strait_other"}}, {"type": "Feature", "geometry": {"type": "Point", "coordinates": [103.98992, 1.30375]}, "properties": {"date": "202606", "npix": 4, "peak_db": 10.8, "zone": "port_core"}}, {"type": "Feature", "geometry": {"type": "Point", "coordinates": [104.24367, 1.30373]}, "properties": {"date": "202606", "npix": 10, "peak_db": 19.1, "zone": "strait_other"}}, {"type": "Feature", "geometry": {"type": "Point", "coordinates": [104.06867, 1.30367]}, "properties": {"date": "202606", "npix": 4, "peak_db": 25.2, "zone": "strait_other"}}, {"type": "Feature", "geometry": {"type": "Point", "coordinates": [103.64672, 1.30242]}, "properties": {"date": "202606", "npix": 12, "peak_db": 13.6, "zone": "western_opl"}}, {"type": "Feature", "geometry": {"type": "Point", "coordinates": [104.04963, 1.30307]}, "properties": {"date": "202606", "npix": 10, "peak_db": 18.0, "zone": "strait_other"}}, {"type": "Feature", "geometry": {"type": "Point", "coordinates": [103.94642, 1.30225]}, "properties": {"date": "202606", "npix": 4, "peak_db": 11.2, "zone": "port_core"}}, {"type": "Feature", "geometry": {"type": "Point", "coordinates": [104.1672, 1.3018]}, "properties": {"date": "202606", "npix": 9, "peak_db": 15.2, "zone": "strait_other"}}, {"type": "Feature", "geometry": {"type": "Point", "coordinates": [104.08101, 1.30041]}, "properties": {"date": "202606", "npix": 15, "peak_db": 8.3, "zone": "strait_other"}}, {"type": "Feature", "geometry": {"type": "Point", "coordinates": [103.97625, 1.30017]}, "properties": {"date": "202606", "npix": 4, "peak_db": 18.2, "zone": "port_core"}}, {"type": "Feature", "geometry": {"type": "Point", "coordinates": [104.26777, 1.30003]}, "properties": {"date": "202606", "npix": 10, "peak_db": 20.1, "zone": "strait_other"}}, {"type": "Feature", "geometry": {"type": "Point", "coordinates": [104.15706, 1.29939]}, "properties": {"date": "202606", "npix": 3, "peak_db": 11.3, "zone": "strait_other"}}, {"type": "Feature", "geometry": {"type": "Point", "coordinates": [104.33583, 1.29925]}, "properties": {"date": "202606", "npix": 4, "peak_db": 0.4, "zone": "strait_other"}}, {"type": "Feature", "geometry": {"type": "Point", "coordinates": [104.04633, 1.29733]}, "properties": {"date": "202606", "npix": 4, "peak_db": 14.7, "zone": "strait_other"}}, {"type": "Feature", "geometry": {"type": "Point", "coordinates": [104.04733, 1.29733]}, "properties": {"date": "202606", "npix": 4, "peak_db": 6.5, "zone": "strait_other"}}, {"type": "Feature", "geometry": {"type": "Point", "coordinates": [104.19942, 1.29675]}, "properties": {"date": "202606", "npix": 4, "peak_db": 5.7, "zone": "strait_other"}}, {"type": "Feature", "geometry": {"type": "Point", "coordinates": [104.22391, 1.29612]}, "properties": {"date": "202606", "npix": 13, "peak_db": 15.2, "zone": "strait_other"}}, {"type": "Feature", "geometry": {"type": "Point", "coordinates": [103.69183, 1.2955]}, "properties": {"date": "202606", "npix": 5, "peak_db": -10.1, "zone": "port_core"}}, {"type": "Feature", "geometry": {"type": "Point", "coordinates": [104.2394, 1.29598]}, "properties": {"date": "202606", "npix": 7, "peak_db": 12.0, "zone": "strait_other"}}, {"type": "Feature", "geometry": {"type": "Point", "coordinates": [104.14439, 1.29489]}, "properties": {"date": "202606", "npix": 6, "peak_db": 7.6, "zone": "strait_other"}}, {"type": "Feature", "geometry": {"type": "Point", "coordinates": [104.18108, 1.29344]}, "properties": {"date": "202606", "npix": 11, "peak_db": 7.4, "zone": "strait_other"}}, {"type": "Feature", "geometry": {"type": "Point", "coordinates": [103.96006, 1.29194]}, "properties": {"date": "202606", "npix": 3, "peak_db": 16.4, "zone": "port_core"}}, {"type": "Feature", "geometry": {"type": "Point", "coordinates": [104.15464, 1.29193]}, "properties": {"date": "202606", "npix": 7, "peak_db": 14.8, "zone": "strait_other"}}, {"type": "Feature", "geometry": {"type": "Point", "coordinates": [103.98794, 1.29072]}, "properties": {"date": "202606", "npix": 3, "peak_db": 15.9, "zone": "port_core"}}, {"type": "Feature", "geometry": {"type": "Point", "coordinates": [103.92483, 1.29042]}, "properties": {"date": "202606", "npix": 4, "peak_db": 13.6, "zone": "port_core"}}, {"type": "Feature", "geometry": {"type": "Point", "coordinates": [104.07577, 1.29003]}, "properties": {"date": "202606", "npix": 5, "peak_db": 12.0, "zone": "strait_other"}}, {"type": "Feature", "geometry": {"type": "Point", "coordinates": [104.01783, 1.28942]}, "properties": {"date": "202606", "npix": 13, "peak_db": 18.0, "zone": "port_core"}}, {"type": "Feature", "geometry": {"type": "Point", "coordinates": [104.16375, 1.2895]}, "properties": {"date": "202606", "npix": 4, "peak_db": 3.7, "zone": "strait_other"}}, {"type": "Feature", "geometry": {"type": "Point", "coordinates": [103.92867, 1.28917]}, "properties": {"date": "202606", "npix": 4, "peak_db": 17.7, "zone": "port_core"}}, {"type": "Feature", "geometry": {"type": "Point", "coordinates": [103.75813, 1.28857]}, "properties": {"date": "202606", "npix": 10, "peak_db": -0.8, "zone": "port_core"}}, {"type": "Feature", "geometry": {"type": "Point", "coordinates": [103.75583, 1.28817]}, "properties": {"date": "202606", "npix": 3, "peak_db": -3.8, "zone": "port_core"}}, {"type": "Feature", "geometry": {"type": "Point", "coordinates": [103.9179, 1.28803]}, "properties": {"date": "202606", "npix": 5, "peak_db": 15.2, "zone": "port_core"}}, {"type": "Feature", "geometry": {"type": "Point", "coordinates": [103.99528, 1.28772]}, "properties": {"date": "202606", "npix": 3, "peak_db": 24.1, "zone": "port_core"}}, {"type": "Feature", "geometry": {"type": "Point", "coordinates": [103.9745, 1.28658]}, "properties": {"date": "202606", "npix": 4, "peak_db": 26.1, "zone": "port_core"}}, {"type": "Feature", "geometry": {"type": "Point", "coordinates": [103.97583, 1.28683]}, "properties": {"date": "202606", "npix": 3, "peak_db": 17.5, "zone": "port_core"}}, {"type": "Feature", "geometry": {"type": "Point", "coordinates": [104.12388, 1.28638]}, "properties": {"date": "202606", "npix": 8, "peak_db": 9.3, "zone": "strait_other"}}, {"type": "Feature", "geometry": {"type": "Point", "coordinates": [104.15025, 1.28608]}, "properties": {"date": "202606", "npix": 4, "peak_db": 10.0, "zone": "strait_other"}}, {"type": "Feature", "geometry": {"type": "Point", "coordinates": [103.92339, 1.28572]}, "properties": {"date": "202606", "npix": 3, "peak_db": 15.9, "zone": "port_core"}}, {"type": "Feature", "geometry": {"type": "Point", "coordinates": [104.01767, 1.2845]}, "properties": {"date": "202606", "npix": 6, "peak_db": 16.3, "zone": "port_core"}}, {"type": "Feature", "geometry": {"type": "Point", "coordinates": [103.91228, 1.28394]}, "properties": {"date": "202606", "npix": 3, "peak_db": 9.9, "zone": "port_core"}}, {"type": "Feature", "geometry": {"type": "Point", "coordinates": [103.99908, 1.28392]}, "properties": {"date": "202606", "npix": 4, "peak_db": 17.0, "zone": "port_core"}}, {"type": "Feature", "geometry": {"type": "Point", "coordinates": [104.02443, 1.28397]}, "properties": {"date": "202606", "npix": 5, "peak_db": 10.4, "zone": "strait_other"}}, {"type": "Feature", "geometry": {"type": "Point", "coordinates": [103.90389, 1.28328]}, "properties": {"date": "202606", "npix": 6, "peak_db": 14.7, "zone": "port_core"}}, {"type": "Feature", "geometry": {"type": "Point", "coordinates": [103.88728, 1.27939]}, "properties": {"date": "202606", "npix": 3, "peak_db": 10.5, "zone": "port_core"}}, {"type": "Feature", "geometry": {"type": "Point", "coordinates": [103.92375, 1.27925]}, "properties": {"date": "202606", "npix": 4, "peak_db": 9.1, "zone": "port_core"}}, {"type": "Feature", "geometry": {"type": "Point", "coordinates": [103.90894, 1.27861]}, "properties": {"date": "202606", "npix": 3, "peak_db": 14.8, "zone": "port_core"}}, {"type": "Feature", "geometry": {"type": "Point", "coordinates": [103.59239, 1.27839]}, "properties": {"date": "202606", "npix": 3, "peak_db": 5.1, "zone": "western_opl"}}, {"type": "Feature", "geometry": {"type": "Point", "coordinates": [104.00428, 1.27839]}, "properties": {"date": "202606", "npix": 3, "peak_db": 15.2, "zone": "port_core"}}, {"type": "Feature", "geometry": {"type": "Point", "coordinates": [103.58583, 1.27767]}, "properties": {"date": "202606", "npix": 4, "peak_db": 7.9, "zone": "western_opl"}}, {"type": "Feature", "geometry": {"type": "Point", "coordinates": [103.89217, 1.27817]}, "properties": {"date": "202606", "npix": 3, "peak_db": 14.7, "zone": "port_core"}}, {"type": "Feature", "geometry": {"type": "Point", "coordinates": [104.28183, 1.278]}, "properties": {"date": "202606", "npix": 8, "peak_db": 18.3, "zone": "strait_other"}}, {"type": "Feature", "geometry": {"type": "Point", "coordinates": [103.91542, 1.27692]}, "properties": {"date": "202606", "npix": 4, "peak_db": 14.6, "zone": "port_core"}}, {"type": "Feature", "geometry": {"type": "Point", "coordinates": [103.5777, 1.2765]}, "properties": {"date": "202606", "npix": 5, "peak_db": 4.2, "zone": "strait_other"}}, {"type": "Feature", "geometry": {"type": "Point", "coordinates": [103.99539, 1.27661]}, "properties": {"date": "202606", "npix": 3, "peak_db": 17.4, "zone": "port_core"}}, {"type": "Feature", "geometry": {"type": "Point", "coordinates": [103.98767, 1.27583]}, "properties": {"date": "202606", "npix": 12, "peak_db": 19.6, "zone": "port_core"}}, {"type": "Feature", "geometry": {"type": "Point", "coordinates": [103.59528, 1.27572]}, "properties": {"date": "202606", "npix": 3, "peak_db": 9.6, "zone": "western_opl"}}, {"type": "Feature", "geometry": {"type": "Point", "coordinates": [104.12958, 1.2755]}, "properties": {"date": "202606", "npix": 4, "peak_db": 15.8, "zone": "strait_other"}}, {"type": "Feature", "geometry": {"type": "Point", "coordinates": [103.93225, 1.27517]}, "properties": {"date": "202606", "npix": 4, "peak_db": 15.8, "zone": "port_core"}}, {"type": "Feature", "geometry": {"type": "Point", "coordinates": [104.1216, 1.2747]}, "properties": {"date": "202606", "npix": 10, "peak_db": 6.6, "zone": "strait_other"}}, {"type": "Feature", "geometry": {"type": "Point", "coordinates": [103.74517, 1.27077]}, "properties": {"date": "202606", "npix": 5, "peak_db": 6.1, "zone": "port_core"}}, {"type": "Feature", "geometry": {"type": "Point", "coordinates": [103.55525, 1.26942]}, "properties": {"date": "202606", "npix": 4, "peak_db": 12.0, "zone": "strait_other"}}, {"type": "Feature", "geometry": {"type": "Point", "coordinates": [103.56824, 1.26906]}, "properties": {"date": "202606", "npix": 9, "peak_db": 9.1, "zone": "strait_other"}}, {"type": "Feature", "geometry": {"type": "Point", "coordinates": [103.95011, 1.26872]}, "properties": {"date": "202606", "npix": 6, "peak_db": 32.6, "zone": "port_core"}}, {"type": "Feature", "geometry": {"type": "Point", "coordinates": [104.04913, 1.26863]}, "properties": {"date": "202606", "npix": 10, "peak_db": 9.6, "zone": "strait_other"}}, {"type": "Feature", "geometry": {"type": "Point", "coordinates": [103.95756, 1.26817]}, "properties": {"date": "202606", "npix": 6, "peak_db": 34.8, "zone": "port_core"}}, {"type": "Feature", "geometry": {"type": "Point", "coordinates": [103.65133, 1.26733]}, "properties": {"date": "202606", "npix": 8, "peak_db": 7.4, "zone": "western_opl"}}, {"type": "Feature", "geometry": {"type": "Point", "coordinates": [104.19439, 1.26778]}, "properties": {"date": "202606", "npix": 18, "peak_db": 12.2, "zone": "strait_other"}}, {"type": "Feature", "geometry": {"type": "Point", "coordinates": [103.77542, 1.26558]}, "properties": {"date": "202606", "npix": 4, "peak_db": -0.3, "zone": "port_core"}}, {"type": "Feature", "geometry": {"type": "Point", "coordinates": [103.87575, 1.26508]}, "properties": {"date": "202606", "npix": 4, "peak_db": 28.5, "zone": "port_core"}}, {"type": "Feature", "geometry": {"type": "Point", "coordinates": [103.93298, 1.26421]}, "properties": {"date": "202606", "npix": 7, "peak_db": 24.4, "zone": "port_core"}}, {"type": "Feature", "geometry": {"type": "Point", "coordinates": [103.93467, 1.264]}, "properties": {"date": "202606", "npix": 6, "peak_db": 9.9, "zone": "port_core"}}, {"type": "Feature", "geometry": {"type": "Point", "coordinates": [104.03344, 1.2632]}, "properties": {"date": "202606", "npix": 18, "peak_db": 21.7, "zone": "strait_other"}}, {"type": "Feature", "geometry": {"type": "Point", "coordinates": [103.99599, 1.26319]}, "properties": {"date": "202606", "npix": 15, "peak_db": 17.3, "zone": "port_core"}}, {"type": "Feature", "geometry": {"type": "Point", "coordinates": [104.01899, 1.26306]}, "properties": {"date": "202606", "npix": 24, "peak_db": 26.4, "zone": "port_core"}}, {"type": "Feature", "geometry": {"type": "Point", "coordinates": [104.27755, 1.26283]}, "properties": {"date": "202606", "npix": 7, "peak_db": 10.8, "zone": "strait_other"}}, {"type": "Feature", "geometry": {"type": "Point", "coordinates": [103.55544, 1.26165]}, "properties": {"date": "202606", "npix": 11, "peak_db": 18.0, "zone": "strait_other"}}, {"type": "Feature", "geometry": {"type": "Point", "coordinates": [103.9135, 1.26172]}, "properties": {"date": "202606", "npix": 9, "peak_db": 19.0, "zone": "port_core"}}, {"type": "Feature", "geometry": {"type": "Point", "coordinates": [103.92106, 1.26172]}, "properties": {"date": "202606", "npix": 3, "peak_db": 13.3, "zone": "port_core"}}, {"type": "Feature", "geometry": {"type": "Point", "coordinates": [103.68706, 1.26061]}, "properties": {"date": "202606", "npix": 6, "peak_db": -2.0, "zone": "port_core"}}, {"type": "Feature", "geometry": {"type": "Point", "coordinates": [103.80397, 1.2603]}, "properties": {"date": "202606", "npix": 5, "peak_db": 3.6, "zone": "port_core"}}, {"type": "Feature", "geometry": {"type": "Point", "coordinates": [103.64606, 1.25928]}, "properties": {"date": "202606", "npix": 3, "peak_db": -7.2, "zone": "western_opl"}}, {"type": "Feature", "geometry": {"type": "Point", "coordinates": [104.1375, 1.25817]}, "properties": {"date": "202606", "npix": 29, "peak_db": 17.1, "zone": "strait_other"}}, {"type": "Feature", "geometry": {"type": "Point", "coordinates": [104.13983, 1.25817]}, "properties": {"date": "202606", "npix": 29, "peak_db": 17.1, "zone": "strait_other"}}, {"type": "Feature", "geometry": {"type": "Point", "coordinates": [104.16883, 1.2585]}, "properties": {"date": "202606", "npix": 3, "peak_db": 18.9, "zone": "strait_other"}}, {"type": "Feature", "geometry": {"type": "Point", "coordinates": [103.91039, 1.25739]}, "properties": {"date": "202606", "npix": 3, "peak_db": 16.3, "zone": "port_core"}}, {"type": "Feature", "geometry": {"type": "Point", "coordinates": [103.96106, 1.2565]}, "properties": {"date": "202606", "npix": 6, "peak_db": 14.3, "zone": "port_core"}}, {"type": "Feature", "geometry": {"type": "Point", "coordinates": [103.577, 1.25633]}, "properties": {"date": "202606", "npix": 4, "peak_db": 12.8, "zone": "strait_other"}}, {"type": "Feature", "geometry": {"type": "Point", "coordinates": [103.86506, 1.25539]}, "properties": {"date": "202606", "npix": 3, "peak_db": 20.3, "zone": "port_core"}}, {"type": "Feature", "geometry": {"type": "Point", "coordinates": [103.6925, 1.2545]}, "properties": {"date": "202606", "npix": 3, "peak_db": -8.0, "zone": "port_core"}}, {"type": "Feature", "geometry": {"type": "Point", "coordinates": [103.9665, 1.25414]}, "properties": {"date": "202606", "npix": 12, "peak_db": 11.6, "zone": "port_core"}}, {"type": "Feature", "geometry": {"type": "Point", "coordinates": [103.6908, 1.25354]}, "properties": {"date": "202606", "npix": 9, "peak_db": -4.2, "zone": "port_core"}}, {"type": "Feature", "geometry": {"type": "Point", "coordinates": [103.89328, 1.25328]}, "properties": {"date": "202606", "npix": 3, "peak_db": 19.7, "zone": "port_core"}}, {"type": "Feature", "geometry": {"type": "Point", "coordinates": [103.97398, 1.25274]}, "properties": {"date": "202606", "npix": 11, "peak_db": 12.5, "zone": "port_core"}}, {"type": "Feature", "geometry": {"type": "Point", "coordinates": [103.95017, 1.252]}, "properties": {"date": "202606", "npix": 8, "peak_db": 11.8, "zone": "port_core"}}, {"type": "Feature", "geometry": {"type": "Point", "coordinates": [103.8805, 1.252]}, "properties": {"date": "202606", "npix": 4, "peak_db": 23.4, "zone": "port_core"}}, {"type": "Feature", "geometry": {"type": "Point", "coordinates": [104.1766, 1.25153]}, "properties": {"date": "202606", "npix": 13, "peak_db": 31.7, "zone": "strait_other"}}, {"type": "Feature", "geometry": {"type": "Point", "coordinates": [103.71539, 1.25072]}, "properties": {"date": "202606", "npix": 9, "peak_db": 13.3, "zone": "port_core"}}, {"type": "Feature", "geometry": {"type": "Point", "coordinates": [103.80192, 1.25026]}, "properties": {"date": "202606", "npix": 11, "peak_db": 17.8, "zone": "port_core"}}, {"type": "Feature", "geometry": {"type": "Point", "coordinates": [103.93517, 1.2509]}, "properties": {"date": "202606", "npix": 10, "peak_db": 11.6, "zone": "port_core"}}, {"type": "Feature", "geometry": {"type": "Point", "coordinates": [103.56506, 1.24876]}, "properties": {"date": "202606", "npix": 9, "peak_db": 17.0, "zone": "strait_other"}}, {"type": "Feature", "geometry": {"type": "Point", "coordinates": [103.65752, 1.2471]}, "properties": {"date": "202606", "npix": 16, "peak_db": 20.7, "zone": "western_opl"}}, {"type": "Feature", "geometry": {"type": "Point", "coordinates": [103.92847, 1.2476]}, "properties": {"date": "202606", "npix": 10, "peak_db": 20.6, "zone": "port_core"}}, {"type": "Feature", "geometry": {"type": "Point", "coordinates": [104.04538, 1.2473]}, "properties": {"date": "202606", "npix": 17, "peak_db": 16.9, "zone": "strait_other"}}, {"type": "Feature", "geometry": {"type": "Point", "coordinates": [104.21463, 1.24743]}, "properties": {"date": "202606", "npix": 5, "peak_db": 11.4, "zone": "strait_other"}}, {"type": "Feature", "geometry": {"type": "Point", "coordinates": [103.57667, 1.24717]}, "properties": {"date": "202606", "npix": 4, "peak_db": 7.7, "zone": "strait_other"}}, {"type": "Feature", "geometry": {"type": "Point", "coordinates": [103.91572, 1.24672]}, "properties": {"date": "202606", "npix": 3, "peak_db": 16.2, "zone": "port_core"}}, {"type": "Feature", "geometry": {"type": "Point", "coordinates": [104.06983, 1.24658]}, "properties": {"date": "202606", "npix": 4, "peak_db": 11.5, "zone": "strait_other"}}, {"type": "Feature", "geometry": {"type": "Point", "coordinates": [103.88083, 1.2465]}, "properties": {"date": "202606", "npix": 3, "peak_db": 19.1, "zone": "port_core"}}, {"type": "Feature", "geometry": {"type": "Point", "coordinates": [103.90733, 1.2465]}, "properties": {"date": "202606", "npix": 4, "peak_db": 19.7, "zone": "port_core"}}, {"type": "Feature", "geometry": {"type": "Point", "coordinates": [104.10321, 1.24642]}, "properties": {"date": "202606", "npix": 8, "peak_db": 8.4, "zone": "strait_other"}}, {"type": "Feature", "geometry": {"type": "Point", "coordinates": [104.14787, 1.2461]}, "properties": {"date": "202606", "npix": 10, "peak_db": 8.5, "zone": "strait_other"}}, {"type": "Feature", "geometry": {"type": "Point", "coordinates": [103.91639, 1.24606]}, "properties": {"date": "202606", "npix": 3, "peak_db": 14.2, "zone": "port_core"}}, {"type": "Feature", "geometry": {"type": "Point", "coordinates": [103.9485, 1.24567]}, "properties": {"date": "202606", "npix": 4, "peak_db": 17.6, "zone": "port_core"}}, {"type": "Feature", "geometry": {"type": "Point", "coordinates": [103.57617, 1.24517]}, "properties": {"date": "202606", "npix": 3, "peak_db": 13.8, "zone": "strait_other"}}, {"type": "Feature", "geometry": {"type": "Point", "coordinates": [103.74883, 1.24542]}, "properties": {"date": "202606", "npix": 4, "peak_db": 5.6, "zone": "port_core"}}, {"type": "Feature", "geometry": {"type": "Point", "coordinates": [103.79536, 1.24455]}, "properties": {"date": "202606", "npix": 7, "peak_db": 18.5, "zone": "port_core"}}, {"type": "Feature", "geometry": {"type": "Point", "coordinates": [103.81467, 1.24417]}, "properties": {"date": "202606", "npix": 6, "peak_db": 22.0, "zone": "port_core"}}, {"type": "Feature", "geometry": {"type": "Point", "coordinates": [103.95123, 1.24383]}, "properties": {"date": "202606", "npix": 10, "peak_db": 15.8, "zone": "port_core"}}, {"type": "Feature", "geometry": {"type": "Point", "coordinates": [103.9145, 1.24202]}, "properties": {"date": "202606", "npix": 11, "peak_db": 17.4, "zone": "port_core"}}, {"type": "Feature", "geometry": {"type": "Point", "coordinates": [103.818, 1.24133]}, "properties": {"date": "202606", "npix": 6, "peak_db": 16.2, "zone": "port_core"}}, {"type": "Feature", "geometry": {"type": "Point", "coordinates": [103.89957, 1.24143]}, "properties": {"date": "202606", "npix": 5, "peak_db": 13.7, "zone": "port_core"}}, {"type": "Feature", "geometry": {"type": "Point", "coordinates": [103.89858, 1.24083]}, "properties": {"date": "202606", "npix": 4, "peak_db": 18.4, "zone": "port_core"}}, {"type": "Feature", "geometry": {"type": "Point", "coordinates": [103.77337, 1.24003]}, "properties": {"date": "202606", "npix": 5, "peak_db": 5.6, "zone": "port_core"}}, {"type": "Feature", "geometry": {"type": "Point", "coordinates": [103.56139, 1.23939]}, "properties": {"date": "202606", "npix": 3, "peak_db": 18.3, "zone": "strait_other"}}, {"type": "Feature", "geometry": {"type": "Point", "coordinates": [103.80528, 1.23894]}, "properties": {"date": "202606", "npix": 3, "peak_db": 12.2, "zone": "port_core"}}, {"type": "Feature", "geometry": {"type": "Point", "coordinates": [103.5711, 1.23803]}, "properties": {"date": "202606", "npix": 5, "peak_db": 22.1, "zone": "strait_other"}}, {"type": "Feature", "geometry": {"type": "Point", "coordinates": [103.71917, 1.23767]}, "properties": {"date": "202606", "npix": 4, "peak_db": 6.4, "zone": "port_core"}}, {"type": "Feature", "geometry": {"type": "Point", "coordinates": [104.06188, 1.23746]}, "properties": {"date": "202606", "npix": 8, "peak_db": 13.7, "zone": "eastern_opl"}}, {"type": "Feature", "geometry": {"type": "Point", "coordinates": [103.64542, 1.23742]}, "properties": {"date": "202606", "npix": 4, "peak_db": -4.0, "zone": "western_opl"}}, {"type": "Feature", "geometry": {"type": "Point", "coordinates": [103.57163, 1.23663]}, "properties": {"date": "202606", "npix": 5, "peak_db": 11.6, "zone": "strait_other"}}, {"type": "Feature", "geometry": {"type": "Point", "coordinates": [103.71494, 1.23606]}, "properties": {"date": "202606", "npix": 3, "peak_db": 10.1, "zone": "port_core"}}, {"type": "Feature", "geometry": {"type": "Point", "coordinates": [103.60422, 1.2355]}, "properties": {"date": "202606", "npix": 6, "peak_db": 5.1, "zone": "western_opl"}}, {"type": "Feature", "geometry": {"type": "Point", "coordinates": [103.61917, 1.23544]}, "properties": {"date": "202606", "npix": 6, "peak_db": -2.4, "zone": "western_opl"}}, {"type": "Feature", "geometry": {"type": "Point", "coordinates": [103.60617, 1.23517]}, "properties": {"date": "202606", "npix": 3, "peak_db": -1.8, "zone": "western_opl"}}, {"type": "Feature", "geometry": {"type": "Point", "coordinates": [103.88448, 1.23485]}, "properties": {"date": "202606", "npix": 18, "peak_db": 18.2, "zone": "port_core"}}, {"type": "Feature", "geometry": {"type": "Point", "coordinates": [104.033, 1.2325]}, "properties": {"date": "202606", "npix": 4, "peak_db": 6.4, "zone": "eastern_opl"}}, {"type": "Feature", "geometry": {"type": "Point", "coordinates": [103.79161, 1.23161]}, "properties": {"date": "202606", "npix": 3, "peak_db": 8.9, "zone": "port_core"}}, {"type": "Feature", "geometry": {"type": "Point", "coordinates": [103.86177, 1.22977]}, "properties": {"date": "202606", "npix": 5, "peak_db": 5.6, "zone": "port_core"}}, {"type": "Feature", "geometry": {"type": "Point", "coordinates": [104.03277, 1.22897]}, "properties": {"date": "202606", "npix": 5, "peak_db": 1.8, "zone": "eastern_opl"}}, {"type": "Feature", "geometry": {"type": "Point", "coordinates": [103.55663, 1.2281]}, "properties": {"date": "202606", "npix": 5, "peak_db": 16.5, "zone": "strait_other"}}, {"type": "Feature", "geometry": {"type": "Point", "coordinates": [103.79487, 1.22794]}, "properties": {"date": "202606", "npix": 9, "peak_db": 17.2, "zone": "port_core"}}, {"type": "Feature", "geometry": {"type": "Point", "coordinates": [103.97389, 1.22741]}, "properties": {"date": "202606", "npix": 11, "peak_db": 14.9, "zone": "port_core"}}, {"type": "Feature", "geometry": {"type": "Point", "coordinates": [103.55722, 1.22717]}, "properties": {"date": "202606", "npix": 6, "peak_db": 8.7, "zone": "strait_other"}}, {"type": "Feature", "geometry": {"type": "Point", "coordinates": [103.56706, 1.22739]}, "properties": {"date": "202606", "npix": 3, "peak_db": 13.8, "zone": "strait_other"}}, {"type": "Feature", "geometry": {"type": "Point", "coordinates": [103.80672, 1.22711]}, "properties": {"date": "202606", "npix": 6, "peak_db": 15.1, "zone": "port_core"}}, {"type": "Feature", "geometry": {"type": "Point", "coordinates": [103.8165, 1.2275]}, "properties": {"date": "202606", "npix": 3, "peak_db": 16.3, "zone": "port_core"}}, {"type": "Feature", "geometry": {"type": "Point", "coordinates": [103.71089, 1.22706]}, "properties": {"date": "202606", "npix": 6, "peak_db": 15.4, "zone": "port_core"}}, {"type": "Feature", "geometry": {"type": "Point", "coordinates": [103.56813, 1.22597]}, "properties": {"date": "202606", "npix": 10, "peak_db": 8.5, "zone": "strait_other"}}, {"type": "Feature", "geometry": {"type": "Point", "coordinates": [103.70861, 1.22572]}, "properties": {"date": "202606", "npix": 3, "peak_db": 7.1, "zone": "port_core"}}, {"type": "Feature", "geometry": {"type": "Point", "coordinates": [103.63343, 1.22503]}, "properties": {"date": "202606", "npix": 5, "peak_db": 11.0, "zone": "western_opl"}}, {"type": "Feature", "geometry": {"type": "Point", "coordinates": [103.71197, 1.2231]}, "properties": {"date": "202606", "npix": 5, "peak_db": 7.6, "zone": "port_core"}}, {"type": "Feature", "geometry": {"type": "Point", "coordinates": [103.64831, 1.22245]}, "properties": {"date": "202606", "npix": 7, "peak_db": 13.1, "zone": "western_opl"}}, {"type": "Feature", "geometry": {"type": "Point", "coordinates": [103.93958, 1.22203]}, "properties": {"date": "202606", "npix": 12, "peak_db": 13.8, "zone": "port_core"}}, {"type": "Feature", "geometry": {"type": "Point", "coordinates": [103.8236, 1.22183]}, "properties": {"date": "202606", "npix": 7, "peak_db": 17.5, "zone": "port_core"}}, {"type": "Feature", "geometry": {"type": "Point", "coordinates": [103.71094, 1.22172]}, "properties": {"date": "202606", "npix": 3, "peak_db": 7.0, "zone": "port_core"}}, {"type": "Feature", "geometry": {"type": "Point", "coordinates": [103.81308, 1.22058]}, "properties": {"date": "202606", "npix": 4, "peak_db": 21.6, "zone": "port_core"}}, {"type": "Feature", "geometry": {"type": "Point", "coordinates": [103.72339, 1.21994]}, "properties": {"date": "202606", "npix": 3, "peak_db": 6.8, "zone": "port_core"}}, {"type": "Feature", "geometry": {"type": "Point", "coordinates": [103.81931, 1.21993]}, "properties": {"date": "202606", "npix": 7, "peak_db": 23.1, "zone": "port_core"}}, {"type": "Feature", "geometry": {"type": "Point", "coordinates": [103.74633, 1.21867]}, "properties": {"date": "202606", "npix": 4, "peak_db": 12.7, "zone": "port_core"}}, {"type": "Feature", "geometry": {"type": "Point", "coordinates": [103.87628, 1.21861]}, "properties": {"date": "202606", "npix": 3, "peak_db": -5.1, "zone": "port_core"}}, {"type": "Feature", "geometry": {"type": "Point", "coordinates": [103.91732, 1.21792]}, "properties": {"date": "202606", "npix": 11, "peak_db": 15.4, "zone": "port_core"}}, {"type": "Feature", "geometry": {"type": "Point", "coordinates": [103.96017, 1.21817]}, "properties": {"date": "202606", "npix": 3, "peak_db": -4.5, "zone": "port_core"}}, {"type": "Feature", "geometry": {"type": "Point", "coordinates": [103.96792, 1.21783]}, "properties": {"date": "202606", "npix": 4, "peak_db": 3.7, "zone": "port_core"}}, {"type": "Feature", "geometry": {"type": "Point", "coordinates": [103.72075, 1.21758]}, "properties": {"date": "202606", "npix": 4, "peak_db": 15.8, "zone": "port_core"}}, {"type": "Feature", "geometry": {"type": "Point", "coordinates": [103.93806, 1.21739]}, "properties": {"date": "202606", "npix": 3, "peak_db": 4.3, "zone": "port_core"}}, {"type": "Feature", "geometry": {"type": "Point", "coordinates": [103.72606, 1.21706]}, "properties": {"date": "202606", "npix": 3, "peak_db": 8.3, "zone": "port_core"}}, {"type": "Feature", "geometry": {"type": "Point", "coordinates": [103.73428, 1.21706]}, "properties": {"date": "202606", "npix": 3, "peak_db": 10.0, "zone": "port_core"}}, {"type": "Feature", "geometry": {"type": "Point", "coordinates": [103.93574, 1.21698]}, "properties": {"date": "202606", "npix": 7, "peak_db": 18.6, "zone": "port_core"}}, {"type": "Feature", "geometry": {"type": "Point", "coordinates": [103.80394, 1.21661]}, "properties": {"date": "202606", "npix": 3, "peak_db": 7.3, "zone": "port_core"}}, {"type": "Feature", "geometry": {"type": "Point", "coordinates": [103.74608, 1.21592]}, "properties": {"date": "202606", "npix": 4, "peak_db": 14.1, "zone": "port_core"}}, {"type": "Feature", "geometry": {"type": "Point", "coordinates": [103.8071, 1.21523]}, "properties": {"date": "202606", "npix": 10, "peak_db": 16.1, "zone": "port_core"}}, {"type": "Feature", "geometry": {"type": "Point", "coordinates": [103.77267, 1.21533]}, "properties": {"date": "202606", "npix": 4, "peak_db": 4.7, "zone": "port_core"}}, {"type": "Feature", "geometry": {"type": "Point", "coordinates": [103.78192, 1.21171]}, "properties": {"date": "202606", "npix": 11, "peak_db": 12.7, "zone": "port_core"}}, {"type": "Feature", "geometry": {"type": "Point", "coordinates": [103.66209, 1.20939]}, "properties": {"date": "202606", "npix": 21, "peak_db": 16.5, "zone": "western_opl"}}, {"type": "Feature", "geometry": {"type": "Point", "coordinates": [103.86183, 1.21044]}, "properties": {"date": "202606", "npix": 6, "peak_db": 7.0, "zone": "port_core"}}, {"type": "Feature", "geometry": {"type": "Point", "coordinates": [103.63572, 1.20761]}, "properties": {"date": "202606", "npix": 3, "peak_db": 2.6, "zone": "western_opl"}}, {"type": "Feature", "geometry": {"type": "Point", "coordinates": [103.86217, 1.207]}, "properties": {"date": "202606", "npix": 6, "peak_db": 12.9, "zone": "port_core"}}, {"type": "Feature", "geometry": {"type": "Point", "coordinates": [103.78361, 1.20639]}, "properties": {"date": "202606", "npix": 3, "peak_db": 12.5, "zone": "port_core"}}, {"type": "Feature", "geometry": {"type": "Point", "coordinates": [103.8493, 1.2057]}, "properties": {"date": "202606", "npix": 5, "peak_db": 9.7, "zone": "port_core"}}, {"type": "Feature", "geometry": {"type": "Point", "coordinates": [103.74267, 1.20367]}, "properties": {"date": "202606", "npix": 4, "peak_db": 15.6, "zone": "port_core"}}, {"type": "Feature", "geometry": {"type": "Point", "coordinates": [103.73533, 1.20283]}, "properties": {"date": "202606", "npix": 4, "peak_db": 7.7, "zone": "port_core"}}, {"type": "Feature", "geometry": {"type": "Point", "coordinates": [103.84406, 1.20278]}, "properties": {"date": "202606", "npix": 6, "peak_db": 7.5, "zone": "port_core"}}, {"type": "Feature", "geometry": {"type": "Point", "coordinates": [103.74494, 1.20272]}, "properties": {"date": "202606", "npix": 3, "peak_db": 13.1, "zone": "port_core"}}, {"type": "Feature", "geometry": {"type": "Point", "coordinates": [103.89092, 1.20183]}, "properties": {"date": "202606", "npix": 4, "peak_db": -3.5, "zone": "port_core"}}, {"type": "Feature", "geometry": {"type": "Point", "coordinates": [103.67877, 1.20163]}, "properties": {"date": "202606", "npix": 5, "peak_db": 8.9, "zone": "western_opl"}}, {"type": "Feature", "geometry": {"type": "Point", "coordinates": [103.84517, 1.2015]}, "properties": {"date": "202606", "npix": 5, "peak_db": 5.5, "zone": "port_core"}}, {"type": "Feature", "geometry": {"type": "Point", "coordinates": [103.68628, 1.19828]}, "properties": {"date": "202606", "npix": 3, "peak_db": 12.1, "zone": "western_opl"}}, {"type": "Feature", "geometry": {"type": "Point", "coordinates": [103.6815, 1.19633]}, "properties": {"date": "202606", "npix": 4, "peak_db": 11.3, "zone": "western_opl"}}, {"type": "Feature", "geometry": {"type": "Point", "coordinates": [103.67589, 1.19539]}, "properties": {"date": "202606", "npix": 6, "peak_db": 17.5, "zone": "western_opl"}}, {"type": "Feature", "geometry": {"type": "Point", "coordinates": [103.82003, 1.19417]}, "properties": {"date": "202606", "npix": 5, "peak_db": 18.2, "zone": "strait_other"}}, {"type": "Feature", "geometry": {"type": "Point", "coordinates": [103.6358, 1.1935]}, "properties": {"date": "202606", "npix": 18, "peak_db": 10.4, "zone": "western_opl"}}, {"type": "Feature", "geometry": {"type": "Point", "coordinates": [103.74194, 1.19394]}, "properties": {"date": "202606", "npix": 3, "peak_db": 12.2, "zone": "western_opl"}}, {"type": "Feature", "geometry": {"type": "Point", "coordinates": [103.82106, 1.19394]}, "properties": {"date": "202606", "npix": 3, "peak_db": 1.2, "zone": "strait_other"}}, {"type": "Feature", "geometry": {"type": "Point", "coordinates": [103.84561, 1.19394]}, "properties": {"date": "202606", "npix": 3, "peak_db": 1.7, "zone": "strait_other"}}, {"type": "Feature", "geometry": {"type": "Point", "coordinates": [103.69161, 1.19361]}, "properties": {"date": "202606", "npix": 3, "peak_db": 16.8, "zone": "western_opl"}}, {"type": "Feature", "geometry": {"type": "Point", "coordinates": [103.55344, 1.19339]}, "properties": {"date": "202606", "npix": 6, "peak_db": 9.1, "zone": "strait_other"}}, {"type": "Feature", "geometry": {"type": "Point", "coordinates": [103.74106, 1.19239]}, "properties": {"date": "202606", "npix": 3, "peak_db": 9.8, "zone": "western_opl"}}, {"type": "Feature", "geometry": {"type": "Point", "coordinates": [103.75767, 1.1915]}, "properties": {"date": "202606", "npix": 4, "peak_db": 9.0, "zone": "western_opl"}}, {"type": "Feature", "geometry": {"type": "Point", "coordinates": [103.66457, 1.19103]}, "properties": {"date": "202606", "npix": 5, "peak_db": 9.8, "zone": "western_opl"}}, {"type": "Feature", "geometry": {"type": "Point", "coordinates": [103.881, 1.19063]}, "properties": {"date": "202606", "npix": 10, "peak_db": 13.1, "zone": "strait_other"}}, {"type": "Feature", "geometry": {"type": "Point", "coordinates": [103.80383, 1.19042]}, "properties": {"date": "202606", "npix": 4, "peak_db": 5.0, "zone": "strait_other"}}, {"type": "Feature", "geometry": {"type": "Point", "coordinates": [103.78403, 1.1899]}, "properties": {"date": "202606", "npix": 5, "peak_db": -4.5, "zone": "strait_other"}}, {"type": "Feature", "geometry": {"type": "Point", "coordinates": [103.82248, 1.18939]}, "properties": {"date": "202606", "npix": 15, "peak_db": 14.9, "zone": "strait_other"}}, {"type": "Feature", "geometry": {"type": "Point", "coordinates": [103.95323, 1.18933]}, "properties": {"date": "202606", "npix": 10, "peak_db": 13.2, "zone": "strait_other"}}, {"type": "Feature", "geometry": {"type": "Point", "coordinates": [103.67228, 1.18928]}, "properties": {"date": "202606", "npix": 3, "peak_db": 7.2, "zone": "western_opl"}}, {"type": "Feature", "geometry": {"type": "Point", "coordinates": [103.70467, 1.18883]}, "properties": {"date": "202606", "npix": 4, "peak_db": 14.2, "zone": "western_opl"}}, {"type": "Feature", "geometry": {"type": "Point", "coordinates": [103.70172, 1.18861]}, "properties": {"date": "202606", "npix": 3, "peak_db": 11.2, "zone": "western_opl"}}, {"type": "Feature", "geometry": {"type": "Point", "coordinates": [104.29961, 1.18828]}, "properties": {"date": "202606", "npix": 3, "peak_db": 7.8, "zone": "eastern_opl"}}, {"type": "Feature", "geometry": {"type": "Point", "coordinates": [104.30039, 1.18794]}, "properties": {"date": "202606", "npix": 3, "peak_db": 0.1, "zone": "strait_other"}}, {"type": "Feature", "geometry": {"type": "Point", "coordinates": [103.76139, 1.18622]}, "properties": {"date": "202606", "npix": 6, "peak_db": 21.4, "zone": "western_opl"}}, {"type": "Feature", "geometry": {"type": "Point", "coordinates": [103.68603, 1.1861]}, "properties": {"date": "202606", "npix": 5, "peak_db": 20.5, "zone": "western_opl"}}, {"type": "Feature", "geometry": {"type": "Point", "coordinates": [103.8447, 1.18587]}, "properties": {"date": "202606", "npix": 20, "peak_db": 14.2, "zone": "strait_other"}}, {"type": "Feature", "geometry": {"type": "Point", "coordinates": [103.94694, 1.18606]}, "properties": {"date": "202606", "npix": 3, "peak_db": 7.2, "zone": "strait_other"}}, {"type": "Feature", "geometry": {"type": "Point", "coordinates": [103.66062, 1.18499]}, "properties": {"date": "202606", "npix": 17, "peak_db": 14.3, "zone": "western_opl"}}, {"type": "Feature", "geometry": {"type": "Point", "coordinates": [103.97188, 1.18395]}, "properties": {"date": "202606", "npix": 22, "peak_db": 21.2, "zone": "strait_other"}}, {"type": "Feature", "geometry": {"type": "Point", "coordinates": [103.6927, 1.1827]}, "properties": {"date": "202606", "npix": 5, "peak_db": 21.7, "zone": "western_opl"}}, {"type": "Feature", "geometry": {"type": "Point", "coordinates": [103.74606, 1.18306]}, "properties": {"date": "202606", "npix": 3, "peak_db": 11.4, "zone": "western_opl"}}, {"type": "Feature", "geometry": {"type": "Point", "coordinates": [103.7655, 1.18283]}, "properties": {"date": "202606", "npix": 3, "peak_db": 13.2, "zone": "western_opl"}}, {"type": "Feature", "geometry": {"type": "Point", "coordinates": [103.74961, 1.18094]}, "properties": {"date": "202606", "npix": 3, "peak_db": 14.8, "zone": "western_opl"}}, {"type": "Feature", "geometry": {"type": "Point", "coordinates": [103.93875, 1.18108]}, "properties": {"date": "202606", "npix": 4, "peak_db": 5.2, "zone": "strait_other"}}, {"type": "Feature", "geometry": {"type": "Point", "coordinates": [103.99726, 1.18069]}, "properties": {"date": "202606", "npix": 7, "peak_db": 9.1, "zone": "strait_other"}}, {"type": "Feature", "geometry": {"type": "Point", "coordinates": [103.5722, 1.1796]}, "properties": {"date": "202606", "npix": 10, "peak_db": 9.8, "zone": "strait_other"}}, {"type": "Feature", "geometry": {"type": "Point", "coordinates": [103.86358, 1.17958]}, "properties": {"date": "202606", "npix": 4, "peak_db": 8.7, "zone": "strait_other"}}, {"type": "Feature", "geometry": {"type": "Point", "coordinates": [103.773, 1.17906]}, "properties": {"date": "202606", "npix": 6, "peak_db": 3.4, "zone": "western_opl"}}, {"type": "Feature", "geometry": {"type": "Point", "coordinates": [103.57131, 1.17783]}, "properties": {"date": "202606", "npix": 9, "peak_db": 17.1, "zone": "strait_other"}}, {"type": "Feature", "geometry": {"type": "Point", "coordinates": [103.7005, 1.17792]}, "properties": {"date": "202606", "npix": 4, "peak_db": 16.8, "zone": "western_opl"}}, {"type": "Feature", "geometry": {"type": "Point", "coordinates": [103.96443, 1.17763]}, "properties": {"date": "202606", "npix": 5, "peak_db": 11.6, "zone": "strait_other"}}, {"type": "Feature", "geometry": {"type": "Point", "coordinates": [103.7065, 1.1775]}, "properties": {"date": "202606", "npix": 3, "peak_db": 13.1, "zone": "western_opl"}}, {"type": "Feature", "geometry": {"type": "Point", "coordinates": [103.93105, 1.17655]}, "properties": {"date": "202606", "npix": 14, "peak_db": 19.4, "zone": "strait_other"}}, {"type": "Feature", "geometry": {"type": "Point", "coordinates": [103.71196, 1.17471]}, "properties": {"date": "202606", "npix": 8, "peak_db": 17.4, "zone": "western_opl"}}, {"type": "Feature", "geometry": {"type": "Point", "coordinates": [103.7885, 1.174]}, "properties": {"date": "202606", "npix": 4, "peak_db": 6.2, "zone": "strait_other"}}, {"type": "Feature", "geometry": {"type": "Point", "coordinates": [103.75367, 1.17094]}, "properties": {"date": "202606", "npix": 6, "peak_db": 24.2, "zone": "western_opl"}}, {"type": "Feature", "geometry": {"type": "Point", "coordinates": [103.68363, 1.16922]}, "properties": {"date": "202606", "npix": 13, "peak_db": 8.2, "zone": "western_opl"}}, {"type": "Feature", "geometry": {"type": "Point", "coordinates": [103.83094, 1.16806]}, "properties": {"date": "202606", "npix": 3, "peak_db": 5.5, "zone": "strait_other"}}, {"type": "Feature", "geometry": {"type": "Point", "coordinates": [103.82157, 1.16661]}, "properties": {"date": "202606", "npix": 9, "peak_db": 9.3, "zone": "strait_other"}}, {"type": "Feature", "geometry": {"type": "Point", "coordinates": [103.6397, 1.16557]}, "properties": {"date": "202606", "npix": 10, "peak_db": 12.4, "zone": "western_opl"}}, {"type": "Feature", "geometry": {"type": "Point", "coordinates": [103.74943, 1.16603]}, "properties": {"date": "202606", "npix": 5, "peak_db": 13.0, "zone": "western_opl"}}, {"type": "Feature", "geometry": {"type": "Point", "coordinates": [103.71761, 1.16509]}, "properties": {"date": "202606", "npix": 9, "peak_db": 11.4, "zone": "western_opl"}}, {"type": "Feature", "geometry": {"type": "Point", "coordinates": [103.98306, 1.16361]}, "properties": {"date": "202606", "npix": 3, "peak_db": 2.7, "zone": "strait_other"}}, {"type": "Feature", "geometry": {"type": "Point", "coordinates": [103.9605, 1.16333]}, "properties": {"date": "202606", "npix": 4, "peak_db": 10.1, "zone": "strait_other"}}, {"type": "Feature", "geometry": {"type": "Point", "coordinates": [103.69929, 1.16167]}, "properties": {"date": "202606", "npix": 8, "peak_db": 5.7, "zone": "western_opl"}}, {"type": "Feature", "geometry": {"type": "Point", "coordinates": [103.96861, 1.16194]}, "properties": {"date": "202606", "npix": 3, "peak_db": 12.9, "zone": "strait_other"}}, {"type": "Feature", "geometry": {"type": "Point", "coordinates": [103.7665, 1.161]}, "properties": {"date": "202606", "npix": 6, "peak_db": 10.2, "zone": "western_opl"}}, {"type": "Feature", "geometry": {"type": "Point", "coordinates": [103.92875, 1.16092]}, "properties": {"date": "202606", "npix": 4, "peak_db": 6.1, "zone": "strait_other"}}, {"type": "Feature", "geometry": {"type": "Point", "coordinates": [103.97061, 1.16094]}, "properties": {"date": "202606", "npix": 3, "peak_db": 6.9, "zone": "strait_other"}}, {"type": "Feature", "geometry": {"type": "Point", "coordinates": [103.954, 1.1595]}, "properties": {"date": "202606", "npix": 6, "peak_db": 18.5, "zone": "strait_other"}}, {"type": "Feature", "geometry": {"type": "Point", "coordinates": [103.71494, 1.15894]}, "properties": {"date": "202606", "npix": 3, "peak_db": 6.3, "zone": "western_opl"}}, {"type": "Feature", "geometry": {"type": "Point", "coordinates": [103.96528, 1.15894]}, "properties": {"date": "202606", "npix": 3, "peak_db": 8.0, "zone": "strait_other"}}, {"type": "Feature", "geometry": {"type": "Point", "coordinates": [103.80572, 1.15828]}, "properties": {"date": "202606", "npix": 3, "peak_db": 2.0, "zone": "strait_other"}}, {"type": "Feature", "geometry": {"type": "Point", "coordinates": [103.94117, 1.15617]}, "properties": {"date": "202606", "npix": 3, "peak_db": 4.9, "zone": "strait_other"}}, {"type": "Feature", "geometry": {"type": "Point", "coordinates": [103.93033, 1.15567]}, "properties": {"date": "202606", "npix": 6, "peak_db": 7.1, "zone": "strait_other"}}, {"type": "Feature", "geometry": {"type": "Point", "coordinates": [103.94783, 1.15517]}, "properties": {"date": "202606", "npix": 3, "peak_db": 5.7, "zone": "strait_other"}}, {"type": "Feature", "geometry": {"type": "Point", "coordinates": [103.95228, 1.15494]}, "properties": {"date": "202606", "npix": 3, "peak_db": 8.3, "zone": "strait_other"}}, {"type": "Feature", "geometry": {"type": "Point", "coordinates": [103.96025, 1.15483]}, "properties": {"date": "202606", "npix": 4, "peak_db": 15.5, "zone": "strait_other"}}, {"type": "Feature", "geometry": {"type": "Point", "coordinates": [103.74661, 1.15472]}, "properties": {"date": "202606", "npix": 3, "peak_db": 5.2, "zone": "western_opl"}}, {"type": "Feature", "geometry": {"type": "Point", "coordinates": [103.93628, 1.15461]}, "properties": {"date": "202606", "npix": 6, "peak_db": 7.4, "zone": "strait_other"}}, {"type": "Feature", "geometry": {"type": "Point", "coordinates": [103.7965, 1.15417]}, "properties": {"date": "202606", "npix": 5, "peak_db": 9.0, "zone": "strait_other"}}, {"type": "Feature", "geometry": {"type": "Point", "coordinates": [103.9575, 1.15317]}, "properties": {"date": "202606", "npix": 3, "peak_db": 15.3, "zone": "strait_other"}}, {"type": "Feature", "geometry": {"type": "Point", "coordinates": [104.169, 1.15233]}, "properties": {"date": "202606", "npix": 4, "peak_db": 12.3, "zone": "eastern_opl"}}, {"type": "Feature", "geometry": {"type": "Point", "coordinates": [103.71386, 1.15129]}, "properties": {"date": "202606", "npix": 11, "peak_db": 12.6, "zone": "western_opl"}}, {"type": "Feature", "geometry": {"type": "Point", "coordinates": [103.66106, 1.15128]}, "properties": {"date": "202606", "npix": 3, "peak_db": -1.1, "zone": "western_opl"}}, {"type": "Feature", "geometry": {"type": "Point", "coordinates": [103.66283, 1.14683]}, "properties": {"date": "202606", "npix": 3, "peak_db": 1.6, "zone": "western_opl"}}, {"type": "Feature", "geometry": {"type": "Point", "coordinates": [103.554, 1.14633]}, "properties": {"date": "202606", "npix": 6, "peak_db": 14.2, "zone": "strait_other"}}, {"type": "Feature", "geometry": {"type": "Point", "coordinates": [104.18763, 1.13593]}, "properties": {"date": "202606", "npix": 10, "peak_db": 8.1, "zone": "eastern_opl"}}, {"type": "Feature", "geometry": {"type": "Point", "coordinates": [103.63633, 1.13512]}, "properties": {"date": "202606", "npix": 8, "peak_db": 9.8, "zone": "western_opl"}}, {"type": "Feature", "geometry": {"type": "Point", "coordinates": [104.2955, 1.13475]}, "properties": {"date": "202606", "npix": 4, "peak_db": -5.7, "zone": "eastern_opl"}}, {"type": "Feature", "geometry": {"type": "Point", "coordinates": [104.29406, 1.13406]}, "properties": {"date": "202606", "npix": 3, "peak_db": -7.1, "zone": "eastern_opl"}}, {"type": "Feature", "geometry": {"type": "Point", "coordinates": [103.76913, 1.1325]}, "properties": {"date": "202606", "npix": 10, "peak_db": 11.3, "zone": "western_opl"}}, {"type": "Feature", "geometry": {"type": "Point", "coordinates": [104.18667, 1.12983]}, "properties": {"date": "202606", "npix": 4, "peak_db": 6.9, "zone": "eastern_opl"}}, {"type": "Feature", "geometry": {"type": "Point", "coordinates": [103.91094, 1.12972]}, "properties": {"date": "202606", "npix": 3, "peak_db": -0.8, "zone": "strait_other"}}, {"type": "Feature", "geometry": {"type": "Point", "coordinates": [103.76894, 1.12506]}, "properties": {"date": "202606", "npix": 3, "peak_db": 1.1, "zone": "western_opl"}}, {"type": "Feature", "geometry": {"type": "Point", "coordinates": [103.76794, 1.12439]}, "properties": {"date": "202606", "npix": 3, "peak_db": 6.5, "zone": "western_opl"}}, {"type": "Feature", "geometry": {"type": "Point", "coordinates": [103.90497, 1.12423]}, "properties": {"date": "202606", "npix": 5, "peak_db": -0.4, "zone": "strait_other"}}, {"type": "Feature", "geometry": {"type": "Point", "coordinates": [104.19208, 1.1232]}, "properties": {"date": "202606", "npix": 11, "peak_db": 9.7, "zone": "eastern_opl"}}, {"type": "Feature", "geometry": {"type": "Point", "coordinates": [103.76953, 1.12147]}, "properties": {"date": "202606", "npix": 10, "peak_db": 13.5, "zone": "western_opl"}}, {"type": "Feature", "geometry": {"type": "Point", "coordinates": [103.62233, 1.12139]}, "properties": {"date": "202606", "npix": 6, "peak_db": 9.9, "zone": "western_opl"}}, {"type": "Feature", "geometry": {"type": "Point", "coordinates": [103.89383, 1.1185]}, "properties": {"date": "202606", "npix": 5, "peak_db": 3.8, "zone": "strait_other"}}, {"type": "Feature", "geometry": {"type": "Point", "coordinates": [103.59891, 1.11778]}, "properties": {"date": "202606", "npix": 13, "peak_db": 12.6, "zone": "western_opl"}}, {"type": "Feature", "geometry": {"type": "Point", "coordinates": [103.78208, 1.11725]}, "properties": {"date": "202606", "npix": 4, "peak_db": 7.1, "zone": "strait_other"}}, {"type": "Feature", "geometry": {"type": "Point", "coordinates": [104.15731, 1.11507]}, "properties": {"date": "202606", "npix": 7, "peak_db": 12.1, "zone": "eastern_opl"}}, {"type": "Feature", "geometry": {"type": "Point", "coordinates": [104.18343, 1.1141]}, "properties": {"date": "202606", "npix": 5, "peak_db": 11.9, "zone": "eastern_opl"}}, {"type": "Feature", "geometry": {"type": "Point", "coordinates": [104.18817, 1.11433]}, "properties": {"date": "202606", "npix": 4, "peak_db": 5.9, "zone": "eastern_opl"}}, {"type": "Feature", "geometry": {"type": "Point", "coordinates": [104.16974, 1.10955]}, "properties": {"date": "202606", "npix": 7, "peak_db": 6.5, "zone": "eastern_opl"}}, {"type": "Feature", "geometry": {"type": "Point", "coordinates": [104.20717, 1.10917]}, "properties": {"date": "202606", "npix": 5, "peak_db": 8.8, "zone": "eastern_opl"}}, {"type": "Feature", "geometry": {"type": "Point", "coordinates": [103.75128, 1.10839]}, "properties": {"date": "202606", "npix": 3, "peak_db": 1.5, "zone": "western_opl"}}, {"type": "Feature", "geometry": {"type": "Point", "coordinates": [104.18576, 1.1058]}, "properties": {"date": "202606", "npix": 9, "peak_db": 6.8, "zone": "eastern_opl"}}, {"type": "Feature", "geometry": {"type": "Point", "coordinates": [103.74023, 1.10308]}, "properties": {"date": "202606", "npix": 11, "peak_db": 9.8, "zone": "western_opl"}}, {"type": "Feature", "geometry": {"type": "Point", "coordinates": [104.16376, 1.09983]}, "properties": {"date": "202606", "npix": 9, "peak_db": 16.1, "zone": "eastern_opl"}}, {"type": "Feature", "geometry": {"type": "Point", "coordinates": [103.59877, 1.09803]}, "properties": {"date": "202606", "npix": 5, "peak_db": 6.4, "zone": "strait_other"}}, {"type": "Feature", "geometry": {"type": "Point", "coordinates": [103.92433, 1.0955]}, "properties": {"date": "202606", "npix": 4, "peak_db": 4.6, "zone": "strait_other"}}, {"type": "Feature", "geometry": {"type": "Point", "coordinates": [104.17497, 1.09477]}, "properties": {"date": "202606", "npix": 10, "peak_db": 13.1, "zone": "eastern_opl"}}, {"type": "Feature", "geometry": {"type": "Point", "coordinates": [104.18239, 1.09439]}, "properties": {"date": "202606", "npix": 3, "peak_db": 14.8, "zone": "eastern_opl"}}, {"type": "Feature", "geometry": {"type": "Point", "coordinates": [104.18583, 1.09172]}, "properties": {"date": "202606", "npix": 6, "peak_db": 15.3, "zone": "eastern_opl"}}, {"type": "Feature", "geometry": {"type": "Point", "coordinates": [104.20128, 1.09139]}, "properties": {"date": "202606", "npix": 3, "peak_db": 3.4, "zone": "eastern_opl"}}, {"type": "Feature", "geometry": {"type": "Point", "coordinates": [104.15767, 1.0895]}, "properties": {"date": "202606", "npix": 4, "peak_db": 6.2, "zone": "eastern_opl"}}, {"type": "Feature", "geometry": {"type": "Point", "coordinates": [103.56317, 1.08752]}, "properties": {"date": "202606", "npix": 14, "peak_db": 10.8, "zone": "strait_other"}}, {"type": "Feature", "geometry": {"type": "Point", "coordinates": [104.18211, 1.08756]}, "properties": {"date": "202606", "npix": 6, "peak_db": 11.7, "zone": "eastern_opl"}}, {"type": "Feature", "geometry": {"type": "Point", "coordinates": [104.18502, 1.08055]}, "properties": {"date": "202606", "npix": 7, "peak_db": 12.2, "zone": "eastern_opl"}}, {"type": "Feature", "geometry": {"type": "Point", "coordinates": [104.15006, 1.07361]}, "properties": {"date": "202606", "npix": 3, "peak_db": 3.0, "zone": "strait_other"}}, {"type": "Feature", "geometry": {"type": "Point", "coordinates": [103.71642, 1.07308]}, "properties": {"date": "202606", "npix": 4, "peak_db": 2.4, "zone": "strait_other"}}, {"type": "Feature", "geometry": {"type": "Point", "coordinates": [104.15183, 1.07083]}, "properties": {"date": "202606", "npix": 3, "peak_db": 4.9, "zone": "strait_other"}}, {"type": "Feature", "geometry": {"type": "Point", "coordinates": [103.60867, 1.06967]}, "properties": {"date": "202606", "npix": 4, "peak_db": 11.0, "zone": "strait_other"}}, {"type": "Feature", "geometry": {"type": "Point", "coordinates": [103.89577, 1.06943]}, "properties": {"date": "202606", "npix": 5, "peak_db": 1.7, "zone": "strait_other"}}, {"type": "Feature", "geometry": {"type": "Point", "coordinates": [104.196, 1.06433]}, "properties": {"date": "202606", "npix": 4, "peak_db": 8.0, "zone": "strait_other"}}, {"type": "Feature", "geometry": {"type": "Point", "coordinates": [103.6995, 1.06308]}, "properties": {"date": "202606", "npix": 4, "peak_db": -0.6, "zone": "strait_other"}}, {"type": "Feature", "geometry": {"type": "Point", "coordinates": [104.18097, 1.0611]}, "properties": {"date": "202606", "npix": 5, "peak_db": 11.4, "zone": "strait_other"}}, {"type": "Feature", "geometry": {"type": "Point", "coordinates": [103.60713, 1.06028]}, "properties": {"date": "202606", "npix": 9, "peak_db": 12.3, "zone": "strait_other"}}, {"type": "Feature", "geometry": {"type": "Point", "coordinates": [104.18406, 1.05928]}, "properties": {"date": "202606", "npix": 6, "peak_db": 20.2, "zone": "strait_other"}}, {"type": "Feature", "geometry": {"type": "Point", "coordinates": [103.70006, 1.05822]}, "properties": {"date": "202606", "npix": 6, "peak_db": 6.6, "zone": "strait_other"}}, {"type": "Feature", "geometry": {"type": "Point", "coordinates": [104.1825, 1.05817]}, "properties": {"date": "202606", "npix": 3, "peak_db": 7.8, "zone": "strait_other"}}, {"type": "Feature", "geometry": {"type": "Point", "coordinates": [104.18561, 1.05661]}, "properties": {"date": "202606", "npix": 3, "peak_db": 4.1, "zone": "strait_other"}}, {"type": "Feature", "geometry": {"type": "Point", "coordinates": [103.68253, 1.05607]}, "properties": {"date": "202606", "npix": 10, "peak_db": 11.5, "zone": "strait_other"}}, {"type": "Feature", "geometry": {"type": "Point", "coordinates": [104.15342, 1.05075]}, "properties": {"date": "202606", "npix": 4, "peak_db": 5.1, "zone": "strait_other"}}, {"type": "Feature", "geometry": {"type": "Point", "coordinates": [104.0197, 1.52357]}, "properties": {"date": "202607", "npix": 5, "peak_db": 7.8, "zone": "strait_other"}}, {"type": "Feature", "geometry": {"type": "Point", "coordinates": [104.00928, 1.51228]}, "properties": {"date": "202607", "npix": 3, "peak_db": 1.9, "zone": "strait_other"}}, {"type": "Feature", "geometry": {"type": "Point", "coordinates": [104.02401, 1.51171]}, "properties": {"date": "202607", "npix": 13, "peak_db": 18.9, "zone": "strait_other"}}, {"type": "Feature", "geometry": {"type": "Point", "coordinates": [104.009, 1.511]}, "properties": {"date": "202607", "npix": 4, "peak_db": 5.0, "zone": "strait_other"}}, {"type": "Feature", "geometry": {"type": "Point", "coordinates": [103.81506, 1.48194]}, "properties": {"date": "202607", "npix": 3, "peak_db": -6.0, "zone": "strait_other"}}, {"type": "Feature", "geometry": {"type": "Point", "coordinates": [103.83, 1.478]}, "properties": {"date": "202607", "npix": 4, "peak_db": 7.9, "zone": "strait_other"}}, {"type": "Feature", "geometry": {"type": "Point", "coordinates": [103.8105, 1.475]}, "properties": {"date": "202607", "npix": 8, "peak_db": -5.5, "zone": "strait_other"}}, {"type": "Feature", "geometry": {"type": "Point", "coordinates": [103.78336, 1.46055]}, "properties": {"date": "202607", "npix": 7, "peak_db": 3.5, "zone": "strait_other"}}, {"type": "Feature", "geometry": {"type": "Point", "coordinates": [104.0206, 1.4544]}, "properties": {"date": "202607", "npix": 13, "peak_db": 9.6, "zone": "strait_other"}}, {"type": "Feature", "geometry": {"type": "Point", "coordinates": [103.76661, 1.44972]}, "properties": {"date": "202607", "npix": 3, "peak_db": 3.7, "zone": "strait_other"}}, {"type": "Feature", "geometry": {"type": "Point", "coordinates": [104.31683, 1.44796]}, "properties": {"date": "202607", "npix": 8, "peak_db": 1.6, "zone": "strait_other"}}, {"type": "Feature", "geometry": {"type": "Point", "coordinates": [104.02261, 1.43272]}, "properties": {"date": "202607", "npix": 3, "peak_db": -8.7, "zone": "strait_other"}}, {"type": "Feature", "geometry": {"type": "Point", "coordinates": [103.92594, 1.43161]}, "properties": {"date": "202607", "npix": 3, "peak_db": 4.5, "zone": "strait_other"}}, {"type": "Feature", "geometry": {"type": "Point", "coordinates": [103.88903, 1.4279]}, "properties": {"date": "202607", "npix": 5, "peak_db": -0.7, "zone": "strait_other"}}, {"type": "Feature", "geometry": {"type": "Point", "coordinates": [104.08883, 1.42017]}, "properties": {"date": "202607", "npix": 3, "peak_db": -3.4, "zone": "strait_other"}}, {"type": "Feature", "geometry": {"type": "Point", "coordinates": [104.00242, 1.41575]}, "properties": {"date": "202607", "npix": 4, "peak_db": 15.0, "zone": "strait_other"}}, {"type": "Feature", "geometry": {"type": "Point", "coordinates": [103.97877, 1.4017]}, "properties": {"date": "202607", "npix": 5, "peak_db": -2.4, "zone": "strait_other"}}, {"type": "Feature", "geometry": {"type": "Point", "coordinates": [104.07339, 1.37594]}, "properties": {"date": "202607", "npix": 3, "peak_db": -4.6, "zone": "strait_other"}}, {"type": "Feature", "geometry": {"type": "Point", "coordinates": [104.03794, 1.37094]}, "properties": {"date": "202607", "npix": 3, "peak_db": -2.5, "zone": "strait_other"}}, {"type": "Feature", "geometry": {"type": "Point", "coordinates": [104.0723, 1.3691]}, "properties": {"date": "202607", "npix": 5, "peak_db": 9.2, "zone": "strait_other"}}, {"type": "Feature", "geometry": {"type": "Point", "coordinates": [104.03198, 1.36813]}, "properties": {"date": "202607", "npix": 9, "peak_db": 6.5, "zone": "strait_other"}}, {"type": "Feature", "geometry": {"type": "Point", "coordinates": [104.064, 1.36567]}, "properties": {"date": "202607", "npix": 4, "peak_db": 3.3, "zone": "strait_other"}}, {"type": "Feature", "geometry": {"type": "Point", "coordinates": [104.07223, 1.3647]}, "properties": {"date": "202607", "npix": 5, "peak_db": 7.0, "zone": "strait_other"}}, {"type": "Feature", "geometry": {"type": "Point", "coordinates": [104.0993, 1.36397]}, "properties": {"date": "202607", "npix": 5, "peak_db": -4.9, "zone": "strait_other"}}, {"type": "Feature", "geometry": {"type": "Point", "coordinates": [104.05923, 1.35917]}, "properties": {"date": "202607", "npix": 5, "peak_db": 2.7, "zone": "strait_other"}}, {"type": "Feature", "geometry": {"type": "Point", "coordinates": [104.06172, 1.35894]}, "properties": {"date": "202607", "npix": 3, "peak_db": -0.9, "zone": "strait_other"}}, {"type": "Feature", "geometry": {"type": "Point", "coordinates": [104.2403, 1.35797]}, "properties": {"date": "202607", "npix": 5, "peak_db": 3.7, "zone": "strait_other"}}, {"type": "Feature", "geometry": {"type": "Point", "coordinates": [104.0651, 1.35777]}, "properties": {"date": "202607", "npix": 5, "peak_db": 2.6, "zone": "strait_other"}}, {"type": "Feature", "geometry": {"type": "Point", "coordinates": [103.62306, 1.35472]}, "properties": {"date": "202607", "npix": 3, "peak_db": -3.7, "zone": "strait_other"}}, {"type": "Feature", "geometry": {"type": "Point", "coordinates": [104.07267, 1.35417]}, "properties": {"date": "202607", "npix": 4, "peak_db": -5.9, "zone": "strait_other"}}, {"type": "Feature", "geometry": {"type": "Point", "coordinates": [103.62772, 1.35206]}, "properties": {"date": "202607", "npix": 3, "peak_db": -3.3, "zone": "strait_other"}}, {"type": "Feature", "geometry": {"type": "Point", "coordinates": [104.05506, 1.35006]}, "properties": {"date": "202607", "npix": 3, "peak_db": -0.8, "zone": "strait_other"}}, {"type": "Feature", "geometry": {"type": "Point", "coordinates": [104.09037, 1.3489]}, "properties": {"date": "202607", "npix": 5, "peak_db": 5.1, "zone": "strait_other"}}, {"type": "Feature", "geometry": {"type": "Point", "coordinates": [104.08608, 1.34658]}, "properties": {"date": "202607", "npix": 4, "peak_db": 14.1, "zone": "strait_other"}}, {"type": "Feature", "geometry": {"type": "Point", "coordinates": [104.04539, 1.34272]}, "properties": {"date": "202607", "npix": 3, "peak_db": 6.6, "zone": "strait_other"}}, {"type": "Feature", "geometry": {"type": "Point", "coordinates": [104.11494, 1.34261]}, "properties": {"date": "202607", "npix": 3, "peak_db": -0.1, "zone": "strait_other"}}, {"type": "Feature", "geometry": {"type": "Point", "coordinates": [104.10037, 1.34137]}, "properties": {"date": "202607", "npix": 5, "peak_db": 10.3, "zone": "strait_other"}}, {"type": "Feature", "geometry": {"type": "Point", "coordinates": [104.09506, 1.34072]}, "properties": {"date": "202607", "npix": 3, "peak_db": 5.0, "zone": "strait_other"}}, {"type": "Feature", "geometry": {"type": "Point", "coordinates": [104.26861, 1.34039]}, "properties": {"date": "202607", "npix": 3, "peak_db": 14.8, "zone": "strait_other"}}, {"type": "Feature", "geometry": {"type": "Point", "coordinates": [104.25683, 1.33944]}, "properties": {"date": "202607", "npix": 6, "peak_db": 7.8, "zone": "strait_other"}}, {"type": "Feature", "geometry": {"type": "Point", "coordinates": [104.26425, 1.33975]}, "properties": {"date": "202607", "npix": 4, "peak_db": 8.4, "zone": "strait_other"}}, {"type": "Feature", "geometry": {"type": "Point", "coordinates": [104.08994, 1.33811]}, "properties": {"date": "202607", "npix": 6, "peak_db": 13.9, "zone": "strait_other"}}, {"type": "Feature", "geometry": {"type": "Point", "coordinates": [104.11006, 1.33839]}, "properties": {"date": "202607", "npix": 3, "peak_db": 2.8, "zone": "strait_other"}}, {"type": "Feature", "geometry": {"type": "Point", "coordinates": [104.09928, 1.33661]}, "properties": {"date": "202607", "npix": 3, "peak_db": 8.8, "zone": "strait_other"}}, {"type": "Feature", "geometry": {"type": "Point", "coordinates": [104.34306, 1.33602]}, "properties": {"date": "202607", "npix": 9, "peak_db": 7.7, "zone": "strait_other"}}, {"type": "Feature", "geometry": {"type": "Point", "coordinates": [104.05317, 1.33375]}, "properties": {"date": "202607", "npix": 8, "peak_db": 9.6, "zone": "strait_other"}}, {"type": "Feature", "geometry": {"type": "Point", "coordinates": [104.05606, 1.33272]}, "properties": {"date": "202607", "npix": 3, "peak_db": 11.6, "zone": "strait_other"}}, {"type": "Feature", "geometry": {"type": "Point", "coordinates": [104.2351, 1.33163]}, "properties": {"date": "202607", "npix": 5, "peak_db": 12.0, "zone": "strait_other"}}, {"type": "Feature", "geometry": {"type": "Point", "coordinates": [104.24617, 1.33183]}, "properties": {"date": "202607", "npix": 3, "peak_db": 13.0, "zone": "strait_other"}}, {"type": "Feature", "geometry": {"type": "Point", "coordinates": [104.05306, 1.33039]}, "properties": {"date": "202607", "npix": 3, "peak_db": 11.1, "zone": "strait_other"}}, {"type": "Feature", "geometry": {"type": "Point", "coordinates": [104.1123, 1.3303]}, "properties": {"date": "202607", "npix": 5, "peak_db": 4.6, "zone": "strait_other"}}, {"type": "Feature", "geometry": {"type": "Point", "coordinates": [104.26157, 1.3303]}, "properties": {"date": "202607", "npix": 5, "peak_db": 14.9, "zone": "strait_other"}}, {"type": "Feature", "geometry": {"type": "Point", "coordinates": [104.09708, 1.32888]}, "properties": {"date": "202607", "npix": 8, "peak_db": 13.1, "zone": "strait_other"}}, {"type": "Feature", "geometry": {"type": "Point", "coordinates": [104.27336, 1.32842]}, "properties": {"date": "202607", "npix": 12, "peak_db": 13.1, "zone": "strait_other"}}, {"type": "Feature", "geometry": {"type": "Point", "coordinates": [104.3305, 1.32817]}, "properties": {"date": "202607", "npix": 7, "peak_db": 8.6, "zone": "strait_other"}}, {"type": "Feature", "geometry": {"type": "Point", "coordinates": [104.2405, 1.32733]}, "properties": {"date": "202607", "npix": 4, "peak_db": 8.7, "zone": "strait_other"}}, {"type": "Feature", "geometry": {"type": "Point", "coordinates": [104.22157, 1.32654]}, "properties": {"date": "202607", "npix": 9, "peak_db": 16.2, "zone": "strait_other"}}, {"type": "Feature", "geometry": {"type": "Point", "coordinates": [104.09974, 1.32593]}, "properties": {"date": "202607", "npix": 7, "peak_db": 12.6, "zone": "strait_other"}}, {"type": "Feature", "geometry": {"type": "Point", "coordinates": [104.26107, 1.3246]}, "properties": {"date": "202607", "npix": 7, "peak_db": 12.0, "zone": "strait_other"}}, {"type": "Feature", "geometry": {"type": "Point", "coordinates": [104.14177, 1.3241]}, "properties": {"date": "202607", "npix": 5, "peak_db": 12.7, "zone": "strait_other"}}, {"type": "Feature", "geometry": {"type": "Point", "coordinates": [104.11694, 1.32361]}, "properties": {"date": "202607", "npix": 3, "peak_db": 12.1, "zone": "strait_other"}}, {"type": "Feature", "geometry": {"type": "Point", "coordinates": [104.11761, 1.32306]}, "properties": {"date": "202607", "npix": 3, "peak_db": 12.3, "zone": "strait_other"}}, {"type": "Feature", "geometry": {"type": "Point", "coordinates": [104.1245, 1.32288]}, "properties": {"date": "202607", "npix": 8, "peak_db": 17.7, "zone": "strait_other"}}, {"type": "Feature", "geometry": {"type": "Point", "coordinates": [104.05078, 1.32211]}, "properties": {"date": "202607", "npix": 12, "peak_db": 17.0, "zone": "strait_other"}}, {"type": "Feature", "geometry": {"type": "Point", "coordinates": [104.24993, 1.32227]}, "properties": {"date": "202607", "npix": 10, "peak_db": 18.1, "zone": "strait_other"}}, {"type": "Feature", "geometry": {"type": "Point", "coordinates": [104.25139, 1.32139]}, "properties": {"date": "202607", "npix": 3, "peak_db": 6.4, "zone": "strait_other"}}, {"type": "Feature", "geometry": {"type": "Point", "coordinates": [104.13661, 1.32094]}, "properties": {"date": "202607", "npix": 3, "peak_db": 15.2, "zone": "strait_other"}}, {"type": "Feature", "geometry": {"type": "Point", "coordinates": [104.23137, 1.3209]}, "properties": {"date": "202607", "npix": 5, "peak_db": 25.8, "zone": "strait_other"}}, {"type": "Feature", "geometry": {"type": "Point", "coordinates": [104.2235, 1.32012]}, "properties": {"date": "202607", "npix": 7, "peak_db": 20.3, "zone": "strait_other"}}, {"type": "Feature", "geometry": {"type": "Point", "coordinates": [103.5555, 1.31753]}, "properties": {"date": "202607", "npix": 10, "peak_db": 13.1, "zone": "strait_other"}}, {"type": "Feature", "geometry": {"type": "Point", "coordinates": [104.0875, 1.31775]}, "properties": {"date": "202607", "npix": 8, "peak_db": 8.1, "zone": "strait_other"}}, {"type": "Feature", "geometry": {"type": "Point", "coordinates": [104.29836, 1.31788]}, "properties": {"date": "202607", "npix": 7, "peak_db": 32.3, "zone": "strait_other"}}, {"type": "Feature", "geometry": {"type": "Point", "coordinates": [104.19583, 1.31767]}, "properties": {"date": "202607", "npix": 14, "peak_db": 15.4, "zone": "strait_other"}}, {"type": "Feature", "geometry": {"type": "Point", "coordinates": [104.12972, 1.31706]}, "properties": {"date": "202607", "npix": 3, "peak_db": 21.0, "zone": "strait_other"}}, {"type": "Feature", "geometry": {"type": "Point", "coordinates": [104.06467, 1.313]}, "properties": {"date": "202607", "npix": 4, "peak_db": 17.6, "zone": "strait_other"}}, {"type": "Feature", "geometry": {"type": "Point", "coordinates": [104.11046, 1.31267]}, "properties": {"date": "202607", "npix": 8, "peak_db": 25.7, "zone": "strait_other"}}, {"type": "Feature", "geometry": {"type": "Point", "coordinates": [104.2335, 1.31117]}, "properties": {"date": "202607", "npix": 3, "peak_db": 12.5, "zone": "strait_other"}}, {"type": "Feature", "geometry": {"type": "Point", "coordinates": [104.05892, 1.3105]}, "properties": {"date": "202607", "npix": 4, "peak_db": 10.3, "zone": "strait_other"}}, {"type": "Feature", "geometry": {"type": "Point", "coordinates": [104.0605, 1.3105]}, "properties": {"date": "202607", "npix": 3, "peak_db": 17.6, "zone": "strait_other"}}, {"type": "Feature", "geometry": {"type": "Point", "coordinates": [104.12961, 1.31028]}, "properties": {"date": "202607", "npix": 3, "peak_db": 15.9, "zone": "strait_other"}}, {"type": "Feature", "geometry": {"type": "Point", "coordinates": [104.14175, 1.30992]}, "properties": {"date": "202607", "npix": 4, "peak_db": 16.5, "zone": "strait_other"}}, {"type": "Feature", "geometry": {"type": "Point", "coordinates": [104.1305, 1.30967]}, "properties": {"date": "202607", "npix": 4, "peak_db": 16.9, "zone": "strait_other"}}, {"type": "Feature", "geometry": {"type": "Point", "coordinates": [104.14261, 1.30928]}, "properties": {"date": "202607", "npix": 3, "peak_db": 12.0, "zone": "strait_other"}}, {"type": "Feature", "geometry": {"type": "Point", "coordinates": [104.27298, 1.30733]}, "properties": {"date": "202607", "npix": 21, "peak_db": 28.3, "zone": "strait_other"}}, {"type": "Feature", "geometry": {"type": "Point", "coordinates": [104.07017, 1.30733]}, "properties": {"date": "202607", "npix": 4, "peak_db": 16.1, "zone": "strait_other"}}, {"type": "Feature", "geometry": {"type": "Point", "coordinates": [104.07178, 1.30722]}, "properties": {"date": "202607", "npix": 6, "peak_db": 9.7, "zone": "strait_other"}}, {"type": "Feature", "geometry": {"type": "Point", "coordinates": [104.18045, 1.30667]}, "properties": {"date": "202607", "npix": 21, "peak_db": 23.0, "zone": "strait_other"}}, {"type": "Feature", "geometry": {"type": "Point", "coordinates": [104.15183, 1.307]}, "properties": {"date": "202607", "npix": 4, "peak_db": 16.7, "zone": "strait_other"}}, {"type": "Feature", "geometry": {"type": "Point", "coordinates": [104.12194, 1.30672]}, "properties": {"date": "202607", "npix": 3, "peak_db": 14.9, "zone": "strait_other"}}, {"type": "Feature", "geometry": {"type": "Point", "coordinates": [104.25033, 1.30591]}, "properties": {"date": "202607", "npix": 22, "peak_db": 37.5, "zone": "strait_other"}}, {"type": "Feature", "geometry": {"type": "Point", "coordinates": [104.15972, 1.30606]}, "properties": {"date": "202607", "npix": 3, "peak_db": 15.8, "zone": "strait_other"}}, {"type": "Feature", "geometry": {"type": "Point", "coordinates": [104.14583, 1.30528]}, "properties": {"date": "202607", "npix": 9, "peak_db": 21.4, "zone": "strait_other"}}, {"type": "Feature", "geometry": {"type": "Point", "coordinates": [104.10375, 1.30492]}, "properties": {"date": "202607", "npix": 4, "peak_db": 3.0, "zone": "strait_other"}}, {"type": "Feature", "geometry": {"type": "Point", "coordinates": [104.04754, 1.30429]}, "properties": {"date": "202607", "npix": 19, "peak_db": 14.9, "zone": "strait_other"}}, {"type": "Feature", "geometry": {"type": "Point", "coordinates": [103.99428, 1.30394]}, "properties": {"date": "202607", "npix": 3, "peak_db": 20.9, "zone": "port_core"}}, {"type": "Feature", "geometry": {"type": "Point", "coordinates": [104.04506, 1.30394]}, "properties": {"date": "202607", "npix": 3, "peak_db": 4.6, "zone": "strait_other"}}, {"type": "Feature", "geometry": {"type": "Point", "coordinates": [104.0565, 1.30383]}, "properties": {"date": "202607", "npix": 3, "peak_db": 23.3, "zone": "strait_other"}}, {"type": "Feature", "geometry": {"type": "Point", "coordinates": [104.13194, 1.30261]}, "properties": {"date": "202607", "npix": 3, "peak_db": 17.9, "zone": "strait_other"}}, {"type": "Feature", "geometry": {"type": "Point", "coordinates": [103.99817, 1.30233]}, "properties": {"date": "202607", "npix": 4, "peak_db": 16.3, "zone": "port_core"}}, {"type": "Feature", "geometry": {"type": "Point", "coordinates": [104.13277, 1.30197]}, "properties": {"date": "202607", "npix": 5, "peak_db": 13.8, "zone": "strait_other"}}, {"type": "Feature", "geometry": {"type": "Point", "coordinates": [104.16672, 1.30172]}, "properties": {"date": "202607", "npix": 3, "peak_db": 14.6, "zone": "strait_other"}}, {"type": "Feature", "geometry": {"type": "Point", "coordinates": [104.07528, 1.30028]}, "properties": {"date": "202607", "npix": 3, "peak_db": 11.5, "zone": "strait_other"}}, {"type": "Feature", "geometry": {"type": "Point", "coordinates": [104.21292, 1.29922]}, "properties": {"date": "202607", "npix": 19, "peak_db": 23.2, "zone": "strait_other"}}, {"type": "Feature", "geometry": {"type": "Point", "coordinates": [104.10417, 1.2995]}, "properties": {"date": "202607", "npix": 3, "peak_db": 5.0, "zone": "strait_other"}}, {"type": "Feature", "geometry": {"type": "Point", "coordinates": [104.1578, 1.29895]}, "properties": {"date": "202607", "npix": 11, "peak_db": 15.6, "zone": "strait_other"}}, {"type": "Feature", "geometry": {"type": "Point", "coordinates": [104.00858, 1.29842]}, "properties": {"date": "202607", "npix": 4, "peak_db": 4.9, "zone": "port_core"}}, {"type": "Feature", "geometry": {"type": "Point", "coordinates": [104.14728, 1.29761]}, "properties": {"date": "202607", "npix": 3, "peak_db": 10.8, "zone": "strait_other"}}, {"type": "Feature", "geometry": {"type": "Point", "coordinates": [103.69183, 1.29567]}, "properties": {"date": "202607", "npix": 4, "peak_db": -9.9, "zone": "port_core"}}, {"type": "Feature", "geometry": {"type": "Point", "coordinates": [103.6905, 1.29517]}, "properties": {"date": "202607", "npix": 3, "peak_db": -7.8, "zone": "port_core"}}, {"type": "Feature", "geometry": {"type": "Point", "coordinates": [103.99983, 1.29317]}, "properties": {"date": "202607", "npix": 5, "peak_db": 13.6, "zone": "port_core"}}, {"type": "Feature", "geometry": {"type": "Point", "coordinates": [104.13583, 1.29246]}, "properties": {"date": "202607", "npix": 8, "peak_db": 5.4, "zone": "strait_other"}}, {"type": "Feature", "geometry": {"type": "Point", "coordinates": [104.08532, 1.29229]}, "properties": {"date": "202607", "npix": 13, "peak_db": 20.0, "zone": "strait_other"}}, {"type": "Feature", "geometry": {"type": "Point", "coordinates": [104.17547, 1.292]}, "properties": {"date": "202607", "npix": 10, "peak_db": 14.5, "zone": "strait_other"}}, {"type": "Feature", "geometry": {"type": "Point", "coordinates": [104.33326, 1.2914]}, "properties": {"date": "202607", "npix": 7, "peak_db": 9.9, "zone": "strait_other"}}, {"type": "Feature", "geometry": {"type": "Point", "coordinates": [104.11299, 1.29117]}, "properties": {"date": "202607", "npix": 21, "peak_db": 14.3, "zone": "strait_other"}}, {"type": "Feature", "geometry": {"type": "Point", "coordinates": [104.06496, 1.29088]}, "properties": {"date": "202607", "npix": 8, "peak_db": 26.7, "zone": "strait_other"}}, {"type": "Feature", "geometry": {"type": "Point", "coordinates": [103.92117, 1.29083]}, "properties": {"date": "202607", "npix": 3, "peak_db": 11.5, "zone": "port_core"}}, {"type": "Feature", "geometry": {"type": "Point", "coordinates": [103.65279, 1.2894]}, "properties": {"date": "202607", "npix": 7, "peak_db": 6.0, "zone": "western_opl"}}, {"type": "Feature", "geometry": {"type": "Point", "coordinates": [104.01539, 1.28939]}, "properties": {"date": "202607", "npix": 9, "peak_db": 13.9, "zone": "port_core"}}, {"type": "Feature", "geometry": {"type": "Point", "coordinates": [104.05683, 1.28933]}, "properties": {"date": "202607", "npix": 6, "peak_db": 19.7, "zone": "strait_other"}}, {"type": "Feature", "geometry": {"type": "Point", "coordinates": [104.02043, 1.28897]}, "properties": {"date": "202607", "npix": 5, "peak_db": 13.1, "zone": "strait_other"}}, {"type": "Feature", "geometry": {"type": "Point", "coordinates": [104.0215, 1.28908]}, "properties": {"date": "202607", "npix": 4, "peak_db": 8.5, "zone": "strait_other"}}, {"type": "Feature", "geometry": {"type": "Point", "coordinates": [103.73717, 1.28767]}, "properties": {"date": "202607", "npix": 18, "peak_db": 12.6, "zone": "port_core"}}, {"type": "Feature", "geometry": {"type": "Point", "coordinates": [103.75181, 1.28764]}, "properties": {"date": "202607", "npix": 12, "peak_db": 19.8, "zone": "port_core"}}, {"type": "Feature", "geometry": {"type": "Point", "coordinates": [104.00794, 1.28761]}, "properties": {"date": "202607", "npix": 3, "peak_db": 16.2, "zone": "port_core"}}, {"type": "Feature", "geometry": {"type": "Point", "coordinates": [103.91472, 1.28722]}, "properties": {"date": "202607", "npix": 6, "peak_db": 12.1, "zone": "port_core"}}, {"type": "Feature", "geometry": {"type": "Point", "coordinates": [103.97217, 1.2875]}, "properties": {"date": "202607", "npix": 5, "peak_db": 12.4, "zone": "port_core"}}, {"type": "Feature", "geometry": {"type": "Point", "coordinates": [104.00106, 1.28572]}, "properties": {"date": "202607", "npix": 9, "peak_db": 14.2, "zone": "port_core"}}, {"type": "Feature", "geometry": {"type": "Point", "coordinates": [103.67033, 1.28533]}, "properties": {"date": "202607", "npix": 4, "peak_db": -0.3, "zone": "western_opl"}}, {"type": "Feature", "geometry": {"type": "Point", "coordinates": [104.02583, 1.28492]}, "properties": {"date": "202607", "npix": 4, "peak_db": 12.3, "zone": "strait_other"}}, {"type": "Feature", "geometry": {"type": "Point", "coordinates": [104.02737, 1.2847]}, "properties": {"date": "202607", "npix": 5, "peak_db": 5.5, "zone": "strait_other"}}, {"type": "Feature", "geometry": {"type": "Point", "coordinates": [104.01742, 1.28425]}, "properties": {"date": "202607", "npix": 4, "peak_db": 18.8, "zone": "port_core"}}, {"type": "Feature", "geometry": {"type": "Point", "coordinates": [104.05071, 1.28168]}, "properties": {"date": "202607", "npix": 11, "peak_db": 14.8, "zone": "strait_other"}}, {"type": "Feature", "geometry": {"type": "Point", "coordinates": [103.90928, 1.28167]}, "properties": {"date": "202607", "npix": 6, "peak_db": 14.0, "zone": "port_core"}}, {"type": "Feature", "geometry": {"type": "Point", "coordinates": [103.98817, 1.28183]}, "properties": {"date": "202607", "npix": 5, "peak_db": 10.6, "zone": "port_core"}}, {"type": "Feature", "geometry": {"type": "Point", "coordinates": [104.12217, 1.28067]}, "properties": {"date": "202607", "npix": 6, "peak_db": 8.8, "zone": "strait_other"}}, {"type": "Feature", "geometry": {"type": "Point", "coordinates": [103.8915, 1.2805]}, "properties": {"date": "202607", "npix": 3, "peak_db": 6.8, "zone": "port_core"}}, {"type": "Feature", "geometry": {"type": "Point", "coordinates": [103.93583, 1.27917]}, "properties": {"date": "202607", "npix": 3, "peak_db": 23.0, "zone": "port_core"}}, {"type": "Feature", "geometry": {"type": "Point", "coordinates": [104.11368, 1.27914]}, "properties": {"date": "202607", "npix": 13, "peak_db": 20.6, "zone": "strait_other"}}, {"type": "Feature", "geometry": {"type": "Point", "coordinates": [103.59406, 1.27867]}, "properties": {"date": "202607", "npix": 6, "peak_db": 1.0, "zone": "western_opl"}}, {"type": "Feature", "geometry": {"type": "Point", "coordinates": [104.0151, 1.27903]}, "properties": {"date": "202607", "npix": 5, "peak_db": 7.9, "zone": "port_core"}}, {"type": "Feature", "geometry": {"type": "Point", "coordinates": [104.26315, 1.2783]}, "properties": {"date": "202607", "npix": 17, "peak_db": 25.1, "zone": "strait_other"}}, {"type": "Feature", "geometry": {"type": "Point", "coordinates": [103.5815, 1.27726]}, "properties": {"date": "202607", "npix": 7, "peak_db": 10.7, "zone": "western_opl"}}, {"type": "Feature", "geometry": {"type": "Point", "coordinates": [103.95939, 1.27772]}, "properties": {"date": "202607", "npix": 3, "peak_db": 21.4, "zone": "port_core"}}, {"type": "Feature", "geometry": {"type": "Point", "coordinates": [103.89526, 1.27702]}, "properties": {"date": "202607", "npix": 7, "peak_db": 17.7, "zone": "port_core"}}, {"type": "Feature", "geometry": {"type": "Point", "coordinates": [104.02898, 1.27687]}, "properties": {"date": "202607", "npix": 9, "peak_db": 14.9, "zone": "strait_other"}}, {"type": "Feature", "geometry": {"type": "Point", "coordinates": [103.94311, 1.27672]}, "properties": {"date": "202607", "npix": 6, "peak_db": 24.2, "zone": "port_core"}}, {"type": "Feature", "geometry": {"type": "Point", "coordinates": [103.98137, 1.27637]}, "properties": {"date": "202607", "npix": 5, "peak_db": 14.9, "zone": "port_core"}}, {"type": "Feature", "geometry": {"type": "Point", "coordinates": [103.57283, 1.27533]}, "properties": {"date": "202607", "npix": 4, "peak_db": 9.8, "zone": "strait_other"}}, {"type": "Feature", "geometry": {"type": "Point", "coordinates": [103.92062, 1.2755]}, "properties": {"date": "202607", "npix": 8, "peak_db": 29.0, "zone": "port_core"}}, {"type": "Feature", "geometry": {"type": "Point", "coordinates": [103.74391, 1.2748]}, "properties": {"date": "202607", "npix": 9, "peak_db": 16.5, "zone": "port_core"}}, {"type": "Feature", "geometry": {"type": "Point", "coordinates": [104.07076, 1.27454]}, "properties": {"date": "202607", "npix": 18, "peak_db": 23.9, "zone": "strait_other"}}, {"type": "Feature", "geometry": {"type": "Point", "coordinates": [104.09029, 1.27411]}, "properties": {"date": "202607", "npix": 19, "peak_db": 15.6, "zone": "strait_other"}}, {"type": "Feature", "geometry": {"type": "Point", "coordinates": [104.0565, 1.274]}, "properties": {"date": "202607", "npix": 10, "peak_db": 8.6, "zone": "strait_other"}}, {"type": "Feature", "geometry": {"type": "Point", "coordinates": [104.29289, 1.27406]}, "properties": {"date": "202607", "npix": 6, "peak_db": 9.3, "zone": "strait_other"}}, {"type": "Feature", "geometry": {"type": "Point", "coordinates": [103.59667, 1.2735]}, "properties": {"date": "202607", "npix": 4, "peak_db": 7.3, "zone": "western_opl"}}, {"type": "Feature", "geometry": {"type": "Point", "coordinates": [103.58972, 1.27272]}, "properties": {"date": "202607", "npix": 3, "peak_db": 2.4, "zone": "western_opl"}}, {"type": "Feature", "geometry": {"type": "Point", "coordinates": [103.97167, 1.2725]}, "properties": {"date": "202607", "npix": 6, "peak_db": 18.0, "zone": "port_core"}}, {"type": "Feature", "geometry": {"type": "Point", "coordinates": [103.89317, 1.27217]}, "properties": {"date": "202607", "npix": 3, "peak_db": 14.8, "zone": "port_core"}}, {"type": "Feature", "geometry": {"type": "Point", "coordinates": [103.98994, 1.27161]}, "properties": {"date": "202607", "npix": 3, "peak_db": 13.9, "zone": "port_core"}}, {"type": "Feature", "geometry": {"type": "Point", "coordinates": [103.99122, 1.27172]}, "properties": {"date": "202607", "npix": 6, "peak_db": 6.7, "zone": "port_core"}}, {"type": "Feature", "geometry": {"type": "Point", "coordinates": [103.58183, 1.2705]}, "properties": {"date": "202607", "npix": 5, "peak_db": 8.5, "zone": "western_opl"}}, {"type": "Feature", "geometry": {"type": "Point", "coordinates": [103.88717, 1.27117]}, "properties": {"date": "202607", "npix": 3, "peak_db": 12.3, "zone": "port_core"}}, {"type": "Feature", "geometry": {"type": "Point", "coordinates": [103.56569, 1.26939]}, "properties": {"date": "202607", "npix": 9, "peak_db": 18.9, "zone": "strait_other"}}, {"type": "Feature", "geometry": {"type": "Point", "coordinates": [103.59175, 1.26975]}, "properties": {"date": "202607", "npix": 4, "peak_db": 1.4, "zone": "western_opl"}}, {"type": "Feature", "geometry": {"type": "Point", "coordinates": [103.88188, 1.26993]}, "properties": {"date": "202607", "npix": 7, "peak_db": 13.6, "zone": "port_core"}}, {"type": "Feature", "geometry": {"type": "Point", "coordinates": [103.75194, 1.26961]}, "properties": {"date": "202607", "npix": 3, "peak_db": 11.1, "zone": "port_core"}}, {"type": "Feature", "geometry": {"type": "Point", "coordinates": [104.0101, 1.26937]}, "properties": {"date": "202607", "npix": 5, "peak_db": 9.1, "zone": "port_core"}}, {"type": "Feature", "geometry": {"type": "Point", "coordinates": [103.96602, 1.26907]}, "properties": {"date": "202607", "npix": 7, "peak_db": 14.8, "zone": "port_core"}}, {"type": "Feature", "geometry": {"type": "Point", "coordinates": [103.87742, 1.26742]}, "properties": {"date": "202607", "npix": 4, "peak_db": 19.5, "zone": "port_core"}}, {"type": "Feature", "geometry": {"type": "Point", "coordinates": [103.89317, 1.2675]}, "properties": {"date": "202607", "npix": 3, "peak_db": 16.9, "zone": "port_core"}}, {"type": "Feature", "geometry": {"type": "Point", "coordinates": [104.16726, 1.26725]}, "properties": {"date": "202607", "npix": 17, "peak_db": 23.0, "zone": "strait_other"}}, {"type": "Feature", "geometry": {"type": "Point", "coordinates": [104.28658, 1.26742]}, "properties": {"date": "202607", "npix": 8, "peak_db": 11.0, "zone": "strait_other"}}, {"type": "Feature", "geometry": {"type": "Point", "coordinates": [103.76317, 1.26583]}, "properties": {"date": "202607", "npix": 19, "peak_db": 23.6, "zone": "port_core"}}, {"type": "Feature", "geometry": {"type": "Point", "coordinates": [103.57617, 1.26633]}, "properties": {"date": "202607", "npix": 4, "peak_db": 19.5, "zone": "strait_other"}}, {"type": "Feature", "geometry": {"type": "Point", "coordinates": [103.7755, 1.26517]}, "properties": {"date": "202607", "npix": 3, "peak_db": -3.7, "zone": "port_core"}}, {"type": "Feature", "geometry": {"type": "Point", "coordinates": [103.90211, 1.26506]}, "properties": {"date": "202607", "npix": 6, "peak_db": 21.6, "zone": "port_core"}}, {"type": "Feature", "geometry": {"type": "Point", "coordinates": [103.91472, 1.26494]}, "properties": {"date": "202607", "npix": 3, "peak_db": 20.2, "zone": "port_core"}}, {"type": "Feature", "geometry": {"type": "Point", "coordinates": [103.93636, 1.26408]}, "properties": {"date": "202607", "npix": 22, "peak_db": 18.2, "zone": "port_core"}}, {"type": "Feature", "geometry": {"type": "Point", "coordinates": [104.1965, 1.26392]}, "properties": {"date": "202607", "npix": 15, "peak_db": 17.9, "zone": "strait_other"}}, {"type": "Feature", "geometry": {"type": "Point", "coordinates": [103.95544, 1.26322]}, "properties": {"date": "202607", "npix": 6, "peak_db": 16.5, "zone": "port_core"}}, {"type": "Feature", "geometry": {"type": "Point", "coordinates": [104.0292, 1.26182]}, "properties": {"date": "202607", "npix": 20, "peak_db": 18.5, "zone": "strait_other"}}, {"type": "Feature", "geometry": {"type": "Point", "coordinates": [103.57083, 1.26217]}, "properties": {"date": "202607", "npix": 3, "peak_db": 15.1, "zone": "strait_other"}}, {"type": "Feature", "geometry": {"type": "Point", "coordinates": [103.58117, 1.26217]}, "properties": {"date": "202607", "npix": 3, "peak_db": 9.2, "zone": "western_opl"}}, {"type": "Feature", "geometry": {"type": "Point", "coordinates": [103.872, 1.26194]}, "properties": {"date": "202607", "npix": 6, "peak_db": 22.9, "zone": "port_core"}}, {"type": "Feature", "geometry": {"type": "Point", "coordinates": [103.7967, 1.26123]}, "properties": {"date": "202607", "npix": 5, "peak_db": -5.1, "zone": "port_core"}}, {"type": "Feature", "geometry": {"type": "Point", "coordinates": [104.1642, 1.2598]}, "properties": {"date": "202607", "npix": 11, "peak_db": 20.0, "zone": "strait_other"}}, {"type": "Feature", "geometry": {"type": "Point", "coordinates": [103.63583, 1.25833]}, "properties": {"date": "202607", "npix": 4, "peak_db": 8.6, "zone": "western_opl"}}, {"type": "Feature", "geometry": {"type": "Point", "coordinates": [104.10306, 1.25806]}, "properties": {"date": "202607", "npix": 3, "peak_db": 5.3, "zone": "strait_other"}}, {"type": "Feature", "geometry": {"type": "Point", "coordinates": [104.13071, 1.25618]}, "properties": {"date": "202607", "npix": 21, "peak_db": 21.9, "zone": "strait_other"}}, {"type": "Feature", "geometry": {"type": "Point", "coordinates": [103.87583, 1.25578]}, "properties": {"date": "202607", "npix": 6, "peak_db": 14.0, "zone": "port_core"}}, {"type": "Feature", "geometry": {"type": "Point", "coordinates": [103.8857, 1.2555]}, "properties": {"date": "202607", "npix": 5, "peak_db": 21.7, "zone": "port_core"}}, {"type": "Feature", "geometry": {"type": "Point", "coordinates": [103.92194, 1.25561]}, "properties": {"date": "202607", "npix": 3, "peak_db": 34.4, "zone": "port_core"}}, {"type": "Feature", "geometry": {"type": "Point", "coordinates": [104.18867, 1.2555]}, "properties": {"date": "202607", "npix": 4, "peak_db": 9.7, "zone": "strait_other"}}, {"type": "Feature", "geometry": {"type": "Point", "coordinates": [104.28383, 1.2555]}, "properties": {"date": "202607", "npix": 3, "peak_db": 0.2, "zone": "strait_other"}}, {"type": "Feature", "geometry": {"type": "Point", "coordinates": [103.57528, 1.25528]}, "properties": {"date": "202607", "npix": 3, "peak_db": 13.7, "zone": "strait_other"}}, {"type": "Feature", "geometry": {"type": "Point", "coordinates": [103.5661, 1.25428]}, "properties": {"date": "202607", "npix": 15, "peak_db": 30.2, "zone": "strait_other"}}, {"type": "Feature", "geometry": {"type": "Point", "coordinates": [103.85706, 1.25506]}, "properties": {"date": "202607", "npix": 3, "peak_db": 8.8, "zone": "port_core"}}, {"type": "Feature", "geometry": {"type": "Point", "coordinates": [103.98079, 1.25438]}, "properties": {"date": "202607", "npix": 8, "peak_db": 12.2, "zone": "port_core"}}, {"type": "Feature", "geometry": {"type": "Point", "coordinates": [104.26183, 1.25417]}, "properties": {"date": "202607", "npix": 3, "peak_db": 0.9, "zone": "strait_other"}}, {"type": "Feature", "geometry": {"type": "Point", "coordinates": [103.69106, 1.25328]}, "properties": {"date": "202607", "npix": 3, "peak_db": -10.5, "zone": "port_core"}}, {"type": "Feature", "geometry": {"type": "Point", "coordinates": [103.76317, 1.25278]}, "properties": {"date": "202607", "npix": 6, "peak_db": 7.6, "zone": "port_core"}}, {"type": "Feature", "geometry": {"type": "Point", "coordinates": [104.07488, 1.25263]}, "properties": {"date": "202607", "npix": 13, "peak_db": 16.5, "zone": "strait_other"}}, {"type": "Feature", "geometry": {"type": "Point", "coordinates": [103.89567, 1.25233]}, "properties": {"date": "202607", "npix": 4, "peak_db": 20.3, "zone": "port_core"}}, {"type": "Feature", "geometry": {"type": "Point", "coordinates": [103.96768, 1.25108]}, "properties": {"date": "202607", "npix": 15, "peak_db": 13.7, "zone": "port_core"}}, {"type": "Feature", "geometry": {"type": "Point", "coordinates": [103.8911, 1.25083]}, "properties": {"date": "202607", "npix": 5, "peak_db": 11.9, "zone": "port_core"}}, {"type": "Feature", "geometry": {"type": "Point", "coordinates": [103.93033, 1.251]}, "properties": {"date": "202607", "npix": 4, "peak_db": 21.8, "zone": "port_core"}}, {"type": "Feature", "geometry": {"type": "Point", "coordinates": [103.86628, 1.25006]}, "properties": {"date": "202607", "npix": 3, "peak_db": 8.7, "zone": "port_core"}}, {"type": "Feature", "geometry": {"type": "Point", "coordinates": [103.87017, 1.2495]}, "properties": {"date": "202607", "npix": 5, "peak_db": 7.1, "zone": "port_core"}}, {"type": "Feature", "geometry": {"type": "Point", "coordinates": [103.5645, 1.2485]}, "properties": {"date": "202607", "npix": 3, "peak_db": 16.5, "zone": "strait_other"}}, {"type": "Feature", "geometry": {"type": "Point", "coordinates": [103.85433, 1.24833]}, "properties": {"date": "202607", "npix": 4, "peak_db": 6.8, "zone": "port_core"}}, {"type": "Feature", "geometry": {"type": "Point", "coordinates": [104.07957, 1.24839]}, "properties": {"date": "202607", "npix": 9, "peak_db": 12.8, "zone": "strait_other"}}, {"type": "Feature", "geometry": {"type": "Point", "coordinates": [103.95325, 1.24783]}, "properties": {"date": "202607", "npix": 8, "peak_db": 17.4, "zone": "port_core"}}, {"type": "Feature", "geometry": {"type": "Point", "coordinates": [103.86867, 1.24722]}, "properties": {"date": "202607", "npix": 6, "peak_db": 4.3, "zone": "port_core"}}, {"type": "Feature", "geometry": {"type": "Point", "coordinates": [103.94061, 1.24639]}, "properties": {"date": "202607", "npix": 3, "peak_db": 7.7, "zone": "port_core"}}, {"type": "Feature", "geometry": {"type": "Point", "coordinates": [103.93945, 1.24536]}, "properties": {"date": "202607", "npix": 7, "peak_db": 14.5, "zone": "port_core"}}, {"type": "Feature", "geometry": {"type": "Point", "coordinates": [104.08765, 1.24542]}, "properties": {"date": "202607", "npix": 13, "peak_db": 27.4, "zone": "strait_other"}}, {"type": "Feature", "geometry": {"type": "Point", "coordinates": [103.81345, 1.24417]}, "properties": {"date": "202607", "npix": 7, "peak_db": 16.7, "zone": "port_core"}}, {"type": "Feature", "geometry": {"type": "Point", "coordinates": [103.89142, 1.24442]}, "properties": {"date": "202607", "npix": 4, "peak_db": 13.9, "zone": "port_core"}}, {"type": "Feature", "geometry": {"type": "Point", "coordinates": [103.65417, 1.24283]}, "properties": {"date": "202607", "npix": 29, "peak_db": 19.6, "zone": "western_opl"}}, {"type": "Feature", "geometry": {"type": "Point", "coordinates": [103.65483, 1.24083]}, "properties": {"date": "202607", "npix": 29, "peak_db": 19.6, "zone": "western_opl"}}, {"type": "Feature", "geometry": {"type": "Point", "coordinates": [103.90606, 1.24361]}, "properties": {"date": "202607", "npix": 3, "peak_db": 15.3, "zone": "port_core"}}, {"type": "Feature", "geometry": {"type": "Point", "coordinates": [103.95033, 1.24367]}, "properties": {"date": "202607", "npix": 4, "peak_db": 7.3, "zone": "port_core"}}, {"type": "Feature", "geometry": {"type": "Point", "coordinates": [103.94867, 1.24269]}, "properties": {"date": "202607", "npix": 12, "peak_db": 18.6, "zone": "port_core"}}, {"type": "Feature", "geometry": {"type": "Point", "coordinates": [103.78137, 1.24257]}, "properties": {"date": "202607", "npix": 5, "peak_db": 7.8, "zone": "port_core"}}, {"type": "Feature", "geometry": {"type": "Point", "coordinates": [103.74417, 1.24133]}, "properties": {"date": "202607", "npix": 4, "peak_db": 2.0, "zone": "port_core"}}, {"type": "Feature", "geometry": {"type": "Point", "coordinates": [103.75467, 1.24117]}, "properties": {"date": "202607", "npix": 4, "peak_db": 5.6, "zone": "port_core"}}, {"type": "Feature", "geometry": {"type": "Point", "coordinates": [103.91258, 1.24092]}, "properties": {"date": "202607", "npix": 4, "peak_db": 16.0, "zone": "port_core"}}, {"type": "Feature", "geometry": {"type": "Point", "coordinates": [103.91972, 1.24094]}, "properties": {"date": "202607", "npix": 3, "peak_db": 7.5, "zone": "port_core"}}, {"type": "Feature", "geometry": {"type": "Point", "coordinates": [103.82017, 1.23933]}, "properties": {"date": "202607", "npix": 6, "peak_db": 9.3, "zone": "port_core"}}, {"type": "Feature", "geometry": {"type": "Point", "coordinates": [103.7135, 1.23867]}, "properties": {"date": "202607", "npix": 14, "peak_db": 19.7, "zone": "port_core"}}, {"type": "Feature", "geometry": {"type": "Point", "coordinates": [103.89817, 1.23883]}, "properties": {"date": "202607", "npix": 3, "peak_db": 11.3, "zone": "port_core"}}, {"type": "Feature", "geometry": {"type": "Point", "coordinates": [103.5615, 1.2385]}, "properties": {"date": "202607", "npix": 3, "peak_db": 18.8, "zone": "strait_other"}}, {"type": "Feature", "geometry": {"type": "Point", "coordinates": [103.89725, 1.23858]}, "properties": {"date": "202607", "npix": 4, "peak_db": 16.9, "zone": "port_core"}}, {"type": "Feature", "geometry": {"type": "Point", "coordinates": [103.9935, 1.23825]}, "properties": {"date": "202607", "npix": 4, "peak_db": 3.8, "zone": "port_core"}}, {"type": "Feature", "geometry": {"type": "Point", "coordinates": [103.80922, 1.23772]}, "properties": {"date": "202607", "npix": 6, "peak_db": 17.1, "zone": "port_core"}}, {"type": "Feature", "geometry": {"type": "Point", "coordinates": [103.571, 1.23683]}, "properties": {"date": "202607", "npix": 6, "peak_db": 16.8, "zone": "strait_other"}}, {"type": "Feature", "geometry": {"type": "Point", "coordinates": [103.6194, 1.23563]}, "properties": {"date": "202607", "npix": 20, "peak_db": 3.8, "zone": "western_opl"}}, {"type": "Feature", "geometry": {"type": "Point", "coordinates": [103.57175, 1.23558]}, "properties": {"date": "202607", "npix": 4, "peak_db": 7.9, "zone": "strait_other"}}, {"type": "Feature", "geometry": {"type": "Point", "coordinates": [103.60617, 1.23517]}, "properties": {"date": "202607", "npix": 3, "peak_db": -2.7, "zone": "western_opl"}}, {"type": "Feature", "geometry": {"type": "Point", "coordinates": [103.63333, 1.23533]}, "properties": {"date": "202607", "npix": 4, "peak_db": 0.2, "zone": "western_opl"}}, {"type": "Feature", "geometry": {"type": "Point", "coordinates": [103.57228, 1.23472]}, "properties": {"date": "202607", "npix": 3, "peak_db": 8.1, "zone": "strait_other"}}, {"type": "Feature", "geometry": {"type": "Point", "coordinates": [103.87955, 1.23354]}, "properties": {"date": "202607", "npix": 19, "peak_db": 22.3, "zone": "port_core"}}, {"type": "Feature", "geometry": {"type": "Point", "coordinates": [103.71143, 1.2339]}, "properties": {"date": "202607", "npix": 5, "peak_db": 12.3, "zone": "port_core"}}, {"type": "Feature", "geometry": {"type": "Point", "coordinates": [103.90239, 1.23372]}, "properties": {"date": "202607", "npix": 3, "peak_db": 20.0, "zone": "port_core"}}, {"type": "Feature", "geometry": {"type": "Point", "coordinates": [103.59783, 1.23267]}, "properties": {"date": "202607", "npix": 4, "peak_db": 6.8, "zone": "western_opl"}}, {"type": "Feature", "geometry": {"type": "Point", "coordinates": [103.88547, 1.23263]}, "properties": {"date": "202607", "npix": 13, "peak_db": 15.7, "zone": "port_core"}}, {"type": "Feature", "geometry": {"type": "Point", "coordinates": [103.80467, 1.2315]}, "properties": {"date": "202607", "npix": 4, "peak_db": 15.9, "zone": "port_core"}}, {"type": "Feature", "geometry": {"type": "Point", "coordinates": [103.71525, 1.23042]}, "properties": {"date": "202607", "npix": 4, "peak_db": 20.2, "zone": "port_core"}}, {"type": "Feature", "geometry": {"type": "Point", "coordinates": [103.86178, 1.22961]}, "properties": {"date": "202607", "npix": 6, "peak_db": -3.3, "zone": "port_core"}}, {"type": "Feature", "geometry": {"type": "Point", "coordinates": [103.55467, 1.22733]}, "properties": {"date": "202607", "npix": 4, "peak_db": 13.4, "zone": "strait_other"}}, {"type": "Feature", "geometry": {"type": "Point", "coordinates": [103.55556, 1.22678]}, "properties": {"date": "202607", "npix": 6, "peak_db": 11.1, "zone": "strait_other"}}, {"type": "Feature", "geometry": {"type": "Point", "coordinates": [103.56623, 1.2267]}, "properties": {"date": "202607", "npix": 5, "peak_db": 20.5, "zone": "strait_other"}}, {"type": "Feature", "geometry": {"type": "Point", "coordinates": [103.56694, 1.22594]}, "properties": {"date": "202607", "npix": 3, "peak_db": 6.1, "zone": "strait_other"}}, {"type": "Feature", "geometry": {"type": "Point", "coordinates": [103.69889, 1.22556]}, "properties": {"date": "202607", "npix": 6, "peak_db": 5.4, "zone": "port_core"}}, {"type": "Feature", "geometry": {"type": "Point", "coordinates": [103.71017, 1.22583]}, "properties": {"date": "202607", "npix": 3, "peak_db": 7.1, "zone": "port_core"}}, {"type": "Feature", "geometry": {"type": "Point", "coordinates": [103.79817, 1.2245]}, "properties": {"date": "202607", "npix": 7, "peak_db": 15.0, "zone": "port_core"}}, {"type": "Feature", "geometry": {"type": "Point", "coordinates": [103.81226, 1.22483]}, "properties": {"date": "202607", "npix": 7, "peak_db": 8.5, "zone": "port_core"}}, {"type": "Feature", "geometry": {"type": "Point", "coordinates": [103.64483, 1.22317]}, "properties": {"date": "202607", "npix": 9, "peak_db": 10.9, "zone": "western_opl"}}, {"type": "Feature", "geometry": {"type": "Point", "coordinates": [103.64961, 1.22313]}, "properties": {"date": "202607", "npix": 9, "peak_db": 9.4, "zone": "western_opl"}}, {"type": "Feature", "geometry": {"type": "Point", "coordinates": [103.61886, 1.22235]}, "properties": {"date": "202607", "npix": 13, "peak_db": 11.7, "zone": "western_opl"}}, {"type": "Feature", "geometry": {"type": "Point", "coordinates": [103.82228, 1.22139]}, "properties": {"date": "202607", "npix": 3, "peak_db": 15.6, "zone": "port_core"}}, {"type": "Feature", "geometry": {"type": "Point", "coordinates": [103.82322, 1.22111]}, "properties": {"date": "202607", "npix": 6, "peak_db": 12.3, "zone": "port_core"}}, {"type": "Feature", "geometry": {"type": "Point", "coordinates": [103.72843, 1.22097]}, "properties": {"date": "202607", "npix": 5, "peak_db": 7.8, "zone": "port_core"}}, {"type": "Feature", "geometry": {"type": "Point", "coordinates": [103.56694, 1.22028]}, "properties": {"date": "202607", "npix": 3, "peak_db": 5.1, "zone": "strait_other"}}, {"type": "Feature", "geometry": {"type": "Point", "coordinates": [103.6589, 1.22003]}, "properties": {"date": "202607", "npix": 5, "peak_db": 6.2, "zone": "western_opl"}}, {"type": "Feature", "geometry": {"type": "Point", "coordinates": [103.74325, 1.21975]}, "properties": {"date": "202607", "npix": 4, "peak_db": 3.8, "zone": "port_core"}}, {"type": "Feature", "geometry": {"type": "Point", "coordinates": [103.92364, 1.21907]}, "properties": {"date": "202607", "npix": 17, "peak_db": 20.1, "zone": "port_core"}}, {"type": "Feature", "geometry": {"type": "Point", "coordinates": [103.74161, 1.21828]}, "properties": {"date": "202607", "npix": 3, "peak_db": 3.0, "zone": "port_core"}}, {"type": "Feature", "geometry": {"type": "Point", "coordinates": [103.78839, 1.21806]}, "properties": {"date": "202607", "npix": 3, "peak_db": 1.4, "zone": "port_core"}}, {"type": "Feature", "geometry": {"type": "Point", "coordinates": [103.72661, 1.21761]}, "properties": {"date": "202607", "npix": 3, "peak_db": 4.1, "zone": "port_core"}}, {"type": "Feature", "geometry": {"type": "Point", "coordinates": [103.88997, 1.21728]}, "properties": {"date": "202607", "npix": 17, "peak_db": 21.8, "zone": "port_core"}}, {"type": "Feature", "geometry": {"type": "Point", "coordinates": [103.71817, 1.21717]}, "properties": {"date": "202607", "npix": 3, "peak_db": 2.4, "zone": "port_core"}}, {"type": "Feature", "geometry": {"type": "Point", "coordinates": [103.8262, 1.21571]}, "properties": {"date": "202607", "npix": 11, "peak_db": 15.5, "zone": "port_core"}}, {"type": "Feature", "geometry": {"type": "Point", "coordinates": [103.73772, 1.21639]}, "properties": {"date": "202607", "npix": 3, "peak_db": 3.9, "zone": "port_core"}}, {"type": "Feature", "geometry": {"type": "Point", "coordinates": [103.81662, 1.21596]}, "properties": {"date": "202607", "npix": 8, "peak_db": 11.3, "zone": "port_core"}}, {"type": "Feature", "geometry": {"type": "Point", "coordinates": [103.86717, 1.21533]}, "properties": {"date": "202607", "npix": 4, "peak_db": 2.2, "zone": "port_core"}}, {"type": "Feature", "geometry": {"type": "Point", "coordinates": [103.77802, 1.21388]}, "properties": {"date": "202607", "npix": 14, "peak_db": 8.5, "zone": "port_core"}}, {"type": "Feature", "geometry": {"type": "Point", "coordinates": [103.73106, 1.21306]}, "properties": {"date": "202607", "npix": 3, "peak_db": -0.2, "zone": "port_core"}}, {"type": "Feature", "geometry": {"type": "Point", "coordinates": [103.56954, 1.21048]}, "properties": {"date": "202607", "npix": 15, "peak_db": 14.1, "zone": "strait_other"}}, {"type": "Feature", "geometry": {"type": "Point", "coordinates": [104.04023, 1.21026]}, "properties": {"date": "202607", "npix": 11, "peak_db": 11.7, "zone": "eastern_opl"}}, {"type": "Feature", "geometry": {"type": "Point", "coordinates": [103.73328, 1.20828]}, "properties": {"date": "202607", "npix": 3, "peak_db": 7.8, "zone": "port_core"}}, {"type": "Feature", "geometry": {"type": "Point", "coordinates": [103.63172, 1.20661]}, "properties": {"date": "202607", "npix": 3, "peak_db": 0.7, "zone": "western_opl"}}, {"type": "Feature", "geometry": {"type": "Point", "coordinates": [103.66836, 1.20193]}, "properties": {"date": "202607", "npix": 7, "peak_db": 16.3, "zone": "western_opl"}}, {"type": "Feature", "geometry": {"type": "Point", "coordinates": [103.6754, 1.20097]}, "properties": {"date": "202607", "npix": 10, "peak_db": 24.5, "zone": "western_opl"}}, {"type": "Feature", "geometry": {"type": "Point", "coordinates": [103.73894, 1.20028]}, "properties": {"date": "202607", "npix": 3, "peak_db": 11.7, "zone": "port_core"}}, {"type": "Feature", "geometry": {"type": "Point", "coordinates": [103.74717, 1.20017]}, "properties": {"date": "202607", "npix": 3, "peak_db": 21.2, "zone": "port_core"}}, {"type": "Feature", "geometry": {"type": "Point", "coordinates": [103.81496, 1.19968]}, "properties": {"date": "202607", "npix": 13, "peak_db": 17.0, "zone": "strait_other"}}, {"type": "Feature", "geometry": {"type": "Point", "coordinates": [103.66173, 1.19917]}, "properties": {"date": "202607", "npix": 13, "peak_db": 14.2, "zone": "western_opl"}}, {"type": "Feature", "geometry": {"type": "Point", "coordinates": [103.59037, 1.19842]}, "properties": {"date": "202607", "npix": 13, "peak_db": 18.9, "zone": "western_opl"}}, {"type": "Feature", "geometry": {"type": "Point", "coordinates": [104.07867, 1.19867]}, "properties": {"date": "202607", "npix": 4, "peak_db": 0.9, "zone": "eastern_opl"}}, {"type": "Feature", "geometry": {"type": "Point", "coordinates": [103.84501, 1.1975]}, "properties": {"date": "202607", "npix": 17, "peak_db": 11.9, "zone": "strait_other"}}, {"type": "Feature", "geometry": {"type": "Point", "coordinates": [103.75183, 1.19617]}, "properties": {"date": "202607", "npix": 3, "peak_db": 22.0, "zone": "western_opl"}}, {"type": "Feature", "geometry": {"type": "Point", "coordinates": [103.8006, 1.19531]}, "properties": {"date": "202607", "npix": 7, "peak_db": 12.1, "zone": "strait_other"}}, {"type": "Feature", "geometry": {"type": "Point", "coordinates": [103.69233, 1.19517]}, "properties": {"date": "202607", "npix": 4, "peak_db": 12.2, "zone": "western_opl"}}, {"type": "Feature", "geometry": {"type": "Point", "coordinates": [104.1437, 1.1949]}, "properties": {"date": "202607", "npix": 5, "peak_db": 0.1, "zone": "eastern_opl"}}, {"type": "Feature", "geometry": {"type": "Point", "coordinates": [103.6955, 1.19475]}, "properties": {"date": "202607", "npix": 4, "peak_db": 18.9, "zone": "western_opl"}}, {"type": "Feature", "geometry": {"type": "Point", "coordinates": [103.76794, 1.19439]}, "properties": {"date": "202607", "npix": 3, "peak_db": 0.3, "zone": "western_opl"}}, {"type": "Feature", "geometry": {"type": "Point", "coordinates": [103.6815, 1.19367]}, "properties": {"date": "202607", "npix": 4, "peak_db": 12.4, "zone": "western_opl"}}, {"type": "Feature", "geometry": {"type": "Point", "coordinates": [103.6565, 1.19283]}, "properties": {"date": "202607", "npix": 9, "peak_db": 8.7, "zone": "western_opl"}}, {"type": "Feature", "geometry": {"type": "Point", "coordinates": [104.00712, 1.19133]}, "properties": {"date": "202607", "npix": 8, "peak_db": 11.5, "zone": "eastern_opl"}}, {"type": "Feature", "geometry": {"type": "Point", "coordinates": [103.75739, 1.18961]}, "properties": {"date": "202607", "npix": 3, "peak_db": 12.2, "zone": "western_opl"}}, {"type": "Feature", "geometry": {"type": "Point", "coordinates": [103.74661, 1.18861]}, "properties": {"date": "202607", "npix": 3, "peak_db": 18.8, "zone": "western_opl"}}, {"type": "Feature", "geometry": {"type": "Point", "coordinates": [103.68658, 1.1875]}, "properties": {"date": "202607", "npix": 4, "peak_db": 15.8, "zone": "western_opl"}}, {"type": "Feature", "geometry": {"type": "Point", "coordinates": [103.94775, 1.18578]}, "properties": {"date": "202607", "npix": 19, "peak_db": 16.2, "zone": "strait_other"}}, {"type": "Feature", "geometry": {"type": "Point", "coordinates": [103.97167, 1.18407]}, "properties": {"date": "202607", "npix": 20, "peak_db": 17.4, "zone": "strait_other"}}, {"type": "Feature", "geometry": {"type": "Point", "coordinates": [103.79383, 1.18369]}, "properties": {"date": "202607", "npix": 9, "peak_db": 13.2, "zone": "strait_other"}}, {"type": "Feature", "geometry": {"type": "Point", "coordinates": [103.70872, 1.18261]}, "properties": {"date": "202607", "npix": 3, "peak_db": 9.2, "zone": "western_opl"}}, {"type": "Feature", "geometry": {"type": "Point", "coordinates": [103.70339, 1.18228]}, "properties": {"date": "202607", "npix": 3, "peak_db": 11.2, "zone": "western_opl"}}, {"type": "Feature", "geometry": {"type": "Point", "coordinates": [103.77017, 1.18217]}, "properties": {"date": "202607", "npix": 3, "peak_db": 9.1, "zone": "western_opl"}}, {"type": "Feature", "geometry": {"type": "Point", "coordinates": [103.9371, 1.18203]}, "properties": {"date": "202607", "npix": 5, "peak_db": 7.1, "zone": "strait_other"}}, {"type": "Feature", "geometry": {"type": "Point", "coordinates": [103.78483, 1.18167]}, "properties": {"date": "202607", "npix": 6, "peak_db": 7.9, "zone": "strait_other"}}, {"type": "Feature", "geometry": {"type": "Point", "coordinates": [103.85372, 1.18097]}, "properties": {"date": "202607", "npix": 15, "peak_db": 13.9, "zone": "strait_other"}}, {"type": "Feature", "geometry": {"type": "Point", "coordinates": [103.7785, 1.181]}, "properties": {"date": "202607", "npix": 10, "peak_db": 13.9, "zone": "western_opl"}}, {"type": "Feature", "geometry": {"type": "Point", "coordinates": [103.99772, 1.18094]}, "properties": {"date": "202607", "npix": 6, "peak_db": 4.3, "zone": "strait_other"}}, {"type": "Feature", "geometry": {"type": "Point", "coordinates": [103.75817, 1.17942]}, "properties": {"date": "202607", "npix": 4, "peak_db": 21.3, "zone": "western_opl"}}, {"type": "Feature", "geometry": {"type": "Point", "coordinates": [103.6995, 1.17656]}, "properties": {"date": "202607", "npix": 6, "peak_db": 14.3, "zone": "western_opl"}}, {"type": "Feature", "geometry": {"type": "Point", "coordinates": [103.86458, 1.17592]}, "properties": {"date": "202607", "npix": 4, "peak_db": 3.2, "zone": "strait_other"}}, {"type": "Feature", "geometry": {"type": "Point", "coordinates": [103.92436, 1.17536]}, "properties": {"date": "202607", "npix": 12, "peak_db": 13.6, "zone": "strait_other"}}, {"type": "Feature", "geometry": {"type": "Point", "coordinates": [103.99572, 1.17533]}, "properties": {"date": "202607", "npix": 6, "peak_db": 7.3, "zone": "strait_other"}}, {"type": "Feature", "geometry": {"type": "Point", "coordinates": [103.95662, 1.1751]}, "properties": {"date": "202607", "npix": 14, "peak_db": 18.6, "zone": "strait_other"}}, {"type": "Feature", "geometry": {"type": "Point", "coordinates": [103.71228, 1.17461]}, "properties": {"date": "202607", "npix": 3, "peak_db": 10.4, "zone": "western_opl"}}, {"type": "Feature", "geometry": {"type": "Point", "coordinates": [103.77058, 1.17475]}, "properties": {"date": "202607", "npix": 4, "peak_db": 14.1, "zone": "western_opl"}}, {"type": "Feature", "geometry": {"type": "Point", "coordinates": [103.97533, 1.17433]}, "properties": {"date": "202607", "npix": 4, "peak_db": 6.8, "zone": "strait_other"}}, {"type": "Feature", "geometry": {"type": "Point", "coordinates": [103.93975, 1.17413]}, "properties": {"date": "202607", "npix": 8, "peak_db": 12.0, "zone": "strait_other"}}, {"type": "Feature", "geometry": {"type": "Point", "coordinates": [103.96862, 1.17404]}, "properties": {"date": "202607", "npix": 8, "peak_db": 19.1, "zone": "strait_other"}}, {"type": "Feature", "geometry": {"type": "Point", "coordinates": [103.94678, 1.17378]}, "properties": {"date": "202607", "npix": 6, "peak_db": 7.9, "zone": "strait_other"}}, {"type": "Feature", "geometry": {"type": "Point", "coordinates": [103.84194, 1.17243]}, "properties": {"date": "202607", "npix": 9, "peak_db": 15.0, "zone": "strait_other"}}, {"type": "Feature", "geometry": {"type": "Point", "coordinates": [103.71333, 1.1701]}, "properties": {"date": "202607", "npix": 10, "peak_db": 12.5, "zone": "western_opl"}}, {"type": "Feature", "geometry": {"type": "Point", "coordinates": [103.83837, 1.17063]}, "properties": {"date": "202607", "npix": 5, "peak_db": 9.3, "zone": "strait_other"}}, {"type": "Feature", "geometry": {"type": "Point", "coordinates": [103.76023, 1.16847]}, "properties": {"date": "202607", "npix": 10, "peak_db": 23.3, "zone": "western_opl"}}, {"type": "Feature", "geometry": {"type": "Point", "coordinates": [103.75083, 1.16667]}, "properties": {"date": "202607", "npix": 4, "peak_db": 11.8, "zone": "western_opl"}}, {"type": "Feature", "geometry": {"type": "Point", "coordinates": [103.6379, 1.16503]}, "properties": {"date": "202607", "npix": 10, "peak_db": 10.6, "zone": "western_opl"}}, {"type": "Feature", "geometry": {"type": "Point", "coordinates": [103.84617, 1.165]}, "properties": {"date": "202607", "npix": 4, "peak_db": -0.6, "zone": "strait_other"}}, {"type": "Feature", "geometry": {"type": "Point", "coordinates": [103.82106, 1.16406]}, "properties": {"date": "202607", "npix": 9, "peak_db": 4.9, "zone": "strait_other"}}, {"type": "Feature", "geometry": {"type": "Point", "coordinates": [103.72108, 1.16317]}, "properties": {"date": "202607", "npix": 4, "peak_db": 16.7, "zone": "western_opl"}}, {"type": "Feature", "geometry": {"type": "Point", "coordinates": [103.96608, 1.16325]}, "properties": {"date": "202607", "npix": 4, "peak_db": 2.6, "zone": "strait_other"}}, {"type": "Feature", "geometry": {"type": "Point", "coordinates": [103.9285, 1.1625]}, "properties": {"date": "202607", "npix": 3, "peak_db": 9.2, "zone": "strait_other"}}, {"type": "Feature", "geometry": {"type": "Point", "coordinates": [103.94688, 1.161]}, "properties": {"date": "202607", "npix": 8, "peak_db": 31.9, "zone": "strait_other"}}, {"type": "Feature", "geometry": {"type": "Point", "coordinates": [103.72476, 1.16032]}, "properties": {"date": "202607", "npix": 13, "peak_db": 19.8, "zone": "western_opl"}}, {"type": "Feature", "geometry": {"type": "Point", "coordinates": [103.95243, 1.15947]}, "properties": {"date": "202607", "npix": 10, "peak_db": 12.1, "zone": "strait_other"}}, {"type": "Feature", "geometry": {"type": "Point", "coordinates": [103.97608, 1.15925]}, "properties": {"date": "202607", "npix": 4, "peak_db": 8.3, "zone": "strait_other"}}, {"type": "Feature", "geometry": {"type": "Point", "coordinates": [103.70895, 1.15848]}, "properties": {"date": "202607", "npix": 14, "peak_db": 20.5, "zone": "western_opl"}}, {"type": "Feature", "geometry": {"type": "Point", "coordinates": [103.981, 1.15733]}, "properties": {"date": "202607", "npix": 4, "peak_db": 7.1, "zone": "strait_other"}}, {"type": "Feature", "geometry": {"type": "Point", "coordinates": [103.93028, 1.15628]}, "properties": {"date": "202607", "npix": 3, "peak_db": 10.3, "zone": "strait_other"}}, {"type": "Feature", "geometry": {"type": "Point", "coordinates": [103.93106, 1.15639]}, "properties": {"date": "202607", "npix": 3, "peak_db": 15.8, "zone": "strait_other"}}, {"type": "Feature", "geometry": {"type": "Point", "coordinates": [103.93887, 1.15561]}, "properties": {"date": "202607", "npix": 9, "peak_db": 12.9, "zone": "strait_other"}}, {"type": "Feature", "geometry": {"type": "Point", "coordinates": [103.80033, 1.15433]}, "properties": {"date": "202607", "npix": 4, "peak_db": 4.0, "zone": "strait_other"}}, {"type": "Feature", "geometry": {"type": "Point", "coordinates": [103.93472, 1.15361]}, "properties": {"date": "202607", "npix": 3, "peak_db": 12.3, "zone": "strait_other"}}, {"type": "Feature", "geometry": {"type": "Point", "coordinates": [103.9605, 1.15317]}, "properties": {"date": "202607", "npix": 3, "peak_db": 5.8, "zone": "strait_other"}}, {"type": "Feature", "geometry": {"type": "Point", "coordinates": [103.78654, 1.1515]}, "properties": {"date": "202607", "npix": 8, "peak_db": 16.9, "zone": "strait_other"}}, {"type": "Feature", "geometry": {"type": "Point", "coordinates": [103.79032, 1.15129]}, "properties": {"date": "202607", "npix": 11, "peak_db": 11.9, "zone": "strait_other"}}, {"type": "Feature", "geometry": {"type": "Point", "coordinates": [103.63307, 1.14926]}, "properties": {"date": "202607", "npix": 7, "peak_db": 8.4, "zone": "western_opl"}}, {"type": "Feature", "geometry": {"type": "Point", "coordinates": [103.81477, 1.1497]}, "properties": {"date": "202607", "npix": 5, "peak_db": -0.0, "zone": "strait_other"}}, {"type": "Feature", "geometry": {"type": "Point", "coordinates": [103.66206, 1.14672]}, "properties": {"date": "202607", "npix": 3, "peak_db": 4.9, "zone": "western_opl"}}, {"type": "Feature", "geometry": {"type": "Point", "coordinates": [103.72541, 1.14404]}, "properties": {"date": "202607", "npix": 18, "peak_db": 7.6, "zone": "western_opl"}}, {"type": "Feature", "geometry": {"type": "Point", "coordinates": [103.90506, 1.14372]}, "properties": {"date": "202607", "npix": 3, "peak_db": 1.9, "zone": "strait_other"}}, {"type": "Feature", "geometry": {"type": "Point", "coordinates": [103.787, 1.14133]}, "properties": {"date": "202607", "npix": 4, "peak_db": 11.8, "zone": "strait_other"}}, {"type": "Feature", "geometry": {"type": "Point", "coordinates": [103.90572, 1.13294]}, "properties": {"date": "202607", "npix": 3, "peak_db": 3.2, "zone": "strait_other"}}, {"type": "Feature", "geometry": {"type": "Point", "coordinates": [103.76848, 1.13163]}, "properties": {"date": "202607", "npix": 21, "peak_db": 13.8, "zone": "western_opl"}}, {"type": "Feature", "geometry": {"type": "Point", "coordinates": [104.18683, 1.13]}, "properties": {"date": "202607", "npix": 10, "peak_db": 10.9, "zone": "eastern_opl"}}, {"type": "Feature", "geometry": {"type": "Point", "coordinates": [103.7815, 1.1295]}, "properties": {"date": "202607", "npix": 3, "peak_db": -1.5, "zone": "strait_other"}}, {"type": "Feature", "geometry": {"type": "Point", "coordinates": [104.18754, 1.12457]}, "properties": {"date": "202607", "npix": 9, "peak_db": 15.6, "zone": "eastern_opl"}}, {"type": "Feature", "geometry": {"type": "Point", "coordinates": [104.15917, 1.12083]}, "properties": {"date": "202607", "npix": 3, "peak_db": 8.4, "zone": "eastern_opl"}}, {"type": "Feature", "geometry": {"type": "Point", "coordinates": [104.16117, 1.1205]}, "properties": {"date": "202607", "npix": 5, "peak_db": 9.1, "zone": "eastern_opl"}}, {"type": "Feature", "geometry": {"type": "Point", "coordinates": [103.76043, 1.1203]}, "properties": {"date": "202607", "npix": 5, "peak_db": 10.8, "zone": "western_opl"}}, {"type": "Feature", "geometry": {"type": "Point", "coordinates": [104.15798, 1.11783]}, "properties": {"date": "202607", "npix": 7, "peak_db": -1.1, "zone": "eastern_opl"}}, {"type": "Feature", "geometry": {"type": "Point", "coordinates": [103.7773, 1.11677]}, "properties": {"date": "202607", "npix": 5, "peak_db": 7.5, "zone": "western_opl"}}, {"type": "Feature", "geometry": {"type": "Point", "coordinates": [104.19214, 1.11574]}, "properties": {"date": "202607", "npix": 11, "peak_db": 19.0, "zone": "eastern_opl"}}, {"type": "Feature", "geometry": {"type": "Point", "coordinates": [104.18342, 1.1135]}, "properties": {"date": "202607", "npix": 4, "peak_db": 13.3, "zone": "eastern_opl"}}, {"type": "Feature", "geometry": {"type": "Point", "coordinates": [103.8955, 1.11189]}, "properties": {"date": "202607", "npix": 6, "peak_db": 9.7, "zone": "strait_other"}}, {"type": "Feature", "geometry": {"type": "Point", "coordinates": [103.75133, 1.10817]}, "properties": {"date": "202607", "npix": 4, "peak_db": 7.8, "zone": "western_opl"}}, {"type": "Feature", "geometry": {"type": "Point", "coordinates": [104.18428, 1.10592]}, "properties": {"date": "202607", "npix": 12, "peak_db": 17.0, "zone": "eastern_opl"}}, {"type": "Feature", "geometry": {"type": "Point", "coordinates": [103.74928, 1.10639]}, "properties": {"date": "202607", "npix": 3, "peak_db": 11.4, "zone": "western_opl"}}, {"type": "Feature", "geometry": {"type": "Point", "coordinates": [104.19108, 1.10325]}, "properties": {"date": "202607", "npix": 4, "peak_db": 17.5, "zone": "eastern_opl"}}, {"type": "Feature", "geometry": {"type": "Point", "coordinates": [104.149, 1.10067]}, "properties": {"date": "202607", "npix": 8, "peak_db": 12.9, "zone": "eastern_opl"}}, {"type": "Feature", "geometry": {"type": "Point", "coordinates": [104.16283, 1.10093]}, "properties": {"date": "202607", "npix": 7, "peak_db": 8.0, "zone": "eastern_opl"}}, {"type": "Feature", "geometry": {"type": "Point", "coordinates": [103.74483, 1.09933]}, "properties": {"date": "202607", "npix": 4, "peak_db": 5.6, "zone": "strait_other"}}, {"type": "Feature", "geometry": {"type": "Point", "coordinates": [104.16533, 1.09883]}, "properties": {"date": "202607", "npix": 4, "peak_db": 5.9, "zone": "eastern_opl"}}, {"type": "Feature", "geometry": {"type": "Point", "coordinates": [104.17343, 1.09731]}, "properties": {"date": "202607", "npix": 9, "peak_db": 9.8, "zone": "eastern_opl"}}, {"type": "Feature", "geometry": {"type": "Point", "coordinates": [103.92417, 1.09556]}, "properties": {"date": "202607", "npix": 6, "peak_db": 2.6, "zone": "strait_other"}}, {"type": "Feature", "geometry": {"type": "Point", "coordinates": [104.18136, 1.09221]}, "properties": {"date": "202607", "npix": 7, "peak_db": 20.4, "zone": "eastern_opl"}}, {"type": "Feature", "geometry": {"type": "Point", "coordinates": [104.17417, 1.092]}, "properties": {"date": "202607", "npix": 4, "peak_db": 7.9, "zone": "eastern_opl"}}, {"type": "Feature", "geometry": {"type": "Point", "coordinates": [104.14694, 1.091]}, "properties": {"date": "202607", "npix": 6, "peak_db": 11.7, "zone": "eastern_opl"}}, {"type": "Feature", "geometry": {"type": "Point", "coordinates": [104.14444, 1.0885]}, "properties": {"date": "202607", "npix": 6, "peak_db": 4.5, "zone": "eastern_opl"}}, {"type": "Feature", "geometry": {"type": "Point", "coordinates": [103.61835, 1.08772]}, "properties": {"date": "202607", "npix": 9, "peak_db": 15.1, "zone": "strait_other"}}, {"type": "Feature", "geometry": {"type": "Point", "coordinates": [104.1569, 1.0879]}, "properties": {"date": "202607", "npix": 5, "peak_db": 3.9, "zone": "eastern_opl"}}, {"type": "Feature", "geometry": {"type": "Point", "coordinates": [103.92275, 1.08775]}, "properties": {"date": "202607", "npix": 4, "peak_db": -7.6, "zone": "strait_other"}}, {"type": "Feature", "geometry": {"type": "Point", "coordinates": [104.18783, 1.08692]}, "properties": {"date": "202607", "npix": 8, "peak_db": 15.3, "zone": "eastern_opl"}}, {"type": "Feature", "geometry": {"type": "Point", "coordinates": [104.14517, 1.08517]}, "properties": {"date": "202607", "npix": 3, "peak_db": 2.6, "zone": "eastern_opl"}}, {"type": "Feature", "geometry": {"type": "Point", "coordinates": [103.72283, 1.08517]}, "properties": {"date": "202607", "npix": 3, "peak_db": 9.8, "zone": "strait_other"}}, {"type": "Feature", "geometry": {"type": "Point", "coordinates": [104.14683, 1.0835]}, "properties": {"date": "202607", "npix": 3, "peak_db": 9.6, "zone": "eastern_opl"}}, {"type": "Feature", "geometry": {"type": "Point", "coordinates": [104.1975, 1.08206]}, "properties": {"date": "202607", "npix": 13, "peak_db": 11.9, "zone": "eastern_opl"}}, {"type": "Feature", "geometry": {"type": "Point", "coordinates": [103.5659, 1.08037]}, "properties": {"date": "202607", "npix": 5, "peak_db": 4.4, "zone": "strait_other"}}, {"type": "Feature", "geometry": {"type": "Point", "coordinates": [103.60206, 1.07906]}, "properties": {"date": "202607", "npix": 3, "peak_db": 0.6, "zone": "strait_other"}}, {"type": "Feature", "geometry": {"type": "Point", "coordinates": [104.149, 1.07383]}, "properties": {"date": "202607", "npix": 4, "peak_db": 3.5, "zone": "strait_other"}}, {"type": "Feature", "geometry": {"type": "Point", "coordinates": [104.15137, 1.07057]}, "properties": {"date": "202607", "npix": 5, "peak_db": 9.8, "zone": "strait_other"}}, {"type": "Feature", "geometry": {"type": "Point", "coordinates": [103.69702, 1.06595]}, "properties": {"date": "202607", "npix": 14, "peak_db": 12.3, "zone": "strait_other"}}, {"type": "Feature", "geometry": {"type": "Point", "coordinates": [104.18802, 1.06474]}, "properties": {"date": "202607", "npix": 7, "peak_db": 13.7, "zone": "strait_other"}}, {"type": "Feature", "geometry": {"type": "Point", "coordinates": [103.70742, 1.06342]}, "properties": {"date": "202607", "npix": 4, "peak_db": 2.8, "zone": "strait_other"}}, {"type": "Feature", "geometry": {"type": "Point", "coordinates": [103.68577, 1.06035]}, "properties": {"date": "202607", "npix": 11, "peak_db": 11.3, "zone": "strait_other"}}, {"type": "Feature", "geometry": {"type": "Point", "coordinates": [104.19261, 1.05956]}, "properties": {"date": "202607", "npix": 6, "peak_db": 9.8, "zone": "strait_other"}}, {"type": "Feature", "geometry": {"type": "Point", "coordinates": [104.18372, 1.05872]}, "properties": {"date": "202607", "npix": 3, "peak_db": 9.9, "zone": "strait_other"}}, {"type": "Feature", "geometry": {"type": "Point", "coordinates": [103.69817, 1.05808]}, "properties": {"date": "202607", "npix": 4, "peak_db": 6.6, "zone": "strait_other"}}, {"type": "Feature", "geometry": {"type": "Point", "coordinates": [104.19067, 1.056]}, "properties": {"date": "202607", "npix": 4, "peak_db": 13.4, "zone": "strait_other"}}, {"type": "Feature", "geometry": {"type": "Point", "coordinates": [104.18837, 1.05523]}, "properties": {"date": "202607", "npix": 5, "peak_db": 6.5, "zone": "strait_other"}}, {"type": "Feature", "geometry": {"type": "Point", "coordinates": [103.68696, 1.05433]}, "properties": {"date": "202607", "npix": 8, "peak_db": 8.5, "zone": "strait_other"}}, {"type": "Feature", "geometry": {"type": "Point", "coordinates": [103.63227, 1.0526]}, "properties": {"date": "202607", "npix": 10, "peak_db": 14.1, "zone": "strait_other"}}, {"type": "Feature", "geometry": {"type": "Point", "coordinates": [103.61994, 1.05028]}, "properties": {"date": "202607", "npix": 3, "peak_db": 16.8, "zone": "strait_other"}}, {"type": "Feature", "geometry": {"type": "Point", "coordinates": [104.02391, 1.51201]}, "properties": {"date": "202608", "npix": 13, "peak_db": 22.8, "zone": "strait_other"}}, {"type": "Feature", "geometry": {"type": "Point", "coordinates": [103.84675, 1.47025]}, "properties": {"date": "202608", "npix": 4, "peak_db": 7.5, "zone": "strait_other"}}, {"type": "Feature", "geometry": {"type": "Point", "coordinates": [103.78306, 1.46006]}, "properties": {"date": "202608", "npix": 6, "peak_db": 9.8, "zone": "strait_other"}}, {"type": "Feature", "geometry": {"type": "Point", "coordinates": [104.02074, 1.45444]}, "properties": {"date": "202608", "npix": 11, "peak_db": 13.7, "zone": "strait_other"}}, {"type": "Feature", "geometry": {"type": "Point", "coordinates": [104.31528, 1.44772]}, "properties": {"date": "202608", "npix": 3, "peak_db": 15.9, "zone": "strait_other"}}, {"type": "Feature", "geometry": {"type": "Point", "coordinates": [104.06228, 1.43961]}, "properties": {"date": "202608", "npix": 3, "peak_db": -1.0, "zone": "strait_other"}}, {"type": "Feature", "geometry": {"type": "Point", "coordinates": [103.92461, 1.43194]}, "properties": {"date": "202608", "npix": 3, "peak_db": 0.9, "zone": "strait_other"}}, {"type": "Feature", "geometry": {"type": "Point", "coordinates": [103.89761, 1.42628]}, "properties": {"date": "202608", "npix": 3, "peak_db": 3.9, "zone": "strait_other"}}, {"type": "Feature", "geometry": {"type": "Point", "coordinates": [103.8945, 1.42575]}, "properties": {"date": "202608", "npix": 4, "peak_db": 4.4, "zone": "strait_other"}}, {"type": "Feature", "geometry": {"type": "Point", "coordinates": [103.90258, 1.42492]}, "properties": {"date": "202608", "npix": 4, "peak_db": 5.9, "zone": "strait_other"}}, {"type": "Feature", "geometry": {"type": "Point", "coordinates": [103.90842, 1.42508]}, "properties": {"date": "202608", "npix": 4, "peak_db": 5.3, "zone": "strait_other"}}, {"type": "Feature", "geometry": {"type": "Point", "coordinates": [104.08833, 1.42133]}, "properties": {"date": "202608", "npix": 4, "peak_db": 0.7, "zone": "strait_other"}}, {"type": "Feature", "geometry": {"type": "Point", "coordinates": [103.91533, 1.421]}, "properties": {"date": "202608", "npix": 4, "peak_db": 7.5, "zone": "strait_other"}}, {"type": "Feature", "geometry": {"type": "Point", "coordinates": [103.91958, 1.41842]}, "properties": {"date": "202608", "npix": 4, "peak_db": 12.7, "zone": "strait_other"}}, {"type": "Feature", "geometry": {"type": "Point", "coordinates": [103.99472, 1.402]}, "properties": {"date": "202608", "npix": 12, "peak_db": 16.0, "zone": "strait_other"}}, {"type": "Feature", "geometry": {"type": "Point", "coordinates": [104.09144, 1.39572]}, "properties": {"date": "202608", "npix": 6, "peak_db": 6.8, "zone": "strait_other"}}, {"type": "Feature", "geometry": {"type": "Point", "coordinates": [104.01537, 1.3909]}, "properties": {"date": "202608", "npix": 5, "peak_db": 4.3, "zone": "strait_other"}}, {"type": "Feature", "geometry": {"type": "Point", "coordinates": [104.08833, 1.38183]}, "properties": {"date": "202608", "npix": 4, "peak_db": 6.1, "zone": "strait_other"}}, {"type": "Feature", "geometry": {"type": "Point", "coordinates": [104.0309, 1.37757]}, "properties": {"date": "202608", "npix": 5, "peak_db": 2.8, "zone": "strait_other"}}, {"type": "Feature", "geometry": {"type": "Point", "coordinates": [104.07161, 1.37506]}, "properties": {"date": "202608", "npix": 3, "peak_db": 0.5, "zone": "strait_other"}}, {"type": "Feature", "geometry": {"type": "Point", "coordinates": [104.06902, 1.36474]}, "properties": {"date": "202608", "npix": 7, "peak_db": 4.5, "zone": "strait_other"}}, {"type": "Feature", "geometry": {"type": "Point", "coordinates": [104.06158, 1.35942]}, "properties": {"date": "202608", "npix": 4, "peak_db": 3.9, "zone": "strait_other"}}, {"type": "Feature", "geometry": {"type": "Point", "coordinates": [104.07261, 1.35361]}, "properties": {"date": "202608", "npix": 3, "peak_db": -3.5, "zone": "strait_other"}}, {"type": "Feature", "geometry": {"type": "Point", "coordinates": [104.03594, 1.34861]}, "properties": {"date": "202608", "npix": 3, "peak_db": -4.2, "zone": "strait_other"}}, {"type": "Feature", "geometry": {"type": "Point", "coordinates": [104.08494, 1.34828]}, "properties": {"date": "202608", "npix": 3, "peak_db": 12.4, "zone": "strait_other"}}, {"type": "Feature", "geometry": {"type": "Point", "coordinates": [104.0325, 1.33933]}, "properties": {"date": "202608", "npix": 4, "peak_db": -3.7, "zone": "strait_other"}}, {"type": "Feature", "geometry": {"type": "Point", "coordinates": [104.11006, 1.33794]}, "properties": {"date": "202608", "npix": 3, "peak_db": 0.4, "zone": "strait_other"}}, {"type": "Feature", "geometry": {"type": "Point", "coordinates": [104.11394, 1.33572]}, "properties": {"date": "202608", "npix": 3, "peak_db": 1.6, "zone": "strait_other"}}, {"type": "Feature", "geometry": {"type": "Point", "coordinates": [104.10175, 1.33517]}, "properties": {"date": "202608", "npix": 4, "peak_db": 8.6, "zone": "strait_other"}}, {"type": "Feature", "geometry": {"type": "Point", "coordinates": [104.22363, 1.33063]}, "properties": {"date": "202608", "npix": 5, "peak_db": 9.4, "zone": "strait_other"}}, {"type": "Feature", "geometry": {"type": "Point", "coordinates": [104.02783, 1.32783]}, "properties": {"date": "202608", "npix": 3, "peak_db": -3.8, "zone": "strait_other"}}, {"type": "Feature", "geometry": {"type": "Point", "coordinates": [104.24067, 1.32783]}, "properties": {"date": "202608", "npix": 6, "peak_db": 8.7, "zone": "strait_other"}}, {"type": "Feature", "geometry": {"type": "Point", "coordinates": [104.1105, 1.32567]}, "properties": {"date": "202608", "npix": 4, "peak_db": 6.0, "zone": "strait_other"}}, {"type": "Feature", "geometry": {"type": "Point", "coordinates": [104.06623, 1.3243]}, "properties": {"date": "202608", "npix": 5, "peak_db": 14.5, "zone": "strait_other"}}, {"type": "Feature", "geometry": {"type": "Point", "coordinates": [104.22283, 1.32325]}, "properties": {"date": "202608", "npix": 8, "peak_db": 12.4, "zone": "strait_other"}}, {"type": "Feature", "geometry": {"type": "Point", "coordinates": [104.25272, 1.32261]}, "properties": {"date": "202608", "npix": 9, "peak_db": 20.1, "zone": "strait_other"}}, {"type": "Feature", "geometry": {"type": "Point", "coordinates": [104.11228, 1.32128]}, "properties": {"date": "202608", "npix": 3, "peak_db": 5.5, "zone": "strait_other"}}, {"type": "Feature", "geometry": {"type": "Point", "coordinates": [104.12373, 1.32043]}, "properties": {"date": "202608", "npix": 10, "peak_db": 11.3, "zone": "strait_other"}}, {"type": "Feature", "geometry": {"type": "Point", "coordinates": [104.13683, 1.3205]}, "properties": {"date": "202608", "npix": 5, "peak_db": 5.0, "zone": "strait_other"}}, {"type": "Feature", "geometry": {"type": "Point", "coordinates": [104.24154, 1.31987]}, "properties": {"date": "202608", "npix": 9, "peak_db": 12.8, "zone": "strait_other"}}, {"type": "Feature", "geometry": {"type": "Point", "coordinates": [104.07367, 1.31867]}, "properties": {"date": "202608", "npix": 4, "peak_db": 18.1, "zone": "strait_other"}}, {"type": "Feature", "geometry": {"type": "Point", "coordinates": [104.07461, 1.31806]}, "properties": {"date": "202608", "npix": 3, "peak_db": 4.4, "zone": "strait_other"}}, {"type": "Feature", "geometry": {"type": "Point", "coordinates": [104.10483, 1.31767]}, "properties": {"date": "202608", "npix": 4, "peak_db": 8.3, "zone": "strait_other"}}, {"type": "Feature", "geometry": {"type": "Point", "coordinates": [103.742, 1.31442]}, "properties": {"date": "202608", "npix": 8, "peak_db": -0.1, "zone": "port_core"}}, {"type": "Feature", "geometry": {"type": "Point", "coordinates": [103.74006, 1.31439]}, "properties": {"date": "202608", "npix": 3, "peak_db": -5.0, "zone": "port_core"}}, {"type": "Feature", "geometry": {"type": "Point", "coordinates": [104.10977, 1.3138]}, "properties": {"date": "202608", "npix": 10, "peak_db": 16.7, "zone": "strait_other"}}, {"type": "Feature", "geometry": {"type": "Point", "coordinates": [104.11794, 1.31361]}, "properties": {"date": "202608", "npix": 3, "peak_db": 7.7, "zone": "strait_other"}}, {"type": "Feature", "geometry": {"type": "Point", "coordinates": [104.06563, 1.31257]}, "properties": {"date": "202608", "npix": 5, "peak_db": 7.6, "zone": "strait_other"}}, {"type": "Feature", "geometry": {"type": "Point", "coordinates": [104.08061, 1.31228]}, "properties": {"date": "202608", "npix": 3, "peak_db": 12.0, "zone": "strait_other"}}, {"type": "Feature", "geometry": {"type": "Point", "coordinates": [104.14643, 1.31063]}, "properties": {"date": "202608", "npix": 5, "peak_db": 15.9, "zone": "strait_other"}}, {"type": "Feature", "geometry": {"type": "Point", "coordinates": [104.15539, 1.30856]}, "properties": {"date": "202608", "npix": 6, "peak_db": 15.2, "zone": "strait_other"}}, {"type": "Feature", "geometry": {"type": "Point", "coordinates": [104.25274, 1.30864]}, "properties": {"date": "202608", "npix": 7, "peak_db": 12.7, "zone": "strait_other"}}, {"type": "Feature", "geometry": {"type": "Point", "coordinates": [104.14, 1.308]}, "properties": {"date": "202608", "npix": 4, "peak_db": 16.2, "zone": "strait_other"}}, {"type": "Feature", "geometry": {"type": "Point", "coordinates": [104.09694, 1.30661]}, "properties": {"date": "202608", "npix": 3, "peak_db": 5.1, "zone": "strait_other"}}, {"type": "Feature", "geometry": {"type": "Point", "coordinates": [103.96217, 1.30517]}, "properties": {"date": "202608", "npix": 3, "peak_db": 21.4, "zone": "port_core"}}, {"type": "Feature", "geometry": {"type": "Point", "coordinates": [103.64283, 1.30317]}, "properties": {"date": "202608", "npix": 3, "peak_db": 5.4, "zone": "western_opl"}}, {"type": "Feature", "geometry": {"type": "Point", "coordinates": [103.99561, 1.30328]}, "properties": {"date": "202608", "npix": 3, "peak_db": 16.8, "zone": "port_core"}}, {"type": "Feature", "geometry": {"type": "Point", "coordinates": [104.14717, 1.30288]}, "properties": {"date": "202608", "npix": 8, "peak_db": 10.7, "zone": "strait_other"}}, {"type": "Feature", "geometry": {"type": "Point", "coordinates": [104.16879, 1.3026]}, "properties": {"date": "202608", "npix": 7, "peak_db": 13.9, "zone": "strait_other"}}, {"type": "Feature", "geometry": {"type": "Point", "coordinates": [104.08967, 1.30194]}, "properties": {"date": "202608", "npix": 6, "peak_db": 16.9, "zone": "strait_other"}}, {"type": "Feature", "geometry": {"type": "Point", "coordinates": [104.17008, 1.30192]}, "properties": {"date": "202608", "npix": 4, "peak_db": 1.1, "zone": "strait_other"}}, {"type": "Feature", "geometry": {"type": "Point", "coordinates": [104.27097, 1.30172]}, "properties": {"date": "202608", "npix": 12, "peak_db": 17.1, "zone": "strait_other"}}, {"type": "Feature", "geometry": {"type": "Point", "coordinates": [104.28817, 1.30133]}, "properties": {"date": "202608", "npix": 8, "peak_db": 13.7, "zone": "strait_other"}}, {"type": "Feature", "geometry": {"type": "Point", "coordinates": [104.05362, 1.3]}, "properties": {"date": "202608", "npix": 8, "peak_db": 26.4, "zone": "strait_other"}}, {"type": "Feature", "geometry": {"type": "Point", "coordinates": [104.05483, 1.29983]}, "properties": {"date": "202608", "npix": 3, "peak_db": 12.7, "zone": "strait_other"}}, {"type": "Feature", "geometry": {"type": "Point", "coordinates": [104.19612, 1.29712]}, "properties": {"date": "202608", "npix": 13, "peak_db": 33.5, "zone": "strait_other"}}, {"type": "Feature", "geometry": {"type": "Point", "coordinates": [104.00683, 1.297]}, "properties": {"date": "202608", "npix": 4, "peak_db": 16.6, "zone": "port_core"}}, {"type": "Feature", "geometry": {"type": "Point", "coordinates": [104.24843, 1.29657]}, "properties": {"date": "202608", "npix": 10, "peak_db": 12.7, "zone": "strait_other"}}, {"type": "Feature", "geometry": {"type": "Point", "coordinates": [104.13162, 1.29562]}, "properties": {"date": "202608", "npix": 11, "peak_db": 19.7, "zone": "strait_other"}}, {"type": "Feature", "geometry": {"type": "Point", "coordinates": [104.20831, 1.29593]}, "properties": {"date": "202608", "npix": 7, "peak_db": 11.9, "zone": "strait_other"}}, {"type": "Feature", "geometry": {"type": "Point", "coordinates": [104.09261, 1.295]}, "properties": {"date": "202608", "npix": 12, "peak_db": 11.7, "zone": "strait_other"}}, {"type": "Feature", "geometry": {"type": "Point", "coordinates": [104.14517, 1.29517]}, "properties": {"date": "202608", "npix": 5, "peak_db": 6.2, "zone": "strait_other"}}, {"type": "Feature", "geometry": {"type": "Point", "coordinates": [103.92961, 1.29394]}, "properties": {"date": "202608", "npix": 3, "peak_db": 8.5, "zone": "port_core"}}, {"type": "Feature", "geometry": {"type": "Point", "coordinates": [104.09461, 1.29394]}, "properties": {"date": "202608", "npix": 3, "peak_db": 5.1, "zone": "strait_other"}}, {"type": "Feature", "geometry": {"type": "Point", "coordinates": [104.1905, 1.294]}, "properties": {"date": "202608", "npix": 4, "peak_db": 17.9, "zone": "strait_other"}}, {"type": "Feature", "geometry": {"type": "Point", "coordinates": [104.0787, 1.29343]}, "properties": {"date": "202608", "npix": 5, "peak_db": 8.3, "zone": "strait_other"}}, {"type": "Feature", "geometry": {"type": "Point", "coordinates": [104.18928, 1.29372]}, "properties": {"date": "202608", "npix": 3, "peak_db": 17.0, "zone": "strait_other"}}, {"type": "Feature", "geometry": {"type": "Point", "coordinates": [103.99763, 1.2929]}, "properties": {"date": "202608", "npix": 5, "peak_db": 22.5, "zone": "port_core"}}, {"type": "Feature", "geometry": {"type": "Point", "coordinates": [104.03406, 1.29272]}, "properties": {"date": "202608", "npix": 3, "peak_db": 2.1, "zone": "strait_other"}}, {"type": "Feature", "geometry": {"type": "Point", "coordinates": [104.07983, 1.29256]}, "properties": {"date": "202608", "npix": 6, "peak_db": 10.2, "zone": "strait_other"}}, {"type": "Feature", "geometry": {"type": "Point", "coordinates": [104.06883, 1.29233]}, "properties": {"date": "202608", "npix": 4, "peak_db": 13.5, "zone": "strait_other"}}, {"type": "Feature", "geometry": {"type": "Point", "coordinates": [104.05967, 1.29167]}, "properties": {"date": "202608", "npix": 6, "peak_db": 17.1, "zone": "strait_other"}}, {"type": "Feature", "geometry": {"type": "Point", "coordinates": [103.73864, 1.29107]}, "properties": {"date": "202608", "npix": 7, "peak_db": 3.7, "zone": "port_core"}}, {"type": "Feature", "geometry": {"type": "Point", "coordinates": [103.92261, 1.29106]}, "properties": {"date": "202608", "npix": 3, "peak_db": 7.2, "zone": "port_core"}}, {"type": "Feature", "geometry": {"type": "Point", "coordinates": [104.05917, 1.29033]}, "properties": {"date": "202608", "npix": 4, "peak_db": 15.6, "zone": "strait_other"}}, {"type": "Feature", "geometry": {"type": "Point", "coordinates": [103.9304, 1.28964]}, "properties": {"date": "202608", "npix": 7, "peak_db": 14.7, "zone": "port_core"}}, {"type": "Feature", "geometry": {"type": "Point", "coordinates": [104.06172, 1.28972]}, "properties": {"date": "202608", "npix": 3, "peak_db": 14.9, "zone": "strait_other"}}, {"type": "Feature", "geometry": {"type": "Point", "coordinates": [104.122, 1.289]}, "properties": {"date": "202608", "npix": 4, "peak_db": 7.0, "zone": "strait_other"}}, {"type": "Feature", "geometry": {"type": "Point", "coordinates": [103.92633, 1.28883]}, "properties": {"date": "202608", "npix": 4, "peak_db": 9.5, "zone": "port_core"}}, {"type": "Feature", "geometry": {"type": "Point", "coordinates": [104.02108, 1.28879]}, "properties": {"date": "202608", "npix": 8, "peak_db": 17.2, "zone": "strait_other"}}, {"type": "Feature", "geometry": {"type": "Point", "coordinates": [104.21045, 1.28829]}, "properties": {"date": "202608", "npix": 14, "peak_db": 15.7, "zone": "strait_other"}}, {"type": "Feature", "geometry": {"type": "Point", "coordinates": [103.92094, 1.28828]}, "properties": {"date": "202608", "npix": 3, "peak_db": 6.6, "zone": "port_core"}}, {"type": "Feature", "geometry": {"type": "Point", "coordinates": [103.95523, 1.28803]}, "properties": {"date": "202608", "npix": 5, "peak_db": 17.1, "zone": "port_core"}}, {"type": "Feature", "geometry": {"type": "Point", "coordinates": [104.1954, 1.28826]}, "properties": {"date": "202608", "npix": 7, "peak_db": 22.7, "zone": "strait_other"}}, {"type": "Feature", "geometry": {"type": "Point", "coordinates": [104.18192, 1.28758]}, "properties": {"date": "202608", "npix": 4, "peak_db": 19.3, "zone": "strait_other"}}, {"type": "Feature", "geometry": {"type": "Point", "coordinates": [104.14993, 1.28731]}, "properties": {"date": "202608", "npix": 7, "peak_db": 22.9, "zone": "strait_other"}}, {"type": "Feature", "geometry": {"type": "Point", "coordinates": [103.91737, 1.2871]}, "properties": {"date": "202608", "npix": 5, "peak_db": 17.9, "zone": "port_core"}}, {"type": "Feature", "geometry": {"type": "Point", "coordinates": [104.0166, 1.28567]}, "properties": {"date": "202608", "npix": 10, "peak_db": 16.0, "zone": "port_core"}}, {"type": "Feature", "geometry": {"type": "Point", "coordinates": [104.16192, 1.28592]}, "properties": {"date": "202608", "npix": 4, "peak_db": 7.0, "zone": "strait_other"}}, {"type": "Feature", "geometry": {"type": "Point", "coordinates": [104.1606, 1.28545]}, "properties": {"date": "202608", "npix": 7, "peak_db": 15.5, "zone": "strait_other"}}, {"type": "Feature", "geometry": {"type": "Point", "coordinates": [104.18124, 1.28517]}, "properties": {"date": "202608", "npix": 9, "peak_db": 21.9, "zone": "strait_other"}}, {"type": "Feature", "geometry": {"type": "Point", "coordinates": [104.00461, 1.28472]}, "properties": {"date": "202608", "npix": 3, "peak_db": 10.4, "zone": "port_core"}}, {"type": "Feature", "geometry": {"type": "Point", "coordinates": [103.90783, 1.2835]}, "properties": {"date": "202608", "npix": 9, "peak_db": 16.8, "zone": "port_core"}}, {"type": "Feature", "geometry": {"type": "Point", "coordinates": [103.98633, 1.2835]}, "properties": {"date": "202608", "npix": 4, "peak_db": 10.9, "zone": "port_core"}}, {"type": "Feature", "geometry": {"type": "Point", "coordinates": [104.14232, 1.28219]}, "properties": {"date": "202608", "npix": 13, "peak_db": 20.2, "zone": "strait_other"}}, {"type": "Feature", "geometry": {"type": "Point", "coordinates": [103.93977, 1.28123]}, "properties": {"date": "202608", "npix": 5, "peak_db": 13.9, "zone": "port_core"}}, {"type": "Feature", "geometry": {"type": "Point", "coordinates": [103.96625, 1.28158]}, "properties": {"date": "202608", "npix": 4, "peak_db": 17.9, "zone": "port_core"}}, {"type": "Feature", "geometry": {"type": "Point", "coordinates": [104.01954, 1.27957]}, "properties": {"date": "202608", "npix": 15, "peak_db": 12.6, "zone": "port_core"}}, {"type": "Feature", "geometry": {"type": "Point", "coordinates": [103.89526, 1.27932]}, "properties": {"date": "202608", "npix": 11, "peak_db": 13.6, "zone": "port_core"}}, {"type": "Feature", "geometry": {"type": "Point", "coordinates": [104.142, 1.2795]}, "properties": {"date": "202608", "npix": 6, "peak_db": 18.5, "zone": "strait_other"}}, {"type": "Feature", "geometry": {"type": "Point", "coordinates": [103.88928, 1.27824]}, "properties": {"date": "202608", "npix": 9, "peak_db": 16.3, "zone": "port_core"}}, {"type": "Feature", "geometry": {"type": "Point", "coordinates": [103.9474, 1.2769]}, "properties": {"date": "202608", "npix": 10, "peak_db": 10.8, "zone": "port_core"}}, {"type": "Feature", "geometry": {"type": "Point", "coordinates": [103.97383, 1.27783]}, "properties": {"date": "202608", "npix": 3, "peak_db": 17.8, "zone": "port_core"}}, {"type": "Feature", "geometry": {"type": "Point", "coordinates": [103.88083, 1.27783]}, "properties": {"date": "202608", "npix": 3, "peak_db": 11.1, "zone": "port_core"}}, {"type": "Feature", "geometry": {"type": "Point", "coordinates": [104.07774, 1.27774]}, "properties": {"date": "202608", "npix": 7, "peak_db": 8.9, "zone": "strait_other"}}, {"type": "Feature", "geometry": {"type": "Point", "coordinates": [103.93272, 1.27728]}, "properties": {"date": "202608", "npix": 3, "peak_db": 7.8, "zone": "port_core"}}, {"type": "Feature", "geometry": {"type": "Point", "coordinates": [103.9736, 1.27655]}, "properties": {"date": "202608", "npix": 7, "peak_db": 15.9, "zone": "port_core"}}, {"type": "Feature", "geometry": {"type": "Point", "coordinates": [103.99733, 1.277]}, "properties": {"date": "202608", "npix": 4, "peak_db": 10.2, "zone": "port_core"}}, {"type": "Feature", "geometry": {"type": "Point", "coordinates": [103.5985, 1.27656]}, "properties": {"date": "202608", "npix": 6, "peak_db": 12.8, "zone": "western_opl"}}, {"type": "Feature", "geometry": {"type": "Point", "coordinates": [103.9035, 1.27683]}, "properties": {"date": "202608", "npix": 3, "peak_db": 9.0, "zone": "port_core"}}, {"type": "Feature", "geometry": {"type": "Point", "coordinates": [103.99625, 1.27625]}, "properties": {"date": "202608", "npix": 4, "peak_db": 7.7, "zone": "port_core"}}, {"type": "Feature", "geometry": {"type": "Point", "coordinates": [103.58603, 1.2757]}, "properties": {"date": "202608", "npix": 5, "peak_db": 11.7, "zone": "western_opl"}}, {"type": "Feature", "geometry": {"type": "Point", "coordinates": [103.65239, 1.27544]}, "properties": {"date": "202608", "npix": 6, "peak_db": 3.0, "zone": "western_opl"}}, {"type": "Feature", "geometry": {"type": "Point", "coordinates": [103.9889, 1.27397]}, "properties": {"date": "202608", "npix": 5, "peak_db": 12.4, "zone": "port_core"}}, {"type": "Feature", "geometry": {"type": "Point", "coordinates": [104.27724, 1.27391]}, "properties": {"date": "202608", "npix": 9, "peak_db": 12.7, "zone": "strait_other"}}, {"type": "Feature", "geometry": {"type": "Point", "coordinates": [103.92831, 1.2732]}, "properties": {"date": "202608", "npix": 9, "peak_db": 12.7, "zone": "port_core"}}, {"type": "Feature", "geometry": {"type": "Point", "coordinates": [103.9877, 1.2733]}, "properties": {"date": "202608", "npix": 5, "peak_db": 9.1, "zone": "port_core"}}, {"type": "Feature", "geometry": {"type": "Point", "coordinates": [103.87739, 1.27272]}, "properties": {"date": "202608", "npix": 3, "peak_db": -0.4, "zone": "port_core"}}, {"type": "Feature", "geometry": {"type": "Point", "coordinates": [103.93903, 1.2723]}, "properties": {"date": "202608", "npix": 5, "peak_db": 14.7, "zone": "port_core"}}, {"type": "Feature", "geometry": {"type": "Point", "coordinates": [103.94394, 1.27198]}, "properties": {"date": "202608", "npix": 9, "peak_db": 12.2, "zone": "port_core"}}, {"type": "Feature", "geometry": {"type": "Point", "coordinates": [103.96121, 1.27162]}, "properties": {"date": "202608", "npix": 8, "peak_db": 14.2, "zone": "port_core"}}, {"type": "Feature", "geometry": {"type": "Point", "coordinates": [103.88476, 1.27202]}, "properties": {"date": "202608", "npix": 9, "peak_db": 7.1, "zone": "port_core"}}, {"type": "Feature", "geometry": {"type": "Point", "coordinates": [104.0462, 1.27121]}, "properties": {"date": "202608", "npix": 21, "peak_db": 28.2, "zone": "strait_other"}}, {"type": "Feature", "geometry": {"type": "Point", "coordinates": [103.89667, 1.27083]}, "properties": {"date": "202608", "npix": 4, "peak_db": 10.7, "zone": "port_core"}}, {"type": "Feature", "geometry": {"type": "Point", "coordinates": [103.5815, 1.26933]}, "properties": {"date": "202608", "npix": 4, "peak_db": 19.9, "zone": "western_opl"}}, {"type": "Feature", "geometry": {"type": "Point", "coordinates": [103.91683, 1.269]}, "properties": {"date": "202608", "npix": 4, "peak_db": 19.1, "zone": "port_core"}}, {"type": "Feature", "geometry": {"type": "Point", "coordinates": [104.00774, 1.26932]}, "properties": {"date": "202608", "npix": 11, "peak_db": 10.7, "zone": "port_core"}}, {"type": "Feature", "geometry": {"type": "Point", "coordinates": [104.06417, 1.269]}, "properties": {"date": "202608", "npix": 8, "peak_db": 10.6, "zone": "strait_other"}}, {"type": "Feature", "geometry": {"type": "Point", "coordinates": [103.5865, 1.26817]}, "properties": {"date": "202608", "npix": 5, "peak_db": 7.1, "zone": "western_opl"}}, {"type": "Feature", "geometry": {"type": "Point", "coordinates": [103.55839, 1.26794]}, "properties": {"date": "202608", "npix": 3, "peak_db": 6.8, "zone": "strait_other"}}, {"type": "Feature", "geometry": {"type": "Point", "coordinates": [103.90294, 1.26794]}, "properties": {"date": "202608", "npix": 3, "peak_db": 11.1, "zone": "port_core"}}, {"type": "Feature", "geometry": {"type": "Point", "coordinates": [103.90846, 1.26675]}, "properties": {"date": "202608", "npix": 8, "peak_db": 22.3, "zone": "port_core"}}, {"type": "Feature", "geometry": {"type": "Point", "coordinates": [103.88543, 1.26623]}, "properties": {"date": "202608", "npix": 5, "peak_db": 11.4, "zone": "port_core"}}, {"type": "Feature", "geometry": {"type": "Point", "coordinates": [103.577, 1.26583]}, "properties": {"date": "202608", "npix": 8, "peak_db": 11.2, "zone": "strait_other"}}, {"type": "Feature", "geometry": {"type": "Point", "coordinates": [103.59017, 1.2653]}, "properties": {"date": "202608", "npix": 10, "peak_db": 26.2, "zone": "western_opl"}}, {"type": "Feature", "geometry": {"type": "Point", "coordinates": [103.89802, 1.26531]}, "properties": {"date": "202608", "npix": 7, "peak_db": 20.3, "zone": "port_core"}}, {"type": "Feature", "geometry": {"type": "Point", "coordinates": [104.16957, 1.2648]}, "properties": {"date": "202608", "npix": 9, "peak_db": 11.8, "zone": "strait_other"}}, {"type": "Feature", "geometry": {"type": "Point", "coordinates": [103.55502, 1.26345]}, "properties": {"date": "202608", "npix": 7, "peak_db": 12.2, "zone": "strait_other"}}, {"type": "Feature", "geometry": {"type": "Point", "coordinates": [103.57102, 1.26355]}, "properties": {"date": "202608", "npix": 7, "peak_db": 19.2, "zone": "strait_other"}}, {"type": "Feature", "geometry": {"type": "Point", "coordinates": [103.9205, 1.26317]}, "properties": {"date": "202608", "npix": 3, "peak_db": 11.2, "zone": "port_core"}}, {"type": "Feature", "geometry": {"type": "Point", "coordinates": [103.5635, 1.26267]}, "properties": {"date": "202608", "npix": 4, "peak_db": 13.6, "zone": "strait_other"}}, {"type": "Feature", "geometry": {"type": "Point", "coordinates": [104.06578, 1.26211]}, "properties": {"date": "202608", "npix": 6, "peak_db": 6.3, "zone": "strait_other"}}, {"type": "Feature", "geometry": {"type": "Point", "coordinates": [104.17063, 1.2621]}, "properties": {"date": "202608", "npix": 5, "peak_db": 10.0, "zone": "strait_other"}}, {"type": "Feature", "geometry": {"type": "Point", "coordinates": [103.77106, 1.26139]}, "properties": {"date": "202608", "npix": 3, "peak_db": 0.4, "zone": "port_core"}}, {"type": "Feature", "geometry": {"type": "Point", "coordinates": [103.79433, 1.26117]}, "properties": {"date": "202608", "npix": 4, "peak_db": -5.6, "zone": "port_core"}}, {"type": "Feature", "geometry": {"type": "Point", "coordinates": [103.8787, 1.26063]}, "properties": {"date": "202608", "npix": 5, "peak_db": 13.7, "zone": "port_core"}}, {"type": "Feature", "geometry": {"type": "Point", "coordinates": [103.87196, 1.26029]}, "properties": {"date": "202608", "npix": 8, "peak_db": 10.3, "zone": "port_core"}}, {"type": "Feature", "geometry": {"type": "Point", "coordinates": [103.92794, 1.25946]}, "properties": {"date": "202608", "npix": 9, "peak_db": 10.2, "zone": "port_core"}}, {"type": "Feature", "geometry": {"type": "Point", "coordinates": [104.08973, 1.25953]}, "properties": {"date": "202608", "npix": 10, "peak_db": 10.0, "zone": "strait_other"}}, {"type": "Feature", "geometry": {"type": "Point", "coordinates": [103.99148, 1.25931]}, "properties": {"date": "202608", "npix": 14, "peak_db": 15.6, "zone": "port_core"}}, {"type": "Feature", "geometry": {"type": "Point", "coordinates": [103.92857, 1.25763]}, "properties": {"date": "202608", "npix": 5, "peak_db": 12.5, "zone": "port_core"}}, {"type": "Feature", "geometry": {"type": "Point", "coordinates": [103.86894, 1.25722]}, "properties": {"date": "202608", "npix": 6, "peak_db": 10.1, "zone": "port_core"}}, {"type": "Feature", "geometry": {"type": "Point", "coordinates": [103.90961, 1.25728]}, "properties": {"date": "202608", "npix": 3, "peak_db": 13.5, "zone": "port_core"}}, {"type": "Feature", "geometry": {"type": "Point", "coordinates": [103.89183, 1.25683]}, "properties": {"date": "202608", "npix": 5, "peak_db": 10.3, "zone": "port_core"}}, {"type": "Feature", "geometry": {"type": "Point", "coordinates": [103.77528, 1.25556]}, "properties": {"date": "202608", "npix": 6, "peak_db": 18.9, "zone": "port_core"}}, {"type": "Feature", "geometry": {"type": "Point", "coordinates": [103.9005, 1.25533]}, "properties": {"date": "202608", "npix": 4, "peak_db": 15.9, "zone": "port_core"}}, {"type": "Feature", "geometry": {"type": "Point", "coordinates": [103.74025, 1.25458]}, "properties": {"date": "202608", "npix": 4, "peak_db": 5.2, "zone": "port_core"}}, {"type": "Feature", "geometry": {"type": "Point", "coordinates": [103.87272, 1.25439]}, "properties": {"date": "202608", "npix": 3, "peak_db": 6.9, "zone": "port_core"}}, {"type": "Feature", "geometry": {"type": "Point", "coordinates": [103.88456, 1.25372]}, "properties": {"date": "202608", "npix": 6, "peak_db": 11.5, "zone": "port_core"}}, {"type": "Feature", "geometry": {"type": "Point", "coordinates": [103.57439, 1.25328]}, "properties": {"date": "202608", "npix": 3, "peak_db": 14.1, "zone": "strait_other"}}, {"type": "Feature", "geometry": {"type": "Point", "coordinates": [103.57539, 1.25339]}, "properties": {"date": "202608", "npix": 3, "peak_db": 8.0, "zone": "strait_other"}}, {"type": "Feature", "geometry": {"type": "Point", "coordinates": [103.57661, 1.25328]}, "properties": {"date": "202608", "npix": 3, "peak_db": 7.1, "zone": "strait_other"}}, {"type": "Feature", "geometry": {"type": "Point", "coordinates": [103.55207, 1.25264]}, "properties": {"date": "202608", "npix": 7, "peak_db": 20.7, "zone": "strait_other"}}, {"type": "Feature", "geometry": {"type": "Point", "coordinates": [103.91526, 1.25193]}, "properties": {"date": "202608", "npix": 7, "peak_db": 18.0, "zone": "port_core"}}, {"type": "Feature", "geometry": {"type": "Point", "coordinates": [103.80539, 1.25161]}, "properties": {"date": "202608", "npix": 9, "peak_db": 11.0, "zone": "port_core"}}, {"type": "Feature", "geometry": {"type": "Point", "coordinates": [103.90439, 1.25139]}, "properties": {"date": "202608", "npix": 3, "peak_db": 10.1, "zone": "port_core"}}, {"type": "Feature", "geometry": {"type": "Point", "coordinates": [103.87142, 1.25075]}, "properties": {"date": "202608", "npix": 4, "peak_db": 8.2, "zone": "port_core"}}, {"type": "Feature", "geometry": {"type": "Point", "coordinates": [103.88945, 1.24914]}, "properties": {"date": "202608", "npix": 13, "peak_db": 17.3, "zone": "port_core"}}, {"type": "Feature", "geometry": {"type": "Point", "coordinates": [103.56517, 1.24856]}, "properties": {"date": "202608", "npix": 6, "peak_db": 9.6, "zone": "strait_other"}}, {"type": "Feature", "geometry": {"type": "Point", "coordinates": [103.79675, 1.2475]}, "properties": {"date": "202608", "npix": 4, "peak_db": 8.5, "zone": "port_core"}}, {"type": "Feature", "geometry": {"type": "Point", "coordinates": [104.03544, 1.24744]}, "properties": {"date": "202608", "npix": 6, "peak_db": 7.3, "zone": "strait_other"}}, {"type": "Feature", "geometry": {"type": "Point", "coordinates": [103.87639, 1.24706]}, "properties": {"date": "202608", "npix": 3, "peak_db": 6.7, "zone": "port_core"}}, {"type": "Feature", "geometry": {"type": "Point", "coordinates": [103.92108, 1.24425]}, "properties": {"date": "202608", "npix": 12, "peak_db": 21.5, "zone": "port_core"}}, {"type": "Feature", "geometry": {"type": "Point", "coordinates": [103.81439, 1.24472]}, "properties": {"date": "202608", "npix": 3, "peak_db": 4.2, "zone": "port_core"}}, {"type": "Feature", "geometry": {"type": "Point", "coordinates": [104.10089, 1.24462]}, "properties": {"date": "202608", "npix": 11, "peak_db": 13.9, "zone": "strait_other"}}, {"type": "Feature", "geometry": {"type": "Point", "coordinates": [103.64297, 1.24357]}, "properties": {"date": "202608", "npix": 5, "peak_db": 15.2, "zone": "western_opl"}}, {"type": "Feature", "geometry": {"type": "Point", "coordinates": [103.64194, 1.24328]}, "properties": {"date": "202608", "npix": 3, "peak_db": -0.9, "zone": "western_opl"}}, {"type": "Feature", "geometry": {"type": "Point", "coordinates": [103.93677, 1.24323]}, "properties": {"date": "202608", "npix": 5, "peak_db": 6.5, "zone": "port_core"}}, {"type": "Feature", "geometry": {"type": "Point", "coordinates": [103.5742, 1.24298]}, "properties": {"date": "202608", "npix": 9, "peak_db": 15.4, "zone": "strait_other"}}, {"type": "Feature", "geometry": {"type": "Point", "coordinates": [103.70693, 1.24237]}, "properties": {"date": "202608", "npix": 10, "peak_db": 13.5, "zone": "port_core"}}, {"type": "Feature", "geometry": {"type": "Point", "coordinates": [103.93692, 1.24188]}, "properties": {"date": "202608", "npix": 8, "peak_db": 15.6, "zone": "port_core"}}, {"type": "Feature", "geometry": {"type": "Point", "coordinates": [103.74297, 1.24157]}, "properties": {"date": "202608", "npix": 5, "peak_db": 10.1, "zone": "port_core"}}, {"type": "Feature", "geometry": {"type": "Point", "coordinates": [103.80506, 1.24172]}, "properties": {"date": "202608", "npix": 3, "peak_db": 11.3, "zone": "port_core"}}, {"type": "Feature", "geometry": {"type": "Point", "coordinates": [103.73283, 1.24106]}, "properties": {"date": "202608", "npix": 13, "peak_db": 10.2, "zone": "port_core"}}, {"type": "Feature", "geometry": {"type": "Point", "coordinates": [103.78217, 1.23896]}, "properties": {"date": "202608", "npix": 8, "peak_db": 9.1, "zone": "port_core"}}, {"type": "Feature", "geometry": {"type": "Point", "coordinates": [103.89112, 1.23863]}, "properties": {"date": "202608", "npix": 15, "peak_db": 17.9, "zone": "port_core"}}, {"type": "Feature", "geometry": {"type": "Point", "coordinates": [103.96033, 1.23917]}, "properties": {"date": "202608", "npix": 4, "peak_db": 8.4, "zone": "port_core"}}, {"type": "Feature", "geometry": {"type": "Point", "coordinates": [103.80325, 1.23783]}, "properties": {"date": "202608", "npix": 4, "peak_db": 11.2, "zone": "port_core"}}, {"type": "Feature", "geometry": {"type": "Point", "coordinates": [103.95239, 1.237]}, "properties": {"date": "202608", "npix": 12, "peak_db": 8.6, "zone": "port_core"}}, {"type": "Feature", "geometry": {"type": "Point", "coordinates": [103.6055, 1.23733]}, "properties": {"date": "202608", "npix": 6, "peak_db": 0.2, "zone": "western_opl"}}, {"type": "Feature", "geometry": {"type": "Point", "coordinates": [103.80689, 1.23628]}, "properties": {"date": "202608", "npix": 6, "peak_db": 15.9, "zone": "port_core"}}, {"type": "Feature", "geometry": {"type": "Point", "coordinates": [103.90755, 1.23642]}, "properties": {"date": "202608", "npix": 13, "peak_db": 18.8, "zone": "port_core"}}, {"type": "Feature", "geometry": {"type": "Point", "coordinates": [103.9205, 1.2365]}, "properties": {"date": "202608", "npix": 5, "peak_db": 13.9, "zone": "port_core"}}, {"type": "Feature", "geometry": {"type": "Point", "coordinates": [103.62026, 1.23626]}, "properties": {"date": "202608", "npix": 7, "peak_db": -0.6, "zone": "western_opl"}}, {"type": "Feature", "geometry": {"type": "Point", "coordinates": [103.61894, 1.23594]}, "properties": {"date": "202608", "npix": 3, "peak_db": -5.3, "zone": "western_opl"}}, {"type": "Feature", "geometry": {"type": "Point", "coordinates": [103.79937, 1.23577]}, "properties": {"date": "202608", "npix": 5, "peak_db": 14.6, "zone": "port_core"}}, {"type": "Feature", "geometry": {"type": "Point", "coordinates": [103.81557, 1.2357]}, "properties": {"date": "202608", "npix": 5, "peak_db": 12.6, "zone": "port_core"}}, {"type": "Feature", "geometry": {"type": "Point", "coordinates": [103.93172, 1.23561]}, "properties": {"date": "202608", "npix": 3, "peak_db": 9.6, "zone": "port_core"}}, {"type": "Feature", "geometry": {"type": "Point", "coordinates": [103.63161, 1.23528]}, "properties": {"date": "202608", "npix": 3, "peak_db": 2.0, "zone": "western_opl"}}, {"type": "Feature", "geometry": {"type": "Point", "coordinates": [103.63342, 1.23517]}, "properties": {"date": "202608", "npix": 4, "peak_db": 4.8, "zone": "western_opl"}}, {"type": "Feature", "geometry": {"type": "Point", "coordinates": [103.57228, 1.23394]}, "properties": {"date": "202608", "npix": 3, "peak_db": 11.2, "zone": "strait_other"}}, {"type": "Feature", "geometry": {"type": "Point", "coordinates": [103.94767, 1.234]}, "properties": {"date": "202608", "npix": 6, "peak_db": 5.9, "zone": "port_core"}}, {"type": "Feature", "geometry": {"type": "Point", "coordinates": [103.94661, 1.23339]}, "properties": {"date": "202608", "npix": 3, "peak_db": 9.5, "zone": "port_core"}}, {"type": "Feature", "geometry": {"type": "Point", "coordinates": [103.811, 1.2325]}, "properties": {"date": "202608", "npix": 6, "peak_db": 13.5, "zone": "port_core"}}, {"type": "Feature", "geometry": {"type": "Point", "coordinates": [103.79917, 1.23225]}, "properties": {"date": "202608", "npix": 8, "peak_db": 10.2, "zone": "port_core"}}, {"type": "Feature", "geometry": {"type": "Point", "coordinates": [103.69594, 1.23112]}, "properties": {"date": "202608", "npix": 13, "peak_db": 8.5, "zone": "port_core"}}, {"type": "Feature", "geometry": {"type": "Point", "coordinates": [103.55739, 1.22994]}, "properties": {"date": "202608", "npix": 3, "peak_db": 10.5, "zone": "strait_other"}}, {"type": "Feature", "geometry": {"type": "Point", "coordinates": [103.55744, 1.2281]}, "properties": {"date": "202608", "npix": 16, "peak_db": 23.2, "zone": "strait_other"}}, {"type": "Feature", "geometry": {"type": "Point", "coordinates": [103.79383, 1.22767]}, "properties": {"date": "202608", "npix": 4, "peak_db": 8.7, "zone": "port_core"}}, {"type": "Feature", "geometry": {"type": "Point", "coordinates": [103.7085, 1.22643]}, "properties": {"date": "202608", "npix": 5, "peak_db": 8.4, "zone": "port_core"}}, {"type": "Feature", "geometry": {"type": "Point", "coordinates": [103.56667, 1.22583]}, "properties": {"date": "202608", "npix": 4, "peak_db": 6.3, "zone": "strait_other"}}, {"type": "Feature", "geometry": {"type": "Point", "coordinates": [103.81367, 1.22567]}, "properties": {"date": "202608", "npix": 6, "peak_db": 20.4, "zone": "port_core"}}, {"type": "Feature", "geometry": {"type": "Point", "coordinates": [103.604, 1.225]}, "properties": {"date": "202608", "npix": 6, "peak_db": 9.6, "zone": "western_opl"}}, {"type": "Feature", "geometry": {"type": "Point", "coordinates": [103.64041, 1.2245]}, "properties": {"date": "202608", "npix": 11, "peak_db": 10.0, "zone": "western_opl"}}, {"type": "Feature", "geometry": {"type": "Point", "coordinates": [103.79811, 1.22405]}, "properties": {"date": "202608", "npix": 11, "peak_db": 12.3, "zone": "port_core"}}, {"type": "Feature", "geometry": {"type": "Point", "coordinates": [103.70767, 1.224]}, "properties": {"date": "202608", "npix": 4, "peak_db": 2.8, "zone": "port_core"}}, {"type": "Feature", "geometry": {"type": "Point", "coordinates": [103.94394, 1.22406]}, "properties": {"date": "202608", "npix": 3, "peak_db": -3.8, "zone": "port_core"}}, {"type": "Feature", "geometry": {"type": "Point", "coordinates": [103.61936, 1.22293]}, "properties": {"date": "202608", "npix": 7, "peak_db": 7.2, "zone": "western_opl"}}, {"type": "Feature", "geometry": {"type": "Point", "coordinates": [103.63043, 1.22263]}, "properties": {"date": "202608", "npix": 5, "peak_db": 6.5, "zone": "western_opl"}}, {"type": "Feature", "geometry": {"type": "Point", "coordinates": [103.70917, 1.22192]}, "properties": {"date": "202608", "npix": 4, "peak_db": 8.1, "zone": "port_core"}}, {"type": "Feature", "geometry": {"type": "Point", "coordinates": [103.71683, 1.2215]}, "properties": {"date": "202608", "npix": 3, "peak_db": 10.4, "zone": "port_core"}}, {"type": "Feature", "geometry": {"type": "Point", "coordinates": [103.71906, 1.22106]}, "properties": {"date": "202608", "npix": 3, "peak_db": 4.8, "zone": "port_core"}}, {"type": "Feature", "geometry": {"type": "Point", "coordinates": [103.87706, 1.22094]}, "properties": {"date": "202608", "npix": 3, "peak_db": 5.5, "zone": "port_core"}}, {"type": "Feature", "geometry": {"type": "Point", "coordinates": [103.7485, 1.2207]}, "properties": {"date": "202608", "npix": 5, "peak_db": 2.9, "zone": "port_core"}}, {"type": "Feature", "geometry": {"type": "Point", "coordinates": [103.73117, 1.22025]}, "properties": {"date": "202608", "npix": 4, "peak_db": -0.2, "zone": "port_core"}}, {"type": "Feature", "geometry": {"type": "Point", "coordinates": [103.73943, 1.2201]}, "properties": {"date": "202608", "npix": 5, "peak_db": 16.7, "zone": "port_core"}}, {"type": "Feature", "geometry": {"type": "Point", "coordinates": [104.03561, 1.21972]}, "properties": {"date": "202608", "npix": 3, "peak_db": -6.7, "zone": "eastern_opl"}}, {"type": "Feature", "geometry": {"type": "Point", "coordinates": [103.74233, 1.21939]}, "properties": {"date": "202608", "npix": 6, "peak_db": 5.0, "zone": "port_core"}}, {"type": "Feature", "geometry": {"type": "Point", "coordinates": [103.74639, 1.21939]}, "properties": {"date": "202608", "npix": 3, "peak_db": 5.8, "zone": "port_core"}}, {"type": "Feature", "geometry": {"type": "Point", "coordinates": [103.82763, 1.2191]}, "properties": {"date": "202608", "npix": 5, "peak_db": 4.4, "zone": "port_core"}}, {"type": "Feature", "geometry": {"type": "Point", "coordinates": [103.76591, 1.21857]}, "properties": {"date": "202608", "npix": 9, "peak_db": 8.8, "zone": "port_core"}}, {"type": "Feature", "geometry": {"type": "Point", "coordinates": [103.80017, 1.21789]}, "properties": {"date": "202608", "npix": 6, "peak_db": 15.5, "zone": "port_core"}}, {"type": "Feature", "geometry": {"type": "Point", "coordinates": [103.69367, 1.21444]}, "properties": {"date": "202608", "npix": 12, "peak_db": 8.6, "zone": "port_core"}}, {"type": "Feature", "geometry": {"type": "Point", "coordinates": [103.82539, 1.21528]}, "properties": {"date": "202608", "npix": 3, "peak_db": 5.9, "zone": "port_core"}}, {"type": "Feature", "geometry": {"type": "Point", "coordinates": [103.80975, 1.2145]}, "properties": {"date": "202608", "npix": 8, "peak_db": 11.0, "zone": "port_core"}}, {"type": "Feature", "geometry": {"type": "Point", "coordinates": [103.67339, 1.21299]}, "properties": {"date": "202608", "npix": 15, "peak_db": 11.0, "zone": "western_opl"}}, {"type": "Feature", "geometry": {"type": "Point", "coordinates": [103.65589, 1.21189]}, "properties": {"date": "202608", "npix": 6, "peak_db": 7.5, "zone": "western_opl"}}, {"type": "Feature", "geometry": {"type": "Point", "coordinates": [103.78192, 1.21177]}, "properties": {"date": "202608", "npix": 11, "peak_db": 11.3, "zone": "port_core"}}, {"type": "Feature", "geometry": {"type": "Point", "coordinates": [104.04963, 1.21143]}, "properties": {"date": "202608", "npix": 5, "peak_db": 10.5, "zone": "eastern_opl"}}, {"type": "Feature", "geometry": {"type": "Point", "coordinates": [103.84031, 1.20945]}, "properties": {"date": "202608", "npix": 7, "peak_db": 11.9, "zone": "port_core"}}, {"type": "Feature", "geometry": {"type": "Point", "coordinates": [103.8625, 1.20983]}, "properties": {"date": "202608", "npix": 3, "peak_db": 16.3, "zone": "port_core"}}, {"type": "Feature", "geometry": {"type": "Point", "coordinates": [103.86723, 1.20877]}, "properties": {"date": "202608", "npix": 5, "peak_db": 9.8, "zone": "port_core"}}, {"type": "Feature", "geometry": {"type": "Point", "coordinates": [103.55672, 1.20835]}, "properties": {"date": "202608", "npix": 9, "peak_db": 21.4, "zone": "strait_other"}}, {"type": "Feature", "geometry": {"type": "Point", "coordinates": [103.6825, 1.2055]}, "properties": {"date": "202608", "npix": 3, "peak_db": 8.7, "zone": "port_core"}}, {"type": "Feature", "geometry": {"type": "Point", "coordinates": [103.93028, 1.20572]}, "properties": {"date": "202608", "npix": 3, "peak_db": -0.5, "zone": "port_core"}}, {"type": "Feature", "geometry": {"type": "Point", "coordinates": [103.73894, 1.20539]}, "properties": {"date": "202608", "npix": 3, "peak_db": 8.3, "zone": "port_core"}}, {"type": "Feature", "geometry": {"type": "Point", "coordinates": [103.86361, 1.20463]}, "properties": {"date": "202608", "npix": 15, "peak_db": 24.6, "zone": "port_core"}}, {"type": "Feature", "geometry": {"type": "Point", "coordinates": [103.55537, 1.2028]}, "properties": {"date": "202608", "npix": 18, "peak_db": 21.1, "zone": "strait_other"}}, {"type": "Feature", "geometry": {"type": "Point", "coordinates": [103.9035, 1.20117]}, "properties": {"date": "202608", "npix": 5, "peak_db": 7.4, "zone": "port_core"}}, {"type": "Feature", "geometry": {"type": "Point", "coordinates": [103.67617, 1.20017]}, "properties": {"date": "202608", "npix": 3, "peak_db": 10.3, "zone": "western_opl"}}, {"type": "Feature", "geometry": {"type": "Point", "coordinates": [103.74183, 1.2005]}, "properties": {"date": "202608", "npix": 3, "peak_db": 15.7, "zone": "port_core"}}, {"type": "Feature", "geometry": {"type": "Point", "coordinates": [103.6266, 1.19783]}, "properties": {"date": "202608", "npix": 13, "peak_db": 12.6, "zone": "western_opl"}}, {"type": "Feature", "geometry": {"type": "Point", "coordinates": [103.73883, 1.19817]}, "properties": {"date": "202608", "npix": 3, "peak_db": 9.1, "zone": "western_opl"}}, {"type": "Feature", "geometry": {"type": "Point", "coordinates": [104.14261, 1.19806]}, "properties": {"date": "202608", "npix": 3, "peak_db": 11.0, "zone": "eastern_opl"}}, {"type": "Feature", "geometry": {"type": "Point", "coordinates": [103.69389, 1.19722]}, "properties": {"date": "202608", "npix": 6, "peak_db": 16.2, "zone": "western_opl"}}, {"type": "Feature", "geometry": {"type": "Point", "coordinates": [103.80075, 1.19742]}, "properties": {"date": "202608", "npix": 4, "peak_db": 1.0, "zone": "strait_other"}}, {"type": "Feature", "geometry": {"type": "Point", "coordinates": [103.63256, 1.19706]}, "properties": {"date": "202608", "npix": 6, "peak_db": 14.7, "zone": "western_opl"}}, {"type": "Feature", "geometry": {"type": "Point", "coordinates": [103.56886, 1.19569]}, "properties": {"date": "202608", "npix": 12, "peak_db": 13.6, "zone": "strait_other"}}, {"type": "Feature", "geometry": {"type": "Point", "coordinates": [103.6788, 1.19517]}, "properties": {"date": "202608", "npix": 9, "peak_db": 11.3, "zone": "western_opl"}}, {"type": "Feature", "geometry": {"type": "Point", "coordinates": [103.99176, 1.19471]}, "properties": {"date": "202608", "npix": 13, "peak_db": 9.7, "zone": "strait_other"}}, {"type": "Feature", "geometry": {"type": "Point", "coordinates": [103.97867, 1.19483]}, "properties": {"date": "202608", "npix": 4, "peak_db": 10.5, "zone": "strait_other"}}, {"type": "Feature", "geometry": {"type": "Point", "coordinates": [103.69194, 1.19428]}, "properties": {"date": "202608", "npix": 3, "peak_db": 16.6, "zone": "western_opl"}}, {"type": "Feature", "geometry": {"type": "Point", "coordinates": [103.69123, 1.19343]}, "properties": {"date": "202608", "npix": 5, "peak_db": 14.0, "zone": "western_opl"}}, {"type": "Feature", "geometry": {"type": "Point", "coordinates": [103.97117, 1.1925]}, "properties": {"date": "202608", "npix": 3, "peak_db": 10.3, "zone": "strait_other"}}, {"type": "Feature", "geometry": {"type": "Point", "coordinates": [103.68075, 1.19108]}, "properties": {"date": "202608", "npix": 4, "peak_db": 14.5, "zone": "western_opl"}}, {"type": "Feature", "geometry": {"type": "Point", "coordinates": [103.74717, 1.19083]}, "properties": {"date": "202608", "npix": 3, "peak_db": 10.9, "zone": "western_opl"}}, {"type": "Feature", "geometry": {"type": "Point", "coordinates": [103.69025, 1.19008]}, "properties": {"date": "202608", "npix": 4, "peak_db": 19.0, "zone": "western_opl"}}, {"type": "Feature", "geometry": {"type": "Point", "coordinates": [103.75875, 1.18908]}, "properties": {"date": "202608", "npix": 4, "peak_db": 3.6, "zone": "western_opl"}}, {"type": "Feature", "geometry": {"type": "Point", "coordinates": [103.9825, 1.18883]}, "properties": {"date": "202608", "npix": 3, "peak_db": 3.1, "zone": "strait_other"}}, {"type": "Feature", "geometry": {"type": "Point", "coordinates": [103.68561, 1.18811]}, "properties": {"date": "202608", "npix": 6, "peak_db": 13.5, "zone": "western_opl"}}, {"type": "Feature", "geometry": {"type": "Point", "coordinates": [103.75838, 1.18802]}, "properties": {"date": "202608", "npix": 11, "peak_db": 13.1, "zone": "western_opl"}}, {"type": "Feature", "geometry": {"type": "Point", "coordinates": [103.69975, 1.18742]}, "properties": {"date": "202608", "npix": 4, "peak_db": 14.0, "zone": "western_opl"}}, {"type": "Feature", "geometry": {"type": "Point", "coordinates": [103.70412, 1.18662]}, "properties": {"date": "202608", "npix": 8, "peak_db": 9.4, "zone": "western_opl"}}, {"type": "Feature", "geometry": {"type": "Point", "coordinates": [103.84727, 1.18623]}, "properties": {"date": "202608", "npix": 16, "peak_db": 16.2, "zone": "strait_other"}}, {"type": "Feature", "geometry": {"type": "Point", "coordinates": [103.74994, 1.18628]}, "properties": {"date": "202608", "npix": 3, "peak_db": 10.2, "zone": "western_opl"}}, {"type": "Feature", "geometry": {"type": "Point", "coordinates": [103.78093, 1.18576]}, "properties": {"date": "202608", "npix": 14, "peak_db": 14.8, "zone": "strait_other"}}, {"type": "Feature", "geometry": {"type": "Point", "coordinates": [103.97306, 1.18494]}, "properties": {"date": "202608", "npix": 3, "peak_db": 5.8, "zone": "strait_other"}}, {"type": "Feature", "geometry": {"type": "Point", "coordinates": [103.9714, 1.18407]}, "properties": {"date": "202608", "npix": 10, "peak_db": 10.1, "zone": "strait_other"}}, {"type": "Feature", "geometry": {"type": "Point", "coordinates": [103.74758, 1.18275]}, "properties": {"date": "202608", "npix": 4, "peak_db": 15.7, "zone": "western_opl"}}, {"type": "Feature", "geometry": {"type": "Point", "coordinates": [103.76283, 1.18283]}, "properties": {"date": "202608", "npix": 3, "peak_db": 6.3, "zone": "western_opl"}}, {"type": "Feature", "geometry": {"type": "Point", "coordinates": [103.69883, 1.18183]}, "properties": {"date": "202608", "npix": 3, "peak_db": 7.7, "zone": "western_opl"}}, {"type": "Feature", "geometry": {"type": "Point", "coordinates": [103.98261, 1.18139]}, "properties": {"date": "202608", "npix": 3, "peak_db": 3.6, "zone": "strait_other"}}, {"type": "Feature", "geometry": {"type": "Point", "coordinates": [103.83527, 1.18007]}, "properties": {"date": "202608", "npix": 10, "peak_db": 8.4, "zone": "strait_other"}}, {"type": "Feature", "geometry": {"type": "Point", "coordinates": [103.94242, 1.17983]}, "properties": {"date": "202608", "npix": 8, "peak_db": 7.5, "zone": "strait_other"}}, {"type": "Feature", "geometry": {"type": "Point", "coordinates": [103.7505, 1.1795]}, "properties": {"date": "202608", "npix": 3, "peak_db": 13.9, "zone": "western_opl"}}, {"type": "Feature", "geometry": {"type": "Point", "coordinates": [103.7785, 1.17908]}, "properties": {"date": "202608", "npix": 8, "peak_db": 9.1, "zone": "western_opl"}}, {"type": "Feature", "geometry": {"type": "Point", "coordinates": [103.8028, 1.17847]}, "properties": {"date": "202608", "npix": 11, "peak_db": 17.2, "zone": "strait_other"}}, {"type": "Feature", "geometry": {"type": "Point", "coordinates": [103.97839, 1.17872]}, "properties": {"date": "202608", "npix": 3, "peak_db": -0.4, "zone": "strait_other"}}, {"type": "Feature", "geometry": {"type": "Point", "coordinates": [103.75417, 1.1785]}, "properties": {"date": "202608", "npix": 3, "peak_db": 10.0, "zone": "western_opl"}}, {"type": "Feature", "geometry": {"type": "Point", "coordinates": [103.76159, 1.17654]}, "properties": {"date": "202608", "npix": 15, "peak_db": 12.1, "zone": "western_opl"}}, {"type": "Feature", "geometry": {"type": "Point", "coordinates": [103.70472, 1.17622]}, "properties": {"date": "202608", "npix": 6, "peak_db": 13.4, "zone": "western_opl"}}, {"type": "Feature", "geometry": {"type": "Point", "coordinates": [103.96755, 1.17617]}, "properties": {"date": "202608", "npix": 7, "peak_db": 13.6, "zone": "strait_other"}}, {"type": "Feature", "geometry": {"type": "Point", "coordinates": [103.95776, 1.17568]}, "properties": {"date": "202608", "npix": 13, "peak_db": 10.0, "zone": "strait_other"}}, {"type": "Feature", "geometry": {"type": "Point", "coordinates": [103.9959, 1.1753]}, "properties": {"date": "202608", "npix": 5, "peak_db": 7.7, "zone": "strait_other"}}, {"type": "Feature", "geometry": {"type": "Point", "coordinates": [103.82542, 1.17542]}, "properties": {"date": "202608", "npix": 4, "peak_db": 5.2, "zone": "strait_other"}}, {"type": "Feature", "geometry": {"type": "Point", "coordinates": [103.77446, 1.1745]}, "properties": {"date": "202608", "npix": 16, "peak_db": 16.3, "zone": "western_opl"}}, {"type": "Feature", "geometry": {"type": "Point", "coordinates": [103.71381, 1.17132]}, "properties": {"date": "202608", "npix": 13, "peak_db": 14.5, "zone": "western_opl"}}, {"type": "Feature", "geometry": {"type": "Point", "coordinates": [103.6911, 1.17063]}, "properties": {"date": "202608", "npix": 5, "peak_db": 15.1, "zone": "western_opl"}}, {"type": "Feature", "geometry": {"type": "Point", "coordinates": [103.75917, 1.16883]}, "properties": {"date": "202608", "npix": 10, "peak_db": 12.2, "zone": "western_opl"}}, {"type": "Feature", "geometry": {"type": "Point", "coordinates": [103.7575, 1.1668]}, "properties": {"date": "202608", "npix": 9, "peak_db": 29.3, "zone": "western_opl"}}, {"type": "Feature", "geometry": {"type": "Point", "coordinates": [103.7108, 1.16583]}, "properties": {"date": "202608", "npix": 9, "peak_db": 14.3, "zone": "western_opl"}}, {"type": "Feature", "geometry": {"type": "Point", "coordinates": [103.63887, 1.16463]}, "properties": {"date": "202608", "npix": 10, "peak_db": 13.6, "zone": "western_opl"}}, {"type": "Feature", "geometry": {"type": "Point", "coordinates": [103.71828, 1.16461]}, "properties": {"date": "202608", "npix": 3, "peak_db": 13.5, "zone": "western_opl"}}, {"type": "Feature", "geometry": {"type": "Point", "coordinates": [103.58278, 1.16383]}, "properties": {"date": "202608", "npix": 6, "peak_db": 1.8, "zone": "western_opl"}}, {"type": "Feature", "geometry": {"type": "Point", "coordinates": [103.71772, 1.16394]}, "properties": {"date": "202608", "npix": 3, "peak_db": 5.6, "zone": "western_opl"}}, {"type": "Feature", "geometry": {"type": "Point", "coordinates": [103.8555, 1.16383]}, "properties": {"date": "202608", "npix": 3, "peak_db": -2.4, "zone": "strait_other"}}, {"type": "Feature", "geometry": {"type": "Point", "coordinates": [103.7234, 1.16171]}, "properties": {"date": "202608", "npix": 14, "peak_db": 11.9, "zone": "western_opl"}}, {"type": "Feature", "geometry": {"type": "Point", "coordinates": [103.72983, 1.16267]}, "properties": {"date": "202608", "npix": 4, "peak_db": 4.6, "zone": "western_opl"}}, {"type": "Feature", "geometry": {"type": "Point", "coordinates": [103.9735, 1.1625]}, "properties": {"date": "202608", "npix": 3, "peak_db": 7.7, "zone": "strait_other"}}, {"type": "Feature", "geometry": {"type": "Point", "coordinates": [103.94217, 1.16042]}, "properties": {"date": "202608", "npix": 4, "peak_db": 5.1, "zone": "strait_other"}}, {"type": "Feature", "geometry": {"type": "Point", "coordinates": [103.95342, 1.15954]}, "properties": {"date": "202608", "npix": 8, "peak_db": 16.6, "zone": "strait_other"}}, {"type": "Feature", "geometry": {"type": "Point", "coordinates": [103.96208, 1.15975]}, "properties": {"date": "202608", "npix": 4, "peak_db": 19.6, "zone": "strait_other"}}, {"type": "Feature", "geometry": {"type": "Point", "coordinates": [103.79313, 1.15622]}, "properties": {"date": "202608", "npix": 20, "peak_db": 32.5, "zone": "strait_other"}}, {"type": "Feature", "geometry": {"type": "Point", "coordinates": [103.93117, 1.15633]}, "properties": {"date": "202608", "npix": 8, "peak_db": 10.3, "zone": "strait_other"}}, {"type": "Feature", "geometry": {"type": "Point", "coordinates": [103.93917, 1.1555]}, "properties": {"date": "202608", "npix": 3, "peak_db": 11.3, "zone": "strait_other"}}, {"type": "Feature", "geometry": {"type": "Point", "coordinates": [103.74872, 1.15494]}, "properties": {"date": "202608", "npix": 3, "peak_db": -1.1, "zone": "western_opl"}}, {"type": "Feature", "geometry": {"type": "Point", "coordinates": [103.94383, 1.1545]}, "properties": {"date": "202608", "npix": 3, "peak_db": 8.8, "zone": "strait_other"}}, {"type": "Feature", "geometry": {"type": "Point", "coordinates": [103.97706, 1.15439]}, "properties": {"date": "202608", "npix": 3, "peak_db": 14.7, "zone": "strait_other"}}, {"type": "Feature", "geometry": {"type": "Point", "coordinates": [103.93483, 1.15383]}, "properties": {"date": "202608", "npix": 3, "peak_db": 10.2, "zone": "strait_other"}}, {"type": "Feature", "geometry": {"type": "Point", "coordinates": [103.75183, 1.15139]}, "properties": {"date": "202608", "npix": 15, "peak_db": 18.9, "zone": "western_opl"}}, {"type": "Feature", "geometry": {"type": "Point", "coordinates": [103.66306, 1.14861]}, "properties": {"date": "202608", "npix": 3, "peak_db": -0.7, "zone": "western_opl"}}, {"type": "Feature", "geometry": {"type": "Point", "coordinates": [103.66217, 1.1459]}, "properties": {"date": "202608", "npix": 5, "peak_db": -1.4, "zone": "western_opl"}}, {"type": "Feature", "geometry": {"type": "Point", "coordinates": [103.73227, 1.14067]}, "properties": {"date": "202608", "npix": 10, "peak_db": 13.6, "zone": "western_opl"}}, {"type": "Feature", "geometry": {"type": "Point", "coordinates": [103.61758, 1.13565]}, "properties": {"date": "202608", "npix": 13, "peak_db": 10.9, "zone": "western_opl"}}, {"type": "Feature", "geometry": {"type": "Point", "coordinates": [103.77697, 1.13537]}, "properties": {"date": "202608", "npix": 5, "peak_db": 1.7, "zone": "western_opl"}}, {"type": "Feature", "geometry": {"type": "Point", "coordinates": [103.90961, 1.13372]}, "properties": {"date": "202608", "npix": 3, "peak_db": 1.4, "zone": "strait_other"}}, {"type": "Feature", "geometry": {"type": "Point", "coordinates": [103.90794, 1.12906]}, "properties": {"date": "202608", "npix": 3, "peak_db": 4.2, "zone": "strait_other"}}, {"type": "Feature", "geometry": {"type": "Point", "coordinates": [103.79572, 1.11861]}, "properties": {"date": "202608", "npix": 3, "peak_db": 8.4, "zone": "strait_other"}}, {"type": "Feature", "geometry": {"type": "Point", "coordinates": [104.1585, 1.1177]}, "properties": {"date": "202608", "npix": 5, "peak_db": 19.3, "zone": "eastern_opl"}}, {"type": "Feature", "geometry": {"type": "Point", "coordinates": [103.89993, 1.1171]}, "properties": {"date": "202608", "npix": 10, "peak_db": 26.7, "zone": "strait_other"}}, {"type": "Feature", "geometry": {"type": "Point", "coordinates": [104.17357, 1.11393]}, "properties": {"date": "202608", "npix": 10, "peak_db": 10.4, "zone": "eastern_opl"}}, {"type": "Feature", "geometry": {"type": "Point", "coordinates": [103.89583, 1.11217]}, "properties": {"date": "202608", "npix": 3, "peak_db": 9.8, "zone": "strait_other"}}, {"type": "Feature", "geometry": {"type": "Point", "coordinates": [104.18383, 1.1065]}, "properties": {"date": "202608", "npix": 12, "peak_db": 18.0, "zone": "eastern_opl"}}, {"type": "Feature", "geometry": {"type": "Point", "coordinates": [103.5506, 1.1027]}, "properties": {"date": "202608", "npix": 10, "peak_db": 24.3, "zone": "strait_other"}}, {"type": "Feature", "geometry": {"type": "Point", "coordinates": [104.1632, 1.1011]}, "properties": {"date": "202608", "npix": 10, "peak_db": 13.5, "zone": "eastern_opl"}}, {"type": "Feature", "geometry": {"type": "Point", "coordinates": [103.91958, 1.10025]}, "properties": {"date": "202608", "npix": 4, "peak_db": -2.1, "zone": "strait_other"}}, {"type": "Feature", "geometry": {"type": "Point", "coordinates": [104.1705, 1.10017]}, "properties": {"date": "202608", "npix": 3, "peak_db": 5.8, "zone": "eastern_opl"}}, {"type": "Feature", "geometry": {"type": "Point", "coordinates": [104.18865, 1.09709]}, "properties": {"date": "202608", "npix": 9, "peak_db": 25.1, "zone": "eastern_opl"}}, {"type": "Feature", "geometry": {"type": "Point", "coordinates": [103.92394, 1.09528]}, "properties": {"date": "202608", "npix": 3, "peak_db": 6.8, "zone": "strait_other"}}, {"type": "Feature", "geometry": {"type": "Point", "coordinates": [104.16583, 1.09317]}, "properties": {"date": "202608", "npix": 3, "peak_db": 6.3, "zone": "eastern_opl"}}, {"type": "Feature", "geometry": {"type": "Point", "coordinates": [103.92339, 1.09306]}, "properties": {"date": "202608", "npix": 3, "peak_db": 1.2, "zone": "strait_other"}}, {"type": "Feature", "geometry": {"type": "Point", "coordinates": [104.18775, 1.08812]}, "properties": {"date": "202608", "npix": 8, "peak_db": 9.0, "zone": "eastern_opl"}}, {"type": "Feature", "geometry": {"type": "Point", "coordinates": [104.18337, 1.08623]}, "properties": {"date": "202608", "npix": 5, "peak_db": 7.2, "zone": "eastern_opl"}}, {"type": "Feature", "geometry": {"type": "Point", "coordinates": [104.17739, 1.08506]}, "properties": {"date": "202608", "npix": 3, "peak_db": 4.2, "zone": "eastern_opl"}}, {"type": "Feature", "geometry": {"type": "Point", "coordinates": [104.16506, 1.08472]}, "properties": {"date": "202608", "npix": 3, "peak_db": 0.6, "zone": "eastern_opl"}}, {"type": "Feature", "geometry": {"type": "Point", "coordinates": [103.75178, 1.08289]}, "properties": {"date": "202608", "npix": 6, "peak_db": 14.9, "zone": "strait_other"}}, {"type": "Feature", "geometry": {"type": "Point", "coordinates": [104.144, 1.083]}, "properties": {"date": "202608", "npix": 4, "peak_db": 5.0, "zone": "eastern_opl"}}, {"type": "Feature", "geometry": {"type": "Point", "coordinates": [104.15717, 1.0825]}, "properties": {"date": "202608", "npix": 3, "peak_db": 8.9, "zone": "eastern_opl"}}, {"type": "Feature", "geometry": {"type": "Point", "coordinates": [104.17106, 1.08172]}, "properties": {"date": "202608", "npix": 3, "peak_db": -2.2, "zone": "eastern_opl"}}, {"type": "Feature", "geometry": {"type": "Point", "coordinates": [104.1445, 1.0795]}, "properties": {"date": "202608", "npix": 3, "peak_db": 0.4, "zone": "strait_other"}}, {"type": "Feature", "geometry": {"type": "Point", "coordinates": [103.5795, 1.07283]}, "properties": {"date": "202608", "npix": 26, "peak_db": 15.6, "zone": "strait_other"}}, {"type": "Feature", "geometry": {"type": "Point", "coordinates": [103.5815, 1.07183]}, "properties": {"date": "202608", "npix": 26, "peak_db": 15.6, "zone": "strait_other"}}, {"type": "Feature", "geometry": {"type": "Point", "coordinates": [103.67092, 1.06529]}, "properties": {"date": "202608", "npix": 16, "peak_db": 11.9, "zone": "strait_other"}}, {"type": "Feature", "geometry": {"type": "Point", "coordinates": [104.15367, 1.0645]}, "properties": {"date": "202608", "npix": 6, "peak_db": 12.5, "zone": "strait_other"}}, {"type": "Feature", "geometry": {"type": "Point", "coordinates": [103.90317, 1.06383]}, "properties": {"date": "202608", "npix": 3, "peak_db": -10.6, "zone": "strait_other"}}, {"type": "Feature", "geometry": {"type": "Point", "coordinates": [103.90483, 1.06083]}, "properties": {"date": "202608", "npix": 3, "peak_db": -8.7, "zone": "strait_other"}}, {"type": "Feature", "geometry": {"type": "Point", "coordinates": [104.15483, 1.06017]}, "properties": {"date": "202608", "npix": 3, "peak_db": 12.5, "zone": "strait_other"}}, {"type": "Feature", "geometry": {"type": "Point", "coordinates": [104.156, 1.05367]}, "properties": {"date": "202608", "npix": 4, "peak_db": 6.5, "zone": "strait_other"}}, {"type": "Feature", "geometry": {"type": "Point", "coordinates": [104.18794, 1.05261]}, "properties": {"date": "202608", "npix": 3, "peak_db": 12.7, "zone": "strait_other"}}, {"type": "Feature", "geometry": {"type": "Point", "coordinates": [103.62817, 1.05175]}, "properties": {"date": "202608", "npix": 4, "peak_db": 3.8, "zone": "strait_other"}}, {"type": "Feature", "geometry": {"type": "Point", "coordinates": [103.63526, 1.0515]}, "properties": {"date": "202608", "npix": 7, "peak_db": 11.7, "zone": "strait_other"}}]}